disease_field,category,icd10_chapter
p130000,certain_infectious_and_parasitic_diseases,1
p130001,certain_infectious_and_parasitic_diseases,1
p130002,certain_infectious_and_parasitic_diseases,1
p130003,certain_infectious_and_parasitic_diseases,1
p130004,certain_infectious_and_parasitic_diseases,1
p130005,certain_infectious_and_parasitic_diseases,1
p130006,certain_infectious_and_parasitic_diseases,1
p130007,certain_infectious_and_parasitic_diseases,1
p130008,certain_infectious_and_parasitic_diseases,1
p130009,certain_infectious_and_parasitic_diseases,1
p130010,certain_infectious_and_parasitic_diseases,1
p130011,certain_infectious_and_parasitic_diseases,1
p130012,certain_infectious_and_parasitic_diseases,1
p130013,certain_infectious_and_parasitic_diseases,1
p130014,certain_infectious_and_parasitic_diseases,1
p130015,certain_infectious_and_parasitic_diseases,1
p130016,certain_infectious_and_parasitic_diseases,1
p130017,certain_infectious_and_parasitic_diseases,1
p130018,certain_infectious_and_parasitic_diseases,1
p130019,certain_infectious_and_parasitic_diseases,1
p130020,certain_infectious_and_parasitic_diseases,1
p130021,certain_infectious_and_parasitic_diseases,1
p130022,certain_infectious_and_parasitic_diseases,1
p130023,certain_infectious_and_parasitic_diseases,1
p130024,certain_infectious_and_parasitic_diseases,1
p130025,certain_infectious_and_parasitic_diseases,1
p130026,certain_infectious_and_parasitic_diseases,1
p130027,certain_infectious_and_parasitic_diseases,1
p130028,certain_infectious_and_parasitic_diseases,1
p130029,certain_infectious_and_parasitic_diseases,1
p130030,certain_infectious_and_parasitic_diseases,1
p130031,certain_infectious_and_parasitic_diseases,1
p130032,certain_infectious_and_parasitic_diseases,1
p130033,certain_infectious_and_parasitic_diseases,1
p130034,certain_infectious_and_parasitic_diseases,1
p130035,certain_infectious_and_parasitic_diseases,1
p130036,certain_infectious_and_parasitic_diseases,1
p130037,certain_infectious_and_parasitic_diseases,1
p130038,certain_infectious_and_parasitic_diseases,1
p130039,certain_infectious_and_parasitic_diseases,1
p130040,certain_infectious_and_parasitic_diseases,1
p130041,certain_infectious_and_parasitic_diseases,1
p130042,certain_infectious_and_parasitic_diseases,1
p130043,certain_infectious_and_parasitic_diseases,1
p130044,certain_infectious_and_parasitic_diseases,1
p130045,certain_infectious_and_parasitic_diseases,1
p130046,certain_infectious_and_parasitic_diseases,1
p130047,certain_infectious_and_parasitic_diseases,1
p130048,certain_infectious_and_parasitic_diseases,1
p130049,certain_infectious_and_parasitic_diseases,1
p130050,certain_infectious_and_parasitic_diseases,1
p130051,certain_infectious_and_parasitic_diseases,1
p130052,certain_infectious_and_parasitic_diseases,1
p130053,certain_infectious_and_parasitic_diseases,1
p130054,certain_infectious_and_parasitic_diseases,1
p130055,certain_infectious_and_parasitic_diseases,1
p130056,certain_infectious_and_parasitic_diseases,1
p130057,certain_infectious_and_parasitic_diseases,1
p130058,certain_infectious_and_parasitic_diseases,1
p130059,certain_infectious_and_parasitic_diseases,1
p130060,certain_infectious_and_parasitic_diseases,1
p130061,certain_infectious_and_parasitic_diseases,1
p130062,certain_infectious_and_parasitic_diseases,1
p130063,certain_infectious_and_parasitic_diseases,1
p130064,certain_infectious_and_parasitic_diseases,1
p130065,certain_infectious_and_parasitic_diseases,1
p130066,certain_infectious_and_parasitic_diseases,1
p130067,certain_infectious_and_parasitic_diseases,1
p130068,certain_infectious_and_parasitic_diseases,1
p130069,certain_infectious_and_parasitic_diseases,1
p130070,certain_infectious_and_parasitic_diseases,1
p130071,certain_infectious_and_parasitic_diseases,1
p130072,certain_infectious_and_parasitic_diseases,1
p130073,certain_infectious_and_parasitic_diseases,1
p130074,certain_infectious_and_parasitic_diseases,1
p130075,certain_infectious_and_parasitic_diseases,1
p130076,certain_infectious_and_parasitic_diseases,1
p130077,certain_infectious_and_parasitic_diseases,1
p130078,certain_infectious_and_parasitic_diseases,1
p130079,certain_infectious_and_parasitic_diseases,1
p130080,certain_infectious_and_parasitic_diseases,1
p130081,certain_infectious_and_parasitic_diseases,1
p130082,certain_infectious_and_parasitic_diseases,1
p130083,certain_infectious_and_parasitic_diseases,1
p130084,certain_infectious_and_parasitic_diseases,1
p130085,certain_infectious_and_parasitic_diseases,1
p130086,certain_infectious_and_parasitic_diseases,1
p130087,certain_infectious_and_parasitic_diseases,1
p130088,certain_infectious_and_parasitic_diseases,1
p130089,certain_infectious_and_parasitic_diseases,1
p130090,certain_infectious_and_parasitic_diseases,1
p130091,certain_infectious_and_parasitic_diseases,1
p130092,certain_infectious_and_parasitic_diseases,1
p130093,certain_infectious_and_parasitic_diseases,1
p130094,certain_infectious_and_parasitic_diseases,1
p130095,certain_infectious_and_parasitic_diseases,1
p130096,certain_infectious_and_parasitic_diseases,1
p130097,certain_infectious_and_parasitic_diseases,1
p130098,certain_infectious_and_parasitic_diseases,1
p130099,certain_infectious_and_parasitic_diseases,1
p130100,certain_infectious_and_parasitic_diseases,1
p130101,certain_infectious_and_parasitic_diseases,1
p130102,certain_infectious_and_parasitic_diseases,1
p130103,certain_infectious_and_parasitic_diseases,1
p130104,certain_infectious_and_parasitic_diseases,1
p130105,certain_infectious_and_parasitic_diseases,1
p130106,certain_infectious_and_parasitic_diseases,1
p130107,certain_infectious_and_parasitic_diseases,1
p130108,certain_infectious_and_parasitic_diseases,1
p130109,certain_infectious_and_parasitic_diseases,1
p130110,certain_infectious_and_parasitic_diseases,1
p130111,certain_infectious_and_parasitic_diseases,1
p130112,certain_infectious_and_parasitic_diseases,1
p130113,certain_infectious_and_parasitic_diseases,1
p130114,certain_infectious_and_parasitic_diseases,1
p130115,certain_infectious_and_parasitic_diseases,1
p130116,certain_infectious_and_parasitic_diseases,1
p130117,certain_infectious_and_parasitic_diseases,1
p130118,certain_infectious_and_parasitic_diseases,1
p130119,certain_infectious_and_parasitic_diseases,1
p130120,certain_infectious_and_parasitic_diseases,1
p130121,certain_infectious_and_parasitic_diseases,1
p130122,certain_infectious_and_parasitic_diseases,1
p130123,certain_infectious_and_parasitic_diseases,1
p130124,certain_infectious_and_parasitic_diseases,1
p130125,certain_infectious_and_parasitic_diseases,1
p130126,certain_infectious_and_parasitic_diseases,1
p130127,certain_infectious_and_parasitic_diseases,1
p130128,certain_infectious_and_parasitic_diseases,1
p130129,certain_infectious_and_parasitic_diseases,1
p130130,certain_infectious_and_parasitic_diseases,1
p130131,certain_infectious_and_parasitic_diseases,1
p130132,certain_infectious_and_parasitic_diseases,1
p130133,certain_infectious_and_parasitic_diseases,1
p130134,certain_infectious_and_parasitic_diseases,1
p130135,certain_infectious_and_parasitic_diseases,1
p130136,certain_infectious_and_parasitic_diseases,1
p130137,certain_infectious_and_parasitic_diseases,1
p130138,certain_infectious_and_parasitic_diseases,1
p130139,certain_infectious_and_parasitic_diseases,1
p130140,certain_infectious_and_parasitic_diseases,1
p130141,certain_infectious_and_parasitic_diseases,1
p130142,certain_infectious_and_parasitic_diseases,1
p130143,certain_infectious_and_parasitic_diseases,1
p130144,certain_infectious_and_parasitic_diseases,1
p130145,certain_infectious_and_parasitic_diseases,1
p130146,certain_infectious_and_parasitic_diseases,1
p130147,certain_infectious_and_parasitic_diseases,1
p130148,certain_infectious_and_parasitic_diseases,1
p130149,certain_infectious_and_parasitic_diseases,1
p130150,certain_infectious_and_parasitic_diseases,1
p130151,certain_infectious_and_parasitic_diseases,1
p130152,certain_infectious_and_parasitic_diseases,1
p130153,certain_infectious_and_parasitic_diseases,1
p130154,certain_infectious_and_parasitic_diseases,1
p130155,certain_infectious_and_parasitic_diseases,1
p130156,certain_infectious_and_parasitic_diseases,1
p130157,certain_infectious_and_parasitic_diseases,1
p130158,certain_infectious_and_parasitic_diseases,1
p130159,certain_infectious_and_parasitic_diseases,1
p130160,certain_infectious_and_parasitic_diseases,1
p130161,certain_infectious_and_parasitic_diseases,1
p130162,certain_infectious_and_parasitic_diseases,1
p130163,certain_infectious_and_parasitic_diseases,1
p130164,certain_infectious_and_parasitic_diseases,1
p130165,certain_infectious_and_parasitic_diseases,1
p130166,certain_infectious_and_parasitic_diseases,1
p130167,certain_infectious_and_parasitic_diseases,1
p130168,certain_infectious_and_parasitic_diseases,1
p130169,certain_infectious_and_parasitic_diseases,1
p130170,certain_infectious_and_parasitic_diseases,1
p130171,certain_infectious_and_parasitic_diseases,1
p130172,certain_infectious_and_parasitic_diseases,1
p130173,certain_infectious_and_parasitic_diseases,1
p130174,certain_infectious_and_parasitic_diseases,1
p130175,certain_infectious_and_parasitic_diseases,1
p130176,certain_infectious_and_parasitic_diseases,1
p130177,certain_infectious_and_parasitic_diseases,1
p130178,certain_infectious_and_parasitic_diseases,1
p130179,certain_infectious_and_parasitic_diseases,1
p130180,certain_infectious_and_parasitic_diseases,1
p130181,certain_infectious_and_parasitic_diseases,1
p130182,certain_infectious_and_parasitic_diseases,1
p130183,certain_infectious_and_parasitic_diseases,1
p130184,certain_infectious_and_parasitic_diseases,1
p130185,certain_infectious_and_parasitic_diseases,1
p130186,certain_infectious_and_parasitic_diseases,1
p130187,certain_infectious_and_parasitic_diseases,1
p130188,certain_infectious_and_parasitic_diseases,1
p130189,certain_infectious_and_parasitic_diseases,1
p130190,certain_infectious_and_parasitic_diseases,1
p130191,certain_infectious_and_parasitic_diseases,1
p130192,certain_infectious_and_parasitic_diseases,1
p130193,certain_infectious_and_parasitic_diseases,1
p130194,certain_infectious_and_parasitic_diseases,1
p130195,certain_infectious_and_parasitic_diseases,1
p130196,certain_infectious_and_parasitic_diseases,1
p130197,certain_infectious_and_parasitic_diseases,1
p130198,certain_infectious_and_parasitic_diseases,1
p130199,certain_infectious_and_parasitic_diseases,1
p130200,certain_infectious_and_parasitic_diseases,1
p130201,certain_infectious_and_parasitic_diseases,1
p130202,certain_infectious_and_parasitic_diseases,1
p130203,certain_infectious_and_parasitic_diseases,1
p130204,certain_infectious_and_parasitic_diseases,1
p130205,certain_infectious_and_parasitic_diseases,1
p130206,certain_infectious_and_parasitic_diseases,1
p130207,certain_infectious_and_parasitic_diseases,1
p130208,certain_infectious_and_parasitic_diseases,1
p130209,certain_infectious_and_parasitic_diseases,1
p130210,certain_infectious_and_parasitic_diseases,1
p130211,certain_infectious_and_parasitic_diseases,1
p130212,certain_infectious_and_parasitic_diseases,1
p130213,certain_infectious_and_parasitic_diseases,1
p130214,certain_infectious_and_parasitic_diseases,1
p130215,certain_infectious_and_parasitic_diseases,1
p130216,certain_infectious_and_parasitic_diseases,1
p130217,certain_infectious_and_parasitic_diseases,1
p130218,certain_infectious_and_parasitic_diseases,1
p130219,certain_infectious_and_parasitic_diseases,1
p130220,certain_infectious_and_parasitic_diseases,1
p130221,certain_infectious_and_parasitic_diseases,1
p130222,certain_infectious_and_parasitic_diseases,1
p130223,certain_infectious_and_parasitic_diseases,1
p130224,certain_infectious_and_parasitic_diseases,1
p130225,certain_infectious_and_parasitic_diseases,1
p130226,certain_infectious_and_parasitic_diseases,1
p130227,certain_infectious_and_parasitic_diseases,1
p130228,certain_infectious_and_parasitic_diseases,1
p130229,certain_infectious_and_parasitic_diseases,1
p130230,certain_infectious_and_parasitic_diseases,1
p130231,certain_infectious_and_parasitic_diseases,1
p130232,certain_infectious_and_parasitic_diseases,1
p130233,certain_infectious_and_parasitic_diseases,1
p130234,certain_infectious_and_parasitic_diseases,1
p130235,certain_infectious_and_parasitic_diseases,1
p130236,certain_infectious_and_parasitic_diseases,1
p130237,certain_infectious_and_parasitic_diseases,1
p130238,certain_infectious_and_parasitic_diseases,1
p130239,certain_infectious_and_parasitic_diseases,1
p130240,certain_infectious_and_parasitic_diseases,1
p130241,certain_infectious_and_parasitic_diseases,1
p130242,certain_infectious_and_parasitic_diseases,1
p130243,certain_infectious_and_parasitic_diseases,1
p130244,certain_infectious_and_parasitic_diseases,1
p130245,certain_infectious_and_parasitic_diseases,1
p130246,certain_infectious_and_parasitic_diseases,1
p130247,certain_infectious_and_parasitic_diseases,1
p130248,certain_infectious_and_parasitic_diseases,1
p130249,certain_infectious_and_parasitic_diseases,1
p130250,certain_infectious_and_parasitic_diseases,1
p130251,certain_infectious_and_parasitic_diseases,1
p130252,certain_infectious_and_parasitic_diseases,1
p130253,certain_infectious_and_parasitic_diseases,1
p130254,certain_infectious_and_parasitic_diseases,1
p130255,certain_infectious_and_parasitic_diseases,1
p130256,certain_infectious_and_parasitic_diseases,1
p130257,certain_infectious_and_parasitic_diseases,1
p130258,certain_infectious_and_parasitic_diseases,1
p130259,certain_infectious_and_parasitic_diseases,1
p130260,certain_infectious_and_parasitic_diseases,1
p130261,certain_infectious_and_parasitic_diseases,1
p130262,certain_infectious_and_parasitic_diseases,1
p130263,certain_infectious_and_parasitic_diseases,1
p130264,certain_infectious_and_parasitic_diseases,1
p130265,certain_infectious_and_parasitic_diseases,1
p130266,certain_infectious_and_parasitic_diseases,1
p130267,certain_infectious_and_parasitic_diseases,1
p130268,certain_infectious_and_parasitic_diseases,1
p130269,certain_infectious_and_parasitic_diseases,1
p130270,certain_infectious_and_parasitic_diseases,1
p130271,certain_infectious_and_parasitic_diseases,1
p130272,certain_infectious_and_parasitic_diseases,1
p130273,certain_infectious_and_parasitic_diseases,1
p130274,certain_infectious_and_parasitic_diseases,1
p130275,certain_infectious_and_parasitic_diseases,1
p130276,certain_infectious_and_parasitic_diseases,1
p130277,certain_infectious_and_parasitic_diseases,1
p130278,certain_infectious_and_parasitic_diseases,1
p130279,certain_infectious_and_parasitic_diseases,1
p130280,certain_infectious_and_parasitic_diseases,1
p130281,certain_infectious_and_parasitic_diseases,1
p130282,certain_infectious_and_parasitic_diseases,1
p130283,certain_infectious_and_parasitic_diseases,1
p130284,certain_infectious_and_parasitic_diseases,1
p130285,certain_infectious_and_parasitic_diseases,1
p130286,certain_infectious_and_parasitic_diseases,1
p130287,certain_infectious_and_parasitic_diseases,1
p130288,certain_infectious_and_parasitic_diseases,1
p130289,certain_infectious_and_parasitic_diseases,1
p130290,certain_infectious_and_parasitic_diseases,1
p130291,certain_infectious_and_parasitic_diseases,1
p130292,certain_infectious_and_parasitic_diseases,1
p130293,certain_infectious_and_parasitic_diseases,1
p130294,certain_infectious_and_parasitic_diseases,1
p130295,certain_infectious_and_parasitic_diseases,1
p130296,certain_infectious_and_parasitic_diseases,1
p130297,certain_infectious_and_parasitic_diseases,1
p130298,certain_infectious_and_parasitic_diseases,1
p130299,certain_infectious_and_parasitic_diseases,1
p130300,certain_infectious_and_parasitic_diseases,1
p130301,certain_infectious_and_parasitic_diseases,1
p130302,certain_infectious_and_parasitic_diseases,1
p130303,certain_infectious_and_parasitic_diseases,1
p130304,certain_infectious_and_parasitic_diseases,1
p130305,certain_infectious_and_parasitic_diseases,1
p130306,certain_infectious_and_parasitic_diseases,1
p130307,certain_infectious_and_parasitic_diseases,1
p130308,certain_infectious_and_parasitic_diseases,1
p130309,certain_infectious_and_parasitic_diseases,1
p130310,certain_infectious_and_parasitic_diseases,1
p130311,certain_infectious_and_parasitic_diseases,1
p130312,certain_infectious_and_parasitic_diseases,1
p130313,certain_infectious_and_parasitic_diseases,1
p130314,certain_infectious_and_parasitic_diseases,1
p130315,certain_infectious_and_parasitic_diseases,1
p130316,certain_infectious_and_parasitic_diseases,1
p130317,certain_infectious_and_parasitic_diseases,1
p130318,certain_infectious_and_parasitic_diseases,1
p130319,certain_infectious_and_parasitic_diseases,1
p130320,certain_infectious_and_parasitic_diseases,1
p130321,certain_infectious_and_parasitic_diseases,1
p130322,certain_infectious_and_parasitic_diseases,1
p130323,certain_infectious_and_parasitic_diseases,1
p130324,certain_infectious_and_parasitic_diseases,1
p130325,certain_infectious_and_parasitic_diseases,1
p130326,certain_infectious_and_parasitic_diseases,1
p130327,certain_infectious_and_parasitic_diseases,1
p130328,certain_infectious_and_parasitic_diseases,1
p130329,certain_infectious_and_parasitic_diseases,1
p130330,certain_infectious_and_parasitic_diseases,1
p130331,certain_infectious_and_parasitic_diseases,1
p130332,certain_infectious_and_parasitic_diseases,1
p130333,certain_infectious_and_parasitic_diseases,1
p130334,certain_infectious_and_parasitic_diseases,1
p130335,certain_infectious_and_parasitic_diseases,1
p130336,certain_infectious_and_parasitic_diseases,1
p130337,certain_infectious_and_parasitic_diseases,1
p130338,certain_infectious_and_parasitic_diseases,1
p130339,certain_infectious_and_parasitic_diseases,1
p130340,certain_infectious_and_parasitic_diseases,1
p130341,certain_infectious_and_parasitic_diseases,1
p130342,certain_infectious_and_parasitic_diseases,1
p130343,certain_infectious_and_parasitic_diseases,1
p130344,certain_infectious_and_parasitic_diseases,1
p130345,certain_infectious_and_parasitic_diseases,1
p130622,blood_blood-forming_organs_and_certain_immune_disorders,3
p130623,blood_blood-forming_organs_and_certain_immune_disorders,3
p130624,blood_blood-forming_organs_and_certain_immune_disorders,3
p130625,blood_blood-forming_organs_and_certain_immune_disorders,3
p130626,blood_blood-forming_organs_and_certain_immune_disorders,3
p130627,blood_blood-forming_organs_and_certain_immune_disorders,3
p130628,blood_blood-forming_organs_and_certain_immune_disorders,3
p130629,blood_blood-forming_organs_and_certain_immune_disorders,3
p130630,blood_blood-forming_organs_and_certain_immune_disorders,3
p130631,blood_blood-forming_organs_and_certain_immune_disorders,3
p130632,blood_blood-forming_organs_and_certain_immune_disorders,3
p130633,blood_blood-forming_organs_and_certain_immune_disorders,3
p130634,blood_blood-forming_organs_and_certain_immune_disorders,3
p130635,blood_blood-forming_organs_and_certain_immune_disorders,3
p130636,blood_blood-forming_organs_and_certain_immune_disorders,3
p130637,blood_blood-forming_organs_and_certain_immune_disorders,3
p130638,blood_blood-forming_organs_and_certain_immune_disorders,3
p130639,blood_blood-forming_organs_and_certain_immune_disorders,3
p130640,blood_blood-forming_organs_and_certain_immune_disorders,3
p130641,blood_blood-forming_organs_and_certain_immune_disorders,3
p130642,blood_blood-forming_organs_and_certain_immune_disorders,3
p130643,blood_blood-forming_organs_and_certain_immune_disorders,3
p130644,blood_blood-forming_organs_and_certain_immune_disorders,3
p130645,blood_blood-forming_organs_and_certain_immune_disorders,3
p130646,blood_blood-forming_organs_and_certain_immune_disorders,3
p130647,blood_blood-forming_organs_and_certain_immune_disorders,3
p130648,blood_blood-forming_organs_and_certain_immune_disorders,3
p130649,blood_blood-forming_organs_and_certain_immune_disorders,3
p130650,blood_blood-forming_organs_and_certain_immune_disorders,3
p130651,blood_blood-forming_organs_and_certain_immune_disorders,3
p130652,blood_blood-forming_organs_and_certain_immune_disorders,3
p130653,blood_blood-forming_organs_and_certain_immune_disorders,3
p130654,blood_blood-forming_organs_and_certain_immune_disorders,3
p130655,blood_blood-forming_organs_and_certain_immune_disorders,3
p130656,blood_blood-forming_organs_and_certain_immune_disorders,3
p130657,blood_blood-forming_organs_and_certain_immune_disorders,3
p130658,blood_blood-forming_organs_and_certain_immune_disorders,3
p130659,blood_blood-forming_organs_and_certain_immune_disorders,3
p130660,blood_blood-forming_organs_and_certain_immune_disorders,3
p130661,blood_blood-forming_organs_and_certain_immune_disorders,3
p130662,blood_blood-forming_organs_and_certain_immune_disorders,3
p130663,blood_blood-forming_organs_and_certain_immune_disorders,3
p130664,blood_blood-forming_organs_and_certain_immune_disorders,3
p130665,blood_blood-forming_organs_and_certain_immune_disorders,3
p130666,blood_blood-forming_organs_and_certain_immune_disorders,3
p130667,blood_blood-forming_organs_and_certain_immune_disorders,3
p130668,blood_blood-forming_organs_and_certain_immune_disorders,3
p130669,blood_blood-forming_organs_and_certain_immune_disorders,3
p130670,blood_blood-forming_organs_and_certain_immune_disorders,3
p130671,blood_blood-forming_organs_and_certain_immune_disorders,3
p130672,blood_blood-forming_organs_and_certain_immune_disorders,3
p130673,blood_blood-forming_organs_and_certain_immune_disorders,3
p130674,blood_blood-forming_organs_and_certain_immune_disorders,3
p130675,blood_blood-forming_organs_and_certain_immune_disorders,3
p130676,blood_blood-forming_organs_and_certain_immune_disorders,3
p130677,blood_blood-forming_organs_and_certain_immune_disorders,3
p130678,blood_blood-forming_organs_and_certain_immune_disorders,3
p130679,blood_blood-forming_organs_and_certain_immune_disorders,3
p130680,blood_blood-forming_organs_and_certain_immune_disorders,3
p130681,blood_blood-forming_organs_and_certain_immune_disorders,3
p130682,blood_blood-forming_organs_and_certain_immune_disorders,3
p130683,blood_blood-forming_organs_and_certain_immune_disorders,3
p130684,blood_blood-forming_organs_and_certain_immune_disorders,3
p130685,blood_blood-forming_organs_and_certain_immune_disorders,3
p130686,blood_blood-forming_organs_and_certain_immune_disorders,3
p130687,blood_blood-forming_organs_and_certain_immune_disorders,3
p130688,blood_blood-forming_organs_and_certain_immune_disorders,3
p130689,blood_blood-forming_organs_and_certain_immune_disorders,3
p130690,endocrine_nutritional_and_metabolic_diseases,4
p130691,endocrine_nutritional_and_metabolic_diseases,4
p130692,endocrine_nutritional_and_metabolic_diseases,4
p130693,endocrine_nutritional_and_metabolic_diseases,4
p130694,endocrine_nutritional_and_metabolic_diseases,4
p130695,endocrine_nutritional_and_metabolic_diseases,4
p130696,endocrine_nutritional_and_metabolic_diseases,4
p130697,endocrine_nutritional_and_metabolic_diseases,4
p130698,endocrine_nutritional_and_metabolic_diseases,4
p130699,endocrine_nutritional_and_metabolic_diseases,4
p130700,endocrine_nutritional_and_metabolic_diseases,4
p130701,endocrine_nutritional_and_metabolic_diseases,4
p130702,endocrine_nutritional_and_metabolic_diseases,4
p130703,endocrine_nutritional_and_metabolic_diseases,4
p130704,endocrine_nutritional_and_metabolic_diseases,4
p130705,endocrine_nutritional_and_metabolic_diseases,4
p130706,endocrine_nutritional_and_metabolic_diseases,4
p130707,endocrine_nutritional_and_metabolic_diseases,4
p130708,endocrine_nutritional_and_metabolic_diseases,4
p130709,endocrine_nutritional_and_metabolic_diseases,4
p130710,endocrine_nutritional_and_metabolic_diseases,4
p130711,endocrine_nutritional_and_metabolic_diseases,4
p130712,endocrine_nutritional_and_metabolic_diseases,4
p130713,endocrine_nutritional_and_metabolic_diseases,4
p130714,endocrine_nutritional_and_metabolic_diseases,4
p130715,endocrine_nutritional_and_metabolic_diseases,4
p130716,endocrine_nutritional_and_metabolic_diseases,4
p130717,endocrine_nutritional_and_metabolic_diseases,4
p130718,endocrine_nutritional_and_metabolic_diseases,4
p130719,endocrine_nutritional_and_metabolic_diseases,4
p130720,endocrine_nutritional_and_metabolic_diseases,4
p130721,endocrine_nutritional_and_metabolic_diseases,4
p130722,endocrine_nutritional_and_metabolic_diseases,4
p130723,endocrine_nutritional_and_metabolic_diseases,4
p130724,endocrine_nutritional_and_metabolic_diseases,4
p130725,endocrine_nutritional_and_metabolic_diseases,4
p130726,endocrine_nutritional_and_metabolic_diseases,4
p130727,endocrine_nutritional_and_metabolic_diseases,4
p130728,endocrine_nutritional_and_metabolic_diseases,4
p130729,endocrine_nutritional_and_metabolic_diseases,4
p130730,endocrine_nutritional_and_metabolic_diseases,4
p130731,endocrine_nutritional_and_metabolic_diseases,4
p130732,endocrine_nutritional_and_metabolic_diseases,4
p130733,endocrine_nutritional_and_metabolic_diseases,4
p130734,endocrine_nutritional_and_metabolic_diseases,4
p130735,endocrine_nutritional_and_metabolic_diseases,4
p130736,endocrine_nutritional_and_metabolic_diseases,4
p130737,endocrine_nutritional_and_metabolic_diseases,4
p130738,endocrine_nutritional_and_metabolic_diseases,4
p130739,endocrine_nutritional_and_metabolic_diseases,4
p130740,endocrine_nutritional_and_metabolic_diseases,4
p130741,endocrine_nutritional_and_metabolic_diseases,4
p130742,endocrine_nutritional_and_metabolic_diseases,4
p130743,endocrine_nutritional_and_metabolic_diseases,4
p130744,endocrine_nutritional_and_metabolic_diseases,4
p130745,endocrine_nutritional_and_metabolic_diseases,4
p130746,endocrine_nutritional_and_metabolic_diseases,4
p130747,endocrine_nutritional_and_metabolic_diseases,4
p130748,endocrine_nutritional_and_metabolic_diseases,4
p130749,endocrine_nutritional_and_metabolic_diseases,4
p130750,endocrine_nutritional_and_metabolic_diseases,4
p130751,endocrine_nutritional_and_metabolic_diseases,4
p130752,endocrine_nutritional_and_metabolic_diseases,4
p130753,endocrine_nutritional_and_metabolic_diseases,4
p130754,endocrine_nutritional_and_metabolic_diseases,4
p130755,endocrine_nutritional_and_metabolic_diseases,4
p130756,endocrine_nutritional_and_metabolic_diseases,4
p130757,endocrine_nutritional_and_metabolic_diseases,4
p130758,endocrine_nutritional_and_metabolic_diseases,4
p130759,endocrine_nutritional_and_metabolic_diseases,4
p130760,endocrine_nutritional_and_metabolic_diseases,4
p130761,endocrine_nutritional_and_metabolic_diseases,4
p130762,endocrine_nutritional_and_metabolic_diseases,4
p130763,endocrine_nutritional_and_metabolic_diseases,4
p130764,endocrine_nutritional_and_metabolic_diseases,4
p130765,endocrine_nutritional_and_metabolic_diseases,4
p130766,endocrine_nutritional_and_metabolic_diseases,4
p130767,endocrine_nutritional_and_metabolic_diseases,4
p130768,endocrine_nutritional_and_metabolic_diseases,4
p130769,endocrine_nutritional_and_metabolic_diseases,4
p130770,endocrine_nutritional_and_metabolic_diseases,4
p130771,endocrine_nutritional_and_metabolic_diseases,4
p130772,endocrine_nutritional_and_metabolic_diseases,4
p130773,endocrine_nutritional_and_metabolic_diseases,4
p130774,endocrine_nutritional_and_metabolic_diseases,4
p130775,endocrine_nutritional_and_metabolic_diseases,4
p130776,endocrine_nutritional_and_metabolic_diseases,4
p130777,endocrine_nutritional_and_metabolic_diseases,4
p130778,endocrine_nutritional_and_metabolic_diseases,4
p130779,endocrine_nutritional_and_metabolic_diseases,4
p130780,endocrine_nutritional_and_metabolic_diseases,4
p130781,endocrine_nutritional_and_metabolic_diseases,4
p130782,endocrine_nutritional_and_metabolic_diseases,4
p130783,endocrine_nutritional_and_metabolic_diseases,4
p130784,endocrine_nutritional_and_metabolic_diseases,4
p130785,endocrine_nutritional_and_metabolic_diseases,4
p130786,endocrine_nutritional_and_metabolic_diseases,4
p130787,endocrine_nutritional_and_metabolic_diseases,4
p130788,endocrine_nutritional_and_metabolic_diseases,4
p130789,endocrine_nutritional_and_metabolic_diseases,4
p130790,endocrine_nutritional_and_metabolic_diseases,4
p130791,endocrine_nutritional_and_metabolic_diseases,4
p130792,endocrine_nutritional_and_metabolic_diseases,4
p130793,endocrine_nutritional_and_metabolic_diseases,4
p130794,endocrine_nutritional_and_metabolic_diseases,4
p130795,endocrine_nutritional_and_metabolic_diseases,4
p130796,endocrine_nutritional_and_metabolic_diseases,4
p130797,endocrine_nutritional_and_metabolic_diseases,4
p130798,endocrine_nutritional_and_metabolic_diseases,4
p130799,endocrine_nutritional_and_metabolic_diseases,4
p130800,endocrine_nutritional_and_metabolic_diseases,4
p130801,endocrine_nutritional_and_metabolic_diseases,4
p130802,endocrine_nutritional_and_metabolic_diseases,4
p130803,endocrine_nutritional_and_metabolic_diseases,4
p130804,endocrine_nutritional_and_metabolic_diseases,4
p130805,endocrine_nutritional_and_metabolic_diseases,4
p130806,endocrine_nutritional_and_metabolic_diseases,4
p130807,endocrine_nutritional_and_metabolic_diseases,4
p130808,endocrine_nutritional_and_metabolic_diseases,4
p130809,endocrine_nutritional_and_metabolic_diseases,4
p130810,endocrine_nutritional_and_metabolic_diseases,4
p130811,endocrine_nutritional_and_metabolic_diseases,4
p130812,endocrine_nutritional_and_metabolic_diseases,4
p130813,endocrine_nutritional_and_metabolic_diseases,4
p130814,endocrine_nutritional_and_metabolic_diseases,4
p130815,endocrine_nutritional_and_metabolic_diseases,4
p130816,endocrine_nutritional_and_metabolic_diseases,4
p130817,endocrine_nutritional_and_metabolic_diseases,4
p130818,endocrine_nutritional_and_metabolic_diseases,4
p130819,endocrine_nutritional_and_metabolic_diseases,4
p130820,endocrine_nutritional_and_metabolic_diseases,4
p130821,endocrine_nutritional_and_metabolic_diseases,4
p130822,endocrine_nutritional_and_metabolic_diseases,4
p130823,endocrine_nutritional_and_metabolic_diseases,4
p130824,endocrine_nutritional_and_metabolic_diseases,4
p130825,endocrine_nutritional_and_metabolic_diseases,4
p130826,endocrine_nutritional_and_metabolic_diseases,4
p130827,endocrine_nutritional_and_metabolic_diseases,4
p130828,endocrine_nutritional_and_metabolic_diseases,4
p130829,endocrine_nutritional_and_metabolic_diseases,4
p130830,endocrine_nutritional_and_metabolic_diseases,4
p130831,endocrine_nutritional_and_metabolic_diseases,4
p130832,endocrine_nutritional_and_metabolic_diseases,4
p130833,endocrine_nutritional_and_metabolic_diseases,4
p130834,endocrine_nutritional_and_metabolic_diseases,4
p130835,endocrine_nutritional_and_metabolic_diseases,4
p130836,mental_and_behavioural_disorders,5
p130837,mental_and_behavioural_disorders,5
p130838,mental_and_behavioural_disorders,5
p130839,mental_and_behavioural_disorders,5
p130840,mental_and_behavioural_disorders,5
p130841,mental_and_behavioural_disorders,5
p130842,mental_and_behavioural_disorders,5
p130843,mental_and_behavioural_disorders,5
p130844,mental_and_behavioural_disorders,5
p130845,mental_and_behavioural_disorders,5
p130846,mental_and_behavioural_disorders,5
p130847,mental_and_behavioural_disorders,5
p130848,mental_and_behavioural_disorders,5
p130849,mental_and_behavioural_disorders,5
p130850,mental_and_behavioural_disorders,5
p130851,mental_and_behavioural_disorders,5
p130852,mental_and_behavioural_disorders,5
p130853,mental_and_behavioural_disorders,5
p130854,mental_and_behavioural_disorders,5
p130855,mental_and_behavioural_disorders,5
p130856,mental_and_behavioural_disorders,5
p130857,mental_and_behavioural_disorders,5
p130858,mental_and_behavioural_disorders,5
p130859,mental_and_behavioural_disorders,5
p130860,mental_and_behavioural_disorders,5
p130861,mental_and_behavioural_disorders,5
p130862,mental_and_behavioural_disorders,5
p130863,mental_and_behavioural_disorders,5
p130864,mental_and_behavioural_disorders,5
p130865,mental_and_behavioural_disorders,5
p130866,mental_and_behavioural_disorders,5
p130867,mental_and_behavioural_disorders,5
p130868,mental_and_behavioural_disorders,5
p130869,mental_and_behavioural_disorders,5
p130870,mental_and_behavioural_disorders,5
p130871,mental_and_behavioural_disorders,5
p130872,mental_and_behavioural_disorders,5
p130873,mental_and_behavioural_disorders,5
p130874,mental_and_behavioural_disorders,5
p130875,mental_and_behavioural_disorders,5
p130876,mental_and_behavioural_disorders,5
p130877,mental_and_behavioural_disorders,5
p130878,mental_and_behavioural_disorders,5
p130879,mental_and_behavioural_disorders,5
p130880,mental_and_behavioural_disorders,5
p130881,mental_and_behavioural_disorders,5
p130882,mental_and_behavioural_disorders,5
p130883,mental_and_behavioural_disorders,5
p130884,mental_and_behavioural_disorders,5
p130885,mental_and_behavioural_disorders,5
p130886,mental_and_behavioural_disorders,5
p130887,mental_and_behavioural_disorders,5
p130888,mental_and_behavioural_disorders,5
p130889,mental_and_behavioural_disorders,5
p130890,mental_and_behavioural_disorders,5
p130891,mental_and_behavioural_disorders,5
p130892,mental_and_behavioural_disorders,5
p130893,mental_and_behavioural_disorders,5
p130894,mental_and_behavioural_disorders,5
p130895,mental_and_behavioural_disorders,5
p130896,mental_and_behavioural_disorders,5
p130897,mental_and_behavioural_disorders,5
p130898,mental_and_behavioural_disorders,5
p130899,mental_and_behavioural_disorders,5
p130900,mental_and_behavioural_disorders,5
p130901,mental_and_behavioural_disorders,5
p130902,mental_and_behavioural_disorders,5
p130903,mental_and_behavioural_disorders,5
p130904,mental_and_behavioural_disorders,5
p130905,mental_and_behavioural_disorders,5
p130906,mental_and_behavioural_disorders,5
p130907,mental_and_behavioural_disorders,5
p130908,mental_and_behavioural_disorders,5
p130909,mental_and_behavioural_disorders,5
p130910,mental_and_behavioural_disorders,5
p130911,mental_and_behavioural_disorders,5
p130912,mental_and_behavioural_disorders,5
p130913,mental_and_behavioural_disorders,5
p130914,mental_and_behavioural_disorders,5
p130915,mental_and_behavioural_disorders,5
p130916,mental_and_behavioural_disorders,5
p130917,mental_and_behavioural_disorders,5
p130918,mental_and_behavioural_disorders,5
p130919,mental_and_behavioural_disorders,5
p130920,mental_and_behavioural_disorders,5
p130921,mental_and_behavioural_disorders,5
p130922,mental_and_behavioural_disorders,5
p130923,mental_and_behavioural_disorders,5
p130924,mental_and_behavioural_disorders,5
p130925,mental_and_behavioural_disorders,5
p130926,mental_and_behavioural_disorders,5
p130927,mental_and_behavioural_disorders,5
p130928,mental_and_behavioural_disorders,5
p130929,mental_and_behavioural_disorders,5
p130930,mental_and_behavioural_disorders,5
p130931,mental_and_behavioural_disorders,5
p130932,mental_and_behavioural_disorders,5
p130933,mental_and_behavioural_disorders,5
p130934,mental_and_behavioural_disorders,5
p130935,mental_and_behavioural_disorders,5
p130936,mental_and_behavioural_disorders,5
p130937,mental_and_behavioural_disorders,5
p130938,mental_and_behavioural_disorders,5
p130939,mental_and_behavioural_disorders,5
p130940,mental_and_behavioural_disorders,5
p130941,mental_and_behavioural_disorders,5
p130942,mental_and_behavioural_disorders,5
p130943,mental_and_behavioural_disorders,5
p130944,mental_and_behavioural_disorders,5
p130945,mental_and_behavioural_disorders,5
p130946,mental_and_behavioural_disorders,5
p130947,mental_and_behavioural_disorders,5
p130948,mental_and_behavioural_disorders,5
p130949,mental_and_behavioural_disorders,5
p130950,mental_and_behavioural_disorders,5
p130951,mental_and_behavioural_disorders,5
p130952,mental_and_behavioural_disorders,5
p130953,mental_and_behavioural_disorders,5
p130954,mental_and_behavioural_disorders,5
p130955,mental_and_behavioural_disorders,5
p130956,mental_and_behavioural_disorders,5
p130957,mental_and_behavioural_disorders,5
p130958,mental_and_behavioural_disorders,5
p130959,mental_and_behavioural_disorders,5
p130960,mental_and_behavioural_disorders,5
p130961,mental_and_behavioural_disorders,5
p130962,mental_and_behavioural_disorders,5
p130963,mental_and_behavioural_disorders,5
p130964,mental_and_behavioural_disorders,5
p130965,mental_and_behavioural_disorders,5
p130966,mental_and_behavioural_disorders,5
p130967,mental_and_behavioural_disorders,5
p130968,mental_and_behavioural_disorders,5
p130969,mental_and_behavioural_disorders,5
p130970,mental_and_behavioural_disorders,5
p130971,mental_and_behavioural_disorders,5
p130972,mental_and_behavioural_disorders,5
p130973,mental_and_behavioural_disorders,5
p130974,mental_and_behavioural_disorders,5
p130975,mental_and_behavioural_disorders,5
p130976,mental_and_behavioural_disorders,5
p130977,mental_and_behavioural_disorders,5
p130978,mental_and_behavioural_disorders,5
p130979,mental_and_behavioural_disorders,5
p130980,mental_and_behavioural_disorders,5
p130981,mental_and_behavioural_disorders,5
p130982,mental_and_behavioural_disorders,5
p130983,mental_and_behavioural_disorders,5
p130984,mental_and_behavioural_disorders,5
p130985,mental_and_behavioural_disorders,5
p130986,mental_and_behavioural_disorders,5
p130987,mental_and_behavioural_disorders,5
p130988,mental_and_behavioural_disorders,5
p130989,mental_and_behavioural_disorders,5
p130990,mental_and_behavioural_disorders,5
p130991,mental_and_behavioural_disorders,5
p130992,nervous_system_disorders,6
p130993,nervous_system_disorders,6
p130994,nervous_system_disorders,6
p130995,nervous_system_disorders,6
p130996,nervous_system_disorders,6
p130997,nervous_system_disorders,6
p130998,nervous_system_disorders,6
p130999,nervous_system_disorders,6
p131000,nervous_system_disorders,6
p131001,nervous_system_disorders,6
p131002,nervous_system_disorders,6
p131003,nervous_system_disorders,6
p131004,nervous_system_disorders,6
p131005,nervous_system_disorders,6
p131006,nervous_system_disorders,6
p131007,nervous_system_disorders,6
p131008,nervous_system_disorders,6
p131009,nervous_system_disorders,6
p131010,nervous_system_disorders,6
p131011,nervous_system_disorders,6
p131012,nervous_system_disorders,6
p131013,nervous_system_disorders,6
p131014,nervous_system_disorders,6
p131015,nervous_system_disorders,6
p131016,nervous_system_disorders,6
p131017,nervous_system_disorders,6
p131018,nervous_system_disorders,6
p131019,nervous_system_disorders,6
p131020,nervous_system_disorders,6
p131021,nervous_system_disorders,6
p131022,nervous_system_disorders,6
p131023,nervous_system_disorders,6
p131024,nervous_system_disorders,6
p131025,nervous_system_disorders,6
p131026,nervous_system_disorders,6
p131027,nervous_system_disorders,6
p131028,nervous_system_disorders,6
p131029,nervous_system_disorders,6
p131030,nervous_system_disorders,6
p131031,nervous_system_disorders,6
p131032,nervous_system_disorders,6
p131033,nervous_system_disorders,6
p131034,nervous_system_disorders,6
p131035,nervous_system_disorders,6
p131036,nervous_system_disorders,6
p131037,nervous_system_disorders,6
p131038,nervous_system_disorders,6
p131039,nervous_system_disorders,6
p131040,nervous_system_disorders,6
p131041,nervous_system_disorders,6
p131042,nervous_system_disorders,6
p131043,nervous_system_disorders,6
p131044,nervous_system_disorders,6
p131045,nervous_system_disorders,6
p131046,nervous_system_disorders,6
p131047,nervous_system_disorders,6
p131048,nervous_system_disorders,6
p131049,nervous_system_disorders,6
p131050,nervous_system_disorders,6
p131051,nervous_system_disorders,6
p131052,nervous_system_disorders,6
p131053,nervous_system_disorders,6
p131054,nervous_system_disorders,6
p131055,nervous_system_disorders,6
p131056,nervous_system_disorders,6
p131057,nervous_system_disorders,6
p131058,nervous_system_disorders,6
p131059,nervous_system_disorders,6
p131060,nervous_system_disorders,6
p131061,nervous_system_disorders,6
p131062,nervous_system_disorders,6
p131063,nervous_system_disorders,6
p131064,nervous_system_disorders,6
p131065,nervous_system_disorders,6
p131066,nervous_system_disorders,6
p131067,nervous_system_disorders,6
p131068,nervous_system_disorders,6
p131069,nervous_system_disorders,6
p131070,nervous_system_disorders,6
p131071,nervous_system_disorders,6
p131072,nervous_system_disorders,6
p131073,nervous_system_disorders,6
p131074,nervous_system_disorders,6
p131075,nervous_system_disorders,6
p131076,nervous_system_disorders,6
p131077,nervous_system_disorders,6
p131078,nervous_system_disorders,6
p131079,nervous_system_disorders,6
p131080,nervous_system_disorders,6
p131081,nervous_system_disorders,6
p131082,nervous_system_disorders,6
p131083,nervous_system_disorders,6
p131084,nervous_system_disorders,6
p131085,nervous_system_disorders,6
p131086,nervous_system_disorders,6
p131087,nervous_system_disorders,6
p131088,nervous_system_disorders,6
p131089,nervous_system_disorders,6
p131090,nervous_system_disorders,6
p131091,nervous_system_disorders,6
p131092,nervous_system_disorders,6
p131093,nervous_system_disorders,6
p131094,nervous_system_disorders,6
p131095,nervous_system_disorders,6
p131096,nervous_system_disorders,6
p131097,nervous_system_disorders,6
p131098,nervous_system_disorders,6
p131099,nervous_system_disorders,6
p131100,nervous_system_disorders,6
p131101,nervous_system_disorders,6
p131102,nervous_system_disorders,6
p131103,nervous_system_disorders,6
p131104,nervous_system_disorders,6
p131105,nervous_system_disorders,6
p131106,nervous_system_disorders,6
p131107,nervous_system_disorders,6
p131108,nervous_system_disorders,6
p131109,nervous_system_disorders,6
p131110,nervous_system_disorders,6
p131111,nervous_system_disorders,6
p131112,nervous_system_disorders,6
p131113,nervous_system_disorders,6
p131114,nervous_system_disorders,6
p131115,nervous_system_disorders,6
p131116,nervous_system_disorders,6
p131117,nervous_system_disorders,6
p131118,nervous_system_disorders,6
p131119,nervous_system_disorders,6
p131120,nervous_system_disorders,6
p131121,nervous_system_disorders,6
p131122,nervous_system_disorders,6
p131123,nervous_system_disorders,6
p131124,nervous_system_disorders,6
p131125,nervous_system_disorders,6
p131126,nervous_system_disorders,6
p131127,nervous_system_disorders,6
p131128,eye_and_adnexa_disorders,7
p131129,eye_and_adnexa_disorders,7
p131130,eye_and_adnexa_disorders,7
p131131,eye_and_adnexa_disorders,7
p131132,eye_and_adnexa_disorders,7
p131133,eye_and_adnexa_disorders,7
p131134,eye_and_adnexa_disorders,7
p131135,eye_and_adnexa_disorders,7
p131136,eye_and_adnexa_disorders,7
p131137,eye_and_adnexa_disorders,7
p131138,eye_and_adnexa_disorders,7
p131139,eye_and_adnexa_disorders,7
p131140,eye_and_adnexa_disorders,7
p131141,eye_and_adnexa_disorders,7
p131142,eye_and_adnexa_disorders,7
p131143,eye_and_adnexa_disorders,7
p131144,eye_and_adnexa_disorders,7
p131145,eye_and_adnexa_disorders,7
p131146,eye_and_adnexa_disorders,7
p131147,eye_and_adnexa_disorders,7
p131148,eye_and_adnexa_disorders,7
p131149,eye_and_adnexa_disorders,7
p131150,eye_and_adnexa_disorders,7
p131151,eye_and_adnexa_disorders,7
p131152,eye_and_adnexa_disorders,7
p131153,eye_and_adnexa_disorders,7
p131154,eye_and_adnexa_disorders,7
p131155,eye_and_adnexa_disorders,7
p131156,eye_and_adnexa_disorders,7
p131157,eye_and_adnexa_disorders,7
p131158,eye_and_adnexa_disorders,7
p131159,eye_and_adnexa_disorders,7
p131160,eye_and_adnexa_disorders,7
p131161,eye_and_adnexa_disorders,7
p131162,eye_and_adnexa_disorders,7
p131163,eye_and_adnexa_disorders,7
p131164,eye_and_adnexa_disorders,7
p131165,eye_and_adnexa_disorders,7
p131166,eye_and_adnexa_disorders,7
p131167,eye_and_adnexa_disorders,7
p131168,eye_and_adnexa_disorders,7
p131169,eye_and_adnexa_disorders,7
p131170,eye_and_adnexa_disorders,7
p131171,eye_and_adnexa_disorders,7
p131172,eye_and_adnexa_disorders,7
p131173,eye_and_adnexa_disorders,7
p131174,eye_and_adnexa_disorders,7
p131175,eye_and_adnexa_disorders,7
p131176,eye_and_adnexa_disorders,7
p131177,eye_and_adnexa_disorders,7
p131178,eye_and_adnexa_disorders,7
p131179,eye_and_adnexa_disorders,7
p131180,eye_and_adnexa_disorders,7
p131181,eye_and_adnexa_disorders,7
p131182,eye_and_adnexa_disorders,7
p131183,eye_and_adnexa_disorders,7
p131184,eye_and_adnexa_disorders,7
p131185,eye_and_adnexa_disorders,7
p131186,eye_and_adnexa_disorders,7
p131187,eye_and_adnexa_disorders,7
p131188,eye_and_adnexa_disorders,7
p131189,eye_and_adnexa_disorders,7
p131190,eye_and_adnexa_disorders,7
p131191,eye_and_adnexa_disorders,7
p131192,eye_and_adnexa_disorders,7
p131193,eye_and_adnexa_disorders,7
p131194,eye_and_adnexa_disorders,7
p131195,eye_and_adnexa_disorders,7
p131196,eye_and_adnexa_disorders,7
p131197,eye_and_adnexa_disorders,7
p131198,eye_and_adnexa_disorders,7
p131199,eye_and_adnexa_disorders,7
p131200,eye_and_adnexa_disorders,7
p131201,eye_and_adnexa_disorders,7
p131202,eye_and_adnexa_disorders,7
p131203,eye_and_adnexa_disorders,7
p131204,eye_and_adnexa_disorders,7
p131205,eye_and_adnexa_disorders,7
p131206,eye_and_adnexa_disorders,7
p131207,eye_and_adnexa_disorders,7
p131208,eye_and_adnexa_disorders,7
p131209,eye_and_adnexa_disorders,7
p131210,eye_and_adnexa_disorders,7
p131211,eye_and_adnexa_disorders,7
p131212,eye_and_adnexa_disorders,7
p131213,eye_and_adnexa_disorders,7
p131214,eye_and_adnexa_disorders,7
p131215,eye_and_adnexa_disorders,7
p131216,eye_and_adnexa_disorders,7
p131217,eye_and_adnexa_disorders,7
p131218,eye_and_adnexa_disorders,7
p131219,eye_and_adnexa_disorders,7
p131220,eye_and_adnexa_disorders,7
p131221,eye_and_adnexa_disorders,7
p131222,ear_and_mastoid_process_disorders,8
p131223,ear_and_mastoid_process_disorders,8
p131224,ear_and_mastoid_process_disorders,8
p131225,ear_and_mastoid_process_disorders,8
p131226,ear_and_mastoid_process_disorders,8
p131227,ear_and_mastoid_process_disorders,8
p131228,ear_and_mastoid_process_disorders,8
p131229,ear_and_mastoid_process_disorders,8
p131230,ear_and_mastoid_process_disorders,8
p131231,ear_and_mastoid_process_disorders,8
p131232,ear_and_mastoid_process_disorders,8
p131233,ear_and_mastoid_process_disorders,8
p131234,ear_and_mastoid_process_disorders,8
p131235,ear_and_mastoid_process_disorders,8
p131236,ear_and_mastoid_process_disorders,8
p131237,ear_and_mastoid_process_disorders,8
p131238,ear_and_mastoid_process_disorders,8
p131239,ear_and_mastoid_process_disorders,8
p131240,ear_and_mastoid_process_disorders,8
p131241,ear_and_mastoid_process_disorders,8
p131242,ear_and_mastoid_process_disorders,8
p131243,ear_and_mastoid_process_disorders,8
p131244,ear_and_mastoid_process_disorders,8
p131245,ear_and_mastoid_process_disorders,8
p131246,ear_and_mastoid_process_disorders,8
p131247,ear_and_mastoid_process_disorders,8
p131248,ear_and_mastoid_process_disorders,8
p131249,ear_and_mastoid_process_disorders,8
p131250,ear_and_mastoid_process_disorders,8
p131251,ear_and_mastoid_process_disorders,8
p131252,ear_and_mastoid_process_disorders,8
p131253,ear_and_mastoid_process_disorders,8
p131254,ear_and_mastoid_process_disorders,8
p131255,ear_and_mastoid_process_disorders,8
p131256,ear_and_mastoid_process_disorders,8
p131257,ear_and_mastoid_process_disorders,8
p131258,ear_and_mastoid_process_disorders,8
p131259,ear_and_mastoid_process_disorders,8
p131260,ear_and_mastoid_process_disorders,8
p131261,ear_and_mastoid_process_disorders,8
p131262,ear_and_mastoid_process_disorders,8
p131263,ear_and_mastoid_process_disorders,8
p131264,ear_and_mastoid_process_disorders,8
p131265,ear_and_mastoid_process_disorders,8
p131266,ear_and_mastoid_process_disorders,8
p131267,ear_and_mastoid_process_disorders,8
p131268,ear_and_mastoid_process_disorders,8
p131269,ear_and_mastoid_process_disorders,8
p131270,circulatory_system_disorders,9
p131271,circulatory_system_disorders,9
p131272,circulatory_system_disorders,9
p131273,circulatory_system_disorders,9
p131274,circulatory_system_disorders,9
p131275,circulatory_system_disorders,9
p131276,circulatory_system_disorders,9
p131277,circulatory_system_disorders,9
p131278,circulatory_system_disorders,9
p131279,circulatory_system_disorders,9
p131280,circulatory_system_disorders,9
p131281,circulatory_system_disorders,9
p131282,circulatory_system_disorders,9
p131283,circulatory_system_disorders,9
p131284,circulatory_system_disorders,9
p131285,circulatory_system_disorders,9
p131286,circulatory_system_disorders,9
p131287,circulatory_system_disorders,9
p131288,circulatory_system_disorders,9
p131289,circulatory_system_disorders,9
p131290,circulatory_system_disorders,9
p131291,circulatory_system_disorders,9
p131292,circulatory_system_disorders,9
p131293,circulatory_system_disorders,9
p131294,circulatory_system_disorders,9
p131295,circulatory_system_disorders,9
p131296,circulatory_system_disorders,9
p131297,circulatory_system_disorders,9
p131298,circulatory_system_disorders,9
p131299,circulatory_system_disorders,9
p131300,circulatory_system_disorders,9
p131301,circulatory_system_disorders,9
p131302,circulatory_system_disorders,9
p131303,circulatory_system_disorders,9
p131304,circulatory_system_disorders,9
p131305,circulatory_system_disorders,9
p131306,circulatory_system_disorders,9
p131307,circulatory_system_disorders,9
p131308,circulatory_system_disorders,9
p131309,circulatory_system_disorders,9
p131310,circulatory_system_disorders,9
p131311,circulatory_system_disorders,9
p131312,circulatory_system_disorders,9
p131313,circulatory_system_disorders,9
p131314,circulatory_system_disorders,9
p131315,circulatory_system_disorders,9
p131316,circulatory_system_disorders,9
p131317,circulatory_system_disorders,9
p131318,circulatory_system_disorders,9
p131319,circulatory_system_disorders,9
p131320,circulatory_system_disorders,9
p131321,circulatory_system_disorders,9
p131322,circulatory_system_disorders,9
p131323,circulatory_system_disorders,9
p131324,circulatory_system_disorders,9
p131325,circulatory_system_disorders,9
p131326,circulatory_system_disorders,9
p131327,circulatory_system_disorders,9
p131328,circulatory_system_disorders,9
p131329,circulatory_system_disorders,9
p131330,circulatory_system_disorders,9
p131331,circulatory_system_disorders,9
p131332,circulatory_system_disorders,9
p131333,circulatory_system_disorders,9
p131334,circulatory_system_disorders,9
p131335,circulatory_system_disorders,9
p131336,circulatory_system_disorders,9
p131337,circulatory_system_disorders,9
p131338,circulatory_system_disorders,9
p131339,circulatory_system_disorders,9
p131340,circulatory_system_disorders,9
p131341,circulatory_system_disorders,9
p131342,circulatory_system_disorders,9
p131343,circulatory_system_disorders,9
p131344,circulatory_system_disorders,9
p131345,circulatory_system_disorders,9
p131346,circulatory_system_disorders,9
p131347,circulatory_system_disorders,9
p131348,circulatory_system_disorders,9
p131349,circulatory_system_disorders,9
p131350,circulatory_system_disorders,9
p131351,circulatory_system_disorders,9
p131352,circulatory_system_disorders,9
p131353,circulatory_system_disorders,9
p131354,circulatory_system_disorders,9
p131355,circulatory_system_disorders,9
p131356,circulatory_system_disorders,9
p131357,circulatory_system_disorders,9
p131358,circulatory_system_disorders,9
p131359,circulatory_system_disorders,9
p131360,circulatory_system_disorders,9
p131361,circulatory_system_disorders,9
p131362,circulatory_system_disorders,9
p131363,circulatory_system_disorders,9
p131364,circulatory_system_disorders,9
p131365,circulatory_system_disorders,9
p131366,circulatory_system_disorders,9
p131367,circulatory_system_disorders,9
p131368,circulatory_system_disorders,9
p131369,circulatory_system_disorders,9
p131370,circulatory_system_disorders,9
p131371,circulatory_system_disorders,9
p131372,circulatory_system_disorders,9
p131373,circulatory_system_disorders,9
p131374,circulatory_system_disorders,9
p131375,circulatory_system_disorders,9
p131376,circulatory_system_disorders,9
p131377,circulatory_system_disorders,9
p131378,circulatory_system_disorders,9
p131379,circulatory_system_disorders,9
p131380,circulatory_system_disorders,9
p131381,circulatory_system_disorders,9
p131382,circulatory_system_disorders,9
p131383,circulatory_system_disorders,9
p131384,circulatory_system_disorders,9
p131385,circulatory_system_disorders,9
p131386,circulatory_system_disorders,9
p131387,circulatory_system_disorders,9
p131388,circulatory_system_disorders,9
p131389,circulatory_system_disorders,9
p131390,circulatory_system_disorders,9
p131391,circulatory_system_disorders,9
p131392,circulatory_system_disorders,9
p131393,circulatory_system_disorders,9
p131394,circulatory_system_disorders,9
p131395,circulatory_system_disorders,9
p131396,circulatory_system_disorders,9
p131397,circulatory_system_disorders,9
p131398,circulatory_system_disorders,9
p131399,circulatory_system_disorders,9
p131400,circulatory_system_disorders,9
p131401,circulatory_system_disorders,9
p131402,circulatory_system_disorders,9
p131403,circulatory_system_disorders,9
p131404,circulatory_system_disorders,9
p131405,circulatory_system_disorders,9
p131406,circulatory_system_disorders,9
p131407,circulatory_system_disorders,9
p131408,circulatory_system_disorders,9
p131409,circulatory_system_disorders,9
p131410,circulatory_system_disorders,9
p131411,circulatory_system_disorders,9
p131412,circulatory_system_disorders,9
p131413,circulatory_system_disorders,9
p131414,circulatory_system_disorders,9
p131415,circulatory_system_disorders,9
p131416,circulatory_system_disorders,9
p131417,circulatory_system_disorders,9
p131418,circulatory_system_disorders,9
p131419,circulatory_system_disorders,9
p131420,circulatory_system_disorders,9
p131421,circulatory_system_disorders,9
p131422,circulatory_system_disorders,9
p131423,circulatory_system_disorders,9
p131424,respiratory_system_disorders,10
p131425,respiratory_system_disorders,10
p131426,respiratory_system_disorders,10
p131427,respiratory_system_disorders,10
p131428,respiratory_system_disorders,10
p131429,respiratory_system_disorders,10
p131430,respiratory_system_disorders,10
p131431,respiratory_system_disorders,10
p131432,respiratory_system_disorders,10
p131433,respiratory_system_disorders,10
p131434,respiratory_system_disorders,10
p131435,respiratory_system_disorders,10
p131436,respiratory_system_disorders,10
p131437,respiratory_system_disorders,10
p131438,respiratory_system_disorders,10
p131439,respiratory_system_disorders,10
p131440,respiratory_system_disorders,10
p131441,respiratory_system_disorders,10
p131442,respiratory_system_disorders,10
p131443,respiratory_system_disorders,10
p131444,respiratory_system_disorders,10
p131445,respiratory_system_disorders,10
p131446,respiratory_system_disorders,10
p131447,respiratory_system_disorders,10
p131448,respiratory_system_disorders,10
p131449,respiratory_system_disorders,10
p131450,respiratory_system_disorders,10
p131451,respiratory_system_disorders,10
p131452,respiratory_system_disorders,10
p131453,respiratory_system_disorders,10
p131454,respiratory_system_disorders,10
p131455,respiratory_system_disorders,10
p131456,respiratory_system_disorders,10
p131457,respiratory_system_disorders,10
p131458,respiratory_system_disorders,10
p131459,respiratory_system_disorders,10
p131460,respiratory_system_disorders,10
p131461,respiratory_system_disorders,10
p131462,respiratory_system_disorders,10
p131463,respiratory_system_disorders,10
p131464,respiratory_system_disorders,10
p131465,respiratory_system_disorders,10
p131466,respiratory_system_disorders,10
p131467,respiratory_system_disorders,10
p131468,respiratory_system_disorders,10
p131469,respiratory_system_disorders,10
p131470,respiratory_system_disorders,10
p131471,respiratory_system_disorders,10
p131472,respiratory_system_disorders,10
p131473,respiratory_system_disorders,10
p131474,respiratory_system_disorders,10
p131475,respiratory_system_disorders,10
p131476,respiratory_system_disorders,10
p131477,respiratory_system_disorders,10
p131478,respiratory_system_disorders,10
p131479,respiratory_system_disorders,10
p131480,respiratory_system_disorders,10
p131481,respiratory_system_disorders,10
p131482,respiratory_system_disorders,10
p131483,respiratory_system_disorders,10
p131484,respiratory_system_disorders,10
p131485,respiratory_system_disorders,10
p131486,respiratory_system_disorders,10
p131487,respiratory_system_disorders,10
p131488,respiratory_system_disorders,10
p131489,respiratory_system_disorders,10
p131490,respiratory_system_disorders,10
p131491,respiratory_system_disorders,10
p131492,respiratory_system_disorders,10
p131493,respiratory_system_disorders,10
p131494,respiratory_system_disorders,10
p131495,respiratory_system_disorders,10
p131496,respiratory_system_disorders,10
p131497,respiratory_system_disorders,10
p131498,respiratory_system_disorders,10
p131499,respiratory_system_disorders,10
p131500,respiratory_system_disorders,10
p131501,respiratory_system_disorders,10
p131502,respiratory_system_disorders,10
p131503,respiratory_system_disorders,10
p131504,respiratory_system_disorders,10
p131505,respiratory_system_disorders,10
p131506,respiratory_system_disorders,10
p131507,respiratory_system_disorders,10
p131508,respiratory_system_disorders,10
p131509,respiratory_system_disorders,10
p131510,respiratory_system_disorders,10
p131511,respiratory_system_disorders,10
p131512,respiratory_system_disorders,10
p131513,respiratory_system_disorders,10
p131514,respiratory_system_disorders,10
p131515,respiratory_system_disorders,10
p131516,respiratory_system_disorders,10
p131517,respiratory_system_disorders,10
p131518,respiratory_system_disorders,10
p131519,respiratory_system_disorders,10
p131520,respiratory_system_disorders,10
p131521,respiratory_system_disorders,10
p131522,respiratory_system_disorders,10
p131523,respiratory_system_disorders,10
p131524,respiratory_system_disorders,10
p131525,respiratory_system_disorders,10
p131526,respiratory_system_disorders,10
p131527,respiratory_system_disorders,10
p131528,respiratory_system_disorders,10
p131529,respiratory_system_disorders,10
p131530,respiratory_system_disorders,10
p131531,respiratory_system_disorders,10
p131532,respiratory_system_disorders,10
p131533,respiratory_system_disorders,10
p131534,respiratory_system_disorders,10
p131535,respiratory_system_disorders,10
p131536,respiratory_system_disorders,10
p131537,respiratory_system_disorders,10
p131538,respiratory_system_disorders,10
p131539,respiratory_system_disorders,10
p131540,respiratory_system_disorders,10
p131541,respiratory_system_disorders,10
p131542,respiratory_system_disorders,10
p131543,respiratory_system_disorders,10
p131544,respiratory_system_disorders,10
p131545,respiratory_system_disorders,10
p131546,respiratory_system_disorders,10
p131547,respiratory_system_disorders,10
p131548,respiratory_system_disorders,10
p131549,respiratory_system_disorders,10
p131550,respiratory_system_disorders,10
p131551,respiratory_system_disorders,10
p131552,digestive_system_disorders,11
p131553,digestive_system_disorders,11
p131554,digestive_system_disorders,11
p131555,digestive_system_disorders,11
p131556,digestive_system_disorders,11
p131557,digestive_system_disorders,11
p131558,digestive_system_disorders,11
p131559,digestive_system_disorders,11
p131560,digestive_system_disorders,11
p131561,digestive_system_disorders,11
p131562,digestive_system_disorders,11
p131563,digestive_system_disorders,11
p131564,digestive_system_disorders,11
p131565,digestive_system_disorders,11
p131566,digestive_system_disorders,11
p131567,digestive_system_disorders,11
p131568,digestive_system_disorders,11
p131569,digestive_system_disorders,11
p131570,digestive_system_disorders,11
p131571,digestive_system_disorders,11
p131572,digestive_system_disorders,11
p131573,digestive_system_disorders,11
p131574,digestive_system_disorders,11
p131575,digestive_system_disorders,11
p131576,digestive_system_disorders,11
p131577,digestive_system_disorders,11
p131578,digestive_system_disorders,11
p131579,digestive_system_disorders,11
p131580,digestive_system_disorders,11
p131581,digestive_system_disorders,11
p131582,digestive_system_disorders,11
p131583,digestive_system_disorders,11
p131584,digestive_system_disorders,11
p131585,digestive_system_disorders,11
p131586,digestive_system_disorders,11
p131587,digestive_system_disorders,11
p131588,digestive_system_disorders,11
p131589,digestive_system_disorders,11
p131590,digestive_system_disorders,11
p131591,digestive_system_disorders,11
p131592,digestive_system_disorders,11
p131593,digestive_system_disorders,11
p131594,digestive_system_disorders,11
p131595,digestive_system_disorders,11
p131596,digestive_system_disorders,11
p131597,digestive_system_disorders,11
p131598,digestive_system_disorders,11
p131599,digestive_system_disorders,11
p131600,digestive_system_disorders,11
p131601,digestive_system_disorders,11
p131602,digestive_system_disorders,11
p131603,digestive_system_disorders,11
p131604,digestive_system_disorders,11
p131605,digestive_system_disorders,11
p131606,digestive_system_disorders,11
p131607,digestive_system_disorders,11
p131608,digestive_system_disorders,11
p131609,digestive_system_disorders,11
p131610,digestive_system_disorders,11
p131611,digestive_system_disorders,11
p131612,digestive_system_disorders,11
p131613,digestive_system_disorders,11
p131614,digestive_system_disorders,11
p131615,digestive_system_disorders,11
p131616,digestive_system_disorders,11
p131617,digestive_system_disorders,11
p131618,digestive_system_disorders,11
p131619,digestive_system_disorders,11
p131620,digestive_system_disorders,11
p131621,digestive_system_disorders,11
p131622,digestive_system_disorders,11
p131623,digestive_system_disorders,11
p131624,digestive_system_disorders,11
p131625,digestive_system_disorders,11
p131626,digestive_system_disorders,11
p131627,digestive_system_disorders,11
p131628,digestive_system_disorders,11
p131629,digestive_system_disorders,11
p131630,digestive_system_disorders,11
p131631,digestive_system_disorders,11
p131632,digestive_system_disorders,11
p131633,digestive_system_disorders,11
p131634,digestive_system_disorders,11
p131635,digestive_system_disorders,11
p131636,digestive_system_disorders,11
p131637,digestive_system_disorders,11
p131638,digestive_system_disorders,11
p131639,digestive_system_disorders,11
p131640,digestive_system_disorders,11
p131641,digestive_system_disorders,11
p131642,digestive_system_disorders,11
p131643,digestive_system_disorders,11
p131644,digestive_system_disorders,11
p131645,digestive_system_disorders,11
p131646,digestive_system_disorders,11
p131647,digestive_system_disorders,11
p131648,digestive_system_disorders,11
p131649,digestive_system_disorders,11
p131650,digestive_system_disorders,11
p131651,digestive_system_disorders,11
p131652,digestive_system_disorders,11
p131653,digestive_system_disorders,11
p131654,digestive_system_disorders,11
p131655,digestive_system_disorders,11
p131656,digestive_system_disorders,11
p131657,digestive_system_disorders,11
p131658,digestive_system_disorders,11
p131659,digestive_system_disorders,11
p131660,digestive_system_disorders,11
p131661,digestive_system_disorders,11
p131662,digestive_system_disorders,11
p131663,digestive_system_disorders,11
p131664,digestive_system_disorders,11
p131665,digestive_system_disorders,11
p131666,digestive_system_disorders,11
p131667,digestive_system_disorders,11
p131668,digestive_system_disorders,11
p131669,digestive_system_disorders,11
p131670,digestive_system_disorders,11
p131671,digestive_system_disorders,11
p131672,digestive_system_disorders,11
p131673,digestive_system_disorders,11
p131674,digestive_system_disorders,11
p131675,digestive_system_disorders,11
p131676,digestive_system_disorders,11
p131677,digestive_system_disorders,11
p131678,digestive_system_disorders,11
p131679,digestive_system_disorders,11
p131680,digestive_system_disorders,11
p131681,digestive_system_disorders,11
p131682,digestive_system_disorders,11
p131683,digestive_system_disorders,11
p131684,digestive_system_disorders,11
p131685,digestive_system_disorders,11
p131686,digestive_system_disorders,11
p131687,digestive_system_disorders,11
p131688,digestive_system_disorders,11
p131689,digestive_system_disorders,11
p131690,digestive_system_disorders,11
p131691,digestive_system_disorders,11
p131692,digestive_system_disorders,11
p131693,digestive_system_disorders,11
p131694,digestive_system_disorders,11
p131695,digestive_system_disorders,11
p131696,skin_and_subcutaneous_tissue_disorders,12
p131697,skin_and_subcutaneous_tissue_disorders,12
p131698,skin_and_subcutaneous_tissue_disorders,12
p131699,skin_and_subcutaneous_tissue_disorders,12
p131700,skin_and_subcutaneous_tissue_disorders,12
p131701,skin_and_subcutaneous_tissue_disorders,12
p131702,skin_and_subcutaneous_tissue_disorders,12
p131703,skin_and_subcutaneous_tissue_disorders,12
p131704,skin_and_subcutaneous_tissue_disorders,12
p131705,skin_and_subcutaneous_tissue_disorders,12
p131706,skin_and_subcutaneous_tissue_disorders,12
p131707,skin_and_subcutaneous_tissue_disorders,12
p131708,skin_and_subcutaneous_tissue_disorders,12
p131709,skin_and_subcutaneous_tissue_disorders,12
p131710,skin_and_subcutaneous_tissue_disorders,12
p131711,skin_and_subcutaneous_tissue_disorders,12
p131712,skin_and_subcutaneous_tissue_disorders,12
p131713,skin_and_subcutaneous_tissue_disorders,12
p131714,skin_and_subcutaneous_tissue_disorders,12
p131715,skin_and_subcutaneous_tissue_disorders,12
p131716,skin_and_subcutaneous_tissue_disorders,12
p131717,skin_and_subcutaneous_tissue_disorders,12
p131718,skin_and_subcutaneous_tissue_disorders,12
p131719,skin_and_subcutaneous_tissue_disorders,12
p131720,skin_and_subcutaneous_tissue_disorders,12
p131721,skin_and_subcutaneous_tissue_disorders,12
p131722,skin_and_subcutaneous_tissue_disorders,12
p131723,skin_and_subcutaneous_tissue_disorders,12
p131724,skin_and_subcutaneous_tissue_disorders,12
p131725,skin_and_subcutaneous_tissue_disorders,12
p131726,skin_and_subcutaneous_tissue_disorders,12
p131727,skin_and_subcutaneous_tissue_disorders,12
p131728,skin_and_subcutaneous_tissue_disorders,12
p131729,skin_and_subcutaneous_tissue_disorders,12
p131730,skin_and_subcutaneous_tissue_disorders,12
p131731,skin_and_subcutaneous_tissue_disorders,12
p131732,skin_and_subcutaneous_tissue_disorders,12
p131733,skin_and_subcutaneous_tissue_disorders,12
p131734,skin_and_subcutaneous_tissue_disorders,12
p131735,skin_and_subcutaneous_tissue_disorders,12
p131736,skin_and_subcutaneous_tissue_disorders,12
p131737,skin_and_subcutaneous_tissue_disorders,12
p131738,skin_and_subcutaneous_tissue_disorders,12
p131739,skin_and_subcutaneous_tissue_disorders,12
p131740,skin_and_subcutaneous_tissue_disorders,12
p131741,skin_and_subcutaneous_tissue_disorders,12
p131742,skin_and_subcutaneous_tissue_disorders,12
p131743,skin_and_subcutaneous_tissue_disorders,12
p131744,skin_and_subcutaneous_tissue_disorders,12
p131745,skin_and_subcutaneous_tissue_disorders,12
p131746,skin_and_subcutaneous_tissue_disorders,12
p131747,skin_and_subcutaneous_tissue_disorders,12
p131748,skin_and_subcutaneous_tissue_disorders,12
p131749,skin_and_subcutaneous_tissue_disorders,12
p131750,skin_and_subcutaneous_tissue_disorders,12
p131751,skin_and_subcutaneous_tissue_disorders,12
p131752,skin_and_subcutaneous_tissue_disorders,12
p131753,skin_and_subcutaneous_tissue_disorders,12
p131754,skin_and_subcutaneous_tissue_disorders,12
p131755,skin_and_subcutaneous_tissue_disorders,12
p131756,skin_and_subcutaneous_tissue_disorders,12
p131757,skin_and_subcutaneous_tissue_disorders,12
p131758,skin_and_subcutaneous_tissue_disorders,12
p131759,skin_and_subcutaneous_tissue_disorders,12
p131760,skin_and_subcutaneous_tissue_disorders,12
p131761,skin_and_subcutaneous_tissue_disorders,12
p131762,skin_and_subcutaneous_tissue_disorders,12
p131763,skin_and_subcutaneous_tissue_disorders,12
p131764,skin_and_subcutaneous_tissue_disorders,12
p131765,skin_and_subcutaneous_tissue_disorders,12
p131766,skin_and_subcutaneous_tissue_disorders,12
p131767,skin_and_subcutaneous_tissue_disorders,12
p131768,skin_and_subcutaneous_tissue_disorders,12
p131769,skin_and_subcutaneous_tissue_disorders,12
p131770,skin_and_subcutaneous_tissue_disorders,12
p131771,skin_and_subcutaneous_tissue_disorders,12
p131772,skin_and_subcutaneous_tissue_disorders,12
p131773,skin_and_subcutaneous_tissue_disorders,12
p131774,skin_and_subcutaneous_tissue_disorders,12
p131775,skin_and_subcutaneous_tissue_disorders,12
p131776,skin_and_subcutaneous_tissue_disorders,12
p131777,skin_and_subcutaneous_tissue_disorders,12
p131778,skin_and_subcutaneous_tissue_disorders,12
p131779,skin_and_subcutaneous_tissue_disorders,12
p131780,skin_and_subcutaneous_tissue_disorders,12
p131781,skin_and_subcutaneous_tissue_disorders,12
p131782,skin_and_subcutaneous_tissue_disorders,12
p131783,skin_and_subcutaneous_tissue_disorders,12
p131784,skin_and_subcutaneous_tissue_disorders,12
p131785,skin_and_subcutaneous_tissue_disorders,12
p131786,skin_and_subcutaneous_tissue_disorders,12
p131787,skin_and_subcutaneous_tissue_disorders,12
p131788,skin_and_subcutaneous_tissue_disorders,12
p131789,skin_and_subcutaneous_tissue_disorders,12
p131790,skin_and_subcutaneous_tissue_disorders,12
p131791,skin_and_subcutaneous_tissue_disorders,12
p131792,skin_and_subcutaneous_tissue_disorders,12
p131793,skin_and_subcutaneous_tissue_disorders,12
p131794,skin_and_subcutaneous_tissue_disorders,12
p131795,skin_and_subcutaneous_tissue_disorders,12
p131796,skin_and_subcutaneous_tissue_disorders,12
p131797,skin_and_subcutaneous_tissue_disorders,12
p131798,skin_and_subcutaneous_tissue_disorders,12
p131799,skin_and_subcutaneous_tissue_disorders,12
p131800,skin_and_subcutaneous_tissue_disorders,12
p131801,skin_and_subcutaneous_tissue_disorders,12
p131802,skin_and_subcutaneous_tissue_disorders,12
p131803,skin_and_subcutaneous_tissue_disorders,12
p131804,skin_and_subcutaneous_tissue_disorders,12
p131805,skin_and_subcutaneous_tissue_disorders,12
p131806,skin_and_subcutaneous_tissue_disorders,12
p131807,skin_and_subcutaneous_tissue_disorders,12
p131808,skin_and_subcutaneous_tissue_disorders,12
p131809,skin_and_subcutaneous_tissue_disorders,12
p131810,skin_and_subcutaneous_tissue_disorders,12
p131811,skin_and_subcutaneous_tissue_disorders,12
p131812,skin_and_subcutaneous_tissue_disorders,12
p131813,skin_and_subcutaneous_tissue_disorders,12
p131814,skin_and_subcutaneous_tissue_disorders,12
p131815,skin_and_subcutaneous_tissue_disorders,12
p131816,skin_and_subcutaneous_tissue_disorders,12
p131817,skin_and_subcutaneous_tissue_disorders,12
p131818,skin_and_subcutaneous_tissue_disorders,12
p131819,skin_and_subcutaneous_tissue_disorders,12
p131820,skin_and_subcutaneous_tissue_disorders,12
p131821,skin_and_subcutaneous_tissue_disorders,12
p131822,skin_and_subcutaneous_tissue_disorders,12
p131823,skin_and_subcutaneous_tissue_disorders,12
p131824,skin_and_subcutaneous_tissue_disorders,12
p131825,skin_and_subcutaneous_tissue_disorders,12
p131826,skin_and_subcutaneous_tissue_disorders,12
p131827,skin_and_subcutaneous_tissue_disorders,12
p131828,skin_and_subcutaneous_tissue_disorders,12
p131829,skin_and_subcutaneous_tissue_disorders,12
p131830,skin_and_subcutaneous_tissue_disorders,12
p131831,skin_and_subcutaneous_tissue_disorders,12
p131832,skin_and_subcutaneous_tissue_disorders,12
p131833,skin_and_subcutaneous_tissue_disorders,12
p131834,skin_and_subcutaneous_tissue_disorders,12
p131835,skin_and_subcutaneous_tissue_disorders,12
p131836,skin_and_subcutaneous_tissue_disorders,12
p131837,skin_and_subcutaneous_tissue_disorders,12
p131838,skin_and_subcutaneous_tissue_disorders,12
p131839,skin_and_subcutaneous_tissue_disorders,12
p131840,musculoskeletal_system_and_connective_tissue_disorders,13
p131841,musculoskeletal_system_and_connective_tissue_disorders,13
p131842,musculoskeletal_system_and_connective_tissue_disorders,13
p131843,musculoskeletal_system_and_connective_tissue_disorders,13
p131844,musculoskeletal_system_and_connective_tissue_disorders,13
p131845,musculoskeletal_system_and_connective_tissue_disorders,13
p131846,musculoskeletal_system_and_connective_tissue_disorders,13
p131847,musculoskeletal_system_and_connective_tissue_disorders,13
p131848,musculoskeletal_system_and_connective_tissue_disorders,13
p131849,musculoskeletal_system_and_connective_tissue_disorders,13
p131850,musculoskeletal_system_and_connective_tissue_disorders,13
p131851,musculoskeletal_system_and_connective_tissue_disorders,13
p131852,musculoskeletal_system_and_connective_tissue_disorders,13
p131853,musculoskeletal_system_and_connective_tissue_disorders,13
p131854,musculoskeletal_system_and_connective_tissue_disorders,13
p131855,musculoskeletal_system_and_connective_tissue_disorders,13
p131856,musculoskeletal_system_and_connective_tissue_disorders,13
p131857,musculoskeletal_system_and_connective_tissue_disorders,13
p131858,musculoskeletal_system_and_connective_tissue_disorders,13
p131859,musculoskeletal_system_and_connective_tissue_disorders,13
p131860,musculoskeletal_system_and_connective_tissue_disorders,13
p131861,musculoskeletal_system_and_connective_tissue_disorders,13
p131862,musculoskeletal_system_and_connective_tissue_disorders,13
p131863,musculoskeletal_system_and_connective_tissue_disorders,13
p131864,musculoskeletal_system_and_connective_tissue_disorders,13
p131865,musculoskeletal_system_and_connective_tissue_disorders,13
p131866,musculoskeletal_system_and_connective_tissue_disorders,13
p131867,musculoskeletal_system_and_connective_tissue_disorders,13
p131868,musculoskeletal_system_and_connective_tissue_disorders,13
p131869,musculoskeletal_system_and_connective_tissue_disorders,13
p131870,musculoskeletal_system_and_connective_tissue_disorders,13
p131871,musculoskeletal_system_and_connective_tissue_disorders,13
p131872,musculoskeletal_system_and_connective_tissue_disorders,13
p131873,musculoskeletal_system_and_connective_tissue_disorders,13
p131874,musculoskeletal_system_and_connective_tissue_disorders,13
p131875,musculoskeletal_system_and_connective_tissue_disorders,13
p131876,musculoskeletal_system_and_connective_tissue_disorders,13
p131877,musculoskeletal_system_and_connective_tissue_disorders,13
p131878,musculoskeletal_system_and_connective_tissue_disorders,13
p131879,musculoskeletal_system_and_connective_tissue_disorders,13
p131880,musculoskeletal_system_and_connective_tissue_disorders,13
p131881,musculoskeletal_system_and_connective_tissue_disorders,13
p131882,musculoskeletal_system_and_connective_tissue_disorders,13
p131883,musculoskeletal_system_and_connective_tissue_disorders,13
p131884,musculoskeletal_system_and_connective_tissue_disorders,13
p131885,musculoskeletal_system_and_connective_tissue_disorders,13
p131886,musculoskeletal_system_and_connective_tissue_disorders,13
p131887,musculoskeletal_system_and_connective_tissue_disorders,13
p131888,musculoskeletal_system_and_connective_tissue_disorders,13
p131889,musculoskeletal_system_and_connective_tissue_disorders,13
p131890,musculoskeletal_system_and_connective_tissue_disorders,13
p131891,musculoskeletal_system_and_connective_tissue_disorders,13
p131892,musculoskeletal_system_and_connective_tissue_disorders,13
p131893,musculoskeletal_system_and_connective_tissue_disorders,13
p131894,musculoskeletal_system_and_connective_tissue_disorders,13
p131895,musculoskeletal_system_and_connective_tissue_disorders,13
p131896,musculoskeletal_system_and_connective_tissue_disorders,13
p131897,musculoskeletal_system_and_connective_tissue_disorders,13
p131898,musculoskeletal_system_and_connective_tissue_disorders,13
p131899,musculoskeletal_system_and_connective_tissue_disorders,13
p131900,musculoskeletal_system_and_connective_tissue_disorders,13
p131901,musculoskeletal_system_and_connective_tissue_disorders,13
p131902,musculoskeletal_system_and_connective_tissue_disorders,13
p131903,musculoskeletal_system_and_connective_tissue_disorders,13
p131904,musculoskeletal_system_and_connective_tissue_disorders,13
p131905,musculoskeletal_system_and_connective_tissue_disorders,13
p131906,musculoskeletal_system_and_connective_tissue_disorders,13
p131907,musculoskeletal_system_and_connective_tissue_disorders,13
p131908,musculoskeletal_system_and_connective_tissue_disorders,13
p131909,musculoskeletal_system_and_connective_tissue_disorders,13
p131910,musculoskeletal_system_and_connective_tissue_disorders,13
p131911,musculoskeletal_system_and_connective_tissue_disorders,13
p131912,musculoskeletal_system_and_connective_tissue_disorders,13
p131913,musculoskeletal_system_and_connective_tissue_disorders,13
p131914,musculoskeletal_system_and_connective_tissue_disorders,13
p131915,musculoskeletal_system_and_connective_tissue_disorders,13
p131916,musculoskeletal_system_and_connective_tissue_disorders,13
p131917,musculoskeletal_system_and_connective_tissue_disorders,13
p131918,musculoskeletal_system_and_connective_tissue_disorders,13
p131919,musculoskeletal_system_and_connective_tissue_disorders,13
p131920,musculoskeletal_system_and_connective_tissue_disorders,13
p131921,musculoskeletal_system_and_connective_tissue_disorders,13
p131922,musculoskeletal_system_and_connective_tissue_disorders,13
p131923,musculoskeletal_system_and_connective_tissue_disorders,13
p131924,musculoskeletal_system_and_connective_tissue_disorders,13
p131925,musculoskeletal_system_and_connective_tissue_disorders,13
p131926,musculoskeletal_system_and_connective_tissue_disorders,13
p131927,musculoskeletal_system_and_connective_tissue_disorders,13
p131928,musculoskeletal_system_and_connective_tissue_disorders,13
p131929,musculoskeletal_system_and_connective_tissue_disorders,13
p131930,musculoskeletal_system_and_connective_tissue_disorders,13
p131931,musculoskeletal_system_and_connective_tissue_disorders,13
p131932,musculoskeletal_system_and_connective_tissue_disorders,13
p131933,musculoskeletal_system_and_connective_tissue_disorders,13
p131934,musculoskeletal_system_and_connective_tissue_disorders,13
p131935,musculoskeletal_system_and_connective_tissue_disorders,13
p131936,musculoskeletal_system_and_connective_tissue_disorders,13
p131937,musculoskeletal_system_and_connective_tissue_disorders,13
p131938,musculoskeletal_system_and_connective_tissue_disorders,13
p131939,musculoskeletal_system_and_connective_tissue_disorders,13
p131940,musculoskeletal_system_and_connective_tissue_disorders,13
p131941,musculoskeletal_system_and_connective_tissue_disorders,13
p131942,musculoskeletal_system_and_connective_tissue_disorders,13
p131943,musculoskeletal_system_and_connective_tissue_disorders,13
p131944,musculoskeletal_system_and_connective_tissue_disorders,13
p131945,musculoskeletal_system_and_connective_tissue_disorders,13
p131946,musculoskeletal_system_and_connective_tissue_disorders,13
p131947,musculoskeletal_system_and_connective_tissue_disorders,13
p131948,musculoskeletal_system_and_connective_tissue_disorders,13
p131949,musculoskeletal_system_and_connective_tissue_disorders,13
p131950,musculoskeletal_system_and_connective_tissue_disorders,13
p131951,musculoskeletal_system_and_connective_tissue_disorders,13
p131952,musculoskeletal_system_and_connective_tissue_disorders,13
p131953,musculoskeletal_system_and_connective_tissue_disorders,13
p131954,musculoskeletal_system_and_connective_tissue_disorders,13
p131955,musculoskeletal_system_and_connective_tissue_disorders,13
p131956,musculoskeletal_system_and_connective_tissue_disorders,13
p131957,musculoskeletal_system_and_connective_tissue_disorders,13
p131958,musculoskeletal_system_and_connective_tissue_disorders,13
p131959,musculoskeletal_system_and_connective_tissue_disorders,13
p131960,musculoskeletal_system_and_connective_tissue_disorders,13
p131961,musculoskeletal_system_and_connective_tissue_disorders,13
p131962,musculoskeletal_system_and_connective_tissue_disorders,13
p131963,musculoskeletal_system_and_connective_tissue_disorders,13
p131964,musculoskeletal_system_and_connective_tissue_disorders,13
p131965,musculoskeletal_system_and_connective_tissue_disorders,13
p131966,musculoskeletal_system_and_connective_tissue_disorders,13
p131967,musculoskeletal_system_and_connective_tissue_disorders,13
p131968,musculoskeletal_system_and_connective_tissue_disorders,13
p131969,musculoskeletal_system_and_connective_tissue_disorders,13
p131970,musculoskeletal_system_and_connective_tissue_disorders,13
p131971,musculoskeletal_system_and_connective_tissue_disorders,13
p131972,musculoskeletal_system_and_connective_tissue_disorders,13
p131973,musculoskeletal_system_and_connective_tissue_disorders,13
p131974,musculoskeletal_system_and_connective_tissue_disorders,13
p131975,musculoskeletal_system_and_connective_tissue_disorders,13
p131976,musculoskeletal_system_and_connective_tissue_disorders,13
p131977,musculoskeletal_system_and_connective_tissue_disorders,13
p131978,musculoskeletal_system_and_connective_tissue_disorders,13
p131979,musculoskeletal_system_and_connective_tissue_disorders,13
p131980,musculoskeletal_system_and_connective_tissue_disorders,13
p131981,musculoskeletal_system_and_connective_tissue_disorders,13
p131982,musculoskeletal_system_and_connective_tissue_disorders,13
p131983,musculoskeletal_system_and_connective_tissue_disorders,13
p131984,musculoskeletal_system_and_connective_tissue_disorders,13
p131985,musculoskeletal_system_and_connective_tissue_disorders,13
p131986,musculoskeletal_system_and_connective_tissue_disorders,13
p131987,musculoskeletal_system_and_connective_tissue_disorders,13
p131988,musculoskeletal_system_and_connective_tissue_disorders,13
p131989,musculoskeletal_system_and_connective_tissue_disorders,13
p131990,musculoskeletal_system_and_connective_tissue_disorders,13
p131991,musculoskeletal_system_and_connective_tissue_disorders,13
p131992,musculoskeletal_system_and_connective_tissue_disorders,13
p131993,musculoskeletal_system_and_connective_tissue_disorders,13
p131994,musculoskeletal_system_and_connective_tissue_disorders,13
p131995,musculoskeletal_system_and_connective_tissue_disorders,13
p131996,musculoskeletal_system_and_connective_tissue_disorders,13
p131997,musculoskeletal_system_and_connective_tissue_disorders,13
p131998,genitourinary_system_disorders,14
p131999,genitourinary_system_disorders,14
p132000,genitourinary_system_disorders,14
p132001,genitourinary_system_disorders,14
p132002,genitourinary_system_disorders,14
p132003,genitourinary_system_disorders,14
p132004,genitourinary_system_disorders,14
p132005,genitourinary_system_disorders,14
p132006,genitourinary_system_disorders,14
p132007,genitourinary_system_disorders,14
p132008,genitourinary_system_disorders,14
p132009,genitourinary_system_disorders,14
p132010,genitourinary_system_disorders,14
p132011,genitourinary_system_disorders,14
p132012,genitourinary_system_disorders,14
p132013,genitourinary_system_disorders,14
p132014,genitourinary_system_disorders,14
p132015,genitourinary_system_disorders,14
p132016,genitourinary_system_disorders,14
p132017,genitourinary_system_disorders,14
p132018,genitourinary_system_disorders,14
p132019,genitourinary_system_disorders,14
p132020,genitourinary_system_disorders,14
p132021,genitourinary_system_disorders,14
p132022,genitourinary_system_disorders,14
p132023,genitourinary_system_disorders,14
p132024,genitourinary_system_disorders,14
p132025,genitourinary_system_disorders,14
p132026,genitourinary_system_disorders,14
p132027,genitourinary_system_disorders,14
p132028,genitourinary_system_disorders,14
p132029,genitourinary_system_disorders,14
p132030,genitourinary_system_disorders,14
p132031,genitourinary_system_disorders,14
p132032,genitourinary_system_disorders,14
p132033,genitourinary_system_disorders,14
p132034,genitourinary_system_disorders,14
p132035,genitourinary_system_disorders,14
p132036,genitourinary_system_disorders,14
p132037,genitourinary_system_disorders,14
p132038,genitourinary_system_disorders,14
p132039,genitourinary_system_disorders,14
p132040,genitourinary_system_disorders,14
p132041,genitourinary_system_disorders,14
p132042,genitourinary_system_disorders,14
p132043,genitourinary_system_disorders,14
p132044,genitourinary_system_disorders,14
p132045,genitourinary_system_disorders,14
p132046,genitourinary_system_disorders,14
p132047,genitourinary_system_disorders,14
p132048,genitourinary_system_disorders,14
p132049,genitourinary_system_disorders,14
p132050,genitourinary_system_disorders,14
p132051,genitourinary_system_disorders,14
p132052,genitourinary_system_disorders,14
p132053,genitourinary_system_disorders,14
p132054,genitourinary_system_disorders,14
p132055,genitourinary_system_disorders,14
p132056,genitourinary_system_disorders,14
p132057,genitourinary_system_disorders,14
p132058,genitourinary_system_disorders,14
p132059,genitourinary_system_disorders,14
p132060,genitourinary_system_disorders,14
p132061,genitourinary_system_disorders,14
p132062,genitourinary_system_disorders,14
p132063,genitourinary_system_disorders,14
p132064,genitourinary_system_disorders,14
p132065,genitourinary_system_disorders,14
p132066,genitourinary_system_disorders,14
p132067,genitourinary_system_disorders,14
p132068,genitourinary_system_disorders,14
p132069,genitourinary_system_disorders,14
p132070,genitourinary_system_disorders,14
p132071,genitourinary_system_disorders,14
p132072,genitourinary_system_disorders,14
p132073,genitourinary_system_disorders,14
p132074,genitourinary_system_disorders,14
p132075,genitourinary_system_disorders,14
p132076,genitourinary_system_disorders,14
p132077,genitourinary_system_disorders,14
p132078,genitourinary_system_disorders,14
p132079,genitourinary_system_disorders,14
p132080,genitourinary_system_disorders,14
p132081,genitourinary_system_disorders,14
p132082,genitourinary_system_disorders,14
p132083,genitourinary_system_disorders,14
p132084,genitourinary_system_disorders,14
p132085,genitourinary_system_disorders,14
p132086,genitourinary_system_disorders,14
p132087,genitourinary_system_disorders,14
p132088,genitourinary_system_disorders,14
p132089,genitourinary_system_disorders,14
p132090,genitourinary_system_disorders,14
p132091,genitourinary_system_disorders,14
p132092,genitourinary_system_disorders,14
p132093,genitourinary_system_disorders,14
p132094,genitourinary_system_disorders,14
p132095,genitourinary_system_disorders,14
p132096,genitourinary_system_disorders,14
p132097,genitourinary_system_disorders,14
p132098,genitourinary_system_disorders,14
p132099,genitourinary_system_disorders,14
p132100,genitourinary_system_disorders,14
p132101,genitourinary_system_disorders,14
p132102,genitourinary_system_disorders,14
p132103,genitourinary_system_disorders,14
p132104,genitourinary_system_disorders,14
p132105,genitourinary_system_disorders,14
p132106,genitourinary_system_disorders,14
p132107,genitourinary_system_disorders,14
p132108,genitourinary_system_disorders,14
p132109,genitourinary_system_disorders,14
p132110,genitourinary_system_disorders,14
p132111,genitourinary_system_disorders,14
p132112,genitourinary_system_disorders,14
p132113,genitourinary_system_disorders,14
p132114,genitourinary_system_disorders,14
p132115,genitourinary_system_disorders,14
p132116,genitourinary_system_disorders,14
p132117,genitourinary_system_disorders,14
p132118,genitourinary_system_disorders,14
p132119,genitourinary_system_disorders,14
p132120,genitourinary_system_disorders,14
p132121,genitourinary_system_disorders,14
p132122,genitourinary_system_disorders,14
p132123,genitourinary_system_disorders,14
p132124,genitourinary_system_disorders,14
p132125,genitourinary_system_disorders,14
p132126,genitourinary_system_disorders,14
p132127,genitourinary_system_disorders,14
p132128,genitourinary_system_disorders,14
p132129,genitourinary_system_disorders,14
p132130,genitourinary_system_disorders,14
p132131,genitourinary_system_disorders,14
p132132,genitourinary_system_disorders,14
p132133,genitourinary_system_disorders,14
p132134,genitourinary_system_disorders,14
p132135,genitourinary_system_disorders,14
p132136,genitourinary_system_disorders,14
p132137,genitourinary_system_disorders,14
p132138,genitourinary_system_disorders,14
p132139,genitourinary_system_disorders,14
p132140,genitourinary_system_disorders,14
p132141,genitourinary_system_disorders,14
p132142,genitourinary_system_disorders,14
p132143,genitourinary_system_disorders,14
p132144,genitourinary_system_disorders,14
p132145,genitourinary_system_disorders,14
p132146,genitourinary_system_disorders,14
p132147,genitourinary_system_disorders,14
p132148,genitourinary_system_disorders,14
p132149,genitourinary_system_disorders,14
p132150,genitourinary_system_disorders,14
p132151,genitourinary_system_disorders,14
p132152,genitourinary_system_disorders,14
p132153,genitourinary_system_disorders,14
p132154,genitourinary_system_disorders,14
p132155,genitourinary_system_disorders,14
p132156,genitourinary_system_disorders,14
p132157,genitourinary_system_disorders,14
p132158,genitourinary_system_disorders,14
p132159,genitourinary_system_disorders,14
p132160,genitourinary_system_disorders,14
p132161,genitourinary_system_disorders,14
p132162,pregnancy_childbirth_and_the_puerperium,15
p132163,pregnancy_childbirth_and_the_puerperium,15
p132164,pregnancy_childbirth_and_the_puerperium,15
p132165,pregnancy_childbirth_and_the_puerperium,15
p132166,pregnancy_childbirth_and_the_puerperium,15
p132167,pregnancy_childbirth_and_the_puerperium,15
p132168,pregnancy_childbirth_and_the_puerperium,15
p132169,pregnancy_childbirth_and_the_puerperium,15
p132170,pregnancy_childbirth_and_the_puerperium,15
p132171,pregnancy_childbirth_and_the_puerperium,15
p132172,pregnancy_childbirth_and_the_puerperium,15
p132173,pregnancy_childbirth_and_the_puerperium,15
p132174,pregnancy_childbirth_and_the_puerperium,15
p132175,pregnancy_childbirth_and_the_puerperium,15
p132176,pregnancy_childbirth_and_the_puerperium,15
p132177,pregnancy_childbirth_and_the_puerperium,15
p132178,pregnancy_childbirth_and_the_puerperium,15
p132179,pregnancy_childbirth_and_the_puerperium,15
p132180,pregnancy_childbirth_and_the_puerperium,15
p132181,pregnancy_childbirth_and_the_puerperium,15
p132182,pregnancy_childbirth_and_the_puerperium,15
p132183,pregnancy_childbirth_and_the_puerperium,15
p132184,pregnancy_childbirth_and_the_puerperium,15
p132185,pregnancy_childbirth_and_the_puerperium,15
p132186,pregnancy_childbirth_and_the_puerperium,15
p132187,pregnancy_childbirth_and_the_puerperium,15
p132188,pregnancy_childbirth_and_the_puerperium,15
p132189,pregnancy_childbirth_and_the_puerperium,15
p132190,pregnancy_childbirth_and_the_puerperium,15
p132191,pregnancy_childbirth_and_the_puerperium,15
p132192,pregnancy_childbirth_and_the_puerperium,15
p132193,pregnancy_childbirth_and_the_puerperium,15
p132194,pregnancy_childbirth_and_the_puerperium,15
p132195,pregnancy_childbirth_and_the_puerperium,15
p132196,pregnancy_childbirth_and_the_puerperium,15
p132197,pregnancy_childbirth_and_the_puerperium,15
p132198,pregnancy_childbirth_and_the_puerperium,15
p132199,pregnancy_childbirth_and_the_puerperium,15
p132200,pregnancy_childbirth_and_the_puerperium,15
p132201,pregnancy_childbirth_and_the_puerperium,15
p132202,pregnancy_childbirth_and_the_puerperium,15
p132203,pregnancy_childbirth_and_the_puerperium,15
p132204,pregnancy_childbirth_and_the_puerperium,15
p132205,pregnancy_childbirth_and_the_puerperium,15
p132206,pregnancy_childbirth_and_the_puerperium,15
p132207,pregnancy_childbirth_and_the_puerperium,15
p132208,pregnancy_childbirth_and_the_puerperium,15
p132209,pregnancy_childbirth_and_the_puerperium,15
p132210,pregnancy_childbirth_and_the_puerperium,15
p132211,pregnancy_childbirth_and_the_puerperium,15
p132212,pregnancy_childbirth_and_the_puerperium,15
p132213,pregnancy_childbirth_and_the_puerperium,15
p132214,pregnancy_childbirth_and_the_puerperium,15
p132215,pregnancy_childbirth_and_the_puerperium,15
p132216,pregnancy_childbirth_and_the_puerperium,15
p132217,pregnancy_childbirth_and_the_puerperium,15
p132218,pregnancy_childbirth_and_the_puerperium,15
p132219,pregnancy_childbirth_and_the_puerperium,15
p132220,pregnancy_childbirth_and_the_puerperium,15
p132221,pregnancy_childbirth_and_the_puerperium,15
p132222,pregnancy_childbirth_and_the_puerperium,15
p132223,pregnancy_childbirth_and_the_puerperium,15
p132224,pregnancy_childbirth_and_the_puerperium,15
p132225,pregnancy_childbirth_and_the_puerperium,15
p132226,pregnancy_childbirth_and_the_puerperium,15
p132227,pregnancy_childbirth_and_the_puerperium,15
p132228,pregnancy_childbirth_and_the_puerperium,15
p132229,pregnancy_childbirth_and_the_puerperium,15
p132230,pregnancy_childbirth_and_the_puerperium,15
p132231,pregnancy_childbirth_and_the_puerperium,15
p132232,pregnancy_childbirth_and_the_puerperium,15
p132233,pregnancy_childbirth_and_the_puerperium,15
p132234,pregnancy_childbirth_and_the_puerperium,15
p132235,pregnancy_childbirth_and_the_puerperium,15
p132236,pregnancy_childbirth_and_the_puerperium,15
p132237,pregnancy_childbirth_and_the_puerperium,15
p132238,pregnancy_childbirth_and_the_puerperium,15
p132239,pregnancy_childbirth_and_the_puerperium,15
p132240,pregnancy_childbirth_and_the_puerperium,15
p132241,pregnancy_childbirth_and_the_puerperium,15
p132242,pregnancy_childbirth_and_the_puerperium,15
p132243,pregnancy_childbirth_and_the_puerperium,15
p132244,pregnancy_childbirth_and_the_puerperium,15
p132245,pregnancy_childbirth_and_the_puerperium,15
p132246,pregnancy_childbirth_and_the_puerperium,15
p132247,pregnancy_childbirth_and_the_puerperium,15
p132248,pregnancy_childbirth_and_the_puerperium,15
p132249,pregnancy_childbirth_and_the_puerperium,15
p132250,pregnancy_childbirth_and_the_puerperium,15
p132251,pregnancy_childbirth_and_the_puerperium,15
p132252,pregnancy_childbirth_and_the_puerperium,15
p132253,pregnancy_childbirth_and_the_puerperium,15
p132254,pregnancy_childbirth_and_the_puerperium,15
p132255,pregnancy_childbirth_and_the_puerperium,15
p132256,pregnancy_childbirth_and_the_puerperium,15
p132257,pregnancy_childbirth_and_the_puerperium,15
p132258,pregnancy_childbirth_and_the_puerperium,15
p132259,pregnancy_childbirth_and_the_puerperium,15
p132260,pregnancy_childbirth_and_the_puerperium,15
p132261,pregnancy_childbirth_and_the_puerperium,15
p132262,pregnancy_childbirth_and_the_puerperium,15
p132263,pregnancy_childbirth_and_the_puerperium,15
p132264,pregnancy_childbirth_and_the_puerperium,15
p132265,pregnancy_childbirth_and_the_puerperium,15
p132266,pregnancy_childbirth_and_the_puerperium,15
p132267,pregnancy_childbirth_and_the_puerperium,15
p132268,pregnancy_childbirth_and_the_puerperium,15
p132269,pregnancy_childbirth_and_the_puerperium,15
p132270,pregnancy_childbirth_and_the_puerperium,15
p132271,pregnancy_childbirth_and_the_puerperium,15
p132272,pregnancy_childbirth_and_the_puerperium,15
p132273,pregnancy_childbirth_and_the_puerperium,15
p132274,pregnancy_childbirth_and_the_puerperium,15
p132275,pregnancy_childbirth_and_the_puerperium,15
p132276,pregnancy_childbirth_and_the_puerperium,15
p132277,pregnancy_childbirth_and_the_puerperium,15
p132278,pregnancy_childbirth_and_the_puerperium,15
p132279,pregnancy_childbirth_and_the_puerperium,15
p132280,pregnancy_childbirth_and_the_puerperium,15
p132281,pregnancy_childbirth_and_the_puerperium,15
p132282,pregnancy_childbirth_and_the_puerperium,15
p132283,pregnancy_childbirth_and_the_puerperium,15
p132284,pregnancy_childbirth_and_the_puerperium,15
p132285,pregnancy_childbirth_and_the_puerperium,15
p132286,pregnancy_childbirth_and_the_puerperium,15
p132287,pregnancy_childbirth_and_the_puerperium,15
p132288,pregnancy_childbirth_and_the_puerperium,15
p132289,pregnancy_childbirth_and_the_puerperium,15
p132290,pregnancy_childbirth_and_the_puerperium,15
p132291,pregnancy_childbirth_and_the_puerperium,15
p132292,pregnancy_childbirth_and_the_puerperium,15
p132293,pregnancy_childbirth_and_the_puerperium,15
p132294,pregnancy_childbirth_and_the_puerperium,15
p132295,pregnancy_childbirth_and_the_puerperium,15
p132296,pregnancy_childbirth_and_the_puerperium,15
p132297,pregnancy_childbirth_and_the_puerperium,15
p132298,pregnancy_childbirth_and_the_puerperium,15
p132299,pregnancy_childbirth_and_the_puerperium,15
p132300,pregnancy_childbirth_and_the_puerperium,15
p132301,pregnancy_childbirth_and_the_puerperium,15
p132302,pregnancy_childbirth_and_the_puerperium,15
p132303,pregnancy_childbirth_and_the_puerperium,15
p132304,pregnancy_childbirth_and_the_puerperium,15
p132305,pregnancy_childbirth_and_the_puerperium,15
p132306,pregnancy_childbirth_and_the_puerperium,15
p132307,pregnancy_childbirth_and_the_puerperium,15
p132308,pregnancy_childbirth_and_the_puerperium,15
p132309,pregnancy_childbirth_and_the_puerperium,15
p132310,pregnancy_childbirth_and_the_puerperium,15
p132311,pregnancy_childbirth_and_the_puerperium,15
p132312,pregnancy_childbirth_and_the_puerperium,15
p132313,pregnancy_childbirth_and_the_puerperium,15
p132314,certain_conditions_originating_in_the_perinatal_period,16
p132315,certain_conditions_originating_in_the_perinatal_period,16
p132316,certain_conditions_originating_in_the_perinatal_period,16
p132317,certain_conditions_originating_in_the_perinatal_period,16
p132318,certain_conditions_originating_in_the_perinatal_period,16
p132319,certain_conditions_originating_in_the_perinatal_period,16
p132320,certain_conditions_originating_in_the_perinatal_period,16
p132321,certain_conditions_originating_in_the_perinatal_period,16
p132322,certain_conditions_originating_in_the_perinatal_period,16
p132323,certain_conditions_originating_in_the_perinatal_period,16
p132324,certain_conditions_originating_in_the_perinatal_period,16
p132325,certain_conditions_originating_in_the_perinatal_period,16
p132326,certain_conditions_originating_in_the_perinatal_period,16
p132327,certain_conditions_originating_in_the_perinatal_period,16
p132328,certain_conditions_originating_in_the_perinatal_period,16
p132329,certain_conditions_originating_in_the_perinatal_period,16
p132330,certain_conditions_originating_in_the_perinatal_period,16
p132331,certain_conditions_originating_in_the_perinatal_period,16
p132332,certain_conditions_originating_in_the_perinatal_period,16
p132333,certain_conditions_originating_in_the_perinatal_period,16
p132334,certain_conditions_originating_in_the_perinatal_period,16
p132335,certain_conditions_originating_in_the_perinatal_period,16
p132336,certain_conditions_originating_in_the_perinatal_period,16
p132337,certain_conditions_originating_in_the_perinatal_period,16
p132338,certain_conditions_originating_in_the_perinatal_period,16
p132339,certain_conditions_originating_in_the_perinatal_period,16
p132340,certain_conditions_originating_in_the_perinatal_period,16
p132341,certain_conditions_originating_in_the_perinatal_period,16
p132342,certain_conditions_originating_in_the_perinatal_period,16
p132343,certain_conditions_originating_in_the_perinatal_period,16
p132344,certain_conditions_originating_in_the_perinatal_period,16
p132345,certain_conditions_originating_in_the_perinatal_period,16
p132346,certain_conditions_originating_in_the_perinatal_period,16
p132347,certain_conditions_originating_in_the_perinatal_period,16
p132348,certain_conditions_originating_in_the_perinatal_period,16
p132349,certain_conditions_originating_in_the_perinatal_period,16
p132350,certain_conditions_originating_in_the_perinatal_period,16
p132351,certain_conditions_originating_in_the_perinatal_period,16
p132352,certain_conditions_originating_in_the_perinatal_period,16
p132353,certain_conditions_originating_in_the_perinatal_period,16
p132354,certain_conditions_originating_in_the_perinatal_period,16
p132355,certain_conditions_originating_in_the_perinatal_period,16
p132356,certain_conditions_originating_in_the_perinatal_period,16
p132357,certain_conditions_originating_in_the_perinatal_period,16
p132358,certain_conditions_originating_in_the_perinatal_period,16
p132359,certain_conditions_originating_in_the_perinatal_period,16
p132360,certain_conditions_originating_in_the_perinatal_period,16
p132361,certain_conditions_originating_in_the_perinatal_period,16
p132362,certain_conditions_originating_in_the_perinatal_period,16
p132363,certain_conditions_originating_in_the_perinatal_period,16
p132364,certain_conditions_originating_in_the_perinatal_period,16
p132365,certain_conditions_originating_in_the_perinatal_period,16
p132366,certain_conditions_originating_in_the_perinatal_period,16
p132367,certain_conditions_originating_in_the_perinatal_period,16
p132368,certain_conditions_originating_in_the_perinatal_period,16
p132369,certain_conditions_originating_in_the_perinatal_period,16
p132370,certain_conditions_originating_in_the_perinatal_period,16
p132371,certain_conditions_originating_in_the_perinatal_period,16
p132372,certain_conditions_originating_in_the_perinatal_period,16
p132373,certain_conditions_originating_in_the_perinatal_period,16
p132374,certain_conditions_originating_in_the_perinatal_period,16
p132375,certain_conditions_originating_in_the_perinatal_period,16
p132376,certain_conditions_originating_in_the_perinatal_period,16
p132377,certain_conditions_originating_in_the_perinatal_period,16
p132378,certain_conditions_originating_in_the_perinatal_period,16
p132379,certain_conditions_originating_in_the_perinatal_period,16
p132380,certain_conditions_originating_in_the_perinatal_period,16
p132381,certain_conditions_originating_in_the_perinatal_period,16
p132382,certain_conditions_originating_in_the_perinatal_period,16
p132383,certain_conditions_originating_in_the_perinatal_period,16
p132384,certain_conditions_originating_in_the_perinatal_period,16
p132385,certain_conditions_originating_in_the_perinatal_period,16
p132386,certain_conditions_originating_in_the_perinatal_period,16
p132387,certain_conditions_originating_in_the_perinatal_period,16
p132388,certain_conditions_originating_in_the_perinatal_period,16
p132389,certain_conditions_originating_in_the_perinatal_period,16
p132390,certain_conditions_originating_in_the_perinatal_period,16
p132391,certain_conditions_originating_in_the_perinatal_period,16
p132392,certain_conditions_originating_in_the_perinatal_period,16
p132393,certain_conditions_originating_in_the_perinatal_period,16
p132394,certain_conditions_originating_in_the_perinatal_period,16
p132395,certain_conditions_originating_in_the_perinatal_period,16
p132396,certain_conditions_originating_in_the_perinatal_period,16
p132397,certain_conditions_originating_in_the_perinatal_period,16
p132398,certain_conditions_originating_in_the_perinatal_period,16
p132399,certain_conditions_originating_in_the_perinatal_period,16
p132400,certain_conditions_originating_in_the_perinatal_period,16
p132401,certain_conditions_originating_in_the_perinatal_period,16
p132402,certain_conditions_originating_in_the_perinatal_period,16
p132403,certain_conditions_originating_in_the_perinatal_period,16
p132404,certain_conditions_originating_in_the_perinatal_period,16
p132405,certain_conditions_originating_in_the_perinatal_period,16
p132406,certain_conditions_originating_in_the_perinatal_period,16
p132407,certain_conditions_originating_in_the_perinatal_period,16
p132408,certain_conditions_originating_in_the_perinatal_period,16
p132409,certain_conditions_originating_in_the_perinatal_period,16
p132410,certain_conditions_originating_in_the_perinatal_period,16
p132411,certain_conditions_originating_in_the_perinatal_period,16
p132412,certain_conditions_originating_in_the_perinatal_period,16
p132413,certain_conditions_originating_in_the_perinatal_period,16
p132414,certain_conditions_originating_in_the_perinatal_period,16
p132415,certain_conditions_originating_in_the_perinatal_period,16
p132416,certain_conditions_originating_in_the_perinatal_period,16
p132417,certain_conditions_originating_in_the_perinatal_period,16
p132418,certain_conditions_originating_in_the_perinatal_period,16
p132419,certain_conditions_originating_in_the_perinatal_period,16
p132420,certain_conditions_originating_in_the_perinatal_period,16
p132421,certain_conditions_originating_in_the_perinatal_period,16
p132422,certain_conditions_originating_in_the_perinatal_period,16
p132423,certain_conditions_originating_in_the_perinatal_period,16
p132424,certain_conditions_originating_in_the_perinatal_period,16
p132425,certain_conditions_originating_in_the_perinatal_period,16
p132426,certain_conditions_originating_in_the_perinatal_period,16
p132427,certain_conditions_originating_in_the_perinatal_period,16
p132428,certain_conditions_originating_in_the_perinatal_period,16
p132429,certain_conditions_originating_in_the_perinatal_period,16
p132430,certain_conditions_originating_in_the_perinatal_period,16
p132431,certain_conditions_originating_in_the_perinatal_period,16
p132432,congenital_disruptions_and_chromosomal_abnormalities,17
p132433,congenital_disruptions_and_chromosomal_abnormalities,17
p132434,congenital_disruptions_and_chromosomal_abnormalities,17
p132435,congenital_disruptions_and_chromosomal_abnormalities,17
p132436,congenital_disruptions_and_chromosomal_abnormalities,17
p132437,congenital_disruptions_and_chromosomal_abnormalities,17
p132438,congenital_disruptions_and_chromosomal_abnormalities,17
p132439,congenital_disruptions_and_chromosomal_abnormalities,17
p132440,congenital_disruptions_and_chromosomal_abnormalities,17
p132441,congenital_disruptions_and_chromosomal_abnormalities,17
p132442,congenital_disruptions_and_chromosomal_abnormalities,17
p132443,congenital_disruptions_and_chromosomal_abnormalities,17
p132444,congenital_disruptions_and_chromosomal_abnormalities,17
p132445,congenital_disruptions_and_chromosomal_abnormalities,17
p132446,congenital_disruptions_and_chromosomal_abnormalities,17
p132447,congenital_disruptions_and_chromosomal_abnormalities,17
p132448,congenital_disruptions_and_chromosomal_abnormalities,17
p132449,congenital_disruptions_and_chromosomal_abnormalities,17
p132450,congenital_disruptions_and_chromosomal_abnormalities,17
p132451,congenital_disruptions_and_chromosomal_abnormalities,17
p132452,congenital_disruptions_and_chromosomal_abnormalities,17
p132453,congenital_disruptions_and_chromosomal_abnormalities,17
p132454,congenital_disruptions_and_chromosomal_abnormalities,17
p132455,congenital_disruptions_and_chromosomal_abnormalities,17
p132456,congenital_disruptions_and_chromosomal_abnormalities,17
p132457,congenital_disruptions_and_chromosomal_abnormalities,17
p132458,congenital_disruptions_and_chromosomal_abnormalities,17
p132459,congenital_disruptions_and_chromosomal_abnormalities,17
p132460,congenital_disruptions_and_chromosomal_abnormalities,17
p132461,congenital_disruptions_and_chromosomal_abnormalities,17
p132462,congenital_disruptions_and_chromosomal_abnormalities,17
p132463,congenital_disruptions_and_chromosomal_abnormalities,17
p132464,congenital_disruptions_and_chromosomal_abnormalities,17
p132465,congenital_disruptions_and_chromosomal_abnormalities,17
p132466,congenital_disruptions_and_chromosomal_abnormalities,17
p132467,congenital_disruptions_and_chromosomal_abnormalities,17
p132468,congenital_disruptions_and_chromosomal_abnormalities,17
p132469,congenital_disruptions_and_chromosomal_abnormalities,17
p132470,congenital_disruptions_and_chromosomal_abnormalities,17
p132471,congenital_disruptions_and_chromosomal_abnormalities,17
p132472,congenital_disruptions_and_chromosomal_abnormalities,17
p132473,congenital_disruptions_and_chromosomal_abnormalities,17
p132474,congenital_disruptions_and_chromosomal_abnormalities,17
p132475,congenital_disruptions_and_chromosomal_abnormalities,17
p132476,congenital_disruptions_and_chromosomal_abnormalities,17
p132477,congenital_disruptions_and_chromosomal_abnormalities,17
p132478,congenital_disruptions_and_chromosomal_abnormalities,17
p132479,congenital_disruptions_and_chromosomal_abnormalities,17
p132480,congenital_disruptions_and_chromosomal_abnormalities,17
p132481,congenital_disruptions_and_chromosomal_abnormalities,17
p132482,congenital_disruptions_and_chromosomal_abnormalities,17
p132483,congenital_disruptions_and_chromosomal_abnormalities,17
p132484,congenital_disruptions_and_chromosomal_abnormalities,17
p132485,congenital_disruptions_and_chromosomal_abnormalities,17
p132486,congenital_disruptions_and_chromosomal_abnormalities,17
p132487,congenital_disruptions_and_chromosomal_abnormalities,17
p132488,congenital_disruptions_and_chromosomal_abnormalities,17
p132489,congenital_disruptions_and_chromosomal_abnormalities,17
p132490,congenital_disruptions_and_chromosomal_abnormalities,17
p132491,congenital_disruptions_and_chromosomal_abnormalities,17
p132492,congenital_disruptions_and_chromosomal_abnormalities,17
p132493,congenital_disruptions_and_chromosomal_abnormalities,17
p132494,congenital_disruptions_and_chromosomal_abnormalities,17
p132495,congenital_disruptions_and_chromosomal_abnormalities,17
p132496,congenital_disruptions_and_chromosomal_abnormalities,17
p132497,congenital_disruptions_and_chromosomal_abnormalities,17
p132498,congenital_disruptions_and_chromosomal_abnormalities,17
p132499,congenital_disruptions_and_chromosomal_abnormalities,17
p132500,congenital_disruptions_and_chromosomal_abnormalities,17
p132501,congenital_disruptions_and_chromosomal_abnormalities,17
p132502,congenital_disruptions_and_chromosomal_abnormalities,17
p132503,congenital_disruptions_and_chromosomal_abnormalities,17
p132504,congenital_disruptions_and_chromosomal_abnormalities,17
p132505,congenital_disruptions_and_chromosomal_abnormalities,17
p132506,congenital_disruptions_and_chromosomal_abnormalities,17
p132507,congenital_disruptions_and_chromosomal_abnormalities,17
p132508,congenital_disruptions_and_chromosomal_abnormalities,17
p132509,congenital_disruptions_and_chromosomal_abnormalities,17
p132510,congenital_disruptions_and_chromosomal_abnormalities,17
p132511,congenital_disruptions_and_chromosomal_abnormalities,17
p132512,congenital_disruptions_and_chromosomal_abnormalities,17
p132513,congenital_disruptions_and_chromosomal_abnormalities,17
p132514,congenital_disruptions_and_chromosomal_abnormalities,17
p132515,congenital_disruptions_and_chromosomal_abnormalities,17
p132516,congenital_disruptions_and_chromosomal_abnormalities,17
p132517,congenital_disruptions_and_chromosomal_abnormalities,17
p132518,congenital_disruptions_and_chromosomal_abnormalities,17
p132519,congenital_disruptions_and_chromosomal_abnormalities,17
p132520,congenital_disruptions_and_chromosomal_abnormalities,17
p132521,congenital_disruptions_and_chromosomal_abnormalities,17
p132522,congenital_disruptions_and_chromosomal_abnormalities,17
p132523,congenital_disruptions_and_chromosomal_abnormalities,17
p132524,congenital_disruptions_and_chromosomal_abnormalities,17
p132525,congenital_disruptions_and_chromosomal_abnormalities,17
p132526,congenital_disruptions_and_chromosomal_abnormalities,17
p132527,congenital_disruptions_and_chromosomal_abnormalities,17
p132528,congenital_disruptions_and_chromosomal_abnormalities,17
p132529,congenital_disruptions_and_chromosomal_abnormalities,17
p132530,congenital_disruptions_and_chromosomal_abnormalities,17
p132531,congenital_disruptions_and_chromosomal_abnormalities,17
p132532,congenital_disruptions_and_chromosomal_abnormalities,17
p132533,congenital_disruptions_and_chromosomal_abnormalities,17
p132534,congenital_disruptions_and_chromosomal_abnormalities,17
p132535,congenital_disruptions_and_chromosomal_abnormalities,17
p132536,congenital_disruptions_and_chromosomal_abnormalities,17
p132537,congenital_disruptions_and_chromosomal_abnormalities,17
p132538,congenital_disruptions_and_chromosomal_abnormalities,17
p132539,congenital_disruptions_and_chromosomal_abnormalities,17
p132540,congenital_disruptions_and_chromosomal_abnormalities,17
p132541,congenital_disruptions_and_chromosomal_abnormalities,17
p132542,congenital_disruptions_and_chromosomal_abnormalities,17
p132543,congenital_disruptions_and_chromosomal_abnormalities,17
p132544,congenital_disruptions_and_chromosomal_abnormalities,17
p132545,congenital_disruptions_and_chromosomal_abnormalities,17
p132546,congenital_disruptions_and_chromosomal_abnormalities,17
p132547,congenital_disruptions_and_chromosomal_abnormalities,17
p132548,congenital_disruptions_and_chromosomal_abnormalities,17
p132549,congenital_disruptions_and_chromosomal_abnormalities,17
p132550,congenital_disruptions_and_chromosomal_abnormalities,17
p132551,congenital_disruptions_and_chromosomal_abnormalities,17
p132552,congenital_disruptions_and_chromosomal_abnormalities,17
p132553,congenital_disruptions_and_chromosomal_abnormalities,17
p132554,congenital_disruptions_and_chromosomal_abnormalities,17
p132555,congenital_disruptions_and_chromosomal_abnormalities,17
p132556,congenital_disruptions_and_chromosomal_abnormalities,17
p132557,congenital_disruptions_and_chromosomal_abnormalities,17
p132558,congenital_disruptions_and_chromosomal_abnormalities,17
p132559,congenital_disruptions_and_chromosomal_abnormalities,17
p132560,congenital_disruptions_and_chromosomal_abnormalities,17
p132561,congenital_disruptions_and_chromosomal_abnormalities,17
p132562,congenital_disruptions_and_chromosomal_abnormalities,17
p132563,congenital_disruptions_and_chromosomal_abnormalities,17
p132564,congenital_disruptions_and_chromosomal_abnormalities,17
p132565,congenital_disruptions_and_chromosomal_abnormalities,17
p132566,congenital_disruptions_and_chromosomal_abnormalities,17
p132567,congenital_disruptions_and_chromosomal_abnormalities,17
p132568,congenital_disruptions_and_chromosomal_abnormalities,17
p132569,congenital_disruptions_and_chromosomal_abnormalities,17
p132570,congenital_disruptions_and_chromosomal_abnormalities,17
p132571,congenital_disruptions_and_chromosomal_abnormalities,17
p132572,congenital_disruptions_and_chromosomal_abnormalities,17
p132573,congenital_disruptions_and_chromosomal_abnormalities,17
p132574,congenital_disruptions_and_chromosomal_abnormalities,17
p132575,congenital_disruptions_and_chromosomal_abnormalities,17
p132576,congenital_disruptions_and_chromosomal_abnormalities,17
p132577,congenital_disruptions_and_chromosomal_abnormalities,17
p132578,congenital_disruptions_and_chromosomal_abnormalities,17
p132579,congenital_disruptions_and_chromosomal_abnormalities,17
p132580,congenital_disruptions_and_chromosomal_abnormalities,17
p132581,congenital_disruptions_and_chromosomal_abnormalities,17
p132582,congenital_disruptions_and_chromosomal_abnormalities,17
p132583,congenital_disruptions_and_chromosomal_abnormalities,17
p132584,congenital_disruptions_and_chromosomal_abnormalities,17
p132585,congenital_disruptions_and_chromosomal_abnormalities,17
p132586,congenital_disruptions_and_chromosomal_abnormalities,17
p132587,congenital_disruptions_and_chromosomal_abnormalities,17
p132588,congenital_disruptions_and_chromosomal_abnormalities,17
p132589,congenital_disruptions_and_chromosomal_abnormalities,17
p132590,congenital_disruptions_and_chromosomal_abnormalities,17
p132591,congenital_disruptions_and_chromosomal_abnormalities,17
p132592,congenital_disruptions_and_chromosomal_abnormalities,17
p132593,congenital_disruptions_and_chromosomal_abnormalities,17
p132594,congenital_disruptions_and_chromosomal_abnormalities,17
p132595,congenital_disruptions_and_chromosomal_abnormalities,17
p132596,congenital_disruptions_and_chromosomal_abnormalities,17
p132597,congenital_disruptions_and_chromosomal_abnormalities,17
p132598,congenital_disruptions_and_chromosomal_abnormalities,17
p132599,congenital_disruptions_and_chromosomal_abnormalities,17
p132600,congenital_disruptions_and_chromosomal_abnormalities,17
p132601,congenital_disruptions_and_chromosomal_abnormalities,17
p132602,congenital_disruptions_and_chromosomal_abnormalities,17
p132603,congenital_disruptions_and_chromosomal_abnormalities,17
p132604,congenital_disruptions_and_chromosomal_abnormalities,17
p132605,congenital_disruptions_and_chromosomal_abnormalities,17
