coding	meaning
136K.	F10
1373	F17
1374	F17
1375	F17
1376	F17
137H.	F17
137J.	F17
137R.	F17
13Z4C	F69
13Z4E	F81
14A3.	I25
14A4.	I25
1518	N92
151G.	N92
15C..	N89
15E..	N90
16A..	M43
16C3.	M54
16C7.	M54
173A.	J45
176..	J00
1761	J40
1834	M79
1842	I87
1843	I87
1844	I87
1912	K08
1922	K13
1923	K13
1954	K30
1956	K30
1965	K80
1967	G43
1984	K30
1995	K92
1A26.	N39
1A581	N94
1A7..	N89
1A72.	N89
1A7Z.	N89
1A8..	N63
1A82.	N63
1A8Z.	N63
1A9..	N64
1A92.	N64
1A9Z.	N64
1AA..	N40
1AE..	N94
1B1B0	G47
1B1B1	G47
1B1B2	G47
1B1D.	F51
1B1L.	F43
1B322	M62
1B33.	G83
1B74.	H43
1B76.	H53
1B86.	H57
1B88.	H04
1B92.	F98
1BC..	F22
1BE..	F43
1C131	H90
1C132	H91
1C133	H91
1C15.	H93
1C22.	H93
1C23.	H93
1C24.	H93
1C25.	H93
1C3..	H92
1C32.	H92
1C33.	H92
1C3Z.	H92
1C4..	H92
1C42.	H92
1C43.	H92
1C4Z.	H92
1C84.	J32
1CC..	J34
1CD..	H93
2225	E86
222A.	E66
2233	F05
2241	I46
2284	E34
22D8.	L68
22E2.	H18
22E7.	H05
22E9.	H11
22F2.	M85
22G2.	K11
22H2.	E04
22I4.	E30
22I6.	E34
22K4.	E66
22K5.	E66
2374	E55
2375	M95
2376	M41
2377	M45
2382	Q32
23E1.	J81
23E2.	J18
23E5.	J84
2456	I72
2485	I86
24D5.	I35
24D7.	I37
2523	K13
2524	B00
2533	K12
2535	D69
2542	K02
2554	K06
2555	K06
2556	K06
2563	K14
2564	K14
2567	K14
2568	K13
2586	L90
25E5.	M54
25E7.	M54
25P2.	K46
25P3.	K46
25P4.	K46
25P5.	K46
25P6.	K46
2624	N23
2652	N50
2653	N50
2662	Q55
2689	N94
26B2.	N62
26D..	N64
26D2.	N64
26D3.	N64
26D4.	N64
26D5.	N64
26D6.	N64
26G2.	N63
2722	O32
2723	O32
2724	O32
2822	G40
2823	G40
2826	G40
2833	G81
2834	G83
2835	G82
2836	G82
2945	M62
296..	M62
2962	M62
2964	M24
2972	G25
2977	G25
297A.	G20
2B2..	G93
2B43.	F80
2B49.	F98
2B6B.	H54
2B7B.	H54
2BA8.	H47
2BB4.	H35
2BB6.	H35
2BB7.	H35
2BB8.	H43
2BD1.	H50
2BD2.	H50
2BE..	H02
2BE3.	G90
2BF4.	H57
2BJ6.	H51
2BL3.	H91
2BL4.	H91
2BL5.	H91
2BM2.	H90
2BM4.	H91
2BN2.	H55
2BQ3.	H49
2BQ6.	H49
2BQ9.	H49
2BR3.	G50
2BR8.	G52
2BR9.	G51
2BSA.	G52
2C2..	D64
2C22.	D64
2C23.	D64
2C24.	D64
2D33.	J33
2D34.	J34
2D37.	J34
2D42.	J35
2D52.	M10
2D6..	H92
2D62.	H92
2D63.	H92
2D64.	H92
2D65.	H92
2D66.	H92
2D73.	H92
2D82.	H61
2D85.	H92
2D97.	H72
2D98.	H72
2DB6.	J03
2DC2.	J31
2DD3.	J38
2DD4.	J38
2DD5.	J38
2DE3.	J98
2F25.	D18
2F7..	L08
2F72.	L08
2F73.	L08
2F74.	L08
2F75.	L08
2F8..	L50
2FA..	L98
2FB..	L70
2FB2.	L70
2FC2.	L98
2FD2.	L72
2FD20	L72
2FD21	L72
2FF2.	L98
2FG..	L90
2FG3.	L90
2FG4.	L90
2FI..	L98
2FI3.	L98
2FI4.	L98
2FP..	L72
2G23.	Q68
2G24.	Q87
2G25.	M21
2G26.	M15
2G29.	M21
2G35.	L60
2G50.	Q66
2H2..	M25
2H22.	M25
2H24.	M25
2H25.	M25
2H26.	M25
2H29.	M25
2H291	M23
2H2A.	M25
2H2B.	M25
2H2C.	M25
2H2D.	M25
2H32.	M25
2HA4.	Q74
2HA5.	Q74
2HA9.	Q74
2HAB.	Q76
2I17.	I80
322..	I25
3222	I25
326..	I49
3262	I49
326Z.	I49
33A2.	N97
3852	Q82
39C1.	L89
39C2.	L89
39C3.	L89
4234	D64
4235	D64
42C3.	D75
42D3.	D58
42H2.	D70
42H3.	D72
42H4.	D70
42J3.	D72
42K2.	D72
42L2.	D75
42P3.	D47
42P4.	D69
42Qe.	D68
44121	E87
44I3.	E87
44I61	E87
4794	K92
4916	N46
4962	N50
4G2..	K80
4G21.	K80
4G22.	K80
4G3..	N42
4G41.	N20
4G43.	N20
4G5..	K11
4G51.	K11
4G52.	K11
4G6..	N20
4G7..	N21
4H23.	O41
5843	O28
61462	I15
62G8.	O28
62T1.	F53
6351	P07
6352	P07
6353	P07
63C6.	O99
63D5.	O43
63E2.	O80
663K.	J98
668B.	H53
7F166	O66
9535	O03
A....	B99
A000.	A00
A001.	A00
A00z.	A00
A010.	A01
A011.	A01
A012.	A01
A013.	A01
A01z.	A01
A02..	A02
A020.	A02
A021.	A02
A022.	A02
A0220	A02
A022z	A02
A02y.	A02
A02z.	A02
A03..	A03
A030.	A03
A031.	A03
A032.	A03
A03y.	A03
A03z.	A03
A04..	A05
A040.	A05
A042.	A05
A043.	A04
A044.	A05
A04y.	A05
A04z.	A05
A05..	A06
A050.	A06
A052.	A06
A056.	A06
A05y.	A06
A05y0	A06
A05y2	A06
A05yz	A06
A05z.	A06
A06..	A07
A060.	A07
A061.	A07
A062.	A07
A063.	A07
A06y.	A07
A06z.	A07
A07..	A09
A070.	A04
A071.	A02
A072.	A04
A073.	A04
A0730	A04
A0731	A04
A073z	A04
A074.	A04
A0740	A04
A0741	A04
A0743	A04
A074y	A04
A074z	A04
A075.	A04
A076.	A08
A076z	A08
A07y.	A08
A07y0	A08
A07z.	A08
A080.	A09
A0801	A09
A0802	A09
A0803	A09
A0804	A09
A0805	A09
A080z	A09
A0810	A09
A0811	A09
A0812	A09
A081z	A09
A0820	A09
A082z	A09
A08z.	A09
A0y..	A09
A0z..	A09
A101.	A16
A10y.	A16
A10z.	A16
A110.	A16
A111.	A16
A11y.	A16
A11z.	A16
A12..	A16
A1201	A16
A1202	A16
A120z	A16
A121z	A16
A122.	A16
A1221	A16
A122z	A16
A124.	A15
A1240	A15
A1241	A15
A1242	A15
A1243	A15
A1244	A15
A1245	A15
A1246	A15
A1247	A15
A125.	A16
A1250	A16
A1251	A16
A1252	A16
A12y.	A16
A12y0	A16
A12y1	A16
A12y2	A16
A12y3	A16
A12yz	A16
A14..	A18
A14y.	A18
A14y5	A18
A14yz	A18
A15..	A18
A15z.	A18
A16..	A18
A163.	A18
A165.	A18
A165z	A18
A167.	A18
A167z	A18
A16z.	A18
A17..	A18
A1702	A18
A1703	A18
A1706	A18
A1707	A18
A1708	A18
A170z	A18
A171.	A18
A171z	A18
A1720	A18
A1721	A18
A172z	A18
A173.	A18
A173z	A18
A174.	A18
A17y.	A18
A17yz	A18
A17z.	A18
A18..	A19
A180.	A19
A1800	A19
A1801	A19
A18y.	A19
A18z.	A19
A1y..	A16
A1z..	A16
A20..	A20
A200.	A20
A201.	A20
A202.	A20
A203.	A20
A204.	A20
A205.	A20
A206.	A20
A20y.	A20
A20y0	A20
A20y1	A20
A20y2	A20
A20yz	A20
A20z.	A20
A21..	A21
A210.	A21
A211.	A21
A2110	A21
A211z	A21
A212.	A21
A213.	A21
A21y.	A21
A21y0	A21
A21y1	A21
A21yz	A21
A21z.	A21
A22..	A22
A220.	A22
A223.	A22
A22y.	A22
A22z.	A22
A23..	A23
A23y.	A23
A23z.	A23
A24..	A24
A25..	A24
A250.	A24
A251.	A24
A26..	A25
A260.	A25
A261.	A25
A26z.	A25
A27..	A28
A2701	A32
A2703	A32
A2705	A32
A270z	A32
A271.	A26
A2710	A26
A2711	A26
A271z	A26
A2720	A28
A2721	A28
A272z	A28
A273.	A28
A27y.	A28
A27z.	A28
A2y..	A28
A2z..	A28
A30..	A30
A300.	A30
A301.	A30
A302.	A30
A303.	A30
A30y.	A30
A30z.	A30
A31..	A31
A310.	A31
A311.	A31
A31y.	A31
A31z.	A31
A32..	A36
A320.	A36
A321.	A36
A322.	A36
A323.	A36
A32y.	A36
A32y4	A36
A32y5	A36
A32yz	A36
A32z.	A36
A33y.	A37
A33yz	A37
A33z.	A37
A340.	J02
A340z	J02
A36..	A39
A362.	A39
A3620	A39
A36y.	A39
A36yz	A39
A36z.	A39
A370.	A34
A3840	A41
A384z	A41
A38y.	A41
A38z.	A41
A39..	A42
A390.	A42
A391.	A42
A392.	A42
A3921	A42
A3922	A42
A393.	A42
A394.	B47
A395.	A42
A39y.	A42
A39y0	A43
A39y1	A43
A39z.	A42
A39z0	B47
A39z1	A43
A39zz	A42
A3A0.	A48
A3A00	A48
A3A01	A48
A3A02	A48
A3A03	A48
A3A04	A48
A3A0z	A48
A3A1.	A48
A3A3.	A48
A3Ay.	A48
A3Ay0	M60
A3Ay1	A48
A3Ay2	A04
A3Ayz	A48
A3B11	A49
A3B2.	B95
A3B6z	A49
A3By.	A49
A3By0	A49
A3By1	A49
A3By2	A49
A3By4	J15
A3By5	A49
A3By6	A49
A3Byz	A49
A3Bz.	A49
A3y..	A49
A3z..	A49
A402.	A80
A403.	A80
A4030	A80
A4031	A80
A4032	A80
A40z.	A80
A41..	A81
A410.	A81
A411.	A81
A41y.	A81
A41z.	A81
A42y.	A87
A42z.	A87
A4y..	A88
A4y1.	A88
A4z..	A88
A4zy1	A85
A4zy2	A85
A4zy3	A85
A4zyz	A88
A4zz.	A89
A50..	B03
A500.	B03
A501.	B03
A502.	B03
A50z.	B03
A51..	B08
A510.	B08
A511.	B08
A512.	B08
A51z.	B08
A52..	B01
A52x.	B01
A52y.	B01
A52z.	B01
A531.	B02
A531z	B02
A532.	B02
A5323	B02
A532z	B02
A53x.	B02
A53x1	B02
A53xz	B02
A53y.	B02
A53z.	B02
A54..	B00
A5410	A60
A5414	A60
A541z	A60
A542.	B00
A544.	B00
A5440	B02
A544z	B00
A54x.	B00
A54x0	B00
A54xz	B00
A54y.	B00
A54z.	B00
A55..	B05
A553.	B05
A554.	B05
A55x.	B05
A55xz	B05
A55y.	B05
A55z.	B05
A56..	B06
A560.	B06
A5600	B06
A560z	B06
A56x.	B06
A56xz	B06
A56y.	B06
A56z.	B06
A57..	B08
A570.	B08
A57y.	B08
A57y0	B08
A57y1	B08
A57y2	B08
A57y3	B08
A57y4	B08
A57yz	B09
A57z.	B08
A5y..	B09
A5z..	B09
A60..	A95
A600.	A95
A601.	A95
A60z.	A95
A61..	A97
A62..	A83
A620.	A83
A621.	A83
A622.	A83
A623.	A83
A624.	A83
A625.	A83
A62y.	A83
A62z.	A83
A63..	A84
A630.	A84
A631.	A84
A632.	A84
A63y.	A84
A63y0	A84
A63y1	A84
A63yz	A84
A63z.	A84
A64..	A85
A650.	A98
A651.	A98
A652.	A98
A653.	A98
A654.	A92
A65y.	A98
A65y0	A93
A65yz	A98
A65z.	A98
A66..	A94
A660.	A93
A6600	A93
A660z	A93
A661.	A93
A6610	A93
A6612	A93
A6613	A93
A6614	A93
A661z	A93
A662.	A96
A663.	A92
A6630	A92
A6631	A92
A6632	A92
A6633	A92
A6634	A92
A6635	A92
A6636	A92
A6637	A93
A6638	A92
A6639	A92
A663A	B33
A663B	A92
A663C	A92
A663z	A92
A66y0	A92
A66y1	A93
A66yz	A93
A66z.	A94
A6z..	A94
A700.	B15
A702.	B16
A7020	B16
A7030	B16
A704.	B17
A704z	B17
A705.	B17
A7054	B17
A705z	B17
A706.	B19
A7071	B18
A70z.	B19
A710.	A82
A711.	A82
A72..	B26
A72x.	B26
A72xz	B26
A72y.	B26
A72z.	B26
A73x.	A70
A73y.	A70
A73z.	A70
A74..	B34
A740.	B08
A741.	B33
A743.	B08
A74y.	B33
A74z.	B34
A750.	B27
A760.	A71
A761.	A71
A76z.	A71
A77z.	B30
A780.	B08
A781.	B07
A7810	B07
A7811	B07
A7812	A63
A7813	A63
A781z	B07
A782.	B34
A783.	A28
A784.	B08
A785.	B25
A7852	B25
A787.	A96
A788.	B24
A7880	B23
A7882	B23
A7883	B23
A7884	B22
A7885	B20
A7886	B21
A788y	B23
A788z	B24
A789.	B20
A7890	B20
A7891	B20
A7892	B20
A7893	B20
A7894	B20
A7897	B21
A7898	B21
A7899	B22
A78A0	A56
A78A2	A56
A78A3	A56
A78y1	A08
A78y2	B33
A78y3	A98
A78y4	B08
A78y5	A96
A79..	B33
A79y.	B00
A79z.	B34
A7A..	B33
A7y0.	B97
A7y00	B97
A7y01	B97
A7y02	B97
A7y03	B97
A7y04	B97
A7y05	B97
A810.	A75
A811.	A75
A81z.	A75
A82..	A77
A820.	A77
A8200	A77
A8201	A77
A820z	A77
A821.	A77
A821z	A77
A822.	A77
A8220	A77
A822z	A77
A823.	A77
A82y.	A77
A82z.	A77
A83..	A79
A830.	A78
A831.	A79
A832.	A79
A83y.	A79
A83z.	A79
A840.	B50
A8400	B50
A841.	B51
A8410	B51
A842.	B52
A843.	B53
A844.	B53
A8440	B53
A8441	B52
A845.	B53
A846.	B54
A847.	B54
A848.	B50
A849.	B54
A8490	B50
A849z	B54
A85..	B55
A850.	B55
A851.	B55
A8512	B55
A851z	B55
A852.	B55
A853.	B55
A854.	B55
A855.	B55
A85z.	B55
A861.	B57
A8610	B57
A862.	B57
A863.	B56
A864.	B56
A865.	B56
A86z.	B56
A87..	A68
A870.	A68
A871.	A68
A8710	A69
A871z	A68
A87z.	A68
A880.	A44
A8800	A44
A8801	A44
A90..	A50
A900.	A50
A901.	A50
A902.	A50
A904.	A50
A9040	A50
A904z	A50
A905.	A50
A9050	A50
A9051	A50
A9052	A50
A9053	A50
A905z	A50
A906.	A50
A907.	A50
A90z.	A50
A91..	A51
A910.	A51
A911.	A51
A912.	A51
A9120	A51
A9121	A51
A9122	A51
A9123	A51
A912z	A51
A913.	A51
A9130	A51
A9131	A51
A9132	A51
A9133	A51
A9134	A51
A9135	A51
A913z	A51
A914.	A51
A916.	A51
A916z	A51
A917.	A51
A918.	A51
A918z	A51
A919.	A51
A92..	A51
A920.	A51
A92z.	A51
A93y.	A52
A93yz	A52
A93z.	A52
A941.	A52
A943.	A52
A94y.	A52
A94yz	A52
A94z.	A52
A95..	A52
A957.	A52
A957z	A52
A95y.	A52
A95z.	A52
A96..	A52
A970.	A52
A971.	A53
A97z.	A53
A98..	A54
A980.	A54
A9800	A54
A9801	A54
A9802	A54
A980z	A54
A981.	A54
A9810	A54
A9811	A54
A9815	A54
A981z	A54
A982.	A54
A9820	A54
A9821	A54
A9822	A54
A982z	A54
A983.	A54
A9830	A54
A9831	A54
A9835	A54
A983z	A54
A984.	A54
A9842	A54
A9843	A54
A984z	A54
A986.	A54
A987.	A54
A9870	A54
A9871	A54
A987z	A54
A98y.	A54
A98y4	A54
A98yy	A54
A98yz	A54
A98z.	A54
A990.	A57
A991.	A55
A992.	A58
A993.	M02
A994.	N34
A99z.	A64
AA0..	A27
AA0y.	A27
AA0y1	A27
AA0yz	A27
AA0z.	A27
AA1..	A69
AA12.	A69
AA1z.	A69
AA2..	A66
AA20.	A66
AA22.	A66
AA23.	A66
AA24.	A66
AA25.	A66
AA26.	A66
AA2x.	A66
AA2x0	A66
AA2x1	A66
AA2xz	A66
AA2y.	A66
AA2z.	A66
AA3..	A67
AA30.	A67
AA31.	A67
AA32.	A67
AA33.	A67
AA3z.	A67
AA4z.	A69
AAy..	A69
AAz..	A69
AB0..	B35
AB00.	B35
AB000	B35
AB001	B35
AB00z	B35
AB01.	B35
AB02.	B35
AB03.	B35
AB030	B35
AB031	B35
AB03z	B35
AB05.	B35
AB06.	B35
AB0y.	B35
AB0z.	B35
AB1..	B35
AB10.	B36
AB11.	B36
AB12.	B36
AB13.	B36
AB1y.	B36
AB1z.	B36
AB20z	B37
AB22.	B37
AB221	B37
AB22z	B37
AB23.	B37
AB230	B37
AB231	B37
AB232	B37
AB23z	B37
AB24.	B37
AB2y.	B37
AB2y3	B37
AB2yz	B37
AB2z.	B37
AB3..	B38
AB31.	B38
AB33.	B38
AB33z	B38
AB3z.	B38
AB4..	B39
AB40.	B39
AB400	B39
AB401	B39
AB402	B39
AB403	B39
AB404	B39
AB40z	B39
AB41.	B39
AB410	B39
AB411	B39
AB412	B39
AB413	B39
AB414	B39
AB41z	B39
AB42.	B39
AB4z.	B39
AB4z1	B39
AB4z2	B39
AB4z3	B39
AB4z4	B39
AB4z6	B39
AB4zz	B39
AB5..	B40
AB50.	B40
AB502	B40
AB503	B40
AB50z	B40
AB51.	B41
AB510	B41
AB512	B41
AB51z	B41
AB52.	B48
AB5z.	B40
AB6..	B48
AB60.	B48
AB61.	B42
AB610	B42
AB611	B42
AB612	B42
AB614	B42
AB61z	B42
AB62.	B43
AB620	B43
AB622	B43
AB63.	B44
AB631	B44
AB64.	B47
AB640	B47
AB65.	B45
AB651	B45
AB653	B45
AB654	B45
AB656	B45
AB65z	B45
AB66.	B48
AB67.	B46
AB671	B46
AB672	B46
AB68.	B48
AB69.	B48
AB6A.	B48
AB6z.	B48
AB7..	B48
ABy..	B48
ABz..	B49
AC0..	B65
AC03.	B65
AC0y.	B65
AC0yz	B65
AC0z.	B65
AC1..	B66
AC10.	B66
AC11.	B66
AC12.	B66
AC13.	B66
AC14.	B66
AC15.	B66
AC16.	B66
AC1y.	B66
AC1y0	B66
AC1yz	B66
AC1z.	B66
AC2..	B67
AC20.	B67
AC21.	B67
AC22.	B67
AC23.	B67
AC230	B67
AC24.	B67
AC25.	B67
AC26.	B67
AC27.	B67
AC2y.	B67
AC2z.	B67
AC2z0	B67
AC2z1	B67
AC3..	B71
AC30.	B68
AC31.	B69
AC310	B69
AC311	B69
AC32.	B68
AC33.	B68
AC34.	B70
AC35.	B70
AC36.	B71
AC3y.	B71
AC3z.	B71
AC4..	B75
AC50.	B74
AC51.	B74
AC52.	B74
AC53.	B73
AC54.	B74
AC55.	B74
AC56.	B74
AC560	B74
AC57.	B72
AC5z.	B74
AC6..	B76
AC6z.	B76
AC7..	B81
AC700	B77
AC71.	B81
AC72.	B78
AC720	B78
AC722	B78
AC73.	B79
AC75.	B81
AC76.	B81
AC7x.	B81
AC7x0	B83
AC7y.	B81
AC7z.	B82
AC80.	B83
AC81.	B83
AC8y.	B83
AC8y2	B81
AC8yz	B83
AC8z.	B83
ACz..	B82
AD0x.	B58
AD0y.	B58
AD0z.	B58
AD10.	A59
AD100	A59
AD101	A59
AD10z	A59
AD1y.	A59
AD1z.	A59
AD23.	B85
AD2z.	B85
AD3..	B88
AD30.	B86
AD3y.	B88
AD3z.	B88
AD4..	B88
AD40.	B87
AD402	B87
AD403	B87
AD404	B87
AD41.	B88
AD42.	B88
AD420	B83
AD4y.	B88
AD4z.	B88
AD5..	D86
AD52.	D86
AD6..	B88
AD60.	L94
AD61.	M35
AD62.	B60
AD64.	A07
AD65.	A07
AD67.	B60
AD6z.	B99
AE0..	B90
AE00.	B90
AE01.	B90
AE02.	B90
AE03.	B90
AE04.	B90
AE0z.	B90
AE1..	B91
AE2..	B94
AE20.	B94
AE21.	B94
AE22.	B92
AE23.	B94
AE2z.	B94
AEy..	B94
AEz..	B94
Ayu00	A00
Ayu01	A01
Ayu02	A02
Ayu03	A02
Ayu04	A03
Ayu05	A03
Ayu06	A04
Ayu07	A04
Ayu08	A05
Ayu09	A05
Ayu0A	A06
Ayu0B	A06
Ayu0C	A07
Ayu0D	A07
Ayu0E	A08
Ayu0F	A08
Ayu0G	A08
Ayu0H	A09
Ayu10	A15
Ayu11	A15
Ayu12	A16
Ayu13	A16
Ayu14	A17
Ayu15	A17
Ayu16	A18
Ayu17	A19
Ayu18	A19
Ayu19	A19
Ayu20	A20
Ayu22	A21
Ayu23	A21
Ayu24	A22
Ayu25	A22
Ayu26	A23
Ayu27	A23
Ayu28	A24
Ayu29	A24
Ayu2A	A25
Ayu2B	A26
Ayu2C	A26
Ayu2D	A27
Ayu2E	A27
Ayu2F	A28
Ayu2G	A28
Ayu30	A30
Ayu31	A30
Ayu32	A31
Ayu33	A31
Ayu34	A32
Ayu35	A32
Ayu36	A35
Ayu37	A36
Ayu38	A36
Ayu39	A37
Ayu3A	A37
Ayu3B	A39
Ayu3C	A39
Ayu3D	A39
Ayu3E	A40
Ayu3F	A40
Ayu3G	A41
Ayu3H	A41
Ayu3J	A41
Ayu3K	A42
Ayu3L	A42
Ayu3M	A43
Ayu3N	A43
Ayu3P	A44
Ayu3Q	A44
Ayu3R	A48
Ayu3S	A49
Ayu3T	A49
Ayu3U	A49
Ayu3V	A49
Ayu3W	A49
Ayu3X	A49
Ayu40	A50
Ayu41	A50
Ayu42	A50
Ayu43	A50
Ayu44	A51
Ayu45	A51
Ayu46	A51
Ayu47	A52
Ayu48	A52
Ayu49	A52
Ayu4A	A53
Ayu4B	A54
Ayu4C	A54
Ayu4D	A56
Ayu4E	A59
Ayu4F	A59
Ayu4G	A60
Ayu4H	A63
Ayu4J	A64
Ayu50	A66
Ayu51	A66
Ayu52	A66
Ayu53	A67
Ayu54	A68
Ayu55	A69
Ayu56	A69
Ayu57	A69
Ayu60	A71
Ayu61	A74
Ayu62	A74
Ayu70	A75
Ayu71	A77
Ayu72	A77
Ayu73	A79
Ayu74	A79
Ayu80	A80
Ayu81	A80
Ayu82	A81
Ayu83	A81
Ayu84	A82
Ayu85	A83
Ayu86	A83
Ayu87	A84
Ayu88	A84
Ayu89	A85
Ayu8A	A85
Ayu8B	A86
Ayu8C	A87
Ayu8D	A87
Ayu8E	A88
Ayu8F	A89
Ayu90	A92
Ayu91	A92
Ayu92	A93
Ayu93	A94
Ayu94	A95
Ayu95	A96
Ayu96	A96
Ayu97	A98
Ayu98	A99
AyuA0	B00
AyuA1	B00
AyuA2	B01
AyuA3	B01
AyuA4	B02
AyuA5	B02
AyuA6	B05
AyuA7	B05
AyuA8	B06
AyuA9	B06
AyuAA	B06
AyuAB	B08
AyuAC	B08
AyuAD	B08
AyuAE	B09
AyuB0	B17
AyuB1	B18
AyuB2	B18
AyuB3	B19
AyuB4	B19
AyuC0	B20
AyuC1	B20
AyuC2	B20
AyuC4	B20
AyuC5	B20
AyuC6	B21
AyuC7	B21
AyuC8	B21
AyuC9	B21
AyuCA	B22
AyuCB	B23
AyuCC	B23
AyuCD	B24
AyuD0	B25
AyuD1	B25
AyuD2	B26
AyuD3	B26
AyuD4	B27
AyuD5	B27
AyuD6	B30
AyuD7	B30
AyuD8	B33
AyuD9	B33
AyuDA	B34
AyuDB	B34
AyuDC	B34
AyuDD	B34
AyuDE	B34
AyuDF	B34
AyuDG	B34
AyuE0	B35
AyuE1	B35
AyuE2	B36
AyuE3	B36
AyuE4	B37
AyuE5	B37
AyuE6	B38
AyuE7	B38
AyuE8	B39
AyuE9	B40
AyuEA	B40
AyuEB	B41
AyuEC	B41
AyuED	B42
AyuEF	B42
AyuEG	B43
AyuEJ	B43
AyuEK	B44
AyuEL	B44
AyuEM	B45
AyuEN	B45
AyuEP	B46
AyuEQ	B46
AyuER	B47
AyuES	B49
AyuET	B39
AyuEV	B46
AyuF0	B50
AyuF1	B50
AyuF2	B51
AyuF3	B51
AyuF4	B52
AyuF5	B52
AyuF6	B53
AyuF7	B54
AyuF8	B55
AyuF9	B56
AyuFA	B57
AyuFB	B58
AyuFC	B58
AyuFD	B60
AyuFE	B64
AyuG0	B65
AyuG1	B65
AyuG2	B66
AyuG3	B66
AyuG4	B67
AyuG5	B67
AyuG6	B68
AyuG7	B69
AyuG8	B69
AyuG9	B71
AyuGA	B71
AyuGB	B74
AyuGC	B74
AyuGD	B76
AyuGE	B76
AyuGF	B77
AyuGG	B77
AyuGH	B78
AyuGJ	B81
AyuGK	B82
AyuGL	B82
AyuGM	B83
AyuGN	B83
AyuH0	B85
AyuH1	B87
AyuH2	B87
AyuH3	B88
AyuH4	B88
AyuH5	B88
AyuH6	B88
AyuH7	B89
AyuJ4	B90
AyuJA	B94
AyuJB	B94
AyuK0	B95
AyuK1	B95
AyuK2	B95
AyuK3	B95
AyuK4	B95
AyuK5	B95
AyuK6	B95
AyuK7	B95
AyuK8	B95
AyuK9	B96
AyuKA	B96
AyuKB	B96
AyuKC	B96
AyuKD	B96
AyuKE	B96
AyuKF	B96
AyuKG	B96
AyuKH	B96
AyuKJ	B97
AyuKK	B97
AyuKS	B97
AyuL0	B99
Az...	B99
B00..	C00
B000.	C00
B0000	C00
B0001	C00
B000z	C00
B0010	C00
B0011	C00
B001z	C00
B002.	C00
B0020	C00
B0021	C00
B002z	C00
B0030	C00
B0031	C00
B0032	C00
B003z	C00
B004.	C00
B0041	C00
B0042	C00
B0043	C00
B004z	C00
B005.	C00
B006.	C00
B00y.	C00
B00z.	C00
B00z0	C00
B00z1	C00
B00zz	C00
B01..	C02
B010.	C01
B0100	C01
B010z	C01
B011.	C02
B0110	C02
B0111	C02
B011z	C02
B012.	C02
B013.	C02
B0130	C02
B0131	C02
B013z	C02
B014.	C02
B015.	C02
B016.	C02
B017.	C02
B01y.	C02
B01z.	C02
B020.	C07
B021.	C08
B022.	C08
B023.	C08
B02y.	C08
B02z.	C08
B03..	C03
B030.	C03
B031.	C03
B03y.	C03
B03z.	C03
B04..	C04
B040.	C04
B041.	C04
B042.	C04
B04y.	C04
B04z.	C04
B05..	C06
B050.	C06
B051.	C06
B0510	C06
B0511	C06
B0512	C06
B0513	C06
B051z	C06
B052.	C05
B053.	C05
B054.	C05
B0550	C05
B0551	C05
B055z	C05
B056.	C06
B057.	C06
B05y.	C06
B05z.	C06
B05z0	C46
B06..	C10
B0600	C09
B0601	C09
B0602	C09
B060z	C09
B061.	C09
B062.	C09
B0621	C09
B0622	C09
B062z	C09
B063.	C10
B064.	C10
B0640	C10
B0641	C10
B064z	C10
B065.	C10
B066.	C10
B067.	C10
B06y.	C10
B06y0	C10
B06yz	C10
B06z.	C10
B07..	C11
B070.	C11
B071.	C11
B0710	C11
B071z	C11
B072.	C11
B0720	C11
B0721	C11
B072z	C11
B073.	C11
B0730	C11
B0731	C11
B0732	C11
B073z	C11
B074.	C11
B07y.	C11
B07z.	C11
B08..	C13
B080.	C13
B081.	C12
B082.	C13
B083.	C13
B084.	C13
B08y.	C13
B08z.	C13
B0z..	C14
B0z0.	C14
B0z1.	C14
B0zy.	C14
B0zz.	C14
B10..	C15
B100.	C15
B101.	C15
B102.	C15
B103.	C15
B104.	C15
B105.	C15
B106.	C15
B10y.	C15
B10z.	C15
B11..	C16
B110.	C16
B1100	C16
B1101	C16
B110z	C16
B111.	C16
B1110	C16
B1111	C16
B111z	C16
B112.	C16
B113.	C16
B114.	C16
B115.	C16
B116.	C16
B117.	C16
B11y.	C16
B11y0	C16
B11y1	C16
B11yz	C16
B11z.	C16
B12..	C17
B120.	C17
B121.	C17
B122.	C17
B123.	C17
B124.	C17
B12y.	C17
B12z.	C17
B130.	C18
B131.	C18
B132.	C18
B133.	C18
B134.	C18
B135.	C18
B136.	C18
B137.	C18
B138.	C18
B13y.	C18
B13z.	C18
B14..	C21
B140.	C19
B141.	C20
B142.	C21
B143.	C21
B14y.	C21
B14z.	C21
B15..	C22
B150.	C22
B1500	C22
B1501	C22
B1503	C22
B150z	C22
B1510	C22
B1511	C22
B1512	C22
B1513	C22
B1514	C22
B151z	C22
B152.	C22
B15z.	C22
B160.	C23
B1610	C24
B1611	C24
B1612	C24
B1613	C24
B161z	C24
B162.	C24
B163.	C24
B16y.	C24
B16z.	C24
B17..	C25
B170.	C25
B171.	C25
B172.	C25
B173.	C25
B174.	C25
B175.	C25
B17y.	C25
B17y0	C25
B17yz	C25
B17z.	C25
B18..	C48
B180.	C48
B1800	C48
B1801	C48
B1802	C48
B180z	C48
B182.	C48
B18y3	C48
B18y4	C48
B18y5	C48
B18y6	C48
B18yz	C48
B18z.	C48
B1z..	C26
B1z0.	C26
B1z1.	C26
B1z10	C26
B1z11	C26
B1z1z	C26
B1z2.	C26
B1zy.	C26
B1zz.	C26
B200.	C30
B2000	C30
B2001	C30
B2003	C30
B200z	C30
B2010	C30
B2011	C30
B2012	C30
B2013	C30
B201z	C30
B202.	C31
B203.	C31
B204.	C31
B205.	C31
B206.	C31
B20z.	C31
B21..	C32
B210.	C32
B211.	C32
B212.	C32
B213.	C32
B2130	C32
B2131	C32
B2132	C32
B2133	C32
B213z	C32
B214.	C32
B21y.	C32
B21z.	C32
B220.	C33
B2200	C33
B2201	C33
B220z	C33
B221.	C34
B2210	C34
B2211	C34
B221z	C34
B222.	C34
B2220	C34
B2221	C34
B222z	C34
B223.	C34
B2230	C34
B2231	C34
B223z	C34
B224.	C34
B2240	C34
B2241	C34
B224z	C34
B225.	C34
B22y.	C34
B22z.	C34
B230.	C38
B231.	C38
B23y.	C38
B23z.	C38
B240.	C37
B241.	C38
B2410	C38
B2411	C38
B2412	C38
B2413	C38
B241z	C38
B242.	C38
B243.	C38
B25..	C38
B26..	C39
B2z..	C39
B2z0.	C39
B2zy.	C39
B2zz.	C39
B300.	C41
B3000	C41
B3001	C41
B3002	C41
B3003	C41
B3004	C41
B3005	C41
B3006	C41
B3007	C41
B3008	C41
B3009	C41
B300A	C41
B300B	C41
B300C	C41
B300z	C41
B301.	C41
B302z	C41
B3030	C41
B3031	C41
B3032	C41
B303z	C41
B304.	C40
B3040	C40
B3041	C40
B3042	C40
B3043	C40
B3044	C40
B304z	C40
B305.	C40
B3060	C41
B3061	C41
B3062	C41
B306z	C41
B307.	C40
B3070	C40
B3071	C40
B3072	C40
B307z	C40
B308.	C40
B3080	C40
B3081	C40
B3086	C40
B308z	C40
B309.	C40
B30z.	C41
B3100	C49
B3101	C49
B3102	C49
B3103	C49
B3104	C49
B3105	C49
B310z	C49
B311.	C49
B3110	C49
B3111	C49
B3112	C49
B3113	C49
B3114	C49
B3115	C49
B311z	C49
B312.	C49
B3120	C49
B3121	C49
B3122	C49
B3123	C49
B3124	C49
B3125	C49
B3126	C49
B312z	C49
B313.	C49
B3130	C49
B3131	C49
B3132	C49
B3133	C49
B313z	C49
B314.	C49
B3140	C49
B3141	C49
B314z	C49
B315.	C49
B3150	C49
B3151	C49
B3152	C49
B3153	C49
B315z	C49
B316.	C49
B317.	C49
B31y.	C49
B31z.	C49
B31z0	C46
B32..	C43
B320.	C43
B321.	C43
B322.	C43
B3220	C43
B3221	C43
B322z	C43
B323.	C43
B3230	C43
B3231	C43
B3232	C43
B3233	C43
B3234	C43
B3235	C43
B323z	C43
B324.	C43
B3240	C43
B3241	C43
B324z	C43
B325.	C43
B3250	C43
B3251	C43
B3252	C43
B3253	C43
B3254	C43
B3255	C43
B3256	C43
B325z	C43
B326.	C43
B3260	C43
B3261	C43
B3262	C43
B3263	C43
B3264	C43
B3265	C43
B326z	C43
B327.	C43
B3270	C43
B3271	C43
B3272	C43
B3273	C43
B3274	C43
B3275	C43
B3276	C43
B3277	C43
B3278	C43
B3279	C43
B327z	C43
B32y.	C43
B32y0	C43
B32z.	C43
B33..	C44
B330.	C44
B331.	C44
B332.	C44
B3320	C44
B3321	C44
B332z	C44
B333.	C44
B3330	C44
B3331	C44
B3332	C44
B3333	C44
B3334	C44
B3335	C44
B333z	C44
B334.	C44
B3340	C44
B3341	C44
B334z	C44
B335.	C44
B3350	C44
B3351	C44
B3352	C44
B3353	C44
B3354	C44
B3355	C44
B3356	C44
B3357	C44
B3358	C44
B3359	C44
B335z	C44
B336.	C44
B3360	C44
B3361	C44
B3362	C44
B3363	C44
B3364	C44
B3365	C44
B336z	C44
B337.	C44
B3370	C44
B3371	C44
B3372	C44
B3373	C44
B3374	C44
B3375	C44
B3376	C44
B3377	C44
B3378	C44
B3379	C44
B337z	C44
B33y.	C44
B33z.	C44
B34..	C50
B340.	C50
B3400	C50
B3401	C50
B340z	C50
B341.	C50
B342.	C50
B343.	C50
B344.	C50
B345.	C50
B346.	C50
B347.	C50
B34y.	C50
B34y0	C50
B34yz	C50
B34z.	C50
B35..	C50
B350.	C50
B3500	C50
B3501	C50
B350z	C50
B35z.	C50
B35z0	C50
B35zz	C50
B40..	C55
B41..	C53
B410.	C53
B4100	C53
B4101	C53
B410z	C53
B411.	C53
B412.	C53
B41y.	C53
B41y0	C53
B41y1	C53
B41yz	C53
B41z.	C53
B42..	C58
B430.	C54
B4300	C54
B4301	C54
B4302	C54
B4303	C54
B430z	C54
B431.	C54
B4310	C54
B431z	C54
B432.	C54
B43y.	C54
B43z.	C54
B44..	C57
B440.	C56
B441.	C57
B442.	C57
B443.	C57
B444.	C57
B44y.	C57
B44z.	C57
B45..	C57
B450.	C52
B4500	C52
B4501	C52
B450z	C52
B451.	C51
B4510	C51
B451z	C51
B452.	C51
B453.	C51
B454.	C51
B45y.	C57
B45y0	C51
B45z.	C57
B46..	C61
B47..	C62
B470.	C62
B4700	C62
B4701	C62
B470z	C62
B471.	C62
B47z.	C62
B480.	C60
B481.	C60
B482.	C60
B483.	C60
B484.	C63
B485.	C63
B486.	C63
B487.	C60
B48y.	C63
B48y0	C63
B48y1	C63
B48y2	C63
B48yz	C63
B48z.	C63
B49..	C67
B490.	C67
B491.	C67
B492.	C67
B493.	C67
B494.	C67
B495.	C67
B496.	C67
B497.	C67
B49y.	C67
B49y0	C67
B49z.	C67
B4A..	C64
B4A0.	C64
B4A00	C64
B4A1.	C65
B4A10	C65
B4A11	C65
B4A1z	C65
B4A2.	C66
B4A3.	C68
B4A4.	C68
B4Ay.	C68
B4Ay0	C68
B4Az.	C68
B50..	C69
B500.	C69
B5000	C69
B5001	C69
B5002	C69
B5003	C69
B500z	C69
B501.	C69
B5010	C69
B5011	C69
B501z	C69
B503.	C69
B504.	C69
B505.	C69
B507.	C69
B5070	C69
B5071	C69
B507z	C69
B508.	C69
B50y.	C69
B50z.	C69
B51..	C71
B510.	C71
B5100	C71
B5101	C71
B5102	C71
B5103	C71
B5104	C71
B5105	C71
B510z	C71
B511.	C71
B512.	C71
B5120	C71
B5121	C71
B512z	C71
B513.	C71
B514.	C71
B515.	C71
B5150	C71
B5151	C71
B515z	C71
B516.	C71
B517.	C71
B5170	C71
B5171	C71
B5172	C71
B5173	C71
B517z	C71
B51y.	C71
B51y0	C71
B51y1	C71
B51yz	C71
B51z.	C71
B52..	C72
B520.	C72
B5200	C72
B520z	C72
B521.	C70
B5210	C70
B5211	C70
B5212	C70
B521z	C70
B523.	C70
B5230	C70
B5231	C70
B5232	C70
B523z	C70
B524.	C47
B5240	C47
B5241	C47
B5242	C47
B5243	C47
B5244	C47
B5245	C47
B5246	C47
B52y.	C72
B52z.	C72
B53..	C73
B540.	C74
B5400	C74
B5401	C74
B540z	C74
B541.	C75
B542.	C75
B5420	C75
B5421	C75
B542z	C75
B543.	C75
B544.	C75
B545.	C75
B5450	C75
B5451	C75
B5452	C49
B545z	C75
B54y.	C75
B54z.	C75
B550.	C76
B5500	C76
B5501	C76
B5502	C76
B5503	C76
B5504	C76
B5505	C76
B550z	C76
B5510	C76
B5511	C76
B5512	C76
B551z	C76
B5530	C76
B5531	C76
B5532	C76
B553z	C76
B554.	C76
B555.	C76
B55y.	C76
B55y0	C76
B55y1	C76
B55y2	C76
B55yz	C76
B55z.	C76
B560.	C77
B5600	C77
B5601	C77
B5602	C77
B5603	C77
B5604	C77
B5605	C77
B5606	C77
B5607	C77
B5608	C77
B5609	C77
B560z	C77
B561.	C77
B5610	C77
B5611	C77
B5612	C77
B5613	C77
B5614	C77
B5615	C77
B5616	C77
B5617	C77
B5618	C77
B5619	C77
B561z	C77
B562.	C77
B5620	C77
B5621	C77
B5622	C77
B5623	C77
B5624	C77
B562z	C77
B563.	C77
B5630	C77
B5631	C77
B5632	C77
B5633	C77
B563z	C77
B564.	C77
B5640	C77
B5641	C77
B5642	C77
B564z	C77
B565.	C77
B5650	C77
B5651	C77
B5652	C77
B5653	C77
B5654	C77
B565z	C77
B56y.	C77
B56z.	C77
B570.	C78
B571.	C78
B572.	C78
B573.	C78
B574.	C78
B5740	C78
B5741	C78
B5742	C78
B574z	C78
B575.	C78
B5750	C78
B5751	C78
B575z	C78
B576.	C78
B5760	C78
B5761	C78
B576z	C78
B577.	C78
B57y.	C78
B57z.	C78
B58..	C79
B580.	C79
B581.	C79
B5810	C79
B5811	C79
B5812	C79
B581z	C79
B582.	C79
B5820	C79
B5821	C79
B5822	C79
B5823	C79
B5824	C79
B5825	C79
B5826	C79
B582z	C79
B583.	C79
B5830	C79
B5831	C79
B583z	C79
B584.	C79
B585.	C79
B586.	C79
B587.	C79
B58y0	C79
B58y1	C79
B58y2	C79
B58y3	C79
B58y4	C79
B58y5	C79
B58y6	C79
B58y7	C79
B58y8	C79
B58yz	C79
B59..	C80
B591.	C80
B592.	C97
B59z.	C80
B600.	C83
B6000	C83
B6001	C83
B6002	C83
B6003	C83
B6004	C83
B6005	C83
B6006	C83
B6007	C83
B6008	C83
B600z	C83
B601.	C85
B601z	C85
B602.	C83
B6020	C83
B6021	C83
B6022	C83
B6023	C83
B6024	C83
B6025	C83
B6026	C83
B6027	C83
B6028	C83
B602z	C83
B61..	C81
B610.	C81
B6100	C81
B6101	C81
B6102	C81
B6103	C81
B6104	C81
B6105	C81
B6106	C81
B6107	C81
B6108	C81
B610z	C81
B611.	C81
B6110	C81
B6111	C81
B6112	C81
B6113	C81
B6114	C81
B6115	C81
B6116	C81
B6117	C81
B6118	C81
B611z	C81
B612.	C81
B6120	C81
B6121	C81
B6122	C81
B6123	C81
B6124	C81
B6125	C81
B6126	C81
B6127	C81
B6128	C81
B612z	C81
B613.	C81
B6130	C81
B6131	C81
B6132	C81
B6133	C81
B6134	C81
B6135	C81
B6136	C81
B6137	C81
B6138	C81
B613z	C81
B614.	C81
B6140	C81
B6141	C81
B6142	C81
B6143	C81
B6144	C81
B6145	C81
B6146	C81
B6147	C81
B6148	C81
B614z	C81
B615.	C81
B6150	C81
B6151	C81
B6152	C81
B6153	C81
B6154	C81
B6155	C81
B6156	C81
B6157	C81
B6158	C81
B615z	C81
B616.	C81
B6160	C81
B6161	C81
B6162	C81
B6163	C81
B6164	C81
B6165	C81
B6166	C81
B6167	C81
B6168	C81
B616z	C81
B61z.	C81
B61z0	C81
B61z1	C81
B61z2	C81
B61z3	C81
B61z4	C81
B61z5	C81
B61z6	C81
B61z7	C81
B61z8	C81
B620.	C82
B6200	C82
B6201	C82
B6202	C82
B6203	C82
B6204	C82
B6205	C82
B6206	C82
B6207	C82
B6208	C82
B620z	C82
B621.	C84
B6210	C84
B6211	C84
B6212	C84
B6213	C84
B6214	C84
B6215	C84
B6216	C84
B6217	C84
B6218	C84
B621z	C84
B622.	C84
B6220	C84
B6221	C84
B6222	C84
B6223	C84
B6224	C84
B6225	C84
B6226	C84
B6227	C84
B6228	C84
B622z	C84
B6230	C96
B6231	C96
B6232	C96
B6233	C96
B6234	C96
B6235	C96
B6236	C96
B6237	C96
B6238	C96
B623z	C96
B624.	C91
B6240	C91
B6241	C91
B6242	C91
B6243	C91
B6244	C91
B6245	C91
B6246	C91
B6247	C91
B6248	C91
B624z	C91
B625.	C96
B6250	C96
B6251	C96
B6252	C96
B6253	C96
B6254	C96
B6255	C96
B6256	C96
B6257	C96
B6258	C96
B625z	C96
B626.	C96
B6260	C96
B6261	C96
B6262	C96
B6263	C96
B6264	C96
B6265	C96
B6266	C96
B6267	C96
B6268	C96
B626z	C96
B627.	C85
B6271	C82
B6273	C83
B6274	C83
B6275	C85
B6276	C83
B6277	C83
B6278	C83
B627B	C82
B62x5	C88
B62y0	C85
B62y1	C85
B62y2	C85
B62y3	C85
B62y4	C85
B62y5	C85
B62y6	C85
B62y7	C85
B62y8	C96
B62z.	C96
B62z0	C96
B62z1	C96
B62z2	C96
B62z3	C96
B62z4	C96
B62z5	C96
B62z6	C96
B62z7	C96
B62z8	C96
B62zz	C96
B630.	C90
B6300	C90
B63y.	C88
B63z.	C88
B64..	C91
B640.	C91
B641.	C91
B642.	C91
B64y.	C91
B64y0	C91
B64y2	C91
B64yz	C91
B64z.	C91
B65..	C92
B650.	C92
B651.	C92
B6510	D47
B6512	D47
B651z	C92
B652.	C92
B653.	C92
B6530	C92
B6531	C92
B653z	C92
B65y.	C92
B65y0	C92
B65y1	C92
B65yz	C92
B65z.	C92
B66..	C93
B660.	C93
B661.	C93
B662.	C93
B66y.	C93
B66y0	C93
B66yz	C93
B66z.	C93
B67..	C94
B670.	C94
B672.	C94
B673.	C94
B674.	C94
B67y.	C95
B67y0	C91
B67yz	C95
B67z.	C94
B68..	C95
B680.	C95
B681.	C95
B682.	C95
B68y.	C95
B68z.	C95
B690.	C92
B691.	C93
B692.	C92
B6y..	C96
B6z..	C96
B6z0.	C46
B7...	D36
B700.	D10
B7001	D10
B7002	D10
B7003	D10
B7004	D10
B7005	D10
B7006	D10
B700z	D10
B701.	D10
B7010	D10
B7011	D10
B7012	D10
B7013	D10
B701z	D10
B702.	D11
B7020	D11
B7021	D11
B7022	D11
B702z	D11
B703.	D10
B704.	D10
B7040	D10
B7041	D10
B7042	D10
B7043	D10
B7044	D10
B7045	D10
B7046	D10
B705.	D10
B706.	D10
B7060	D10
B7061	D10
B7062	D10
B7063	D10
B7064	D10
B7065	D10
B706z	D10
B707.	D10
B7070	D10
B7071	D10
B7072	D10
B7073	D10
B707z	D10
B708.	D10
B7080	D10
B7081	D10
B7082	D10
B7083	D10
B708z	D10
B71..	D13
B710.	D13
B7101	D13
B7102	D13
B7103	D13
B710z	D13
B711.	D13
B7110	D13
B7111	D13
B7112	D13
B7113	D13
B7114	D13
B711z	D13
B712.	D13
B7120	D13
B7121	D13
B7122	D13
B712z	D13
B713.	D12
B7130	D12
B7131	D12
B7132	D12
B7133	D12
B7134	D12
B7135	D12
B7136	D12
B7137	D12
B7138	D12
B713z	D12
B714.	D12
B7140	D12
B7141	D12
B7142	D12
B7143	D12
B714z	D13
B7150	D13
B7151	D13
B7152	D13
B7153	D13
B7154	D13
B7155	D13
B7156	D13
B7157	D13
B715z	D13
B716.	D13
B7160	D13
B7161	D13
B7162	D13
B7163	D13
B716z	D13
B717.	D13
B7170	D13
B717z	D13
B718.	D20
B7180	D20
B7181	D20
B7182	D20
B7183	D20
B7184	D20
B7185	D20
B7186	D20
B7187	D20
B7189	D20
B718A	D20
B718z	D20
B71z.	D13
B72..	D14
B720.	D14
B7200	D14
B7201	D14
B7202	D14
B7203	D14
B7204	D14
B7205	D14
B7206	D14
B720z	D14
B721.	D14
B7210	D14
B7211	D14
B7212	D14
B7213	D14
B7214	D14
B7215	D14
B7216	D14
B7217	D14
B7218	D14
B721z	D14
B722.	D14
B723.	D14
B7230	D14
B7231	D14
B7232	D14
B7233	D14
B7234	D14
B723z	D14
B724.	D15
B7240	D15
B7241	D15
B7242	D19
B724z	D15
B725.	D15
B7250	D15
B7251	D15
B7252	D15
B7253	D15
B725z	D15
B726.	D15
B727.	D15
B72y.	D15
B73..	D16
B730.	D16
B7301	D16
B7302	D16
B7303	D16
B7304	D16
B7305	D16
B7306	D16
B7307	D16
B7308	D16
B7309	D16
B730A	D16
B730B	D16
B730C	D16
B730D	D16
B730E	D16
B730z	D16
B731.	D16
B7310	D16
B731z	D16
B732.	D16
B7320	D16
B7321	D16
B7322	D16
B732z	D16
B733.	D16
B7330	D16
B7331	D16
B7332	D16
B7333	D16
B7334	D16
B7335	D16
B733z	D16
B734.	D16
B7340	D16
B7341	D16
B7342	D16
B7343	D16
B734z	D16
B735.	D16
B7350	D16
B7351	D16
B7352	D16
B7353	D16
B7354	D16
B7355	D16
B7356	D16
B7357	D16
B7358	D16
B7359	D16
B735z	D16
B736.	D16
B7360	D16
B7361	D16
B7362	D16
B7363	D16
B7364	D16
B736z	D16
B737.	D16
B7370	D16
B7371	D16
B7372	D16
B737z	D16
B738.	D16
B7380	D16
B7381	D16
B7382	D16
B7383	D16
B7384	D16
B7385	D16
B7386	D16
B7387	D16
B7388	D16
B7389	D16
B738z	D16
B73z.	D16
B74..	D17
B740.	D17
B7400	D17
B7401	D17
B7402	D17
B7403	D17
B7404	D17
B7405	D17
B7406	D17
B7407	D17
B740z	D17
B741.	D17
B7410	D17
B7411	D17
B7412	D17
B7413	D17
B7414	D17
B7415	D17
B7416	D17
B7417	D17
B7418	D17
B7419	D17
B741A	D17
B741B	D17
B741C	D17
B741D	D17
B741E	D17
B741F	D17
B741G	D17
B741H	D17
B741z	D17
B742.	D17
B743.	D17
B744.	D17
B74y.	D17
B74y0	D17
B74y1	D17
B74y2	D17
B74y3	D17
B74z.	D17
B75..	D21
B750.	D21
B7500	D21
B7501	D21
B7502	D21
B7503	D21
B750z	D21
B751.	D21
B7510	D21
B7511	D21
B7512	D21
B7513	D21
B751z	D21
B752.	D21
B7520	D21
B7521	D21
B7522	D21
B7523	D21
B7524	D21
B752z	D21
B753.	D21
B7530	D21
B754.	D21
B7540	D21
B755.	D21
B7550	D21
B7551	D21
B7552	D21
B755z	D21
B756.	D21
B75y.	D21
B75z.	D21
B760.	D23
B761.	D23
B762.	D23
B7620	D23
B7621	D23
B762z	D23
B763.	D23
B7633	D23
B7634	D23
B763z	D23
B764z	D23
B765.	D23
B7650	D23
B7651	D23
B7652	D23
B7653	D23
B7654	D23
B7655	D23
B7656	D23
B7657	D23
B7658	D23
B7659	D23
B765z	D23
B766.	D23
B7660	D23
B7661	D23
B7662	D23
B7663	D23
B766z	D23
B7673	D23
B767z	D23
B7680	D22
B7681	D22
B7682	D22
B7683	D22
B7684	D22
B7685	D22
B7686	D22
B7687	D22
B76B.	D76
B76y.	D23
B76z.	D23
B77..	D24
B770.	D24
B771.	D24
B77z.	D24
B78..	D25
B780.	D25
B781.	D25
B782.	D25
B78z.	D25
B79..	D26
B790.	D26
B791.	D26
B7910	D26
B7911	D26
B7912	D26
B791z	D26
B79y.	D26
B79z.	D26
B7A..	D27
B7B..	D28
B7B0.	D28
B7B00	D28
B7B01	D28
B7B02	D28
B7B03	D28
B7B0z	D28
B7B1.	D28
B7B10	D28
B7B1z	D28
B7B2.	D28
B7B20	D28
B7B21	D28
B7B22	D28
B7B23	D28
B7B2z	D28
B7By.	D28
B7Bz.	D28
B7C..	D29
B7C0.	D29
B7C1.	D29
B7C10	D29
B7C11	D29
B7C12	D30
B7C13	D29
B7C1z	D29
B7C2.	D29
B7C3.	D29
B7C4.	D29
B7Cy.	D29
B7Cy0	D29
B7Cy1	D29
B7Cyz	D29
B7Cz.	D29
B7D..	D30
B7D0.	D30
B7D1.	D30
B7D2.	D30
B7D3.	D30
B7Dy.	D30
B7Dy0	D30
B7Dy1	D30
B7Dy2	D30
B7Dyz	D30
B7Dz.	D30
B7E..	D31
B7E0.	D31
B7E00	D31
B7E01	D31
B7E02	D31
B7E0z	D31
B7E1.	D31
B7E2.	D31
B7E3.	D31
B7E4.	D31
B7E5.	D31
B7E6.	D31
B7E7.	D31
B7E70	D31
B7E71	D31
B7E7z	D31
B7Ey.	D31
B7Ez.	D31
B7F..	D33
B7F0.	D33
B7F00	D33
B7F1.	D33
B7F10	D33
B7F2.	D32
B7F20	D32
B7F2z	D32
B7F3.	D33
B7F4.	D32
B7F40	D32
B7F4z	D32
B7Fy.	D33
B7Fy0	D36
B7Fz.	D33
B7G..	D34
B7H..	D35
B7H0.	D35
B7H1.	D35
B7H2.	D35
B7H20	D35
B7H21	D44
B7H22	D35
B7H2z	D35
B7H3.	D35
B7H4.	D35
B7H5.	D35
B7H50	D35
B7H51	D35
B7H52	D21
B7H53	D35
B7H5z	D35
B7Hy.	D35
B7Hz.	D35
B7J0.	D18
B7J00	D18
B7J01	D18
B7J02	D18
B7J03	D18
B7J04	D18
B7J0z	D18
B7z..	D36
B7z0.	D36
B7zy.	D36
B7zz.	D36
B80..	D01
B8000	D00
B8001	D00
B8002	D00
B8003	D00
B8004	D00
B8005	D00
B8006	D00
B8007	D00
B8008	D00
B8009	D00
B800z	D00
B801.	D00
B8010	D00
B8011	D00
B8012	D00
B801z	D00
B802.	D00
B8020	D00
B8021	D00
B8022	D00
B8023	D00
B8024	D00
B802z	D00
B803.	D01
B8030	D01
B8031	D01
B8032	D01
B8033	D01
B8034	D01
B8035	D01
B8036	D01
B8037	D01
B803z	D01
B804.	D01
B8040	D01
B8041	D01
B804z	D01
B805.	D01
B806.	D01
B807.	D01
B8070	D01
B8071	D01
B8072	D01
B8073	D01
B807z	D01
B8080	D01
B8081	D01
B8082	D01
B8083	D01
B8084	D01
B8085	D01
B8086	D01
B8087	D01
B808z	D01
B80z.	D01
B80z0	D01
B80z1	D09
B80zz	D01
B81..	D02
B810.	D02
B8100	D02
B8101	D02
B8102	D02
B8103	D02
B8104	D02
B8105	D02
B8106	D00
B8107	D02
B8108	D02
B810z	D02
B811.	D02
B812.	D02
B8120	D02
B8121	D02
B8122	D02
B8123	D02
B8124	D02
B812z	D02
B81y.	D02
B81y0	D02
B81y1	D02
B81y2	D02
B81y3	D02
B81y4	D02
B81y5	D02
B81y6	D02
B81y7	D02
B81y8	D02
B81y9	D02
B81yz	D02
B81z.	D02
B82..	D04
B820.	D04
B821.	D04
B8220	D04
B8221	D04
B822z	D04
B823.	D04
B8230	D04
B8231	D04
B8233	D04
B8234	D04
B8235	D04
B8236	D04
B823z	D04
B824.	D04
B8240	D04
B8241	D04
B824z	D04
B825.	D04
B8250	D04
B8251	D04
B8252	D04
B8253	D04
B8254	D04
B8255	D04
B8256	D04
B8257	D04
B8258	D04
B825z	D04
B826.	D04
B8260	D04
B8261	D04
B8262	D04
B8263	D04
B826z	D04
B827.	D04
B8270	D04
B8271	D04
B8272	D04
B8273	D04
B8274	D04
B827z	D04
B8280	D03
B8281	D03
B8282	D03
B8283	D03
B8284	D03
B8285	D03
B8286	D03
B82y.	D04
B82z.	D04
B830.	D05
B831.	D06
B8310	D06
B8311	D06
B832.	D07
B833.	D07
B8330	D07
B8331	D07
B8332	D07
B833z	D07
B834.	D07
B835.	D07
B836.	D07
B8360	D07
B8361	D07
B8362	D07
B8363	D07
B836z	D07
B837.	D09
B83z.	D09
B8y..	D09
B8y0.	D09
B8yy.	D09
B8yy0	D09
B8yy1	D09
B8yy2	D09
B8yy3	D09
B8yyz	D09
B8z..	D09
B900.	D37
B9000	D37
B9001	D37
B9002	D37
B900z	D37
B9010	D37
B9011	D37
B9012	D37
B9013	D37
B9014	D37
B9015	D37
B9016	D37
B9017	D37
B9018	D37
B9019	D37
B901z	D37
B902.	D37
B9020	D37
B9021	D37
B9022	D37
B9023	D37
B9024	D37
B9025	D37
B9026	D37
B902z	D37
B903.	D37
B9030	D37
B9031	D37
B9032	D37
B9033	D37
B9034	D37
B9035	D37
B9036	D37
B9037	D37
B903z	D37
B904.	D48
B9040	D48
B9041	D48
B904z	D48
B905.	D37
B9050	D37
B9051	D37
B9052	D37
B9053	D37
B905z	D37
B906.	D38
B9060	D38
B9061	D38
B9062	D38
B9063	D38
B9064	D38
B9065	D38
B9066	D38
B9067	D38
B9068	D38
B906z	D38
B907.	D38
B9070	D38
B9071	D38
B9072	D38
B907z	D38
B9080	D38
B9081	D38
B9082	D38
B90z.	D38
B90z0	D38
B90z1	D38
B90z2	D38
B90z3	D38
B90z4	D38
B90z5	D38
B90z6	D38
B90z7	D38
B90z8	D38
B910.	D39
B911.	D39
B9110	D39
B911z	D39
B912.	D39
B913.	D39
B9130	D39
B9131	D39
B913z	D39
B914.	D40
B915.	D40
B916.	D40
B9160	D40
B9161	D40
B9162	D40
B916z	D40
B917.	D41
B91z.	D41
B91z0	D41
B91z1	D41
B91z2	D41
B91z3	D41
B91zz	D41
B92..	D43
B920.	D44
B9200	D44
B9201	D44
B920z	D44
B921.	D44
B922.	D44
B923.	D44
B9230	D44
B9231	D44
B9232	D44
B9233	D48
B923z	D44
B924.	D44
B9240	D44
B9241	D44
B924z	D44
B9250	D43
B9251	D43
B9252	D43
B9253	D43
B925z	D43
B926.	D42
B9260	D42
B9261	D42
B926z	D42
B927.	Q85
B928.	D48
B92z.	D43
B92z0	D43
B92zz	D43
B93..	D48
B930.	D48
B9300	D48
B9301	D48
B930z	D48
B931.	D48
B932.	D48
B933.	D48
B934.	D45
B935.	D47
B936.	D47
B9370	D46
B9371	D46
B9372	D46
B9373	C92
B937W	D46
B93y.	D48
B93y0	D48
B93y1	D48
B93yz	D48
B93z.	D48
B9y..	D48
B9z..	D48
BA...	D48
BA0..	D48
BA00.	D37
BA01.	D38
BA020	D48
BA021	D48
BA022	D48
BA03.	D48
BA04.	D41
BA05.	D41
BA06.	D43
BA0y.	D48
BAz..	D48
BB2F.	C44
BB2G.	C80
BB5h.	D44
BB64.	D23
BB6A0	D23
BBD9.	D35
BBE9.	I78
BBG8.	C49
BBGB.	D48
BBH0.	D21
BBHZ.	D48
BBJ5.	C49
BBJ6.	C49
BBJ7.	C49
BBJA.	D17
BBJD.	D17
BBK32	C49
BBK34	D21
BBK35	D21
BBK36	C49
BBK37	C49
BBP1.	C45
BBT1.	C49
BBT3.	D18
BBT4.	D18
BBT7.	D48
BBT8.	D18
BBU1.	C49
BBU4.	D18
BBV0.	D16
BBV7.	D16
BBbN.	C71
BBe4.	D36
BBf1.	C47
BBf2.	C49
BBg1.	C85
BBl..	C84
BBmG.	C88
BBn2.	C90
BBp..	D47
BBp1.	C96
BBr1.	C95
BBr27	C91
BBr68	C93
BBr90	C93
BBr92	C93
BBs2.	D47
Byu10	C22
Byu11	C22
Byu12	C26
Byu13	C26
Byu20	C34
Byu24	C39
Byu25	C38
Byu30	C40
Byu31	C40
Byu33	C41
Byu41	C43
Byu42	C44
Byu43	C44
Byu50	C45
Byu51	C45
Byu52	C46
Byu53	C46
Byu54	C47
Byu55	C47
Byu56	C47
Byu57	C48
Byu58	C49
Byu59	C49
Byu5A	C44
Byu5B	C46
Byu70	C57
Byu71	C57
Byu72	C57
Byu73	C57
Byu80	C63
Byu81	C63
Byu82	C63
Byu90	C68
ByuA0	C72
ByuA1	C72
ByuA2	C70
ByuA3	C72
ByuB0	C75
ByuB1	C75
ByuC0	C76
ByuC1	C76
ByuC2	C77
ByuC3	C78
ByuC4	C78
ByuC5	C79
ByuC6	C79
ByuC7	C79
ByuC8	C80
ByuD0	C81
ByuD1	C82
ByuD2	C83
ByuD3	C85
ByuD4	C88
ByuD5	C91
ByuD8	C94
ByuD9	C95
ByuDA	C96
ByuDB	C96
ByuDC	C83
ByuDD	C84
ByuDE	C85
ByuF0	D01
ByuF1	D01
ByuF2	D01
ByuF3	D02
ByuF4	D02
ByuF5	D03
ByuF6	D03
ByuF8	D04
ByuF9	D04
ByuFA	D06
ByuFD	D09
ByuFE	D09
ByuFF	D03
ByuFG	D05
ByuG0	D10
ByuG1	D10
ByuG2	D11
ByuG3	D13
ByuG4	D13
ByuG5	D15
ByuG6	D17
ByuG7	D17
ByuG8	D19
ByuG9	D22
ByuGA	D23
ByuGB	D26
ByuGC	D28
ByuGD	D29
ByuGE	D30
ByuGF	D33
ByuGG	D35
ByuGH	D36
ByuGJ	D10
ByuGK	D14
ByuGL	D15
ByuGM	D19
ByuGN	D22
ByuGP	D32
ByuH0	D37
ByuH1	D38
ByuH2	D39
ByuH3	D40
ByuH4	D41
ByuH5	D43
ByuH6	D46
ByuH7	D47
ByuH8	D47
ByuH9	D48
ByuHA	D48
ByuHB	D39
ByuHC	D46
ByuHD	D46
C00..	E04
C000.	E04
C00z.	E04
C010.	E04
C011.	E04
C01z.	E04
C02..	E05
C020.	E05
C0200	E05
C0201	E05
C020z	E05
C021.	E05
C0210	E05
C0211	E05
C021z	E05
C022.	E05
C0220	E05
C0221	E05
C022z	E05
C023.	E05
C0230	E05
C0231	E05
C023z	E05
C024.	E05
C0240	E05
C0241	E05
C024z	E05
C02y.	E05
C02y0	E05
C02y1	E05
C02yz	E05
C02z.	E05
C02z0	E05
C02z1	E05
C02zz	E05
C03..	E03
C030.	E07
C03y.	E00
C03z.	E03
C04..	E03
C040.	E89
C041.	E89
C0410	E89
C041z	E89
C042.	E01
C043.	E03
C0430	E03
C0431	E03
C0432	E03
C043z	E03
C04y.	E03
C04z.	E03
C04z0	E03
C050.	E06
C0500	E06
C0501	E06
C0502	E06
C050z	E06
C051.	E06
C052.	E06
C053.	E06
C054.	E06
C05y.	E06
C05z.	E06
C06..	E07
C060.	E07
C061.	E07
C062.	E04
C063.	E07
C0630	E07
C0631	E07
C063z	E07
C06y.	E07
C06y0	E07
C06y1	E03
C06yz	E07
C06z.	E07
C1000	E10
C1001	E11
C100z	E14
C101y	E13
C101z	E14
C102z	E14
C103y	E13
C103z	E14
C105z	E14
C106.	E14
C1060	E10
C106z	E14
C107.	E14
C107z	E14
C108y	E13
C108z	E14
C10yz	E14
C10zz	E14
C11..	E16
C110.	E15
C1101	E15
C110z	E15
C111.	E16
C1110	E16
C1111	E16
C111z	E16
C112.	E16
C1120	E16
C1121	E16
C112z	E16
C113.	E89
C1130	E89
C113z	E89
C114.	E16
C1140	E16
C1141	E16
C114z	E16
C115.	E16
C1150	E16
C1151	E16
C115z	E16
C11y.	E16
C11y1	E16
C11yz	E16
C11z.	E16
C12..	E21
C120.	E21
C1210	E21
C1211	E89
C121z	E20
C12y.	E21
C12y0	E21
C12y1	E21
C12yz	E21
C12z.	E21
C130.	E22
C1302	E22
C130z	E22
C131.	E22
C132.	E23
C1320	E23
C1321	E23
C1322	E23
C132y	E23
C132z	E23
C1330	E23
C133y	E23
C133z	E23
C134.	E23
C1340	E23
C1341	E23
C1342	E23
C1343	E23
C1344	E23
C134z	E23
C135.	E23
C136.	E23
C1360	E22
C136z	E23
C137.	E23
C1370	E23
C1371	E89
C1372	E89
C137z	E89
C13y.	E23
C13y0	E23
C13y1	E23
C13y2	E23
C13y3	D33
C13y4	E23
C13yz	E23
C13z.	E23
C14..	E32
C140.	E32
C141.	E32
C14y.	E32
C14y0	E32
C14y1	E32
C14yz	E32
C14z.	E32
C150.	E24
C1500	E24
C1501	E24
C1502	E24
C1503	E24
C150z	E24
C151.	E26
C1510	E26
C1511	E26
C1512	E26
C151y	E26
C151z	E26
C152.	E25
C1520	E25
C1521	E25
C1522	E25
C1523	E25
C1524	E25
C1525	E25
C1526	E25
C1527	E25
C1528	E25
C1529	E25
C152A	E25
C152y	E25
C152z	E25
C153.	E27
C154.	E27
C1540	E27
C1542	E27
C1543	E27
C1544	E27
C1545	E89
C154z	E27
C155.	E27
C1550	E27
C155z	E27
C156.	E27
C15y.	E27
C15y0	E27
C15yz	E27
C15z.	E27
C16..	E28
C160.	E28
C161.	E28
C1610	E28
C1611	E28
C161y	E28
C161z	E28
C162.	E89
C1620	E89
C1621	E89
C1622	E89
C162y	E89
C162z	E89
C163.	E28
C1630	E28
C1631	E28
C1632	E28
C163y	E28
C163z	E28
C164.	E28
C16y.	E28
C16z.	E28
C17..	E29
C170.	E29
C171.	E89
C1710	E89
C1711	E89
C1712	E89
C171y	E89
C171z	E89
C172.	E29
C1720	E29
C1721	E29
C172y	E29
C172z	E29
C17y.	E29
C17y0	E34
C17yz	E29
C17z.	E29
C18..	E31
C180.	D44
C181.	E31
C18y.	E31
C18z.	E31
C1z..	E34
C1z0.	E30
C1z1.	E30
C1z10	E30
C1z11	E30
C1z1y	E30
C1z1z	E30
C1z2.	E34
C1z3.	E34
C1z30	E34
C1z31	E34
C1z3z	E34
C1z4.	E34
C1z40	E34
C1z41	E34
C1z4y	E34
C1z4z	E34
C1zy.	E34
C1zy0	E34
C1zy1	E34
C1zy2	Q87
C1zy3	E34
C1zy4	E34
C1zyy	E34
C1zyz	E34
C1zz.	E34
C21..	E41
C22..	E46
C23..	E46
C230.	E46
C231.	E46
C232.	E45
C233.	E44
C234.	E44
C23y.	E46
C23z.	E46
C240.	E50
C241.	E50
C242.	E50
C243.	E50
C244.	E50
C245.	E50
C246.	E50
C247.	E50
C2470	E50
C247z	E50
C24y0	E50
C24y1	E50
C24yz	E50
C24z.	E50
C251.	E51
C252.	E52
C26..	E53
C262.	E53
C262z	E53
C26z.	E53
C27..	E54
C28..	E55
C280.	E55
C281.	E64
C282.	E55
C283.	M83
C284.	M83
C285.	M83
C286.	M83
C28z.	E55
C291.	E56
C2911	E56
C291z	E56
C292.	E56
C293.	E61
C2931	E61
C293z	E61
C2941	E60
C2949	E61
C296.	E63
C29y.	E63
C29z.	E63
C2A..	E64
C2A1.	E64
C2A2.	E64
C2z..	E63
C300.	E72
C3001	E72
C3002	E72
C3003	E72
C3004	E72
C300y	E72
C300z	E72
C301.	E70
C302.	E70
C3020	E70
C3021	E70
C3022	E70
C3023	E70
C3024	E70
C3025	E72
C3026	E70
C3027	E70
C302y	E70
C302z	E70
C303.	E71
C3030	E71
C3031	E71
C3032	E71
C3033	E71
C303y	E71
C303z	E71
C3040	E72
C3041	E72
C3042	E72
C3043	E72
C304y	E72
C304z	E72
C305.	E70
C3050	E70
C3051	E70
C3052	E70
C305y	E70
C305z	E70
C306.	E72
C3060	E72
C3061	E72
C3062	E72
C3063	E72
C3064	E72
C306y	E72
C306z	E72
C307.	E72
C3070	E72
C3071	E72
C3072	E72
C3073	E72
C3074	E72
C3075	E72
C3076	E72
C3077	E72
C307y	E72
C307z	E72
C30y.	E72
C30y0	E72
C30y1	E72
C30y2	E72
C30y3	E72
C30y4	E72
C30y5	E72
C30y6	E72
C30y7	E72
C30yy	E72
C30yz	E72
C30z.	E72
C31..	E74
C3100	E74
C3101	E74
C3102	E74
C3103	E74
C3104	E74
C310y	E74
C310z	E74
C311.	E74
C3110	E74
C3111	E74
C311y	E74
C311z	E74
C312.	E74
C313.	E74
C3130	E74
C3131	E73
C3132	E74
C3133	E73
C3134	E73
C3135	E74
C3136	E74
C3137	E74
C3138	E74
C3139	E74
C313z	E74
C314.	E74
C315.	E74
C31y.	E74
C31y0	E74
C31y1	E77
C31y2	E74
C31y3	E77
C31y6	E74
C31y7	E77
C31yz	E74
C31z.	E74
C32..	E78
C320.	E78
C3201	E78
C3202	E78
C320y	E78
C320z	E78
C321.	E78
C322.	E78
C323.	E78
C324.	E78
C325.	E78
C3250	E78
C3251	E78
C3252	E78
C3253	E78
C325z	E78
C326.	E88
C3260	E88
C326z	E88
C327.	E75
C3270	E75
C3271	E75
C3272	E75
C327z	E75
C32y.	E78
C32y0	E88
C32y1	E88
C32y3	E88
C32y4	E88
C32y6	E88
C32yz	E78
C32z.	E78
C33..	E88
C330.	D89
C3300	C88
C3301	D89
C330z	D89
C331.	D47
C332.	D89
C3320	D89
C3321	D89
C332z	D89
C333.	C88
C3330	C88
C3331	C88
C3332	C88
C333z	C88
C33y.	E88
C33y0	E77
C33yy	E88
C33yz	E88
C33z.	E88
C3411	M10
C34y.	M10
C34y2	M10
C34y5	M10
C34yz	M10
C34z.	M10
C35..	E83
C350.	E83
C3501	E83
C3502	E83
C3504	E83
C350y	E83
C350z	E83
C351.	E83
C3510	E83
C3511	E83
C351z	E83
C352.	E83
C3522	E83
C352z	E83
C353.	E83
C3533	E83
C3534	E83
C353z	E83
C354.	E83
C3540	E83
C3541	E83
C3542	E83
C3543	E20
C3544	E83
C3545	E83
C3546	E83
C3548	E83
C354y	E83
C354z	E83
C35y.	E83
C35z.	E83
C360.	E87
C361.	E87
C362.	E87
C3620	E87
C3621	E87
C3622	E87
C3623	E87
C3624	E87
C3625	E87
C3626	E87
C3627	E87
C362y	E87
C362z	E87
C363.	E87
C3630	E87
C3631	E87
C3632	E87
C3633	E87
C3634	E87
C363y	E87
C363z	E87
C364.	E87
C3650	E86
C3652	E86
C365z	E86
C3660	E87
C366z	E87
C367.	E87
C368.	E87
C36z.	E87
C36z0	E87
C36z1	E87
C36zz	E87
C37..	E88
C370.	E84
C3700	E84
C3702	E84
C3703	E84
C370z	E84
C371.	E80
C3710	E80
C3711	E80
C3712	E80
C3713	E80
C3714	E80
C3715	E80
C371z	E80
C372.	E79
C3720	E79
C3721	E79
C3722	E79
C372z	E79
C3730	E85
C3731	E85
C3732	E85
C3734	E85
C3735	E85
C3737	E85
C373y	E85
C373z	E85
C374.	E80
C3740	E80
C3741	E80
C3742	E80
C3743	E80
C374y	E80
C374z	E80
C375.	E76
C3750	E77
C3751	E76
C3752	E76
C3753	E76
C3754	E76
C3756	E76
C3757	E76
C3758	E75
C375y	E76
C375z	E76
C376.	E88
C3760	D84
C3761	E88
C3762	E88
C376y	E88
C376z	E88
C3770	E77
C37y.	E88
C37y0	C96
C37y1	C96
C37y2	E88
C37y3	E88
C37y4	E80
C37y5	C96
C37y6	C96
C37y7	D76
C37y9	D76
C37z.	E88
C3800	E66
C3801	E66
C3802	E66
C386.	E68
C38y.	E67
C39..	D89
C390.	D80
C3900	D80
C3901	D80
C3902	D80
C3903	D80
C3904	D80
C3905	D80
C3906	D80
C3907	D83
C3908	D80
C3909	D80
C390A	D80
C390B	D80
C390y	D80
C390z	D80
C3911	D82
C3912	D82
C3913	D81
C391z	D84
C392.	D81
C3920	D80
C3921	D81
C3922	D82
C3923	D81
C3924	D81
C3925	D81
C3928	D81
C3929	D81
C392z	D81
C393.	D84
C394.	M35
C396.	D82
C3980	D83
C3981	D83
C3982	D83
C39y.	D84
C39y0	D84
Cy0..	E90
Cyu00	D80
Cyu01	D81
Cyu02	D82
Cyu03	D82
Cyu04	D83
Cyu05	D84
Cyu06	D86
Cyu07	D89
Cyu08	D89
Cyu10	E01
Cyu11	E03
Cyu12	E04
Cyu13	E05
Cyu14	E06
Cyu15	E07
Cyu16	E01
Cyu30	E16
Cyu31	E16
Cyu40	E20
Cyu41	E21
Cyu42	E21
Cyu43	E22
Cyu44	E23
Cyu45	E24
Cyu46	E25
Cyu47	E26
Cyu48	E27
Cyu49	E27
Cyu4A	E27
Cyu4B	E28
Cyu4C	E29
Cyu4D	E30
Cyu4E	E31
Cyu4F	E32
Cyu4G	E34
Cyu4H	E34
Cyu4J	E35
Cyu4K	E35
Cyu4L	E35
Cyu4M	E22
Cyu4N	E23
Cyu4P	E30
Cyu50	E43
Cyu60	E50
Cyu61	E50
Cyu62	E51
Cyu63	E53
Cyu64	E56
Cyu65	E61
Cyu66	E63
Cyu67	E64
Cyu68	E51
Cyu69	E64
Cyu70	E66
Cyu71	E67
Cyu80	E70
Cyu81	E70
Cyu82	E71
Cyu83	E72
Cyu84	E73
Cyu85	E74
Cyu86	E74
Cyu87	E75
Cyu88	E75
Cyu89	E75
Cyu8A	E76
Cyu8B	E76
Cyu8C	E77
Cyu8D	E78
Cyu8E	E78
Cyu8F	E79
Cyu8H	E80
Cyu8J	E80
Cyu8K	E83
Cyu8L	E85
Cyu8M	E87
Cyu8N	E88
Cyu8P	E89
Cyu8Q	E90
Cyu8R	E76
Cyu8S	E77
Cyu8T	E80
Cyu8U	E85
Cyu8V	E89
D000.	D50
D001.	D50
D00y.	D50
D00y0	D50
D00y1	D50
D00yz	D50
D00z.	D50
D00z0	D50
D00z1	D50
D00z2	D50
D00zz	D50
D011.	D51
D0110	D51
D0111	D51
D011z	D51
D012.	D52
D0120	D52
D0121	D52
D0122	D52
D0123	D52
D0124	D52
D012z	D52
D013.	D53
D0130	D53
D013z	D53
D014.	D53
D0140	D53
D0141	E79
D014z	D53
D01y.	D53
D01y0	D53
D01y1	D53
D01yy	D53
D01yz	D53
D01z.	D53
D0y..	D53
D0z..	D53
D102.	D55
D1020	D55
D1021	D55
D1022	D59
D102y	D55
D102z	D55
D103.	D55
D1030	D55
D1031	D55
D1032	D55
D1033	D55
D103z	D55
D104.	D56
D1040	D56
D1041	D56
D1043	D56
D1044	D56
D1045	D56
D1046	D56
D1047	D56
D1048	D56
D104z	D56
D105.	D57
D106.	D57
D1060	D57
D1061	D57
D1062	D57
D1063	D57
D1064	D57
D1065	D57
D106z	D57
D107.	D58
D1070	D58
D1071	D56
D1072	D58
D1076	D58
D1077	D56
D107y	D58
D107z	D58
D10y.	D58
D10y0	D58
D10yz	D58
D11..	D59
D110.	D59
D1100	D59
D1101	D59
D1102	D59
D1103	D59
D110z	D59
D111.	D59
D1110	D59
D1111	D59
D1112	D59
D1113	D59
D1114	D59
D1115	D59
D111y	D59
D111z	D59
D112.	D59
D1121	D59
D1122	D59
D112y	D59
D112z	D59
D11z.	D59
D11z0	D59
D11z1	D59
D1y..	D59
D1z..	D59
D200.	D61
D2000	D61
D2001	D61
D2002	D61
D2003	D61
D2004	D61
D200y	D61
D200z	D61
D201.	D61
D2010	D61
D2011	D61
D2012	D61
D2013	D61
D2014	D61
D2015	D61
D2016	D61
D2017	D61
D201z	D61
D202.	D60
D203.	D60
D204.	D61
D20z.	D61
D21..	D61
D210.	D64
D2100	D64
D2101	D64
D2102	D64
D2103	D64
D2104	D64
D210z	D64
D211.	D62
D212.	D63
D21y.	D64
D21y0	D64
D21y1	D72
D21y2	D64
D21yy	D64
D21yz	D64
D21z.	D64
D2y..	D64
D2z..	D64
D301.	D67
D302.	D68
D303.	D68
D3030	D68
D3031	D68
D3032	D68
D3033	D68
D3034	D68
D3035	D68
D3036	D68
D303y	D68
D303z	D68
D304.	D68
D305.	D68
D3050	D68
D3051	D68
D3052	D68
D3053	D68
D3054	D68
D3055	D68
D305z	D68
D307.	D68
D3070	D68
D3071	D68
D3072	D68
D307y	D68
D307z	D68
D309.	D68
D30z.	D68
D31..	D69
D310.	D69
D3100	D69
D310z	D69
D311.	D69
D311z	D69
D312.	D69
D3120	D69
D312z	D69
D313.	D69
D3130	D69
D3131	D69
D3132	Q87
D3133	D69
D313y	D69
D313z	D69
D314.	D69
D3141	D69
D3142	D69
D314y	D69
D314z	D69
D315.	D69
D31y.	D69
D31y0	D69
D31yz	D69
D31z.	D69
D3y0.	D47
D400.	D70
D4000	D70
D4001	D70
D4002	D70
D4003	D70
D4004	D70
D4005	D70
D4007	D70
D4008	D70
D4009	D70
D400y	D70
D400z	D70
D401.	D71
D4010	D71
D401z	D71
D402.	D72
D403.	D72
D4030	D72
D4031	D72
D4032	D72
D4033	D72
D4034	D72
D403z	D72
D40y.	D72
D40y1	D72
D40y2	D72
D40y3	D72
D40y4	D72
D40yy	D72
D40yz	D72
D40z.	D72
D41..	D75
D410.	D75
D4100	D75
D4101	D75
D4102	D75
D4103	D75
D4104	D75
D410z	D75
D4110	I88
D412.	I88
D412z	I88
D413.	I88
D414.	D73
D415.	D73
D4150	D73
D4151	D73
D4152	D73
D4156	D73
D4158	D73
D4159	D73
D415z	D73
D417.	D74
D4170	D74
D4171	D74
D4172	D74
D4173	D74
D4174	D74
D4175	D74
D417z	D74
D41y.	D75
D41y0	D89
D41y2	E88
D41yy	D75
D41yz	D75
D41z.	D75
D4y..	D75
D4z..	D75
Dy...	D75
Dyu00	D50
Dyu01	D51
Dyu02	D51
Dyu03	D52
Dyu04	D53
Dyu05	D53
Dyu06	D51
Dyu10	D55
Dyu11	D56
Dyu12	D57
Dyu13	D58
Dyu14	D58
Dyu15	D59
Dyu16	D59
Dyu17	D59
Dyu20	D60
Dyu21	D61
Dyu22	D63
Dyu23	D64
Dyu24	D64
Dyu25	D60
Dyu30	D68
Dyu31	D69
Dyu32	D69
Dyu33	D69
Dyu34	D69
Dyu40	D72
Dyu41	D73
Dyu42	D74
Dyu43	D75
Dyu44	D76
Dyu45	D77
Dz...	D75
E000.	F03
E001.	F03
E0010	F03
E0011	F05
E0012	F03
E0013	F03
E002.	F03
E0020	F03
E0021	F03
E003.	F05
E0040	F01
E0042	F01
E01..	F10
E011z	F10
E0120	F10
E013.	F10
E014.	F10
E015.	F10
E01y0	F10
E021.	F19
E0210	F19
E0211	F19
E023.	F17
E02y4	F19
E03..	F09
E0300	F05
E0301	F05
E0302	F05
E0303	F05
E0304	F05
E0310	F05
E0311	F05
E0312	F05
E0313	F05
E0314	F05
E03y1	F06
E03y2	F06
E040.	F04
E100.	F20
E1001	F20
E1003	F23
E1004	F20
E1005	F20
E101.	F20
E1011	F20
E1012	F20
E1013	F20
E1014	F20
E1015	F20
E102.	F20
E1021	F20
E1022	F20
E1023	F20
E1024	F20
E1025	F20
E103.	F20
E1031	F20
E1032	F20
E1033	F20
E1034	F20
E1035	F20
E105.	F21
E1051	F21
E1052	F21
E1053	F21
E1054	F21
E1055	F21
E106.	F20
E107.	F25
E1071	F25
E1072	F25
E1073	F25
E1074	F25
E1075	F25
E10y0	F20
E10y1	F20
E1101	F30
E1102	F30
E1104	F30
E1106	F30
E111.	F31
E1111	F31
E1112	F31
E1114	F30
E1116	F31
E1121	F32
E1122	F32
E1123	F32
E1124	F32
E1126	F32
E1131	F33
E1132	F33
E1133	F33
E1134	F33
E1135	F33
E1136	F33
E1137	F33
E114.	F31
E1141	F31
E1142	F31
E1144	F31
E1151	F31
E1152	F31
E1154	F31
E116.	F31
E1161	F31
E1162	F31
E1164	F31
E1166	F31
E11y1	F30
E11y2	F32
E120.	F22
E123.	F24
E131.	F44
E132.	F44
E134.	F23
E13y0	F44
E14..	F84
E1400	F84
E1401	F84
E140z	F84
E141.	F84
E1410	F84
E1411	F84
E141z	F84
E14y0	F84
E14y1	F84
E20..	F48
E2002	F41
E2004	F41
E201.	F44
E2011	F44
E2012	F44
E2013	F44
E2014	F44
E2015	F44
E2018	F44
E2019	F44
E201B	F68
E2021	F40
E2023	F40
E2024	F40
E2025	F40
E2027	F40
E2028	F40
E2029	F40
E202E	F40
E203.	F42
E2030	F42
E2031	F42
E206.	F48
E207.	F45
E20y0	F45
E20y1	F48
E20y3	F48
E2111	F30
E2112	F34
E2113	F34
E215.	F60
E2151	F68
E2152	F60
E2153	F60
E21y0	F60
E21y1	F60
E21y2	F60
E21y3	F60
E21y4	F60
E21y5	F60
E21y6	F60
E221.	F65
E222.	F65
E225.	F64
E2251	F64
E2252	F64
E2253	F64
E226.	F64
E2271	F52
E2272	F52
E2274	F52
E2275	F52
E2276	F52
E2277	F52
E22y.	F52
E22y0	F65
E22y1	F65
E22y2	F65
E22y3	F65
E22y4	F64
E22y5	F52
E22y6	F52
E230.	F10
E2301	F10
E2302	F10
E230z	F10
E2311	F10
E2312	F10
E2313	F10
E24..	F19
E2401	F11
E2402	F11
E2403	F11
E2411	F13
E2412	F13
E2413	F13
E242.	F14
E2421	F14
E2422	F14
E2423	F14
E2431	F12
E2432	F12
E2433	F12
E2441	F15
E2442	F15
E2443	F15
E2450	F16
E2451	F16
E2452	F16
E2453	F16
E246.	F18
E2460	F18
E2461	F18
E2462	F18
E2463	F18
E248.	F19
E2481	F19
E2482	F19
E2483	F19
E249.	F19
E2491	F19
E2492	F19
E2493	F19
E24A.	F15
E2501	F10
E2502	F10
E2503	F10
E251.	F17
E2511	F17
E2512	F17
E2513	F17
E252.	F12
E2521	F12
E2522	F12
E2523	F12
E2531	F16
E2532	F16
E2541	F13
E2542	F13
E255.	F11
E2551	F11
E2552	F11
E2553	F11
E256.	F14
E2561	F14
E2562	F14
E2563	F14
E2571	F15
E2572	F15
E258.	F55
E2581	F55
E2582	F55
E2583	F55
E259.	F19
E2591	F19
E2592	F19
E2593	F19
E26..	F45
E2601	F45
E261.	F45
E2610	F45
E2613	F45
E262.	F45
E2622	F45
E263.	F45
E2630	F45
E2642	F50
E2644	F45
E2645	F45
E2651	F52
E2652	F45
E266.	F45
E267.	F45
E26y0	F45
E270.	F98
E271.	F50
E2721	F95
E2722	F95
E2723	F95
E273.	F98
E2730	F98
E2731	F98
E2732	F98
E2742	G47
E2745	F51
E2746	G47
E2748	F51
E2749	F51
E274A	G47
E274B	G47
E274E	G47
E2753	F42
E2755	F98
E2756	F50
E2758	F50
E2760	F98
E2761	F98
E277.	F98
E2770	F98
E2771	F98
E278.	F45
E2782	F45
E27z1	F80
E27z4	F98
E280.	F43
E281.	F43
E282.	F43
E2830	F43
E2831	F43
E284.	F43
E29..	F43
E290.	F43
E291.	F43
E2920	F93
E2921	F94
E2922	F94
E2924	F43
E2925	F43
E292y	F43
E293.	F43
E2930	F43
E2931	F43
E2932	F43
E294.	F43
E29y0	F62
E29y2	F43
E29y3	F94
E29y4	F43
E2A..	F06
E2A1.	F07
E2A11	F04
E2A12	F62
E2A3.	F07
E2B0.	F32
E2B1.	F32
E2C0.	F91
E2C00	F91
E2C12	F91
E2C2.	F91
E2C23	F91
E2C2z	F91
E2C32	F63
E2C33	F63
E2C34	F63
E2C35	F60
E2C4.	F92
E2C40	F92
E2D0.	F93
E2D01	F93
E2D3.	F91
E2D30	F93
E2Dy0	F91
E2Dy1	F93
E2Dy2	F81
E2E..	F90
E2E00	F98
E2E1.	F90
E2E2.	F90
E2F..	F88
E2F0.	F81
E2F02	F81
E2F31	F80
E2F5.	F83
E2G..	F54
E310.	F71
E311.	F72
E312.	F73
Eu01y	F01
Eu01z	F01
Eu02.	F02
Eu02y	F02
Eu02z	F03
Eu03.	F04
Eu04.	F05
Eu040	F05
Eu041	F05
Eu04y	F05
Eu04z	F05
Eu05.	F06
Eu052	F06
Eu05y	F06
Eu05z	F06
Eu06.	F07
Eu060	F07
Eu06y	F07
Eu06z	F07
Eu0z.	F09
Eu10.	F10
Eu100	F10
Eu101	F10
Eu102	F10
Eu103	F10
Eu104	F10
Eu105	F10
Eu106	F10
Eu107	F10
Eu10y	F10
Eu10z	F10
Eu11.	F11
Eu110	F11
Eu111	F11
Eu112	F11
Eu113	F11
Eu114	F11
Eu115	F11
Eu116	F11
Eu117	F11
Eu11y	F11
Eu11z	F11
Eu12.	F12
Eu120	F12
Eu121	F12
Eu122	F12
Eu123	F12
Eu124	F12
Eu125	F12
Eu126	F12
Eu127	F12
Eu12y	F12
Eu12z	F12
Eu13.	F13
Eu130	F13
Eu131	F13
Eu132	F13
Eu133	F13
Eu134	F13
Eu135	F13
Eu136	F13
Eu137	F13
Eu13y	F13
Eu13z	F13
Eu14.	F14
Eu140	F14
Eu141	F14
Eu142	F14
Eu143	F14
Eu144	F14
Eu145	F14
Eu146	F14
Eu147	F14
Eu14y	F14
Eu14z	F14
Eu15.	F15
Eu150	F15
Eu151	F15
Eu152	F15
Eu153	F15
Eu154	F15
Eu155	F15
Eu156	F15
Eu157	F15
Eu15y	F15
Eu15z	F15
Eu16.	F16
Eu160	F16
Eu161	F16
Eu163	F16
Eu164	F16
Eu165	F16
Eu166	F16
Eu167	F16
Eu16y	F16
Eu16z	F16
Eu17.	F17
Eu170	F17
Eu171	F17
Eu172	F17
Eu173	F17
Eu174	F17
Eu175	F17
Eu176	F17
Eu177	F17
Eu17y	F17
Eu17z	F17
Eu18.	F18
Eu180	F18
Eu181	F18
Eu183	F18
Eu184	F18
Eu185	F18
Eu186	F18
Eu187	F18
Eu18y	F18
Eu18z	F18
Eu19.	F19
Eu190	F19
Eu191	F19
Eu192	F19
Eu193	F19
Eu194	F19
Eu195	F19
Eu196	F19
Eu197	F19
Eu19y	F19
Eu19z	F19
Eu202	F20
Eu203	F23
Eu20y	F20
Eu20z	F20
Eu21.	F21
Eu220	F22
Eu22y	F22
Eu22z	F22
Eu230	F23
Eu231	F23
Eu232	F23
Eu233	F23
Eu23y	F23
Eu23z	F23
Eu24.	F24
Eu25.	F25
Eu25y	F25
Eu25z	F25
Eu2y.	F28
Eu2z.	F29
Eu30.	F30
Eu301	F30
Eu302	F30
Eu30y	F30
Eu30z	F30
Eu310	F31
Eu311	F31
Eu312	F31
Eu313	F31
Eu314	F31
Eu316	F31
Eu317	F31
Eu31y	F31
Eu31z	F31
Eu320	F32
Eu321	F32
Eu322	F32
Eu323	F32
Eu32y	F32
Eu32z	F32
Eu330	F33
Eu331	F33
Eu332	F33
Eu333	F33
Eu334	F33
Eu33y	F33
Eu33z	F33
Eu34.	F34
Eu34y	F34
Eu34z	F34
Eu3y.	F38
Eu3y0	F38
Eu3y1	F38
Eu3yy	F38
Eu3z.	F39
Eu40.	F40
Eu400	F40
Eu402	F40
Eu40y	F40
Eu40z	F40
Eu41.	F41
Eu410	F41
Eu413	F41
Eu41y	F41
Eu41z	F41
Eu420	F42
Eu421	F42
Eu422	F42
Eu42y	F42
Eu42z	F42
Eu430	F43
Eu432	F43
Eu43y	F43
Eu43z	F43
Eu44.	F44
Eu443	F44
Eu444	F44
Eu446	F44
Eu447	F44
Eu44y	F44
Eu44z	F44
Eu453	F45
Eu454	F45
Eu45y	F45
Eu45z	F45
Eu46.	F48
Eu46y	F48
Eu46z	F48
Eu50.	F50
Eu502	F50
Eu505	F50
Eu50y	F50
Eu50z	F50
Eu510	F51
Eu512	F51
Eu515	F51
Eu51y	F51
Eu51z	F51
Eu521	F52
Eu522	F52
Eu523	F52
Eu527	F52
Eu52y	F52
Eu52z	F52
Eu53.	F53
Eu530	F53
Eu531	F53
Eu53y	F53
Eu53z	F53
Eu54.	F54
Eu55.	F55
Eu5z.	F59
Eu60.	F60
Eu600	F60
Eu60y	F60
Eu60z	F60
Eu61.	F61
Eu62.	F62
Eu620	F62
Eu621	F62
Eu62y	F62
Eu62z	F62
Eu63.	F63
Eu633	F63
Eu63y	F63
Eu63z	F63
Eu64.	F64
Eu641	F64
Eu642	F64
Eu64y	F64
Eu64z	F64
Eu65.	F65
Eu651	F65
Eu655	F65
Eu656	F65
Eu65y	F65
Eu65z	F65
Eu66.	F66
Eu660	F66
Eu661	F66
Eu662	F66
Eu66y	F66
Eu66z	F66
Eu6y.	F68
Eu6y0	F68
Eu6y1	F68
Eu6yy	F68
Eu6z.	F69
Eu700	F70
Eu701	F70
Eu70y	F70
Eu70z	F70
Eu710	F71
Eu711	F71
Eu71y	F71
Eu71z	F71
Eu720	F72
Eu721	F72
Eu72y	F72
Eu72z	F72
Eu730	F73
Eu731	F73
Eu73y	F73
Eu73z	F73
Eu7y.	F78
Eu7y0	F78
Eu7y1	F78
Eu7yy	F78
Eu7yz	F78
Eu7z.	F79
Eu7z0	F79
Eu7z1	F79
Eu7zy	F79
Eu7zz	F79
Eu800	F80
Eu801	F80
Eu802	F80
Eu80y	F80
Eu80z	F80
Eu81.	F81
Eu811	F81
Eu812	F81
Eu813	F81
Eu81y	F81
Eu81z	F81
Eu83.	F83
Eu843	F84
Eu844	F84
Eu84y	F84
Eu84z	F84
Eu8y.	F88
Eu8z.	F89
Eu900	F90
Eu90y	F90
Eu90z	F90
Eu91.	F91
Eu910	F91
Eu912	F91
Eu91y	F91
Eu91z	F91
Eu92.	F92
Eu92y	F92
Eu93.	F93
Eu930	F93
Eu931	F93
Eu932	F93
Eu93y	F93
Eu93z	F93
Eu94.	F94
Eu940	F94
Eu941	F94
Eu94y	F94
Eu94z	F94
Eu95.	F95
Eu951	F95
Eu95y	F95
Eu9y.	F98
Eu9y2	F98
Eu9y3	F98
Eu9y4	F98
Eu9yy	F98
Eu9yz	F98
Euz..	F99
F0...	G96
F000.	G00
F001.	G00
F002.	G00
F003.	G00
F007.	G01
F007z	G01
F00y.	G00
F00y0	G00
F00y1	G00
F00y3	G00
F00yz	G00
F00z.	G00
F01..	G02
F010z	G02
F011y	A87
F011z	A87
F013.	D86
F01y.	G03
F01yz	G03
F01z.	G01
F02..	G03
F020.	G03
F022.	G03
F02z.	G03
F03..	G04
F030.	G05
F0301	A81
F0303	A85
F030z	A86
F031.	G05
F032.	G05
F0320	G05
F032z	G05
F033.	G05
F033z	G05
F034.	G04
F034z	G04
F035.	G04
F035z	G04
F036.	G92
F0360	G92
F0361	G92
F0362	G92
F036z	G92
F03y.	G04
F03z.	G04
F0400	G06
F0401	G06
F0402	G06
F0404	G06
F0405	G06
F040z	G06
F0410	G06
F0412	G06
F041z	G06
F05..	G08
F050.	G08
F0500	G08
F0501	G08
F0502	G08
F0503	G08
F050z	G08
F051.	G08
F0510	G08
F0511	G08
F0512	G08
F0513	G08
F051z	G08
F052.	G08
F0520	G08
F0521	G08
F0522	G08
F0523	G08
F052z	G08
F053z	G08
F05z.	G08
F06..	G09
F1...	G31
F10..	G31
F100.	E75
F1000	E75
F1001	D70
F1002	E75
F1003	E75
F100z	E75
F101.	E75
F1010	E75
F1011	E75
F1012	E75
F1013	E75
F1014	E75
F1015	E75
F101z	E75
F102.	E75
F1020	E75
F1021	E75
F102z	E75
F103.	G32
F1030	E76
F1031	E76
F103z	G32
F10y.	G31
F10y0	G31
F10y1	G31
F10yz	G31
F10z.	G31
F11..	G31
F112.	G31
F113.	G91
F1130	G91
F113z	G91
F114.	G91
F11x.	G32
F11x0	G31
F11x2	I67
F11x3	Q03
F11x7	A81
F11x8	A81
F11xz	G31
F11y0	G93
F11y1	G11
F11yz	G31
F11z.	G31
F121.	G21
F12z.	G20
F13..	G25
F130.	G23
F1300	G23
F1301	G23
F1302	G23
F1303	G20
F1304	G23
F1305	G23
F130z	G23
F131.	G25
F1310	G25
F1311	G25
F131z	G25
F1320	G25
F1321	G40
F1322	G40
F132y	G25
F132z	G25
F133.	G25
F134.	G10
F135.	G25
F1350	G25
F1351	G25
F135z	G25
F136.	G24
F137.	G24
F1371	G80
F137y	G24
F137z	G24
F138.	G24
F1380	G24
F1381	G24
F1382	G24
F1383	G25
F138z	G24
F13z1	G25
F13z2	G25
F13zz	G25
F14..	G11
F140.	G11
F141.	G11
F142.	G11
F1420	G11
F1421	G11
F1422	G11
F142z	G11
F143.	G11
F144.	G13
F1440	G31
F144z	G13
F14y.	G11
F14y0	G11
F14y1	G11
F14yz	G11
F14z.	G11
F15..	G12
F150.	G12
F151.	G12
F1510	G12
F1511	G12
F1512	G12
F151z	G12
F152.	G12
F1521	G12
F1522	G12
F1523	G12
F1524	G12
F152z	G12
F15y.	G12
F15z.	G12
F16..	G12
F160.	G95
F1600	G95
F1601	G95
F160z	G95
F161.	G95
F1610	G95
F1611	G95
F1612	G95
F1613	G95
F1614	G95
F161z	G95
F163.	G99
F163z	G99
F16y.	G95
F16y0	G95
F16y1	G95
F16yz	G95
F16z.	G95
F170.	G90
F1700	G90
F1701	G90
F170z	G90
F171.	G99
F171z	G90
F17z.	G90
F20..	G35
F200.	G35
F201.	G35
F202.	G35
F203.	G35
F20z.	G35
F21..	G37
F210.	G36
F211.	G37
F212.	G36
F21y.	G37
F21y0	G37
F21y1	G37
F21y2	I67
F21yz	G37
F21z.	G37
F22..	G81
F220.	G81
F221.	G81
F22z.	G81
F2300	G80
F230z	G80
F231.	G80
F233.	G80
F234.	G80
F23y.	G80
F23y0	G80
F23y1	G80
F23yz	G80
F23z.	G80
F24..	G83
F2400	G82
F2401	G82
F2410	G82
F2411	G82
F242.	G83
F243.	G83
F244.	G83
F245.	G83
F246.	G83
F2460	G83
F2461	G83
F246z	G83
F24y.	G83
F24y1	G83
F24yz	G83
F24z.	G83
F250.	G40
F2500	G40
F2502	G40
F2503	G40
F250y	G40
F250z	G40
F251.	G40
F2510	G40
F2511	G40
F2512	G40
F2513	G40
F2514	G40
F251y	G40
F251z	G40
F252.	G41
F253.	G41
F254.	G40
F2540	G40
F2542	G40
F2543	G40
F2544	G40
F254z	G40
F255.	G40
F2550	G40
F2551	G40
F2552	G40
F2553	G40
F2554	G40
F2555	G40
F255y	G40
F255z	G40
F256.	G40
F256z	G40
F257.	G40
F25y.	G40
F25y0	G40
F25y1	G40
F25y2	G40
F25yz	G40
F25z.	G40
F260.	G43
F261.	G43
F261z	G43
F262.	G43
F2620	G44
F2622	G43
F2623	G43
F2624	G43
F262z	G43
F26y.	G43
F26y0	G43
F26y1	G43
F26y3	G43
F26yz	G43
F26z.	G43
F27..	G47
F270.	G47
F271.	G47
F27z.	G47
F28..	G93
F2802	G93
F280y	G93
F280z	G93
F282.	G93
F283.	G93
F284.	G93
F2840	G93
F284z	G93
F28y.	G93
F28y0	G93
F28y1	G93
F28yz	G93
F28z.	G93
F29..	G98
F290.	G97
F2900	G97
F2901	G97
F2902	G97
F290y	G97
F290z	G97
F291.	G97
F2910	G97
F292.	G96
F2920	G96
F2921	G96
F2923	G96
F2924	G03
F292z	G96
F29y.	G98
F29y0	G96
F29y2	G96
F29y3	G92
F29y4	G95
F29yz	G98
F29z.	G98
F2y..	G98
F2z..	G98
F30..	G50
F301.	G50
F3010	G50
F301z	G50
F302.	G50
F30y.	G50
F30z.	G50
F31..	G51
F310.	G51
F31y.	G51
F31y0	G51
F31y1	G51
F31yz	G51
F31z.	G51
F32..	G52
F320.	G52
F321.	G52
F322.	G52
F323.	G52
F324.	G52
F325.	G52
F3260	G52
F3261	G52
F3262	Q87
F3263	G53
F3264	G53
F326z	G52
F32z.	G52
F330.	G54
F3300	Q76
F3303	G54
F330z	G54
F331.	G54
F332.	G54
F333.	G54
F334.	G54
F335.	G54
F336.	G54
F3360	G54
F3361	G54
F337.	G55
F3370	G55
F3371	G55
F3372	G55
F3373	G55
F33y.	G54
F33z.	G54
F34..	G56
F341.	G56
F3410	G56
F3411	G56
F3412	G56
F341z	G56
F342.	G56
F3420	G56
F3421	G56
F3422	G56
F342z	G56
F343.	G56
F3430	G56
F3431	G56
F3432	G56
F343z	G56
F344.	G56
F345.	G58
F34y.	G56
F34z.	G56
F35..	G57
F351.	G57
F352.	G57
F353.	G57
F354.	G57
F355.	G57
F356.	G57
F3560	G57
F356z	G57
F357.	G57
F358.	G57
F35x.	G57
F35y.	G57
F35z.	G58
F36..	G60
F3600	G60
F360z	G60
F3610	G60
F361z	G60
F362.	G60
F363.	G60
F364.	G60
F365.	G60
F36y.	G60
F36yz	G60
F36z.	G60
F370.	G61
F3700	G61
F3701	G61
F370z	G61
F373.	G13
F374.	G63
F374z	G63
F375.	G62
F376.	G62
F377.	G62
F37y.	G62
F37y0	G61
F37z.	G62
F38..	G70
F380.	G70
F3800	G70
F3801	G70
F380z	G70
F381.	G73
F3812	A05
F381z	G73
F382.	G70
F383.	G70
F38y.	G70
F38z.	G70
F390.	G71
F3900	G71
F3901	G71
F3902	G71
F3904	G71
F390z	G71
F391.	G71
F3910	G71
F3911	G71
F3912	G71
F3913	G71
F3914	G71
F3915	G71
F3916	G71
F3917	G71
F3918	G71
F391y	G71
F391z	G71
F392.	G71
F3920	G71
F3921	G71
F3922	G71
F3923	G71
F392y	G71
F392z	G71
F393.	G72
F394.	G72
F395z	G73
F396.	G73
F396z	G73
F397.	G72
F39y.	G72
F39z.	G72
F3y..	G64
F3z..	G64
F40..	H44
F400.	H44
F4000	H44
F4001	H44
F4002	H44
F4003	H44
F4004	H44
F400z	H44
F401.	H44
F4010	H44
F4011	H44
F4012	H44
F4013	H16
F4014	H44
F401z	H44
F402.	H44
F4020	H44
F4021	H44
F4022	H44
F4023	H44
F4024	H44
F402z	H44
F403.	H44
F4030	H44
F4031	H44
F4032	H44
F4033	H44
F4034	Q11
F403z	H44
F4040	H44
F4041	H44
F4042	H44
F4043	H44
F4044	H44
F4045	H44
F404z	H44
F405.	H44
F4050	H44
F4051	H44
F4052	H44
F4053	H44
F4054	H44
F4055	H44
F405x	H44
F405y	H44
F405z	H44
F406.	H44
F4060	H44
F4061	H44
F4062	H44
F4063	H44
F4064	H44
F4065	H44
F406x	H44
F406y	H44
F406z	H44
F40y.	H44
F40y0	H44
F40yz	H44
F40z.	H44
F41..	H33
F410.	H33
F4100	H33
F4101	H33
F4102	H33
F4103	H33
F4104	H33
F4105	H33
F4106	H33
F4107	H33
F4108	H33
F4109	H33
F410z	H33
F411.	H33
F4110	H33
F4111	H33
F4112	H33
F4113	H33
F4114	H33
F4115	H33
F411z	H33
F412.	H33
F413.	H33
F4130	H33
F4131	H33
F4132	H33
F4133	H33
F413z	H33
F41y.	H33
F41y0	H33
F41yz	H33
F41z.	H33
F42..	H35
F421.	H35
F4210	H35
F4211	H35
F4212	H35
F4214	H35
F4215	H35
F4216	H35
F4217	H35
F4218	H35
F4219	H35
F421A	H35
F421B	H35
F421C	H35
F421D	H35
F421E	H35
F421z	H35
F422.	H35
F4220	H35
F422y	H35
F422z	H35
F423.	H34
F4230	H34
F4231	H34
F4232	H34
F4233	H34
F4234	H34
F4235	H34
F4236	G45
F4237	H34
F4238	H34
F4239	H34
F423A	H34
F423z	H34
F424.	H35
F4240	H35
F4241	H35
F4242	H35
F4243	H35
F424z	H35
F425.	H35
F4250	H35
F4251	H35
F4252	H35
F4253	H35
F4254	H35
F4255	H35
F4256	H35
F425z	H35
F426.	H35
F4260	H35
F4261	H35
F4262	H35
F4263	H35
F4264	H35
F4265	H35
F4266	H35
F426z	H35
F427.	H35
F4270	H35
F4271	H35
F4272	H35
F4274	H35
F4275	H35
F4276	H35
F4277	H35
F4278	H35
F4279	H35
F427A	H35
F427C	H35
F427D	H35
F427E	H35
F427F	H35
F427H	H35
F427J	H35
F427K	E75
F427L	H35
F427y	H35
F427z	H35
F42y.	H35
F42y0	H35
F42y1	H35
F42y3	H35
F42y4	H35
F42y5	H35
F42y6	H35
F42y7	H34
F42y8	H35
F42y9	H35
F42yA	H35
F42yB	H35
F42yC	H34
F42yD	H35
F42yz	H35
F42z.	H35
F430.	H30
F4300	H30
F4301	H30
F4302	H30
F4303	H30
F4304	H30
F4305	H30
F4306	H30
F4307	H30
F430z	H30
F431.	H30
F4310	H30
F4311	H30
F4312	H30
F4313	H30
F4314	H30
F4315	H30
F431z	H30
F432.	H30
F4320	H30
F4321	H30
F432z	H30
F433.	H31
F4330	H31
F4331	H31
F4332	H31
F4333	H31
F4334	H31
F4335	H31
F433z	H31
F4340	H31
F4341	H31
F4342	H31
F4343	H35
F434z	H31
F4350	H31
F4351	H31
F4352	H31
F4353	H31
F4354	H31
F4355	H31
F4356	H31
F4357	H31
F4359	H31
F435z	H31
F436.	H31
F4360	H31
F4361	H31
F4362	H31
F436z	H31
F437.	H31
F4370	H31
F4371	H31
F4372	H31
F437z	H31
F43y.	H31
F43z.	H31
F44..	H21
F440.	H20
F4400	H20
F4401	H20
F4402	H20
F4403	H20
F4404	H20
F4405	H20
F4406	H20
F440z	H20
F441.	H20
F4410	H20
F4411	H20
F441z	H20
F442.	H20
F4420	H20
F4421	H40
F4422	H20
F4423	H20
F442z	H20
F443.	H20
F444.	H21
F4441	H21
F444z	H21
F445.	H21
F4450	H21
F4451	H21
F4452	H21
F4453	H21
F4454	H21
F4455	H21
F4456	H21
F445z	H21
F446.	H21
F4460	H21
F4461	H21
F4462	H21
F4464	H21
F4465	H21
F4466	H21
F4467	H21
F446z	H21
F447.	H21
F4470	H21
F4471	H21
F4472	H21
F4473	H21
F4474	H21
F4475	H21
F4476	H21
F4477	H21
F4479	H21
F447A	H21
F447B	H21
F447C	H21
F447D	H21
F447z	H21
F44y.	H21
F44y0	H21
F44yz	H21
F44z.	H21
F450.	H40
F4500	H40
F4501	H40
F4502	H40
F4503	H40
F450z	H40
F451.	H40
F4510	H40
F4511	H40
F4512	H40
F4513	H40
F4514	Q15
F4515	H40
F451z	H40
F4520	H40
F4521	H40
F4522	H40
F4523	H40
F4524	H40
F452z	H40
F453.	H40
F4530	H40
F4531	H40
F453z	H40
F454.	H42
F4540	H40
F4543	H42
F4544	H42
F454z	H42
F455.	H40
F4550	H40
F4551	H40
F455z	H40
F456.	H40
F4560	H40
F4561	H40
F4562	H40
F4563	H40
F4564	H40
F456z	H40
F45y.	H40
F45y0	H40
F45y1	H40
F45yz	H40
F45z.	H40
F460.	H26
F4600	H26
F4601	H26
F4602	H26
F4606	H26
F4607	H25
F460x	H26
F460y	H26
F460z	H26
F461.	H25
F4610	H25
F4611	H26
F4612	Q12
F4616	H25
F4617	H25
F4618	H25
F4619	H25
F461A	H25
F461B	H25
F461x	H25
F461y	H25
F461z	H25
F462.	H26
F4620	H26
F4622	H26
F4623	H26
F462z	H26
F463.	H26
F4630	H26
F4631	H26
F4632	H26
F4633	H26
F4634	H26
F463z	H26
F464.	H28
F4641	H26
F4643	H28
F4644	H26
F4645	H26
F4646	H26
F4647	H26
F464z	H28
F465.	H26
F4650	H26
F4651	H26
F4652	H26
F4653	H26
F465z	H26
F46y.	H26
F46y0	H26
F46yz	H26
F46z.	H26
F470.	H52
F471.	H52
F472.	H52
F4720	H52
F4721	H52
F4722	H52
F472z	H52
F473.	H52
F4730	H52
F4731	H52
F473z	H52
F474.	H52
F475.	H52
F4750	H52
F4751	H52
F4752	H52
F475z	H52
F47y.	H52
F47y0	H52
F47y1	H52
F47yz	H52
F47z.	H52
F480.	H53
F4800	H53
F4801	H53
F4802	H53
F4803	H53
F480z	H53
F481.	H53
F4810	H53
F4811	H53
F4812	H53
F4813	H53
F4814	H53
F4815	H53
F4816	H52
F4817	H53
F4818	H53
F4819	H53
F481A	H53
F481B	H53
F481C	H53
F481D	H53
F481E	H53
F481F	H53
F481G	H53
F481L	H53
F481z	H53
F482.	H53
F483.	H53
F4830	H53
F4831	H53
F4832	H53
F4833	H53
F4834	H53
F4835	H51
F483z	H53
F484.	H53
F4840	H53
F4841	H53
F4842	H53
F4843	H53
F4844	H53
F4845	H53
F4846	H53
F4847	H53
F4848	H53
F4849	H53
F484A	H53
F484B	H53
F484C	H53
F484D	H53
F484E	H53
F484F	H53
F484G	H53
F484H	H53
F484J	H53
F484K	H53
F484L	H53
F484M	H53
F484N	H53
F484z	H53
F485.	H53
F4850	H53
F4851	H53
F4852	H53
F4853	H53
F4854	H53
F485z	H53
F4860	H53
F4861	H53
F4862	H53
F4863	H53
F4865	H53
F4866	H53
F4867	H53
F486z	H53
F48y.	H53
F48y0	H53
F48yz	H53
F48z.	H53
F490.	H54
F4900	H54
F4901	H54
F4902	H54
F4903	H54
F4904	H54
F4905	H54
F4906	H54
F4907	H54
F4908	H54
F490z	H54
F491.	H54
F4910	H54
F4911	H54
F4912	H54
F4913	H54
F4914	H54
F4915	H54
F4916	H54
F4917	H54
F4918	H54
F491z	H54
F492.	H54
F4920	H54
F4921	H54
F4922	H54
F4923	H54
F4924	H54
F4925	H54
F492z	H54
F493.	H54
F494.	H54
F495.	H54
F4950	H54
F4951	H54
F4952	H54
F4953	H54
F4954	H54
F4955	H54
F4956	H54
F4957	H54
F4958	H54
F4959	H54
F495z	H54
F496.	H54
F4960	H54
F4961	H54
F4962	H54
F4963	H54
F4964	H54
F4965	H54
F4966	H54
F496z	H54
F49y.	H54
F4A..	H16
F4A00	H16
F4A01	H16
F4A02	H16
F4A03	H16
F4A04	H16
F4A05	H16
F4A06	H16
F4A07	H16
F4A0z	H16
F4A2.	H16
F4A20	H16
F4A21	H16
F4A22	H16
F4A23	H16
F4A24	H16
F4A25	H16
F4A26	H16
F4A27	H16
F4A28	H16
F4A2z	H16
F4A3.	H16
F4A30	H16
F4A31	H10
F4A33	H16
F4A34	H16
F4A3z	H16
F4A4.	H16
F4A40	H16
F4A41	H16
F4A4z	H16
F4A5.	H16
F4A50	H16
F4A51	H16
F4A53	H16
F4A5z	H16
F4A6.	H16
F4A60	H16
F4A61	H16
F4A62	H16
F4A63	H16
F4A64	H16
F4A6z	H16
F4Ay.	H16
F4Az.	H16
F4B0.	H17
F4B00	H17
F4B01	H17
F4B02	H17
F4B03	H17
F4B04	H17
F4B05	H17
F4B0z	H17
F4B1.	H18
F4B10	H18
F4B12	H18
F4B13	H18
F4B14	H18
F4B15	H18
F4B16	H18
F4B1z	H18
F4B2.	H18
F4B20	H18
F4B21	H18
F4B22	H18
F4B24	H18
F4B2z	H18
F4B3.	H18
F4B30	H18
F4B31	H18
F4B32	H18
F4B33	H18
F4B3z	H18
F4B40	H18
F4B41	H18
F4B42	H18
F4B43	H18
F4B44	H18
F4B45	H18
F4B46	H18
F4B47	H18
F4B48	H18
F4B49	H18
F4B4A	H18
F4B4z	H18
F4B5.	H18
F4B50	H18
F4B51	H18
F4B52	H15
F4B53	H18
F4B54	H18
F4B55	H18
F4B56	H18
F4B57	H18
F4B58	H18
F4B59	H18
F4B5A	H18
F4B5B	H18
F4B5C	H18
F4B5D	H18
F4B5z	H18
F4B6.	H18
F4B60	H18
F4B61	H18
F4B62	H18
F4B6z	H18
F4B7.	H18
F4B70	H18
F4B71	H18
F4B72	H18
F4B73	H18
F4B7z	H18
F4By.	H18
F4By0	H18
F4By1	H18
F4Byz	H18
F4Bz.	H18
F4C0.	H10
F4C00	H10
F4C04	H10
F4C05	H10
F4C06	H10
F4C0z	H10
F4C10	H10
F4C11	H10
F4C14	H10
F4C1z	H10
F4C2.	H10
F4C20	H10
F4C21	H10
F4C22	H10
F4C2z	H10
F4C3.	H10
F4C30	H10
F4C31	L71
F4C32	H10
F4C3z	H10
F4C40	H11
F4C41	H11
F4C42	H11
F4C43	H11
F4C44	H11
F4C45	H11
F4C4z	H11
F4C5.	H11
F4C50	H11
F4C51	H11
F4C52	H11
F4C53	H11
F4C54	H11
F4C55	H11
F4C56	H11
F4C5z	H11
F4C6.	H11
F4C60	H10
F4C61	H11
F4C6z	H11
F4C7.	H11
F4C70	H11
F4C71	H11
F4C72	H11
F4C73	H11
F4C74	H11
F4C75	H11
F4C76	H11
F4C77	H11
F4C78	H11
F4C7z	H11
F4Cy.	H11
F4Cy0	H13
F4Cz.	H11
F4D0.	H01
F4D00	H01
F4D01	H01
F4D02	H01
F4D0z	H01
F4D1.	H00
F4D10	H00
F4D11	H00
F4D12	H00
F4D1z	H00
F4D2.	H00
F4D3.	H01
F4D31	H01
F4D32	H01
F4D33	H01
F4D3z	H01
F4D4.	H03
F4D5.	H03
F4Dy.	H01
F4Dz.	H01
F4E..	H02
F4E0.	H02
F4E00	H02
F4E01	H02
F4E02	H02
F4E03	H02
F4E04	H02
F4E05	H02
F4E0z	H02
F4E10	H02
F4E11	H02
F4E12	H02
F4E13	H02
F4E14	H02
F4E1z	H02
F4E20	H02
F4E21	H02
F4E22	H02
F4E23	H02
F4E2z	H02
F4E30	H02
F4E31	H02
F4E32	H02
F4E33	H02
F4E34	H02
F4E3z	H02
F4E4.	H02
F4E40	H02
F4E42	H02
F4E44	H02
F4E46	H02
F4E4z	H02
F4E5.	H02
F4E50	H02
F4E51	H02
F4E52	H02
F4E53	H02
F4E54	H02
F4E55	H02
F4E56	H02
F4E5z	H02
F4Ey.	H02
F4Ey0	H02
F4Ey1	H02
F4Ey2	H02
F4Ey3	H02
F4Ey4	H02
F4Ey5	H02
F4Ey6	H02
F4Ey7	H02
F4Eyz	H02
F4Ez.	H02
F4F0.	H04
F4F00	H04
F4F01	H04
F4F02	H04
F4F03	H04
F4F0z	H04
F4F1.	H04
F4F10	H04
F4F11	H04
F4F12	H04
F4F13	H04
F4F14	H04
F4F15	H04
F4F1z	H04
F4F2.	H04
F4F20	H04
F4F21	H04
F4F22	H04
F4F2z	H04
F4F3.	H04
F4F30	H04
F4F33	H04
F4F3z	H04
F4F4.	H04
F4F40	H04
F4F41	H04
F4F42	H04
F4F4z	H04
F4F5.	H04
F4F50	H04
F4F54	H04
F4F55	H04
F4F56	H04
F4F5z	H04
F4F6.	H04
F4F60	H04
F4F6z	H04
F4Fy.	H04
F4Fy0	H04
F4Fyz	H04
F4Fz.	H04
F4G..	H05
F4G0.	H05
F4G00	H05
F4G01	H05
F4G02	H05
F4G03	H05
F4G04	H05
F4G05	H05
F4G0z	H05
F4G1.	H05
F4G10	H05
F4G11	H05
F4G12	H05
F4G1z	H05
F4G21	H49
F4G2z	H06
F4G3.	H05
F4G30	H05
F4G31	H05
F4G32	H05
F4G33	H05
F4G34	H05
F4G35	H05
F4G36	H05
F4G3z	H05
F4G4.	H05
F4G40	H05
F4G41	H05
F4G42	H05
F4G43	H05
F4G44	H05
F4G45	H05
F4G46	H05
F4G47	H05
F4G48	H05
F4G4z	H05
F4G5.	H05
F4G50	H05
F4G51	H05
F4G52	H05
F4G53	H05
F4G5z	H05
F4G6.	H05
F4Gy.	H05
F4Gy0	H05
F4Gy1	H49
F4Gyz	H05
F4Gz.	H05
F4H0.	H47
F4H00	H47
F4H01	H47
F4H02	H47
F4H03	H47
F4H04	H47
F4H0z	H47
F4H10	H47
F4H11	H47
F4H12	H47
F4H13	H47
F4H14	H47
F4H16	H47
F4H17	H47
F4H1z	H47
F4H2.	H47
F4H20	H47
F4H21	H47
F4H2z	H47
F4H30	H46
F4H31	H46
F4H33	H46
F4H34	H46
F4H3z	H46
F4H40	H47
F4H41	H47
F4H42	H47
F4H4z	H47
F4H5.	H47
F4H50	H47
F4H51	H47
F4H52	H47
F4H53	H47
F4H5z	H47
F4H6.	H47
F4H60	H48
F4H61	H48
F4H62	H47
F4H6z	H47
F4H7.	H47
F4H70	H48
F4H71	H47
F4H72	H47
F4H73	H47
F4H7z	H47
F4Hz.	H47
F4J0.	H50
F4J00	H50
F4J01	H50
F4J02	H50
F4J03	H50
F4J04	H50
F4J05	H50
F4J06	H50
F4J07	H50
F4J08	H50
F4J09	H50
F4J0A	H50
F4J0z	H50
F4J1.	H50
F4J10	H50
F4J11	H50
F4J12	H50
F4J13	H50
F4J14	H50
F4J15	H50
F4J16	H50
F4J17	H50
F4J18	H50
F4J19	H50
F4J1A	H50
F4J1z	H50
F4J2.	H50
F4J20	H50
F4J21	H50
F4J22	H50
F4J23	H50
F4J24	H50
F4J25	H50
F4J2z	H50
F4J3.	H50
F4J30	H50
F4J31	H50
F4J32	H50
F4J33	H50
F4J34	H50
F4J35	H50
F4J36	H50
F4J37	H50
F4J38	H50
F4J3z	H50
F4J4.	H50
F4J40	H50
F4J43	H50
F4J44	H50
F4J45	H50
F4J4z	H50
F4J5.	H49
F4J50	H49
F4J51	H49
F4J52	H49
F4J53	H49
F4J54	H49
F4J55	H49
F4J56	H49
F4J5z	H49
F4J6.	H50
F4J60	H50
F4J61	H50
F4J62	H50
F4J63	H50
F4J6z	H50
F4J7.	H50
F4J70	H50
F4J72	H50
F4J7z	H50
F4Jy.	H51
F4Jy0	H51
F4Jy1	H51
F4Jy2	H51
F4Jy3	H51
F4Jy4	H51
F4Jy5	H51
F4Jy6	H51
F4Jy7	H51
F4Jy8	H51
F4Jy9	H51
F4Jyz	H51
F4Jz.	H50
F4K0.	H15
F4K00	H15
F4K01	H15
F4K02	H15
F4K03	H15
F4K04	H15
F4K06	H15
F4K07	H15
F4K08	H15
F4K0z	H15
F4K1.	H15
F4K10	H15
F4K11	H15
F4K12	H15
F4K13	H15
F4K14	H15
F4K15	H15
F4K1z	H15
F4K20	H43
F4K21	H43
F4K22	H43
F4K23	H43
F4K25	H43
F4K26	H43
F4K27	H43
F4K29	H43
F4K2A	H43
F4K2B	H43
F4K2D	H59
F4K2z	H43
F4K31	H27
F4K32	H27
F4K33	H27
F4K34	H26
F4K3z	H27
F4K4.	H57
F4K40	H57
F4K42	H57
F4K43	H57
F4K45	H57
F4K46	H57
F4K47	H57
F4K48	H57
F4K49	H57
F4K4z	H57
F4K5.	H55
F4K50	H55
F4K51	H55
F4K52	H55
F4K53	H55
F4K54	H55
F4K55	H55
F4K56	H55
F4K57	H55
F4K58	H55
F4K59	H55
F4K5z	H55
F4K7.	H05
F4Ky.	H57
F4Kz.	H57
F4Kz0	H57
F4Kz1	H57
F4Kz2	H57
F4Kz3	H57
F4Kz4	H57
F4Kz5	H57
F4Kzz	H57
F4y..	H57
F4z..	H57
F500.	H61
F5000	H61
F5001	H61
F5002	H61
F500z	H61
F5010	H60
F5011	H60
F5012	H60
F5018	H60
F5019	H60
F501A	H60
F501E	H60
F501F	H60
F501G	H60
F501z	H60
F502.	H60
F5020	H60
F5021	H60
F5022	H60
F5023	H60
F5024	H60
F5025	H60
F5026	H60
F5027	H60
F502z	H60
F503.	H61
F5030	H61
F5032	H61
F503z	H61
F505.	H61
F5050	H61
F5051	H61
F5053	H61
F505z	H61
F50y.	H61
F50y0	H61
F50yz	H61
F50z.	H61
F510.	H65
F5101	H65
F5102	H65
F5103	H65
F5104	H65
F5105	H65
F5106	H65
F510z	H65
F5110	H65
F5111	H65
F5112	H65
F5113	H65
F511z	H65
F512.	H65
F5120	H65
F5121	H65
F512z	H65
F513.	H65
F5130	H65
F513z	H65
F514.	H65
F5140	H65
F5141	H65
F5142	H65
F5143	H65
F514z	H65
F5150	H68
F5151	H68
F5152	H68
F515z	H68
F516.	H68
F5160	H68
F5161	H68
F5162	H68
F5163	H68
F516z	H68
F517.	H69
F518.	H65
F51y.	H69
F51yz	H69
F51z.	H69
F52..	H66
F520.	H66
F5200	H66
F5201	H66
F5203	H66
F520z	H66
F521.	H66
F522.	H66
F523.	H66
F524.	H66
F5240	H66
F525.	H66
F52z.	H66
F530.	H70
F5300	H70
F5301	H70
F5302	H66
F5303	H70
F530z	H70
F5310	H70
F5311	H70
F531z	H70
F532.	H70
F5320	H70
F5321	H70
F5322	H70
F532z	H70
F533.	H95
F5330	H95
F5331	H95
F5332	H95
F5333	H95
F533z	H95
F53y.	H70
F53y1	H70
F53z.	H70
F54..	H73
F540.	H73
F5401	H73
F5402	H73
F540z	H73
F541.	H73
F5420	H72
F5421	H72
F5422	H72
F5423	H72
F5424	H72
F5425	H72
F5426	H72
F542z	H72
F54y0	H73
F54y1	H73
F54y2	H73
F54yz	H73
F54z.	H73
F550.	H74
F5500	H74
F5501	H74
F5502	H74
F5503	H74
F550z	H74
F551.	H74
F5510	H74
F5511	H74
F5512	H74
F5513	H74
F551z	H74
F552.	H74
F5520	H74
F5521	H74
F5522	H74
F5523	H74
F552z	H74
F5530	H71
F5533	H71
F5534	H71
F5535	H74
F553z	H71
F55y.	H74
F55y0	H71
F55y1	H74
F55yz	H74
F55z.	H74
F560.	H81
F5600	H81
F5601	H81
F5602	H81
F5603	H81
F5604	H81
F560z	H81
F561.	H81
F5610	H81
F5611	H81
F5612	H81
F5613	H81
F5614	H81
F561z	H81
F562.	H81
F5620	H81
F5621	H81
F562z	H81
F563.	H83
F5630	H83
F5631	H83
F5632	H83
F5633	H83
F5634	H83
F5635	H83
F563z	H83
F564.	H83
F5640	H83
F5641	H83
F5642	H83
F5643	H83
F564y	H83
F564z	H83
F565.	H83
F5650	H83
F5651	H83
F5652	H83
F5653	H83
F5654	H83
F5655	H83
F5656	H83
F565z	H83
F56y.	H83
F56z.	H83
F57..	H80
F570.	H80
F571.	H80
F572.	H80
F57y.	H80
F57z.	H80
F580.	H93
F5800	H93
F5801	H91
F5802	H93
F580z	H93
F581.	H83
F5810	H83
F5811	H83
F5812	H83
F581z	H83
F582.	H91
F5830	H93
F5831	H93
F5832	H93
F583z	H93
F584.	H93
F5840	H93
F5841	H93
F5842	H93
F5843	H93
F5844	H93
F584z	H93
F585.	H93
F5851	H93
F585z	H93
F5860	H92
F5861	G96
F5862	H92
F586z	H92
F5870	H92
F5871	H92
F5872	H92
F587z	H92
F58z.	H93
F59..	H91
F590.	H90
F5900	H90
F5901	H90
F5902	H90
F5903	H90
F5904	H90
F5905	H90
F5906	H90
F590y	H90
F590z	H90
F591.	H90
F5910	H90
F5911	H90
F5912	H90
F5913	H90
F5914	H90
F5915	H91
F5916	H90
F5917	H90
F591y	H90
F591z	H90
F592.	H90
F5920	H90
F5921	H90
F59y.	H91
F59z.	H91
Fy00.	G47
Fy01.	G47
Fy03.	G47
Fyu00	G00
Fyu01	G02
Fyu02	G02
Fyu03	G02
Fyu04	G03
Fyu05	G04
Fyu06	G04
Fyu07	G05
Fyu08	G05
Fyu09	G05
Fyu0A	G05
Fyu0B	G07
Fyu0C	G09
Fyu0D	G06
Fyu10	G11
Fyu11	G12
Fyu12	G12
Fyu13	G13
Fyu14	G13
Fyu15	G13
Fyu16	G13
Fyu20	G21
Fyu21	G21
Fyu22	G22
Fyu23	G23
Fyu24	G24
Fyu25	G25
Fyu26	G25
Fyu27	G25
Fyu28	G26
Fyu29	G21
Fyu2A	G24
Fyu2B	G21
Fyu30	G30
Fyu31	G31
Fyu32	G32
Fyu34	G32
Fyu40	G36
Fyu41	G37
Fyu42	G36
Fyu50	G40
Fyu51	G40
Fyu52	G41
Fyu53	G43
Fyu54	G44
Fyu55	G45
Fyu56	G46
Fyu57	G46
Fyu58	G47
Fyu59	G41
Fyu5A	G44
Fyu5B	G44
Fyu60	G50
Fyu61	G51
Fyu62	G53
Fyu63	G53
Fyu64	G53
Fyu65	G54
Fyu66	G55
Fyu67	G55
Fyu68	G55
Fyu69	G56
Fyu6A	G56
Fyu6B	G57
Fyu6C	G58
Fyu6D	G59
Fyu70	G60
Fyu71	G61
Fyu72	G62
Fyu73	G63
Fyu74	G63
Fyu75	G63
Fyu76	G63
Fyu77	G63
Fyu78	G63
Fyu79	G63
Fyu7A	G64
Fyu7B	G61
Fyu7C	G62
Fyu80	G70
Fyu81	G71
Fyu82	G72
Fyu83	G73
Fyu84	G73
Fyu85	G73
Fyu86	G73
Fyu87	G73
Fyu88	G73
Fyu89	G73
Fyu8A	G71
Fyu8B	G72
Fyu90	G80
Fyu91	G83
FyuA0	G90
FyuA1	G91
FyuA2	G93
FyuA3	G94
FyuA4	G94
FyuA5	G94
FyuA6	G94
FyuA7	G95
FyuA8	G96
FyuA9	G97
FyuAA	G97
FyuAB	G98
FyuAC	G99
FyuAD	G99
FyuAE	G99
FyuAF	G99
FyuAG	G91
FyuAH	G96
FyuB0	H01
FyuB1	H02
FyuB2	H02
FyuB3	H02
FyuB4	H03
FyuB5	H03
FyuB6	H03
FyuB8	H04
FyuB9	H04
FyuBA	H05
FyuBB	H06
FyuBC	H06
FyuBE	H06
FyuC0	H10
FyuC1	H10
FyuC2	H11
FyuC3	H11
FyuC4	H13
FyuC5	H13
FyuC7	H13
FyuD0	H15
FyuD1	H16
FyuD2	H16
FyuD3	H17
FyuD4	H17
FyuD5	H18
FyuD6	H18
FyuD7	H18
FyuD8	H19
FyuD9	H19
FyuDA	H19
FyuDB	H19
FyuDC	H20
FyuDD	H21
FyuDE	H21
FyuDF	H21
FyuDG	H22
FyuDH	H22
FyuDJ	H22
FyuE0	H25
FyuE1	H26
FyuE2	H27
FyuE3	H28
FyuE4	H28
FyuE5	H28
FyuF0	H30
FyuF1	H31
FyuF2	H32
FyuF3	H32
FyuF4	H33
FyuF5	H34
FyuF6	H34
FyuF7	H35
FyuF8	H35
FyuF9	H36
FyuG0	H40
FyuG1	H42
FyuG2	H42
FyuH0	H43
FyuH1	H43
FyuH2	H44
FyuH3	H44
FyuH4	H45
FyuH5	H45
FyuH6	H45
FyuJ0	H48
FyuJ1	H48
FyuJ2	H48
FyuK0	H49
FyuK1	H50
FyuK2	H50
FyuK3	H51
FyuK4	H52
FyuL0	H53
FyuL1	H53
FyuM0	H57
FyuM1	H58
FyuM2	H58
FyuM3	H58
FyuM4	H59
FyuM5	H59
FyuN0	H60
FyuN1	H60
FyuN2	H61
FyuN3	H62
FyuN4	H62
FyuN5	H62
FyuN6	H62
FyuN7	H62
FyuN8	H62
FyuP0	H65
FyuP1	H65
FyuP2	H66
FyuP3	H67
FyuP4	H67
FyuP5	H67
FyuP6	H69
FyuP7	H70
FyuP8	H72
FyuP9	H72
FyuPA	H73
FyuPB	H74
FyuPC	H74
FyuPD	H75
FyuPE	H75
FyuQ0	H80
FyuQ1	H81
FyuQ2	H81
FyuQ3	H83
FyuQ4	H81
FyuQ5	H82
FyuU0	H91
FyuU1	H91
FyuU2	H93
FyuU3	H93
FyuU4	H94
FyuU5	H94
FyuU6	H95
FyuU7	H95
G01..	I01
G010.	I01
G01y.	I01
G01y0	I01
G01yz	I01
G01z.	I01
G02..	I02
G020.	I02
G021.	I02
G02z.	I01
G0y..	I00
G0z..	I00
G1...	I09
G10..	I09
G100.	I09
G101.	I09
G102.	I09
G10z.	I09
G110.	I05
G112.	I05
G113.	I34
G11z.	I05
G12..	I06
G13..	I08
G130.	I08
G131.	I08
G132.	I08
G133.	I08
G13y.	I08
G13z.	I08
G14..	I09
G140.	I07
G1401	I07
G1402	I07
G1403	I07
G1404	I07
G1405	I07
G140z	I07
G141.	I09
G1411	I09
G1412	I09
G141z	I09
G14z.	I09
G1y..	I09
G1y0.	I09
G1yz.	I09
G1yz0	I09
G1yz1	I09
G1yzz	I09
G1z..	I09
G20z.	I10
G210.	I11
G2100	I11
G2101	I11
G210z	I11
G211.	I11
G2110	I11
G2111	I11
G211z	I11
G21z.	I11
G21z0	I11
G21z1	I11
G22..	I12
G22z.	I12
G23..	I13
G230.	I13
G231.	I13
G232.	I13
G233.	I13
G234.	I13
G23z.	I13
G24z1	I15
G2y..	I10
G2z..	I10
G30..	I21
G301.	I21
G3010	I21
G301z	I21
G304.	I21
G305.	I21
G306.	I21
G307.	I21
G308.	I21
G30y.	I21
G30y0	I21
G30y1	I21
G30y2	I21
G30yz	I21
G30z.	I21
G31..	I24
G310.	I24
G311.	I20
G3110	I24
G311z	I20
G312.	I24
G31y0	I24
G31y1	I24
G31y2	I24
G31yz	I24
G330.	I20
G3300	I20
G330z	I20
G331.	I20
G33z.	I20
G33z0	I20
G33z1	I20
G33z2	I20
G34..	I25
G340.	I25
G3400	I25
G3401	I25
G3411	I25
G3413	I25
G341z	I25
G343.	I25
G34y.	I25
G34y1	I25
G34yz	I25
G34z.	I25
G35..	I22
G350.	I22
G351.	I22
G353.	I22
G36..	I23
G360.	I23
G361.	I23
G363.	I23
G364.	I23
G365.	I23
G366.	I23
G3y..	I25
G3z..	I25
G40..	I26
G400.	I26
G401.	I26
G4010	I26
G40z.	I26
G41..	I27
G410.	I27
G411.	I27
G41y.	I27
G41y0	I27
G41yz	I27
G41z.	I27
G42..	I28
G420.	I28
G421.	I28
G42y.	I28
G42y0	I28
G42y1	I28
G42y2	I28
G42yz	I28
G42z.	I28
G4z..	I28
G50..	I30
G500.	I32
G500z	I32
G50z.	I30
G50z0	I30
G50z1	I30
G50z2	I30
G50z3	I30
G50z4	I30
G50z5	I30
G50zz	I30
G51..	I33
G510.	I33
G5100	I33
G5101	I33
G5102	I33
G510z	I33
G511.	I33
G5115	I33
G511z	I33
G51z.	I33
G51z0	I33
G51z1	I33
G51z2	I33
G51z3	I33
G51z4	I33
G51z5	I33
G51zz	I33
G520.	I41
G520z	I41
G52y.	I40
G52y0	I40
G52y1	I40
G52y2	I40
G52y6	I40
G52yz	I40
G52z.	I40
G53..	I31
G531.	I31
G5310	I31
G5311	I31
G531z	I31
G532.	I31
G5320	A19
G5321	I31
G532z	I31
G533.	I31
G53y.	I31
G53y0	I31
G53y1	I31
G53yz	I31
G53z.	I31
G540.	I34
G5401	I34
G540z	I34
G5412	I35
G5413	I35
G542.	I36
G5420	I36
G5421	I36
G5422	I36
G5430	I37
G5431	I37
G5432	I37
G5433	I37
G5434	I37
G543z	I37
G5440	I08
G5441	I08
G5442	I08
G54z.	I38
G54z0	I38
G54z1	I38
G54z2	I38
G54z3	I38
G54z4	I39
G54zz	I38
G550.	I42
G552.	I42
G553.	I42
G554.	I42
G5540	I42
G5541	I42
G5542	I42
G5543	I42
G5544	I42
G554z	I42
G555.	I42
G558.	I43
G558z	I43
G55y.	I42
G55y0	I42
G55z.	I42
G560.	I44
G561.	I44
G5610	I44
G5612	I44
G5613	I44
G561z	I44
G562.	I44
G5620	I44
G5621	I44
G562z	I44
G563.	I44
G564.	I45
G565.	I45
G5650	I45
G5651	I45
G5652	I45
G5653	I45
G5654	I45
G565z	I45
G566.	I45
G5660	I45
G5661	I45
G566z	I45
G567.	I45
G5670	I45
G5673	I45
G5674	I45
G567z	I45
G56y.	I45
G56y0	I45
G56y2	I45
G56y3	I45
G56yz	I45
G56z.	I45
G56zz	I45
G57..	I49
G570.	I47
G5700	I47
G5701	I47
G5702	I47
G5703	I47
G570z	I47
G571.	I47
G572.	I47
G5720	I47
G5721	I47
G572z	I47
G573.	I48
G5730	I48
G5731	I48
G573z	I48
G574.	I49
G5740	I49
G5741	I49
G574z	I49
G575.	I46
G5751	I46
G576.	I49
G5760	I49
G5761	I49
G5762	I49
G576z	I49
G57y.	I49
G57y3	I49
G57y4	I49
G57y5	I49
G57y6	I49
G57y9	I47
G57yA	I47
G57yz	I49
G57z.	I49
G580.	I50
G5801	I50
G58z.	I50
G5y..	I51
G5y0.	I51
G5y1.	I51
G5y2.	I25
G5y3.	I51
G5y30	I51
G5y31	I51
G5y32	I51
G5y34	I51
G5y35	I51
G5y3z	I51
G5y4.	I97
G5y40	I97
G5y4z	I97
G5y9.	I51
G5yA.	I52
G5yy.	I51
G5yy0	I42
G5yy1	I42
G5yy2	I51
G5yy3	I42
G5yy4	I42
G5yy5	I51
G5yy6	I51
G5yyz	I51
G5yz.	I51
G5z..	I51
G600.	I60
G601.	I60
G606.	I60
G60z.	I60
G61..	I61
G610.	I61
G611.	I61
G612.	I61
G614.	I61
G615.	I61
G616.	I61
G617.	I61
G618.	I61
G61z.	I61
G62z.	I62
G63..	I65
G630.	I65
G631.	I65
G632.	I65
G633.	I65
G63y.	I65
G63y0	I63
G63y1	I63
G63z.	I65
G64..	I66
G6400	I63
G6410	I63
G64z.	I63
G65..	G45
G650.	G45
G651.	G45
G6510	G45
G652.	G45
G653.	G45
G654.	G45
G65y.	G45
G65z.	G45
G65z0	I67
G65z1	I64
G663.	G46
G664.	G46
G67..	I67
G670.	I67
G671.	I67
G6710	I67
G6711	I67
G672.	I67
G6730	I67
G675.	I67
G676.	I67
G6760	I63
G677.	I66
G6770	I66
G6771	I66
G6772	I66
G6773	I66
G6774	I66
G67y.	I67
G67z.	I67
G68..	I69
G680.	I69
G681.	I69
G682.	I69
G683.	I69
G6y..	I67
G6z..	I67
G700.	I70
G701.	I70
G702.	I70
G7020	I70
G702z	I70
G70y.	I70
G70z.	I70
G710.	I71
G711.	I71
G712.	I71
G713.	I71
G714.	I71
G715.	I71
G7150	I71
G716.	I71
G7160	I71
G718.	I71
G71z.	I71
G72..	I72
G720.	I72
G7200	I72
G7201	I72
G7202	I72
G720z	I72
G721.	I72
G722.	I72
G7220	I72
G7221	I72
G7222	I72
G722z	I72
G723.	I72
G7230	I72
G7231	I72
G7232	I72
G7233	I72
G7234	I72
G723z	I72
G72y.	I72
G72y0	I72
G72y1	I72
G72y2	I72
G72y3	I72
G72y4	I72
G72y5	I72
G72y6	I72
G72y7	I72
G72y8	I72
G72y9	I72
G72yA	I72
G72yB	I72
G72yz	I72
G72z.	I72
G73..	I73
G730.	I73
G7300	I73
G7301	I73
G730z	I73
G7310	I73
G7311	I73
G731z	I73
G73y.	I73
G73y1	I79
G73y4	I73
G73y5	I73
G73y6	I73
G73y7	I73
G73y8	I73
G73yz	I73
G73z.	I73
G73z0	I73
G73z1	I73
G74..	I74
G740.	I74
G741.	I74
G742.	I74
G7420	I74
G7421	I74
G7422	I74
G7423	I74
G7424	I74
G7425	I74
G7426	I74
G7427	I74
G7428	I74
G7429	I74
G742z	I74
G74y.	I74
G74y0	I74
G74y1	I74
G74y2	I74
G74y3	I74
G74y5	I74
G74y6	I74
G74y7	I74
G74y8	I74
G74y9	I74
G74yz	I74
G74z.	I74
G75..	M30
G750.	M30
G7510	M30
G751z	M30
G752.	M31
G7520	M31
G752z	M31
G753.	M31
G755.	M31
G755z	M31
G756.	M31
G756z	M31
G759.	M30
G76..	I77
G760.	I77
G7620	I77
G763.	I77
G764.	I77
G765.	I77
G766.	I77
G7680	I77
G768z	I77
G76z.	I77
G770.	I78
G771.	I78
G7710	I78
G7711	I78
G7712	I78
G771z	I78
G77z.	I78
G77z0	I78
G77z1	I78
G77z2	I78
G77zz	I78
G800.	I80
G8002	I80
G8005	I80
G800z	I80
G801.	I80
G8010	I80
G8011	I80
G8012	I80
G8013	I80
G8014	I80
G8015	I80
G8016	I80
G8017	I80
G8018	I80
G8019	I80
G801A	I80
G801B	I80
G801z	I80
G802.	I80
G80y.	I80
G80y0	I80
G80y1	I80
G80y2	I80
G80y3	I80
G80y4	I80
G80y5	I80
G80y6	I80
G80y7	I80
G80y8	I80
G80y9	I80
G80yz	I80
G80z.	I80
G80z0	I80
G80z1	I80
G82..	I82
G820.	I82
G821.	I82
G822.	I82
G82y.	I82
G82z.	I82
G82z0	I82
G82z1	I82
G830.	I83
G831.	I83
G832.	I83
G833.	I83
G834.	I83
G835.	I83
G83z.	I83
G84..	K64
G840.	K64
G841.	K64
G842.	K64
G8420	K64
G8421	K64
G8422	K64
G842z	K64
G843.	K64
G844.	K64
G845.	K64
G8450	K64
G8451	K64
G8452	K64
G8453	K64
G845z	K64
G846.	K64
G847.	K64
G848.	K64
G8480	K64
G8481	K64
G8482	K64
G8483	K64
G849.	K64
G8490	K64
G8491	K64
G849z	K64
G84z.	K64
G85..	I86
G850.	I85
G851.	I85
G852.	I98
G8520	I98
G8521	I98
G853.	I86
G854.	I86
G855.	I86
G856.	I86
G857.	I86
G85y.	I86
G85z.	I86
G860.	I97
G861.	I89
G8611	I89
G8613	I89
G861z	I89
G8620	I89
G8621	I89
G86y.	I89
G86y0	I89
G86y2	I89
G86y5	I89
G86y6	I89
G86y7	I89
G86y8	I89
G86yz	I89
G86z.	I89
G87..	I95
G870.	I95
G871.	I95
G872.	I95
G87z.	I95
G8y1.	I87
G8y21	I87
G8y22	I87
G8y2z	I87
G8yy.	I99
G8yy0	I87
G8yy1	I87
G8yy2	I87
G8yy3	I87
G8yy4	I87
G8yyz	I99
G8yz.	I99
Gyu00	I01
Gyu10	I05
Gyu11	I06
Gyu12	I07
Gyu13	I08
Gyu14	I09
Gyu15	I08
Gyu20	I15
Gyu21	I15
Gyu30	I20
Gyu31	I23
Gyu32	I24
Gyu33	I25
Gyu34	I21
Gyu35	I22
Gyu36	I22
Gyu40	I27
Gyu41	I28
Gyu50	I30
Gyu51	I31
Gyu52	I32
Gyu53	I32
Gyu54	I32
Gyu55	I34
Gyu56	I35
Gyu57	I36
Gyu58	I37
Gyu59	I39
Gyu5A	I39
Gyu5B	I39
Gyu5C	I39
Gyu5D	I39
Gyu5E	I39
Gyu5F	I40
Gyu5G	I40
Gyu5H	I41
Gyu5J	I41
Gyu5K	I41
Gyu5L	I41
Gyu5M	I42
Gyu5N	I42
Gyu5P	I42
Gyu5Q	I43
Gyu5R	I43
Gyu5S	I43
Gyu5T	I43
Gyu5U	I44
Gyu5V	I44
Gyu5W	I45
Gyu5X	I45
Gyu5Y	I45
Gyu5Z	I49
Gyu5a	I49
Gyu5b	I51
Gyu5c	I52
Gyu5d	I52
Gyu5e	I52
Gyu5f	I36
Gyu5g	I51
Gyu60	I60
Gyu61	I60
Gyu62	I61
Gyu63	I63
Gyu64	I63
Gyu65	I65
Gyu66	I66
Gyu67	I67
Gyu68	I68
Gyu69	I68
Gyu6A	I68
Gyu6C	I69
Gyu6D	I69
Gyu6E	I60
Gyu6F	I61
Gyu6G	I63
Gyu70	I70
Gyu71	I71
Gyu72	I71
Gyu73	I72
Gyu74	I73
Gyu75	I74
Gyu76	I77
Gyu77	I78
Gyu78	I79
Gyu79	I79
Gyu7A	I79
Gyu7B	I79
Gyu80	I80
Gyu81	I80
Gyu82	I82
Gyu83	K64
Gyu84	K64
Gyu85	K64
Gyu86	I86
Gyu87	I87
Gyu88	I88
Gyu89	I89
Gyu8A	I87
Gyu90	I95
Gyu91	I97
Gyu92	I97
Gyu93	I98
Gyu94	I98
Gyu95	I98
Gz...	I99
H00..	J00
H01..	J01
H010.	J01
H011.	J01
H012.	J01
H013.	J01
H01y.	J01
H01y0	J01
H01yz	J01
H01z.	J01
H02..	J02
H020.	J02
H021.	J02
H022.	J02
H023.	J02
H0230	J02
H023z	J02
H024.	J02
H025.	J02
H02z.	J02
H030.	J03
H031.	J03
H032.	J03
H033.	J03
H034.	J03
H035.	J03
H0350	J03
H0351	J03
H035z	J03
H036.	J03
H037.	J03
H03z.	J03
H0402	J04
H0403	J04
H0404	J04
H0405	J04
H040w	J04
H040x	J04
H040z	J04
H0410	J04
H0411	J04
H041z	J04
H042.	J04
H0420	J04
H0421	J04
H042z	J04
H043.	J05
H0430	J05
H0431	J05
H043z	J05
H04z.	J04
H05..	J06
H050.	J06
H05y.	J06
H05z.	J06
H060.	J20
H0600	J20
H0601	J20
H0602	J20
H0603	J20
H0604	J20
H0605	J20
H0606	J20
H0607	J20
H0608	J20
H0609	J20
H060B	J20
H060C	J20
H060D	J20
H060E	J20
H060F	J20
H060v	J20
H060w	J20
H060x	J20
H060z	J20
H0610	J21
H0611	J44
H0612	J21
H0613	J21
H0614	J21
H0615	J21
H0616	J21
H061z	J21
H06z0	J22
H06z1	J22
H07..	J00
H10..	J34
H11..	J33
H1100	J33
H110z	J33
H111.	J33
H1110	J33
H111z	J33
H11y.	J33
H11y0	J33
H11y1	J33
H11y2	J33
H11y3	J33
H11yz	J33
H11z.	J33
H120.	J31
H1200	J31
H1201	J31
H1202	J31
H1203	J31
H1204	J00
H1205	J31
H1206	J31
H1207	J31
H120z	J31
H121.	J31
H1210	J31
H1211	J31
H1214	J31
H1215	J31
H1216	J31
H121z	J31
H122.	J31
H12z.	J31
H13..	J32
H130.	J32
H131.	J32
H132.	J32
H133.	J32
H135.	J32
H13y.	J32
H13y0	J32
H13yz	J32
H13z.	J32
H140.	J35
H141.	J35
H1410	J35
H1411	J35
H1412	J35
H141z	J35
H142.	J35
H143.	J35
H14y.	J35
H14y0	J35
H14y1	J35
H14y2	J35
H14y3	J35
H14y4	J35
H14y5	J35
H14yz	J35
H14z.	J35
H14z0	J35
H14z1	J35
H15..	J36
H16..	J37
H160.	J37
H1600	J37
H1601	J37
H1602	J37
H1603	J37
H161.	J37
H16z.	J37
H17..	J30
H171.	J30
H172.	J30
H17z.	J30
H18..	J30
H1y..	J39
H1y0.	J34
H1y1.	J34
H1y10	J34
H1y11	J34
H1y12	J34
H1y13	J34
H1y14	J34
H1y15	J34
H1y2.	J39
H1y20	J39
H1y21	J39
H1y22	J39
H1y23	J39
H1y24	J39
H1y25	J39
H1y26	J39
H1y2z	J39
H1y30	J38
H1y31	J38
H1y32	J38
H1y33	J38
H1y34	J38
H1y3z	J38
H1y4.	J38
H1y4z	J38
H1y5.	J38
H1y50	J38
H1y51	J38
H1y52	J38
H1y53	J38
H1y54	J38
H1y55	J38
H1y56	J38
H1y57	J38
H1y5x	J38
H1y5z	J38
H1y6.	J38
H1y61	J38
H1y62	J38
H1y6z	J38
H1y7.	J38
H1y70	J38
H1y71	J38
H1y72	J38
H1y73	J38
H1y75	J38
H1y76	J38
H1y77	J38
H1y78	J38
H1y7A	J38
H1y7B	Q31
H1y7z	J38
H1y8.	J39
H1yz.	J39
H1yz0	J39
H1yz1	J39
H1yzz	J39
H1z..	J39
H20..	J12
H200.	J12
H201.	J12
H202.	J12
H20y.	J12
H20z.	J12
H21..	J13
H22..	J15
H220.	J15
H221.	J15
H2230	J15
H224.	J15
H22y.	J15
H22y0	J15
H22y1	J15
H22y2	A48
H22yz	J15
H22z.	J15
H23..	J16
H232.	J15
H23z.	J16
H24..	J17
H247.	J17
H247z	J17
H24y.	J17
H24yz	J17
H24z.	J17
H25..	J18
H26..	J18
H260.	J18
H2700	J11
H270z	J11
H271z	J11
H27yz	J11
H27z.	J11
H2y..	J11
H2z..	J11
H30..	J40
H300.	J40
H30z.	J40
H310.	J41
H3101	J41
H310z	J41
H311.	J41
H311z	J41
H3120	J44
H3121	J44
H3122	J44
H312z	J44
H313.	J41
H31y.	J42
H31y0	J42
H31y1	J42
H31yz	J42
H31z.	J42
H320.	J43
H3200	J43
H3201	J43
H3202	J43
H3203	J43
H320z	J43
H321.	J43
H322.	J43
H32y.	J43
H32y0	J43
H32y1	J43
H32y2	J43
H32yz	J43
H32z.	J43
H330.	J45
H3300	J45
H3301	J46
H330z	J45
H331.	J45
H3310	J45
H3311	J46
H331z	J45
H332.	J45
H33z.	J45
H33z0	J46
H33z1	J45
H33zz	J45
H341.	J47
H34z.	J47
H35..	J67
H350.	J67
H351.	J67
H352.	J67
H3520	J67
H3521	J67
H352z	J67
H353.	J67
H354.	J67
H355.	J67
H356.	J67
H357.	J67
H35y.	J67
H35y0	J67
H35y1	J67
H35y2	J67
H35y3	J67
H35y4	J67
H35y5	J67
H35y6	J67
H35y7	J67
H35y8	J67
H35yz	J67
H35z.	J67
H35z0	J67
H35z1	J67
H3y..	J44
H3y0.	J44
H3z..	J44
H41..	J61
H41z.	J61
H420.	J62
H421.	J62
H422.	J62
H423.	J62
H42z.	J62
H43..	J63
H430.	J63
H431.	J63
H432.	J63
H433.	J63
H434.	J63
H435.	J63
H43z.	J63
H44..	J66
H440.	J66
H441.	J66
H44z.	J66
H45..	J64
H450.	J65
H46..	J68
H460.	J68
H4600	J68
H4601	J68
H460z	J68
H461.	J68
H462.	J68
H463.	J68
H464.	J68
H4640	J68
H4641	J68
H4642	J68
H464z	J68
H46z.	J68
H46z0	J68
H470.	J69
H4700	J69
H4702	J69
H4703	J69
H470z	J69
H471.	J69
H4710	J69
H471z	J69
H472.	O74
H47y.	J69
H47y0	J69
H47yz	J69
H4y..	J70
H4y0.	J70
H4y00	J70
H4y0z	J70
H4y1.	J70
H4y10	J70
H4y1z	J70
H4y2.	J70
H4y20	J70
H4y21	J70
H4yy.	J70
H4yz.	J70
H4z..	J70
H50..	J86
H500.	J86
H5000	J86
H5001	J86
H5002	J86
H5003	J86
H5004	J86
H5005	J86
H500z	J86
H501.	J86
H5010	J86
H5011	J86
H5013	J86
H501z	J86
H50z.	J86
H510.	A16
H5101	J92
H5109	J90
H510A	J90
H510B	J90
H510z	A16
H511.	J90
H5110	J90
H5111	J90
H5112	J90
H511z	J90
H51y.	J90
H51y0	J94
H51yz	J90
H51z.	J90
H51z0	J90
H51z1	J90
H51z2	J90
H520.	J93
H52y.	J93
H52y0	J93
H52y1	J93
H52yz	J93
H52z.	J93
H53..	J85
H5300	J85
H5301	J85
H5302	J85
H5303	J85
H530z	J85
H531.	J85
H54..	J81
H5400	J18
H5401	J18
H540z	J81
H541.	J81
H541z	J81
H54z.	J81
H55..	J84
H56..	J84
H560.	J84
H562.	J84
H563.	J84
H5630	J84
H5631	J84
H563z	J84
H56y0	J84
H56y1	J84
H56yz	J84
H56z.	J84
H57..	J99
H57y.	J99
H57y2	D86
H57yz	J99
H58..	J98
H580.	J98
H5800	J98
H582.	J98
H5830	J82
H5831	J82
H583z	J82
H584.	J81
H5840	J81
H584z	J81
H5850	J80
H5851	J95
H5852	J80
H585z	J98
H58y.	J98
H58y0	J98
H58y3	J84
H58yz	J98
H58z.	J98
H590.	J96
H591.	J96
H5y..	J98
H5y0.	J95
H5y04	J95
H5y0z	J95
H5y1.	J98
H5y10	J39
H5y11	J98
H5y14	J39
H5y15	J98
H5y1z	J98
H5y3.	J98
H5y30	J98
H5y31	J98
H5y32	J98
H5y3z	J98
H5y4.	J98
H5y40	J98
H5y42	J98
H5y4z	J98
H5yy.	J98
H5yz.	J98
Hy0..	J95
Hy00.	J95
Hy01.	J95
Hy02.	J95
Hy03.	J95
Hyu00	J01
Hyu01	J02
Hyu02	J03
Hyu03	J06
Hyu05	J11
Hyu06	J11
Hyu07	J11
Hyu08	J12
Hyu09	J15
Hyu0A	J15
Hyu0B	J16
Hyu0C	J17
Hyu0D	J17
Hyu0E	J17
Hyu0F	J17
Hyu0G	J17
Hyu0H	J18
Hyu10	J20
Hyu11	J21
Hyu20	J30
Hyu21	J30
Hyu22	J32
Hyu23	J33
Hyu24	J34
Hyu25	J35
Hyu26	J38
Hyu27	J38
Hyu28	J39
Hyu29	J39
Hyu2A	J39
Hyu30	J43
Hyu31	J44
Hyu40	J62
Hyu41	J63
Hyu42	J66
Hyu43	J67
Hyu44	J68
Hyu45	J68
Hyu46	J68
Hyu47	J69
Hyu48	J70
Hyu49	J70
Hyu4A	J70
Hyu50	J84
Hyu51	J84
Hyu70	J91
Hyu71	J93
Hyu72	J93
Hyu73	J94
Hyu74	J94
Hyu80	J95
Hyu81	J98
Hyu82	J98
Hyu83	J99
Hyu84	J99
J0003	K08
J000z	K00
J001.	K00
J001z	K00
J002.	K00
J003.	K00
J0030	K00
J0031	K00
J003z	K00
J004.	K00
J0040	K00
J0041	K00
J0042	K00
J0043	K00
J0044	K00
J0045	K00
J0046	K00
J0047	K00
J0048	K00
J0049	K00
J004z	K00
J005.	K00
J0050	K00
J0051	K00
J0052	K00
J0053	K00
J0054	K00
J005z	K00
J006.	K00
J0060	K00
J0061	K00
J0062	K00
J0063	K00
J0064	K08
J006z	K00
J007.	K00
J00y.	K00
J00y0	K00
J00yz	K00
J00z.	K00
J01..	K03
J010.	K02
J0100	K02
J0101	K02
J0102	K02
J0103	K02
J0104	K02
J0105	K02
J0106	K02
J0107	K02
J0108	K02
J0109	K02
J010A	K02
J010z	K02
J011.	K03
J0110	K03
J0111	K03
J011z	K03
J012.	K03
J0125	K03
J012z	K03
J013.	K03
J0131	K03
J0132	K03
J0133	K03
J013z	K03
J014.	K03
J0140	K03
J0141	K03
J014z	K03
J015.	K03
J016.	K03
J017.	K03
J0170	K03
J0171	K03
J0172	K03
J017z	K03
J01y.	K03
J01y0	K03
J01y1	K03
J01yz	K03
J01z.	K03
J02..	K04
J020.	K04
J0200	K04
J0201	K04
J0202	K04
J0204	K04
J0205	K04
J020z	K04
J0210	K04
J0211	K04
J021z	K04
J022.	K04
J0220	K04
J022z	K04
J0230	K04
J023z	K04
J024.	K04
J025.	K04
J0251	K04
J025z	K04
J026.	K04
J0260	K04
J026z	K04
J0270	K04
J027z	K04
J028z	K04
J02z.	K04
J03..	K05
J030.	K05
J031.	K05
J0310	K05
J0311	K05
J0312	K05
J0313	K05
J031z	K05
J032.	K06
J0320	K06
J0321	K06
J032z	K06
J033.	K05
J0330	K05
J0331	K05
J0332	K05
J033z	K05
J034.	K05
J0340	K05
J0341	K05
J0342	K05
J0343	K05
J0344	K05
J034z	K05
J035.	K05
J036.	K03
J0360	K03
J0361	K03
J0362	K03
J0363	K03
J0364	K03
J036z	K03
J03y.	K05
J03y1	K06
J03y2	K09
J03y4	K06
J03y5	K06
J03y6	K05
J03y7	K06
J03yz	K05
J03z.	K05
J04..	K07
J040.	K07
J0402	K07
J0403	K07
J0404	K07
J0407	K07
J0408	K07
J0409	K07
J040A	K07
J040B	K07
J040z	K07
J041.	K07
J0410	K07
J0411	K07
J0412	K07
J0413	K07
J0414	K07
J0415	K07
J041z	K07
J042.	K07
J0420	K07
J0421	K07
J0422	K07
J0423	K07
J0424	K07
J0425	K07
J0426	K07
J0427	K07
J0428	K07
J0429	K07
J042A	K07
J042B	K07
J042C	K07
J042D	K07
J042E	K07
J042F	K07
J042z	K07
J043.	K07
J0432	K07
J0433	K07
J0434	K07
J0435	K07
J0436	K07
J0437	K07
J0438	K01
J043A	K01
J043B	K01
J043D	K01
J043E	K01
J043z	K07
J044.	K07
J0450	K07
J0451	K07
J0452	K07
J0453	K07
J0454	K07
J0455	K07
J045z	K07
J0460	K07
J0462	K07
J0463	K07
J0464	M79
J046z	K07
J04y.	K07
J04z.	K07
J050.	K08
J051.	K08
J0510	K08
J0511	K08
J0512	K08
J051z	K08
J052.	K08
J053.	K08
J05y.	K08
J05y0	K08
J05y1	K08
J05yz	K08
J05z.	K08
J06..	K10
J060.	K09
J0601	K09
J0602	K05
J060z	K09
J061.	K09
J0610	K09
J0611	K09
J0612	K09
J0613	K09
J061z	K09
J062.	K09
J0620	K09
J0621	K09
J062z	K09
J063.	K10
J064.	K10
J0640	K10
J0641	K10
J0642	K10
J0643	K10
J0644	K10
J0645	K10
J0646	K10
J0647	K10
J064z	K10
J065.	K10
J0650	K10
J065z	K10
J06y.	K10
J06y0	K10
J06y1	K10
J06y2	K10
J06y3	K10
J06y4	K10
J06y5	K10
J06y6	K10
J06y7	K10
J06y8	K10
J06yz	K10
J06z.	K10
J070.	K11
J0700	K11
J0701	K11
J0702	K11
J070z	K11
J071.	K11
J0710	K11
J0711	K11
J0712	K11
J071z	K11
J072.	K11
J0720	K11
J0721	K11
J0722	K11
J0723	K11
J0724	K11
J0725	K11
J0726	K11
J072z	K11
J073.	K11
J0730	K11
J0731	K11
J0732	K11
J073z	K11
J074z	K11
J075.	K11
J0750	K11
J0751	K11
J0752	K11
J0753	K11
J0754	K11
J0755	K11
J0756	K11
J075z	K11
J076.	K11
J0760	K11
J0761	K11
J0762	K11
J076z	K11
J077z	K11
J07y.	K11
J07y0	K11
J07y1	K11
J07y2	K11
J07y3	K11
J07y4	K11
J07y5	K11
J07y6	K11
J07y7	K11
J07y8	K11
J07y9	K11
J07yz	K11
J07z.	K11
J0800	K12
J080z	K12
J081.	A69
J082.	K12
J0820	K12
J0821	K12
J0822	K12
J0823	K12
J0825	K12
J082z	K12
J083.	K12
J0830	K12
J0831	K12
J0832	K12
J0833	K12
J083z	K12
J084.	K09
J0840	K09
J0841	K09
J0842	K09
J0843	K09
J0844	K09
J084z	K09
J0850	K13
J0851	K13
J0854	K13
J0855	K13
J0856	K13
J0858	K13
J085z	K13
J086.	K13
J0860	K13
J0861	K13
J0862	K13
J0863	K13
J086z	K13
J087.	K13
J0870	K13
J0871	K13
J0872	K13
J0873	K13
J0874	K13
J087z	K13
J088.	K13
J08z.	K13
J08z0	K13
J08z1	K13
J08z2	K12
J08z3	K13
J08z4	K13
J08z5	K13
J08z6	K13
J08z7	K13
J08z8	K12
J08z9	K50
J08zz	K13
J09..	K14
J0900	K14
J0901	K14
J090z	K14
J091.	K14
J092.	K14
J093.	K14
J0930	K14
J0931	K14
J093z	K14
J094.	K14
J094z	K14
J096.	K14
J09y.	K14
J09y0	K14
J09y1	K14
J09y2	K14
J09y3	K14
J09y4	K14
J09yz	K14
J09z.	K14
J0y..	K92
J0z..	K92
J1011	K21
J1014	K20
J1015	K20
J1016	K22
J101y	K20
J101z	K20
J1021	K22
J1023	K22
J1024	K22
J1025	K22
J102z	K22
J103.	K22
J1030	K22
J1031	K22
J1032	Q39
J103z	K22
J105.	K22
J106.	K22
J1060	K22
J1061	K22
J1062	K22
J1064	K22
J1065	K22
J106z	K22
J107.	K22
J10y.	K22
J10y1	K22
J10y3	K22
J10y4	K21
J10yz	K22
J10z.	K22
J11..	K25
J110.	K25
J1100	K25
J1101	K25
J1102	K25
J1103	K25
J1104	K25
J110y	K25
J110z	K25
J111.	K25
J1110	K25
J1111	K25
J1112	K25
J1113	K25
J1114	K25
J111y	K25
J111z	K25
J11y.	K25
J11y0	K25
J11y1	K25
J11y2	K25
J11y3	K25
J11y4	K25
J11yy	K25
J11yz	K25
J11z.	K25
J12..	K26
J120.	K26
J1200	K26
J1201	K26
J1202	K26
J1203	K26
J1204	K26
J120y	K26
J120z	K26
J121.	K26
J1210	K26
J1211	K26
J1212	K26
J1213	K26
J1214	K26
J121y	K26
J121z	K26
J124.	K26
J12y.	K26
J12y0	K26
J12y1	K26
J12y2	K26
J12y3	K26
J12y4	K26
J12yy	K26
J12yz	K26
J12z.	K26
J13..	K27
J130z	K27
J131.	K27
J1310	K27
J1311	K27
J1312	K27
J1313	K27
J1314	K27
J131y	K27
J131z	K27
J13y.	K27
J13y0	K27
J13y1	K27
J13y2	K27
J13y3	K27
J13y4	K27
J13yy	K27
J13yz	K27
J13z.	K27
J14..	K28
J140.	K28
J1400	K28
J1401	K28
J1402	K28
J1403	K28
J1404	K28
J140y	K28
J140z	K28
J141.	K28
J1410	K28
J1411	K28
J1412	K28
J1413	K28
J1414	K28
J141y	K28
J141z	K28
J14y.	K28
J14y0	K28
J14y1	K28
J14y2	K28
J14y3	K28
J14y4	K28
J14yy	K28
J14yz	K28
J14z.	K28
J15..	K29
J150.	K29
J151.	K29
J1510	K29
J1511	K29
J151z	K29
J152.	K29
J153.	K29
J154.	K29
J1540	K52
J1541	K29
J1542	K29
J1543	K29
J154z	K29
J155.	K29
J156.	K29
J157.	K29
J15z.	K29
J16..	K31
J161.	K31
J16y.	K31
J16y4	K30
J16y6	K31
J16yz	K31
J16z.	K31
J16z1	K92
J17..	K31
J170.	K31
J1700	K31
J1701	K31
J1702	K31
J170z	K31
J172.	K31
J173.	K31
J1730	K31
J1732	K31
J1733	K31
J173z	K31
J174.	K31
J1740	K31
J1741	K31
J1742	K31
J1743	K31
J174z	K31
J175.	K31
J17y1	K31
J17y3	K31
J17y5	K31
J17y6	K31
J17yz	K31
J17z.	K31
J20..	K35
J200.	K35
J202.	K35
J20z.	K35
J20z1	K35
J22..	K36
J220.	K36
J221.	K36
J222.	K36
J223.	K36
J22z.	K36
J23..	K38
J230.	K38
J23z.	K38
J23z0	K38
J23z1	K38
J23z2	K38
J23z3	K38
J23z4	K38
J23z5	K38
J23zz	K38
J2y..	K35
J2z..	K38
J30..	K40
J300.	K40
J3000	K40
J3001	K40
J3002	K40
J3003	K40
J300z	K40
J301.	K40
J3010	K40
J3011	K40
J3012	K40
J3013	K40
J301z	K40
J302.	K40
J3020	K40
J3021	K40
J3022	K40
J3023	K40
J302z	K40
J303.	K40
J3030	K40
J3031	K40
J3032	K40
J3033	K40
J303z	K40
J304.	K40
J305.	K40
J30y.	K40
J30y0	K40
J30y1	K40
J30y2	K40
J30y3	K40
J30yz	K40
J30z.	K40
J31..	K41
J310.	K41
J3100	K41
J3101	K41
J3102	K41
J3103	K41
J310z	K41
J311.	K41
J3110	K41
J3111	K41
J3112	K41
J3113	K41
J311z	K41
J312.	K41
J3120	K41
J3121	K41
J3122	K41
J3123	K41
J312z	K41
J313.	K41
J3130	K41
J3131	K41
J3132	K41
J3133	K41
J313z	K41
J31y.	K41
J31y0	K41
J31y1	K41
J31y2	K41
J31y3	K41
J31yz	K41
J31z.	K41
J32..	K42
J320.	K42
J3200	Q79
J3201	K42
J320z	K42
J321.	K42
J3210	Q79
J3211	K42
J321z	K42
J322.	K42
J3220	Q79
J3221	K42
J322z	K42
J323.	K42
J3230	Q79
J3231	K42
J323z	K42
J32y.	K42
J32y0	Q79
J32y1	K42
J32yz	K42
J32z.	K42
J33..	K43
J330.	K43
J3300	K43
J3301	K43
J3302	K43
J330z	K43
J331.	K43
J3310	K43
J3311	K43
J3312	K43
J331z	K43
J332.	K43
J3320	K43
J3321	K43
J3322	K43
J332z	K43
J333.	K43
J3330	K43
J3331	K43
J3332	K43
J333z	K43
J33z.	K43
J33z0	K43
J33z1	K43
J33z2	K43
J34..	K44
J340.	K44
J34y.	K44
J34z.	K44
J35..	K45
J350.	K45
J351.	K45
J352.	K45
J353.	K45
J35y.	K45
J35z.	K45
J36..	K45
J360.	K45
J361.	K45
J362.	K45
J363.	K45
J36y.	K45
J36z.	K45
J37..	K45
J370.	K45
J371.	K45
J372.	K45
J373.	K45
J37y.	K45
J37z.	K45
J38..	K45
J380.	K45
J381.	K45
J382.	K45
J383.	K45
J38y.	K45
J38z.	K45
J39..	K45
J390.	K45
J391.	K45
J392.	K45
J393.	K45
J39y.	K45
J39z.	K45
J3A..	K45
J3A0.	K45
J3A1.	K45
J3A2.	K45
J3A3.	K45
J3Ay.	K45
J3Az.	K45
J3B..	K45
J3B0.	K45
J3B1.	K45
J3B2.	K45
J3B3.	K45
J3By.	K45
J3Bz.	K45
J3C..	K43
J3C0.	K43
J3C1.	K43
J3C2.	K43
J3C3.	K43
J3Cy.	K43
J3Cz.	K43
J3y..	K45
J3y0.	K45
J3y1.	K45
J3y2.	K45
J3y3.	K45
J3yy.	K45
J3yz.	K45
J3z..	K46
J3z0.	K46
J3z1.	K46
J3z2.	K46
J3z3.	K46
J3zz.	K46
J4...	K58
J400.	K50
J4000	K50
J4001	K50
J4002	K50
J4003	K50
J4004	K50
J400z	K50
J401.	K50
J4010	K50
J4011	K50
J401z	K50
J402.	K50
J40z.	K50
J41..	K51
J410.	K51
J4100	K51
J4103	K51
J410z	K51
J41y.	K51
J41y0	K51
J41yz	K51
J41z.	K51
J42..	K55
J420.	K55
J4200	K55
J4201	K55
J4202	K55
J420x	K55
J420y	K55
J420z	K55
J421.	K55
J4210	K55
J4212	K55
J4213	K55
J421z	K55
J42z.	K55
J43..	K52
J430.	K52
J4300	K29
J4301	K52
J4302	K52
J4303	K52
J430z	K52
J431.	K52
J4310	K52
J4311	K52
J4312	K52
J4313	K52
J431z	K52
J432.	K52
J4320	K52
J4321	K52
J4322	K52
J432z	K52
J433.	K52
J4330	K52
J4331	K52
J4332	K52
J4333	K52
J433z	K52
J43z.	K52
J4z..	K52
J4z0.	K29
J4z1.	K52
J4z2.	K52
J4z3.	K52
J4z4.	K52
J4zz.	K52
J50..	K56
J5000	K56
J5001	K56
J5002	K56
J500t	K56
J500u	K56
J500v	K56
J500w	K56
J500x	K56
J500z	K56
J501.	K56
J502.	K56
J5020	K31
J5021	K56
J5022	K56
J5023	K56
J502z	K56
J503.	K56
J5030	K56
J5031	K56
J5032	K56
J503y	K56
J503z	K56
J50y.	K56
J50y0	K56
J50y1	K56
J50y2	K56
J50y3	K56
J50yz	K56
J50z.	K56
J50z0	K56
J50z1	K56
J50z2	K56
J50z3	K56
J50zz	K56
J5100	K57
J5101	K57
J5102	K57
J5103	K57
J5104	K57
J5105	K57
J5106	K57
J5107	K57
J5108	K57
J510y	K57
J510z	K57
J5110	K57
J5111	K57
J5112	K57
J5113	K57
J5114	K57
J5115	K57
J5116	K57
J5117	K57
J511y	K57
J511z	K57
J512.	K57
J5120	K57
J5121	K57
J5122	K57
J5123	K57
J5124	K57
J5125	K57
J5126	K57
J5127	K57
J5128	K57
J512y	K57
J512z	K57
J51z.	K57
J520.	K59
J5200	K59
J5201	K59
J5202	K59
J520y	K59
J520z	K59
J521.	K58
J5210	K58
J522.	K91
J5220	K91
J5221	K91
J5222	K91
J522z	K91
J523.	K91
J524.	K91
J5240	K91
J524z	K91
J526.	K59
J5260	K59
J526z	K59
J527.	K59
J5270	K59
J5271	Q43
J5272	K59
J5273	K59
J527z	K59
J528.	K59
J52y.	K59
J52y0	K59
J52yz	K59
J52z.	K59
J5300	K60
J5301	K60
J5311	K60
J5313	K60
J531z	K60
J53z.	K60
J540.	K61
J541.	K61
J542.	K61
J543.	K61
J544.	K61
J546.	K61
J54z.	K61
J550.	K67
J5503	K65
J550z	K67
J552.	K65
J5520	K65
J5522	K65
J5523	K65
J5524	K65
J5525	K65
J5526	K65
J5527	K65
J5528	K65
J5529	K65
J552A	K65
J552B	K65
J552C	M60
J552z	K65
J55y.	K65
J55y0	K65
J55y1	K65
J55y2	K65
J55y3	K65
J55y4	K65
J55yz	K65
J55z.	K65
J56..	K66
J5600	K66
J560C	K66
J560E	K66
J560F	N99
J560z	K66
J56y.	K66
J56y3	K66
J56yz	K66
J56z.	K66
J570.	K62
J5700	K62
J571.	K62
J5710	K62
J5711	K62
J571z	K62
J572.	K62
J5720	K62
J5721	K62
J572z	K62
J573.	K62
J5731	K62
J573z	K62
J574.	K62
J5740	K62
J5741	K62
J5742	K62
J5743	K62
J5744	K62
J5745	K62
J5746	K62
J5747	K62
J5748	K62
J5749	K62
J574B	K62
J574C	K62
J574D	K62
J574F	K62
J574G	K62
J574z	K62
J575.	K63
J576.	K91
J5760	K91
J5761	K91
J576z	K91
J5770	K55
J57y.	K63
J57y0	K63
J57y1	K63
J57y2	K63
J57y3	K63
J57y4	K63
J57y6	K63
J57y7	K63
J57y8	K63
J57y9	K63
J57yA	K63
J57yC	K63
J57yD	K63
J57yE	K63
J57yF	K63
J57yG	K63
J57yH	K63
J57yJ	K59
J57yK	I89
J57yL	K63
J57yM	K63
J57z.	K63
J5z..	K63
J60..	K72
J6000	K72
J6001	K72
J600z	K72
J6010	K72
J6011	K72
J601z	K72
J60z.	K72
J61..	K74
J610.	K70
J611.	K70
J612.	K70
J613.	K70
J614.	K73
J6140	K73
J6142	K73
J6143	K73
J614y	K73
J614z	K73
J615.	K74
J6150	K74
J6151	K74
J6153	K74
J6154	K74
J6156	K74
J6157	K76
J6158	K74
J6159	K74
J615A	K74
J615B	K74
J615D	K74
J615E	K74
J615F	K74
J615G	K74
J615H	K74
J615y	K74
J615z	K74
J616.	K74
J6160	K74
J6161	K74
J6162	K74
J616z	K74
J61y.	K76
J61y1	K76
J61y3	K74
J61y7	K76
J61yz	K76
J61z.	K76
J62..	K75
J620.	K75
J6200	K75
J6201	K75
J6202	K75
J6203	K75
J6204	K75
J620z	K75
J621.	K75
J622.	K72
J62y.	K76
J62z.	K76
J63..	K76
J630.	K76
J631.	K77
J6315	B19
J631z	K77
J632.	K77
J632z	K77
J633.	K75
J6330	K71
J633z	K75
J634.	K76
J635.	K71
J6350	K71
J6351	K71
J6352	K71
J6353	K71
J6354	K71
J6355	K71
J6356	K71
J636.	K76
J639.	K77
J63A.	K77
J63y.	K76
J63y0	K76
J63yz	K76
J63z.	K76
J64..	K80
J640.	K80
J6400	K80
J6401	K80
J640z	K80
J641.	K80
J6410	K80
J6411	K80
J641z	K80
J642.	K80
J6420	K80
J6421	K80
J642z	K80
J643.	K80
J6430	K80
J6431	K80
J643z	K80
J644.	K80
J6440	K80
J6441	K80
J644z	K80
J645.	K80
J6450	K80
J6451	K80
J645z	K80
J646.	K80
J64z.	K80
J64z0	K80
J64z1	K80
J650.	K81
J6500	K81
J6501	K81
J650z	K81
J651.	K81
J6510	K81
J651y	K81
J651z	K81
J652.	K82
J6520	K82
J6521	K82
J652z	K82
J653.	K82
J654.	K82
J6540	K82
J6541	K82
J654z	K82
J655z	K82
J656.	K82
J65y.	K82
J65y0	K82
J65y1	K82
J65y2	K82
J65y3	K82
J65y4	K82
J65y5	K82
J65y6	K82
J65y7	K82
J65y8	K82
J65y9	K82
J65yA	K82
J65yB	K82
J65yC	K82
J65yz	K82
J65z.	K82
J66..	K83
J660.	K91
J6613	K83
J6614	K83
J6615	K83
J6617	K83
J6618	K83
J6619	K83
J661y	K83
J661z	K83
J6620	K83
J662z	K83
J663.	K83
J664z	K83
J665.	K83
J66y.	K83
J66y0	K83
J66y1	K83
J66y2	K83
J66y3	K83
J66y5	K83
J66y6	K83
J66y7	K83
J66yz	K83
J66z.	K83
J670.	K85
J6700	K85
J6701	K85
J6702	K85
J6703	K85
J6704	K85
J671.	K86
J672.	K86
J6721	K86
J672z	K86
J67y.	K86
J67y0	K86
J67y1	K86
J67y2	K86
J67y3	K86
J67y4	K86
J67yz	K86
J67z.	K86
J681.	K92
J68z.	K92
J68z0	K92
J68z1	K92
J68zz	K92
J69..	K90
J690.	K90
J6900	K90
J6901	K90
J690z	K90
J691.	K90
J693.	K91
J6930	K91
J6931	K91
J693z	K91
J694.	K90
J69y.	K90
J69y0	K90
J69y1	K90
J69y2	K90
J69y3	K90
J69y4	K90
J69y5	K90
J69y6	K90
J69y7	K90
J69yz	K90
J69z.	K90
J6y..	K92
J6z..	K92
Jy...	K92
Jyu00	K00
Jyu01	K02
Jyu02	K03
Jyu03	K04
Jyu04	K05
Jyu05	K06
Jyu06	K07
Jyu07	K08
Jyu08	K09
Jyu09	K09
Jyu0A	K10
Jyu0B	K11
Jyu0C	K12
Jyu0D	K13
Jyu0E	K14
Jyu0F	K06
Jyu10	K22
Jyu11	K23
Jyu12	K29
Jyu13	K29
Jyu14	K31
Jyu20	K36
Jyu21	K38
Jyu22	K38
Jyu30	K45
Jyu31	K45
Jyu32	K45
Jyu40	K50
Jyu41	K51
Jyu42	K52
Jyu50	K55
Jyu51	K56
Jyu52	K56
Jyu53	K59
Jyu54	K62
Jyu55	K63
Jyu56	K56
Jyu57	K59
Jyu60	K65
Jyu61	K66
Jyu62	K67
Jyu70	K71
Jyu71	K74
Jyu72	K75
Jyu73	K76
Jyu74	K77
Jyu75	K77
Jyu76	K71
Jyu77	K75
Jyu80	K80
Jyu81	K81
Jyu82	K82
Jyu83	K83
Jyu84	K86
Jyu85	K86
Jyu86	K87
Jyu87	K87
Jyu90	K90
Jyu91	K91
Jyu92	K92
Jyu93	K93
Jyu94	K93
Jz...	K92
K00..	N00
K000.	N00
K001.	N00
K00y.	N00
K00y0	N08
K00y1	N00
K00y2	N00
K00y3	N00
K00yz	N00
K00z.	N00
K010.	N04
K011.	N04
K012.	N04
K013.	N05
K014.	N04
K015.	N04
K016.	N04
K017.	N04
K018.	N04
K019.	N04
K01A.	N04
K01B.	N04
K01w.	N04
K01w0	N04
K01wz	N04
K01x.	N08
K01xz	N08
K01y.	N04
K01z.	N04
K02..	N03
K020.	N03
K021.	N03
K023.	N01
K02y.	N03
K02y0	N08
K02y1	N03
K02y2	N03
K02y3	N03
K02yz	N03
K02z.	N03
K03..	N05
K030.	N05
K031.	N05
K032.	N05
K0320	N05
K0321	N02
K0322	N05
K0323	N05
K0325	N07
K0326	N02
K032y	N05
K032z	N05
K033.	N01
K034.	N17
K035.	N17
K03y.	N05
K03y0	N08
K03y1	N05
K03y2	N05
K03yz	N05
K03z.	N05
K041.	N17
K04y.	N17
K04z.	N17
K05..	N18
K06..	N19
K07..	N26
K071.	N26
K072.	N26
K07z.	N26
K08..	N25
K080.	N25
K0800	N25
K0801	N25
K0802	N25
K0803	N25
K080z	N25
K081.	N25
K08y.	N25
K08y0	N25
K08y2	N25
K08y3	N25
K08y4	N25
K08yz	N25
K08z.	N25
K09..	N27
K090.	N27
K091.	N27
K09z.	N27
K0A00	N00
K0A01	N00
K0A02	N00
K0A03	N00
K0A04	N00
K0A05	N00
K0A06	N00
K0A07	N00
K0A1.	N01
K0A10	N01
K0A11	N01
K0A12	N01
K0A13	N01
K0A14	N01
K0A15	N01
K0A16	N01
K0A17	N01
K0A2.	N02
K0A20	N02
K0A21	N02
K0A22	N02
K0A23	N02
K0A24	N02
K0A25	N02
K0A26	N02
K0A27	N02
K0A3.	N03
K0A30	N03
K0A31	N03
K0A34	N03
K0A35	N03
K0A36	N03
K0A37	N03
K0A4.	N06
K0A40	N06
K0A41	N06
K0A42	N06
K0A43	N06
K0A44	N06
K0A45	N06
K0A46	N06
K0A47	N06
K0A5.	N07
K0A50	N07
K0A51	N07
K0A52	N07
K0A53	N07
K0A54	N07
K0A55	N07
K0A56	N07
K0A57	N07
K0A6.	N08
K0A7.	N08
K0B..	N16
K0B0.	N16
K0B1.	N16
K0B2.	N16
K0B3.	N16
K0B4.	N16
K0B5.	N16
K0C..	N14
K0C1.	N14
K0C2.	N14
K0C3.	N14
K0C4.	N14
K0y..	N28
K0z..	N28
K1000	N11
K1001	N11
K1002	N11
K1003	N13
K1004	N11
K1006	N20
K100z	N11
K101.	N10
K1010	N10
K1011	N10
K1012	N10
K101z	N10
K102.	N15
K102z	N15
K103.	N28
K10y.	N11
K10y1	N12
K10y2	N13
K10y3	N16
K10y4	N16
K10yz	N11
K10z.	N15
K110.	N13
K111.	N13
K112.	N13
K11z.	N13
K12..	N20
K120.	N20
K120z	N20
K12z.	N20
K13..	N28
K132.	N28
K1320	N28
K1321	N28
K1322	N28
K132z	N28
K1330	N13
K133z	N13
K134.	N13
K1340	N13
K134z	N13
K1380	N28
K1381	N28
K1382	N28
K138z	N28
K13y0	N28
K13y1	N28
K13y2	N28
K13y3	N28
K13y4	N13
K13y5	N28
K13y6	N28
K13y7	N28
K13yz	N28
K13z.	N28
K13z0	N19
K14..	N21
K1401	N21
K140z	N21
K141.	N21
K14y.	N21
K14z.	N21
K151.	N30
K1510	N30
K1511	N30
K1512	N30
K151z	N30
K152.	N30
K1520	N30
K152y	N30
K152z	N30
K153.	N30
K1530	N30
K1531	N30
K1532	N30
K153z	N30
K154.	N33
K1542	B65
K1545	A54
K154z	N33
K155.	N30
K15y.	N30
K15y0	N30
K15y1	N30
K15y2	N30
K15yz	N30
K15z.	N30
K160.	N32
K161.	N32
K1612	N32
K161z	N32
K162.	N32
K1620	N32
K1621	N32
K1622	N32
K162z	N32
K1630	N32
K163z	N32
K164.	N31
K1640	N31
K1641	N31
K164z	N31
K165.	N31
K1650	N31
K165z	N31
K166.	N32
K167.	N32
K16y.	N32
K16y0	N32
K16y1	N32
K16y2	N32
K16y3	N32
K16y4	N31
K16y5	N32
K16y6	N32
K16y7	N32
K16yz	N32
K16z.	N32
K17..	N34
K170.	N34
K1700	N34
K1701	N34
K1702	N34
K1703	N34
K170z	N34
K171.	N34
K17y.	N34
K17y0	N34
K17y1	N34
K17y2	N34
K17y3	N34
K17y6	N34
K17y7	Q64
K17yz	N34
K17z.	N34
K18..	N35
K180.	N35
K1800	N35
K1801	N35
K180z	N35
K181.	N35
K182.	N99
K18y.	N35
K18z.	N35
K19..	N39
K190.	N39
K1900	N39
K1901	N39
K1902	N39
K190z	N39
K1910	N36
K191z	N36
K193.	N36
K194.	N36
K195.	N36
K196.	N13
K19y.	N39
K19y0	N36
K19y1	N36
K19y2	N36
K19yw	N39
K19yz	N39
K19z.	N39
K1A..	N22
K1y..	N39
K1z..	N39
K20..	N40
K200.	N40
K20z.	N40
K21..	N41
K210.	N41
K211.	N41
K212.	N41
K213.	N41
K214.	N51
K214z	N51
K21y.	N41
K21z.	N41
K22..	N42
K220.	N42
K221.	N42
K2210	N42
K2211	N42
K221z	N42
K222.	N42
K22y.	N42
K22y0	N42
K22y1	N42
K22y2	N42
K22y3	N42
K22yz	N42
K22z.	N42
K230.	N43
K231.	N43
K23y.	N43
K23z.	N43
K24..	N45
K2400	N45
K2401	N45
K2402	N45
K2403	N45
K240z	N45
K2410	N45
K2411	N45
K2412	N45
K2413	N45
K241z	N45
K2420	N45
K2421	N45
K2422	N45
K2423	N45
K242z	N45
K24z.	N45
K25..	N47
K250.	N47
K251.	N47
K252.	N47
K253.	N47
K25z.	N47
K26..	N46
K260.	N46
K261.	N46
K26y.	N46
K26y0	N46
K26y1	N46
K26y2	N46
K26y3	N46
K26y4	N46
K26yz	N46
K26z.	N46
K27..	N48
K270.	N48
K271.	N48
K2711	N48
K271z	N48
K272.	N48
K2721	N48
K2722	N48
K2723	N48
K272z	N48
K273.	N48
K274.	N48
K275.	N48
K2750	N48
K2751	N48
K2752	N48
K2753	N48
K275z	N48
K276.	N48
K27y.	N48
K27y0	N48
K27y1	N48
K27y2	N48
K27y3	N48
K27y4	N48
K27y5	N48
K27yz	N48
K27z.	N48
K2800	N49
K2801	N49
K280z	N49
K282.	N44
K2820	N44
K2821	N44
K2822	N44
K2823	N44
K282z	N44
K283.	N50
K284.	N49
K2840	N49
K2841	N49
K2842	N49
K2843	N49
K2844	N49
K2845	N49
K284z	N49
K285.	N51
K286.	N50
K2861	N50
K2862	N50
K2864	N50
K2865	N50
K286v	N50
K286x	N50
K286z	N50
K288.	N50
K2880	N50
K2881	N50
K288z	N50
K289.	N50
K28y.	N50
K28y0	N50
K28y1	N50
K28y2	N50
K28y3	N50
K28y4	N50
K28y5	N50
K28y6	N50
K28y7	N48
K28ys	N50
K28yt	N50
K28yu	N50
K28yv	N50
K28yw	N50
K28yx	N50
K28yz	N50
K28z.	N50
K2y..	N50
K2z..	N50
K30..	N60
K300.	N60
K302z	N60
K304.	N60
K30y.	N60
K30y1	N60
K30yz	N60
K30z.	N60
K310.	N61
K3101	N61
K3104	N61
K3105	N61
K3106	N61
K3107	N61
K310z	N61
K3110	N62
K3111	N62
K311z	N62
K313.	N64
K316.	N64
K317.	N64
K3171	N63
K3174	N64
K317z	N64
K31y.	N64
K31y0	N64
K31y1	N64
K31y2	N64
K31y3	N64
K31yz	N64
K3y..	N64
K3z..	N64
K400.	N70
K4001	N70
K4004	N70
K4005	N70
K4006	N70
K4007	N70
K4008	N70
K4009	N70
K400z	N70
K401.	N70
K4010	N70
K4011	N70
K4014	N70
K4015	N70
K4016	N70
K4017	N70
K401z	N70
K402.	N70
K4021	N70
K4023	N70
K4024	N70
K4025	N70
K4026	N70
K4027	N70
K402z	N70
K403.	N73
K4031	N73
K403z	N73
K404.	N73
K4041	N73
K4042	N73
K4043	N73
K4044	N73
K4045	N73
K404z	N73
K405.	N73
K4050	N73
K4051	N73
K405z	N73
K406.	N73
K4060	N73
K4061	N73
K406z	N73
K407z	N73
K408.	N73
K40y.	N73
K40y0	N74
K40y1	N74
K40z.	N73
K41..	N71
K410.	N71
K4101	N71
K4103	N71
K4105	N71
K4106	N71
K4107	N71
K4108	N71
K410z	N71
K411.	N71
K4111	N71
K4112	N71
K4113	N71
K411z	N71
K41z.	N71
K41z0	N71
K41z1	N71
K41z2	N71
K41z3	N71
K41z4	N71
K41zz	N71
K420.	N72
K4200	N72
K4201	N72
K4203	N72
K4205	N72
K4206	N72
K4207	N72
K4208	N72
K420z	N72
K421.	N76
K4210	N76
K4211	N76
K4212	N76
K4213	N76
K4214	N77
K4215	N77
K4216	N77
K4217	N76
K4218	N76
K421z	N76
K422.	N75
K423.	N75
K424.	N76
K4240	N76
K4241	N76
K424z	N76
K4250	N76
K4251	N76
K4252	N77
K425z	N76
K42y0	N76
K42y1	N76
K42y3	N75
K42yz	N73
K42z.	N73
K4y..	N73
K4z..	N73
K500.	N80
K5000	N80
K5002	N80
K500z	N80
K501.	N80
K502.	N80
K503.	N80
K5030	N80
K5031	N80
K5032	N80
K5033	N80
K503z	N80
K504.	N80
K5040	N80
K5041	N80
K504z	N80
K505.	N80
K5050	N80
K5051	N80
K5052	N80
K505z	N80
K506.	N80
K50y.	N80
K50y0	N80
K50y1	N80
K50y2	N80
K50y3	N80
K50yz	N80
K50z.	N80
K5101	N81
K5103	N81
K5104	N81
K510z	N81
K511.	N81
K5110	N81
K5111	N81
K5112	N81
K511z	N81
K512.	N81
K514.	N81
K515.	N99
K5160	N81
K5161	N81
K516z	N81
K517.	N81
K51y.	N81
K51y0	N81
K51y1	N81
K51y2	N89
K51y3	N81
K51yz	N81
K51z.	N81
K52..	N82
K520.	N82
K5200	N82
K5201	N82
K5202	N82
K5203	N82
K5204	N82
K5206	N82
K5207	N82
K520z	N82
K521.	N82
K5210	N82
K5211	N82
K5214	N82
K521z	N82
K522.	N82
K5220	N82
K5221	N82
K522z	N82
K52y.	N82
K52z.	N82
K53..	N83
K530.	N83
K531.	N83
K5310	N83
K5311	N83
K5312	N83
K531z	N83
K532.	N83
K5320	N83
K5321	N83
K5322	N83
K5323	D27
K532z	N83
K533.	N83
K5330	N83
K5331	N83
K5332	N83
K533z	N83
K534.	N83
K5340	N83
K534z	N83
K535.	N83
K5351	N83
K5354	N83
K5355	N83
K535z	N83
K536.	N83
K53y.	N83
K53y0	N83
K53y1	N83
K53y2	N83
K53y3	N83
K53y4	N83
K53yz	N83
K53z.	N83
K54..	N85
K540.	N84
K5420	N85
K5421	N85
K5422	N85
K542z	N85
K543.	N85
K5430	N85
K5431	N85
K5432	N85
K543z	N85
K546z	N85
K54y.	N85
K54y0	N85
K54y1	N85
K54y2	N85
K54y3	N85
K54y4	N85
K54yz	N85
K54z.	N85
K55..	N88
K5502	N86
K550z	N86
K5510	N87
K5511	N87
K551z	N87
K552.	N88
K553.	N88
K5530	N88
K5531	N88
K5532	N88
K553z	N88
K5541	N88
K5542	N88
K554z	N88
K556.	N88
K557.	N84
K55y.	N85
K55y0	N88
K55y1	N88
K55y2	N88
K55y3	N88
K55yz	N88
K55z.	N88
K56..	N89
K560.	N89
K561.	N89
K562.	N89
K5620	N99
K5621	N99
K5622	N89
K562z	N89
K563.	N89
K564.	N89
K565.	N89
K567.	N84
K56y.	N89
K56y0	N89
K56y1	N93
K56yz	N89
K56z.	N89
K57..	N90
K570.	N90
K5700	N90
K5701	N90
K570z	N90
K571.	N90
K573.	N90
K574.	N90
K5740	N90
K5741	N90
K574z	N90
K576.	N84
K5760	N84
K5761	N84
K576z	N84
K57y.	N90
K57y1	N90
K57y2	N90
K57yz	N90
K57z.	N90
K580.	N94
K581.	N94
K582.	N94
K583.	N94
K584.	N94
K585.	N94
K586.	N39
K58y.	N94
K58z.	N94
K5900	N91
K5901	N91
K590z	N91
K591.	N91
K5910	N91
K5911	N91
K5912	N91
K5913	N91
K591z	N91
K592.	N92
K5921	N92
K592z	N92
K593.	N92
K594.	N92
K594z	N92
K595.	N92
K596.	N92
K597.	N93
K59y.	N92
K59y0	N94
K59y1	N94
K59y2	N94
K59yx	N93
K59yy	N93
K59yz	N92
K59z.	N92
K5A..	N95
K5A0.	N92
K5A1.	N95
K5A2.	N95
K5A20	N95
K5A21	N95
K5A22	N95
K5A23	N95
K5A2z	N95
K5A3.	N95
K5A4.	N95
K5Ay.	N95
K5Az.	N95
K5B..	N97
K5B0.	N97
K5B00	N97
K5B01	N97
K5B0z	N97
K5B1z	E23
K5B2.	N97
K5B20	N97
K5B21	N97
K5B2z	N97
K5B3.	N97
K5B30	N97
K5B31	N97
K5B3z	N97
K5B4.	N97
K5B40	N97
K5B41	N97
K5B4z	N97
K5B5.	N97
K5B50	N97
K5B51	N97
K5B5z	N97
K5By.	N97
K5By0	N97
K5By1	N97
K5Byz	N97
K5Bz.	N97
K5C0.	N94
K5C1.	N94
K5Cy.	N94
K5Cz.	N94
K5y..	N94
K5z..	N94
Kyu00	N08
Kyu01	N08
Kyu02	N08
Kyu03	N08
Kyu04	N08
Kyu05	N08
Kyu06	N08
Kyu07	N01
Kyu08	N05
Kyu09	N05
Kyu0A	N05
Kyu0B	N05
Kyu0C	N05
Kyu0D	N06
Kyu0E	N06
Kyu0F	N07
Kyu10	N11
Kyu11	N13
Kyu12	N13
Kyu13	N13
Kyu14	N14
Kyu16	N15
Kyu18	N16
Kyu19	N16
Kyu1A	N16
Kyu1B	N16
Kyu1D	N16
Kyu1E	N12
Kyu1F	N13
Kyu20	N17
Kyu21	N18
Kyu30	N21
Kyu31	N22
Kyu40	N25
Kyu41	N28
Kyu42	N29
Kyu43	N29
Kyu50	N30
Kyu51	N30
Kyu52	N31
Kyu53	N32
Kyu54	N33
Kyu55	N34
Kyu56	N35
Kyu57	N36
Kyu58	N37
Kyu59	N37
Kyu5A	N39
Kyu5B	N39
Kyu5C	N31
Kyu5D	N31
Kyu5E	N31
Kyu5F	N36
Kyu5G	N39
Kyu60	N41
Kyu61	N42
Kyu62	N43
Kyu63	N48
Kyu64	N48
Kyu65	N49
Kyu66	N49
Kyu67	N50
Kyu68	N51
Kyu69	N51
Kyu6A	N51
Kyu6B	N51
Kyu70	N60
Kyu71	N64
Kyu72	N64
Kyu80	N73
Kyu81	N74
Kyu82	N75
Kyu83	N76
Kyu84	N77
Kyu85	N77
Kyu86	N77
Kyu87	N73
Kyu88	N75
Kyu90	N80
Kyu91	N81
Kyu92	N82
Kyu93	N82
Kyu94	N82
Kyu95	N83
Kyu96	N83
Kyu97	N84
Kyu98	N85
Kyu99	N88
Kyu9A	N89
Kyu9B	N90
Kyu9C	N92
Kyu9D	N93
Kyu9E	N94
Kyu9F	N95
Kyu9G	N97
Kyu9H	N98
Kyu9J	N84
Kyu9N	N90
Kyu9P	N98
KyuA0	N99
L00..	O01
L000.	O01
L01..	O02
L010.	O02
L011.	O02
L01z.	O02
L0300	O83
L031z	O00
L03y.	O00
L03y0	O00
L03y2	O00
L03y3	O00
L03y5	O00
L03y6	O00
L03y7	O00
L03yz	O00
L03z.	O00
L040.	O03
L0400	O03
L0401	O03
L0402	O03
L0403	O03
L0404	O03
L0405	O03
L0406	O03
L040w	O03
L040x	O03
L040y	O03
L040z	O03
L041.	O03
L0410	O03
L0411	O03
L0412	O03
L0413	O03
L0414	O03
L0415	O03
L0416	O03
L041w	O03
L041x	O03
L041y	O03
L041z	O03
L042.	O03
L0420	O03
L0421	O03
L0422	O03
L0423	O03
L0424	O03
L0425	O03
L0426	O03
L042w	O03
L042x	O03
L042y	O03
L042z	O03
L04z.	O03
L050.	O04
L0500	O04
L0501	O04
L0502	O04
L0503	O04
L0504	O04
L0505	O04
L0506	O04
L050w	O04
L050x	O04
L050y	O04
L050z	O04
L051.	O04
L0510	O04
L0511	O04
L0512	O04
L0513	O04
L0514	O04
L0515	O04
L0516	O04
L051w	O04
L051x	O04
L051y	O04
L051z	O04
L052.	O04
L0520	O04
L0521	O04
L0522	O04
L0523	O04
L0524	O04
L0525	O04
L0526	O04
L052w	O04
L052x	O04
L052y	O04
L052z	O04
L05z.	O04
L06..	O05
L060.	O05
L0600	O05
L0601	O05
L0603	O05
L0604	O05
L0605	O05
L0606	O05
L060w	O05
L060x	O05
L060y	O05
L060z	O05
L061.	O05
L0610	O05
L0611	O05
L0612	O05
L0613	O05
L0614	O05
L0615	O05
L0616	O05
L061w	O05
L061x	O05
L061y	O05
L061z	O05
L062.	O05
L0620	O05
L0621	O05
L0622	O05
L0623	O05
L0624	O05
L0625	O05
L0626	O05
L062w	O05
L062x	O05
L062y	O05
L062z	O05
L06z.	O05
L07..	O06
L0700	O06
L0701	O05
L0702	O05
L0703	O05
L0704	O05
L0705	O06
L0706	O06
L070w	O06
L070x	O06
L070y	O06
L070z	O06
L071.	O06
L0710	O06
L0711	O06
L0712	O06
L0713	O06
L0714	O06
L0715	O06
L0716	O06
L071w	O06
L071x	O06
L071y	O06
L071z	O06
L072.	O06
L0720	O06
L0721	O06
L0722	O06
L0723	O06
L0724	O06
L0725	O06
L0726	O06
L072w	O06
L072x	O06
L072y	O06
L072z	O06
L08..	O07
L080.	O07
L081.	O07
L082.	O07
L083.	O07
L084.	O07
L085.	O07
L086.	O07
L08w.	O07
L08x.	O07
L08y.	O07
L08z.	O07
L09..	O08
L090.	O08
L0900	O08
L0901	O08
L0902	O08
L0903	O08
L0904	O08
L090y	O08
L090z	O08
L091.	O08
L0910	O08
L0911	O08
L0912	O08
L091z	O08
L092.	O08
L0920	O08
L0921	O08
L0922	O08
L0923	O08
L0924	O08
L0925	O08
L0926	O08
L092z	O08
L093.	O08
L0930	O08
L0931	O08
L0932	O08
L0933	O08
L0934	O08
L093z	O08
L094.	O08
L095.	O08
L0960	O08
L0961	O08
L0962	O08
L0963	O08
L0964	O08
L0965	O08
L0966	O08
L0967	O08
L096z	O08
L0970	O03
L0971	O04
L0972	O05
L0973	O06
L09y.	O08
L09y0	O08
L09y1	O08
L09y2	O08
L09y3	O08
L09y4	O08
L09yz	O08
L09z.	O08
L0A1.	O07
L0A2.	O07
L0A3.	O07
L0A4.	O07
L0y..	O05
L0z..	O06
L1...	O26
L10..	O20
L1000	O20
L1001	O20
L1002	O20
L100z	O20
L10y.	O20
L10y0	O20
L10y1	O20
L10y2	O20
L10yz	O20
L10z.	O20
L10z0	O20
L10z1	O20
L10z2	O20
L10zz	O20
L112.	O45
L113.	O46
L114.	O46
L1140	O46
L1141	O46
L1142	O46
L114z	O46
L11y.	O46
L11y0	O46
L11y1	O46
L11y2	O46
L11yz	O46
L11z1	O46
L120.	O10
L1200	O10
L1201	O10
L1202	O10
L1203	O10
L1204	O10
L120z	O10
L121.	O10
L1210	O10
L1211	O10
L1212	O10
L1213	O10
L1214	O10
L121z	O10
L122.	O10
L1220	O10
L1221	O10
L1222	O10
L1223	O10
L1224	O10
L122z	O10
L1230	O13
L1231	O13
L1232	O13
L1233	O13
L1234	O13
L123z	O13
L1250	O14
L1251	O14
L1252	O14
L1253	O14
L1254	O14
L125z	O14
L126.	O15
L1260	O15
L1261	O15
L1262	O15
L1263	O15
L1264	O15
L126z	O15
L1270	O11
L1271	O11
L1272	O11
L1273	O11
L127z	O11
L128.	O10
L1280	O10
L1281	O10
L1282	O10
L12z.	O16
L12z0	O16
L12z1	O16
L12z2	O16
L12z3	O16
L12z4	O16
L12zz	O16
L1401	O47
L1420	O60
L1421	O60
L142z	O60
L14z.	O60
L16..	O26
L1600	O31
L1601	O31
L1602	O31
L160z	O31
L161.	O12
L1610	O12
L1611	O12
L1612	O12
L1613	O12
L1614	O12
L161z	O12
L162.	O26
L1620	O26
L1621	O26
L1622	O26
L1623	O26
L1624	O26
L162z	O26
L1631	O26
L1632	O26
L164.	O26
L1640	O26
L1641	O26
L1642	O26
L1643	O26
L1644	O26
L164z	O26
L165.	O23
L1650	O23
L1651	O23
L1652	O86
L1653	O23
L1654	O86
L165z	O23
L166.	O23
L1665	O23
L1666	O86
L1667	O23
L166z	O23
L167.	O26
L1670	O26
L1671	O26
L1672	O26
L167z	O26
L168.	O26
L1680	O26
L1681	O26
L1682	O26
L1683	O26
L1684	O26
L168z	O26
L169.	O26
L1690	O26
L1691	O26
L1692	O26
L1693	O26
L1694	O26
L169z	O26
L16A.	O26
L16A0	O26
L16A1	O26
L16A2	O26
L16A3	O26
L16A4	O26
L16Az	O26
L16B.	O47
L16C.	O12
L16C1	O12
L16D.	O26
L16y.	O26
L16y0	O26
L16y1	O26
L16y2	O26
L16y3	O26
L16y4	O26
L16yz	O26
L16z.	O26
L170.	O98
L1700	O98
L1701	O98
L1702	O98
L1703	O98
L1704	O98
L170z	O98
L171.	O98
L1710	O98
L1711	O98
L1712	O98
L1713	O98
L1714	O98
L171z	O98
L172.	O98
L1720	O98
L1721	O98
L1722	O98
L1723	O98
L1724	O98
L172z	O98
L173.	O98
L1730	O98
L1731	O98
L1732	O98
L1733	O98
L1734	O98
L173z	O98
L174.	O98
L1740	O98
L1741	O98
L1742	O98
L1743	O98
L1744	O98
L174z	O98
L1750	O98
L1751	O98
L1752	O98
L1753	O98
L1754	O98
L175z	O98
L176.	O98
L1760	O98
L1761	O98
L1762	O98
L1763	O98
L1764	O98
L1765	O98
L176z	O98
L177.	O23
L178.	O23
L17y.	O98
L17y0	O98
L17y1	O98
L17y2	O98
L17y3	O98
L17y4	O98
L17yz	O98
L17z.	O98
L17z0	O98
L17z1	O98
L17z2	O98
L17z3	O98
L17z4	O98
L17zz	O98
L18..	O99
L180.	O24
L1800	O24
L1801	O24
L1802	O24
L1803	O24
L1804	O24
L1805	O24
L1806	O24
L1807	O24
L1808	O24
L180z	O24
L181.	O99
L1810	O99
L1811	O99
L1812	O99
L1813	O99
L1814	O99
L181z	O99
L182.	O99
L1820	O99
L1821	O99
L1822	O99
L1823	O99
L1824	O99
L1825	O99
L182z	O99
L183.	O99
L1830	O99
L1831	O99
L1832	O99
L1833	O99
L1834	O99
L183z	O99
L184.	O99
L1840	O99
L1841	O99
L1842	O99
L1843	O99
L1844	O99
L184z	O99
L185.	O99
L1850	O99
L1851	O99
L1852	O99
L1853	O99
L1854	O99
L185z	O99
L186.	O99
L1860	O99
L1861	O99
L1862	O99
L1863	O99
L1864	O99
L186z	O99
L187.	O99
L1870	O99
L1871	O99
L1872	O99
L1873	O99
L1874	O99
L187z	O99
L188.	O99
L1880	O28
L1881	O99
L1882	O99
L1883	O28
L1884	O99
L188z	O28
L189.	O99
L18A.	O99
L18B.	O99
L18C.	O99
L18D.	O99
L18z.	O99
L18z0	O99
L18z1	O99
L18z2	O99
L18z3	O99
L18z4	O99
L18zz	O99
L19..	O31
L191.	O31
L192.	O31
L1A..	O26
L2...	O26
L200.	O80
L20z.	O80
L210.	O30
L2100	O30
L2101	O30
L2102	O30
L210z	O30
L211.	O30
L2110	O30
L2111	O30
L2112	O30
L211z	O30
L212.	O30
L2120	O30
L2121	O30
L2122	O30
L212z	O30
L2130	O84
L2131	O84
L2132	O84
L21y.	O30
L21y0	O30
L21y1	O30
L21y2	O30
L21yz	O30
L21z.	O30
L21z0	O30
L21z1	O30
L21z2	O30
L220.	O32
L2200	O32
L2201	O32
L2202	O32
L220z	O32
L221.	O32
L2210	O32
L2211	O32
L2212	O32
L2220	O32
L2221	O32
L2222	O32
L222z	O32
L2230	O32
L2231	O32
L2232	O32
L223z	O32
L2240	O32
L2241	O32
L2242	O32
L2250	O32
L2251	O32
L2252	O32
L225z	O32
L2260	O32
L2261	O32
L2262	O32
L226z	O32
L227.	O32
L2270	O32
L2271	O32
L2272	O32
L227z	O32
L228.	O32
L2280	O32
L2281	O32
L2282	O32
L228z	O32
L2290	O32
L2291	O32
L2292	O32
L229z	O32
L22y0	O32
L22y1	O32
L22y2	O32
L22yz	O32
L22z.	O32
L22z0	O32
L22z1	O32
L22z2	O32
L237.	O33
L24..	O34
L240.	O34
L2400	O34
L2401	O34
L2402	O34
L2403	O34
L2404	O34
L240z	O34
L241.	O34
L2410	O34
L2411	O34
L2412	O34
L2413	O34
L2414	O34
L241z	O34
L242.	O34
L2420	O34
L2421	O34
L2422	O34
L242z	O34
L2430	O34
L2431	O34
L2432	O34
L2433	O34
L2434	O34
L243z	O34
L244.	O34
L2440	O34
L2441	O34
L2442	O34
L2443	O34
L2444	O34
L244z	O34
L2450	O34
L2451	O34
L2452	O34
L2453	O34
L2454	O34
L245z	O34
L246.	O34
L2460	O34
L2461	O34
L2462	O34
L2463	O34
L2464	O34
L246z	O34
L247.	O34
L2470	O34
L2471	O34
L2472	O34
L2473	O34
L2474	O34
L247z	O34
L248.	O34
L2480	O34
L2481	O34
L2482	O34
L2483	O34
L2484	O34
L248z	O34
L24z0	O34
L24z1	O34
L24z2	O34
L24z3	O34
L24z4	O34
L24zz	O34
L25..	O35
L250.	O35
L2500	O35
L2501	O35
L2502	O35
L250z	O35
L251.	O35
L2510	O35
L2511	O35
L2512	O35
L251z	O35
L252.	O35
L2520	O35
L2521	O35
L2522	O35
L252z	O35
L253.	O35
L2530	O35
L2531	O35
L2532	O35
L253z	O35
L254.	O35
L2540	O35
L2541	O35
L2542	O35
L254z	O35
L255.	O35
L2550	O35
L2551	O35
L2552	O35
L2553	O35
L255z	O35
L256.	O35
L2560	O35
L2561	O35
L2562	O35
L256z	O35
L257.	O35
L2570	O35
L2571	O35
L2572	O35
L257z	O35
L25y.	O35
L25y0	O35
L25y1	O35
L25y2	O35
L25yz	O35
L25z.	O35
L25z0	O35
L25z1	O35
L25z2	O35
L262.	O36
L2620	O36
L2621	O36
L2622	O36
L262z	O36
L2633	O68
L2637	O36
L2640	O36
L2641	O36
L2642	O36
L264z	O36
L265.	O36
L2662	O36
L267.	O43
L26y.	O43
L26y0	O43
L26y1	O43
L26y2	O43
L26yz	O43
L26z.	O43
L26z0	O43
L26z1	O43
L26z2	O43
L27..	O40
L28..	O41
L2820	O75
L2821	O75
L2822	O75
L282z	O75
L283.	O75
L2830	O75
L2831	O75
L2832	O75
L283z	O75
L284.	O41
L28y.	O41
L28y0	O41
L28y1	O41
L28y2	O41
L28yz	O41
L29..	O75
L291.	O61
L2910	O61
L2911	O61
L2912	O61
L291z	O61
L292.	O75
L2920	O75
L2921	O75
L2922	O75
L292z	O75
L2930	O75
L293z	O75
L29y0	O75
L29y1	O75
L29y2	O75
L29yz	O75
L29z.	O75
L29z0	O75
L29z1	O75
L29z2	O75
L2A..	O28
L2A0.	O28
L2A1.	O28
L2A2.	O28
L2A3.	O28
L2A4.	O28
L2A5.	O28
L2C..	O25
L2D..	O26
L304.	O32
L3040	O64
L3041	O32
L304z	O64
L3092	O66
L30zz	O66
L312.	O62
L314.	O62
L3140	O62
L3141	O62
L3142	O62
L314z	O62
L3230	O63
L332.	O69
L332z	O69
L3340	O69
L3341	O69
L3342	O69
L334z	O69
L335.	O69
L3350	O69
L3351	O69
L3352	O69
L335z	O69
L336.	O69
L34..	O70
L340.	O70
L341.	O70
L342.	O70
L345.	O71
L34y.	O71
L34y0	O71
L34y1	O71
L34y2	O71
L34yz	O71
L34z.	O71
L34z0	O71
L34z1	O71
L34z2	O71
L3520	O71
L3521	O71
L3522	O71
L352z	O71
L355.	O71
L3550	O71
L3551	O71
L3552	O71
L355z	O71
L356.	O71
L3560	O71
L3561	O71
L3562	O71
L356z	O71
L357.	O71
L3570	O71
L3571	O71
L3572	O71
L3573	O71
L357z	O71
L36..	O72
L360.	O72
L3600	O72
L3601	O72
L3602	O72
L360z	O72
L361.	O72
L3610	O72
L3611	O72
L3612	O72
L361z	O72
L362.	O72
L3620	O72
L3621	O72
L3622	O72
L362z	O72
L363.	O72
L3630	O72
L3631	O72
L3632	O72
L363z	O72
L36z.	O72
L370.	O73
L3700	O73
L3701	O73
L3702	O73
L370z	O73
L371.	O73
L3710	O73
L3711	O73
L3712	O73
L371z	O73
L37z.	O73
L380.	O29
L3830	O29
L3831	O89
L3840	O29
L3841	O89
L385.	O29
L386.	O74
L387.	O74
L38A.	O74
L38B.	O89
L390.	O75
L3900	O75
L3901	O75
L3902	O75
L3903	O75
L3904	O75
L390z	O75
L3911	O75
L3912	O75
L3913	O75
L3914	O75
L392.	O26
L3920	O26
L3921	O26
L3922	O26
L3923	O26
L3924	O26
L392z	O26
L393.	O90
L3930	O90
L3931	O90
L3932	O90
L393z	O90
L3946	O90
L3950	O81
L3951	O81
L3954	O81
L395z	O81
L3960	O81
L3961	O81
L396z	O81
L3970	O83
L3971	O83
L397z	O83
L3980	O82
L3981	O82
L3982	O82
L3983	O82
L3984	O82
L3985	O82
L3986	O34
L398z	O82
L399.	O83
L39A.	O96
L39B.	O97
L39y1	O75
L40..	O85
L400.	O85
L4000	O85
L4001	O85
L4002	O85
L400z	O85
L401.	O85
L4010	O85
L4011	O85
L4012	O85
L401z	O85
L402.	O85
L4020	O85
L4021	O85
L4022	O85
L402z	O85
L403.	O85
L4030	O85
L4031	O85
L4032	O85
L403z	O85
L40z.	O85
L40z0	O85
L40z1	O85
L40z2	O85
L41..	O22
L4115	O22
L4120	O22
L4124	O87
L413.	O22
L4130	O22
L4131	O22
L4132	O22
L413z	O22
L414.	O87
L4140	O87
L4141	O87
L4142	O87
L414z	O87
L4162	O87
L4163	O22
L4164	O87
L4165	O87
L4170	O22
L4171	O87
L4200	O86
L4201	O86
L4202	O86
L420z	O86
L43..	O88
L430.	O88
L4300	O88
L4301	O88
L4302	O88
L4303	O88
L4304	O88
L430z	O88
L4310	O88
L4311	O88
L4312	O88
L4313	O88
L4314	O88
L431z	O88
L432.	O88
L4320	O88
L4321	O88
L4322	O88
L4323	O88
L4324	O88
L432z	O88
L433.	O88
L4330	O88
L4331	O88
L4332	O88
L4333	O88
L4334	O88
L433z	O88
L43y.	O88
L43y0	O88
L43y1	O88
L43y2	O88
L43y3	O88
L43y4	O88
L43yz	O88
L43z.	O88
L43z0	O88
L43z1	O88
L43z2	O88
L43z3	O88
L43z4	O88
L44..	O90
L4400	O99
L4401	O99
L4402	O99
L4403	O99
L4404	O99
L440z	O99
L441.	O90
L4410	O90
L4411	O90
L4412	O90
L441z	O90
L4420	O90
L4421	O90
L4422	O90
L442z	O90
L443.	O90
L4430	O90
L4431	O90
L4432	O90
L443z	O90
L444.	O90
L4440	O90
L4441	O90
L4442	O90
L444z	O90
L44y0	O90
L44y1	O90
L44y2	O90
L44yz	O90
L44z0	O90
L44z1	O90
L44z2	O90
L45..	O91
L450.	O91
L4500	O91
L4501	O91
L4502	O91
L4503	O91
L4504	O91
L450z	O91
L4510	O91
L4511	O91
L4512	O91
L4513	O91
L4514	O91
L451z	O91
L4520	O91
L4521	O91
L4522	O91
L4523	O91
L4524	O91
L452z	O91
L45y.	O91
L45y0	O91
L45y1	O91
L45y2	O91
L45y3	O91
L45y4	O91
L45yz	O91
L45z.	O91
L45z0	O91
L45z1	O91
L45z2	O91
L45z3	O91
L45z4	O91
L46..	O92
L460.	O92
L4600	O92
L4601	O92
L4602	O92
L4603	O92
L4604	O92
L460z	O92
L461.	O92
L4610	O92
L4611	O92
L4612	O92
L4613	O92
L4614	O92
L461z	O92
L462.	O92
L4620	O92
L4621	O92
L4622	O92
L4623	O92
L4624	O92
L462z	O92
L463.	O92
L4630	O92
L4631	O92
L4632	O92
L4633	O92
L4634	O92
L4635	O92
L463z	O92
L464.	O92
L4640	O92
L4641	O92
L4642	O92
L4643	O92
L4644	O92
L464z	O92
L465.	O92
L4650	O92
L4651	O92
L4652	O92
L4653	O92
L4654	O92
L465z	O92
L466.	O92
L4660	O92
L4661	O92
L4662	O92
L4663	O92
L4664	O92
L466z	O92
L46y0	O92
L46y1	O92
L46y2	O92
L46y3	O92
L46y4	O92
L46yz	O92
L46z.	O92
L46z0	O92
L46z1	O92
L46z2	O92
L46z3	O92
L46z4	O92
L46zz	O92
L4y..	O90
L4z..	O90
L5...	O36
L50..	O32
L51..	O36
L510.	O36
L511.	O36
L512.	O36
L514.	O36
Lyu00	O00
Lyu01	O02
Lyu02	O05
Lyu03	O07
Lyu04	O07
Lyu05	O07
Lyu06	O07
Lyu07	O07
Lyu08	O07
Lyu09	O08
Lyu0A	O08
Lyu0B	O08
Lyu20	O20
Lyu21	O21
Lyu22	O22
Lyu23	O23
Lyu24	O23
Lyu25	O26
Lyu26	O28
Lyu27	O29
Lyu28	O29
Lyu29	O24
Lyu2A	O28
Lyu30	O30
Lyu31	O31
Lyu32	O32
Lyu33	O34
Lyu34	O34
Lyu35	O34
Lyu36	O35
Lyu37	O35
Lyu38	O36
Lyu39	O36
Lyu3A	O36
Lyu3B	O41
Lyu3C	O43
Lyu3D	O45
Lyu3E	O46
Lyu40	O61
Lyu41	O62
Lyu42	O62
Lyu43	O64
Lyu44	O65
Lyu45	O66
Lyu46	O66
Lyu47	O67
Lyu48	O68
Lyu49	O69
Lyu4A	O69
Lyu4B	O71
Lyu4C	O71
Lyu4D	O72
Lyu4E	O74
Lyu4F	O74
Lyu4G	O74
Lyu4H	O75
Lyu4J	O75
Lyu4K	O75
Lyu4L	O65
Lyu4M	O67
Lyu4N	O68
Lyu4P	O74
Lyu50	O80
Lyu51	O81
Lyu52	O82
Lyu53	O83
Lyu54	O83
Lyu55	O83
Lyu56	O84
Lyu57	O83
Lyu58	O84
Lyu60	O86
Lyu61	O86
Lyu62	O86
Lyu63	O87
Lyu64	O88
Lyu65	O89
Lyu66	O89
Lyu67	O90
Lyu68	O92
Lyu69	O92
Lyu70	O98
Lyu71	O98
Lyu72	O98
Lyu73	O99
Lyu74	O99
Lyu75	O95
M000.	L02
M0000	H60
M0001	L02
M0002	J34
M0003	L02
M000z	L02
M001.	L02
M002.	L02
M0020	L02
M0022	L02
M0023	L02
M0024	L02
M0025	L02
M0026	L02
M0027	L02
M002z	L02
M003.	L02
M0030	L02
M0031	L02
M0032	L02
M0033	L02
M0034	L02
M003z	L02
M004.	L02
M0040	L02
M0041	L02
M0042	L02
M004z	L02
M005.	L02
M0050	K61
M0051	L02
M005z	L02
M006.	L02
M0060	L02
M0061	L02
M0062	L02
M0063	L02
M0064	L02
M006z	L02
M007.	L02
M0070	L02
M0071	L02
M0072	L02
M007z	L02
M00y.	L02
M00y0	L02
M00yz	L02
M00z.	L02
M010.	L02
M0100	H60
M0101	L02
M0102	J34
M0103	L02
M0104	J34
M010z	L02
M011.	L02
M012.	L02
M0120	L02
M0121	N61
M0122	L02
M0123	L02
M0124	L02
M0125	L02
M0126	L02
M0127	L02
M012z	L02
M013.	L02
M0130	L02
M0131	L02
M0132	L02
M0133	L02
M0134	L02
M013z	L02
M014.	L02
M0140	L02
M0141	L02
M0142	L02
M014z	L02
M015.	L02
M0150	K61
M0151	L02
M015z	L02
M016.	L02
M0160	L02
M0161	L02
M0162	L02
M0163	L02
M0164	L02
M016z	L02
M017.	L02
M0170	L02
M0171	L02
M0172	L02
M017z	L02
M01y.	L02
M01y0	L02
M01yz	L02
M01z.	L02
M01z0	L02
M02..	L03
M020.	L03
M0200	L03
M0201	L02
M0202	L03
M0203	L03
M0204	L08
M0205	L08
M020z	L03
M021.	L03
M0210	L03
M0211	L03
M0212	L03
M0213	L03
M021z	L03
M02z.	L03
M03..	L03
M0301	J34
M0303	K12
M0306	L03
M0328	L03
M03z0	L03
M03z1	L02
M03zz	L03
M04..	L04
M040.	L04
M041.	L04
M042.	L04
M043.	L04
M050.	L01
M051.	L01
M052.	L01
M053.	L01
M054.	L01
M055.	L01
M056.	L01
M057.	L01
M05z.	L01
M06..	L05
M060.	L05
M061.	L05
M062.	L05
M063.	L05
M06z.	L05
M07..	L08
M070.	L08
M0700	L08
M0701	L08
M0702	L88
M0703	L08
M070z	L08
M0710	L98
M0711	L98
M071z	L98
M07y0	L40
M07y2	L10
M07yz	L08
M07z.	L08
M080.	L03
M081.	L03
M084.	L03
M086.	L03
M08y.	L03
M090.	L02
M091.	L02
M092.	L02
M093.	L02
M094.	L02
M09y.	L02
M0y..	L08
M0z..	L08
M10..	L98
M100.	L21
M101.	L21
M102.	L30
M104.	L30
M10z.	L98
M110.	L22
M111.	L20
M112.	L20
M113.	L20
M114.	L20
M115.	L20
M117.	L20
M118.	L21
M1180	L21
M118z	L21
M11z.	L20
M12..	L25
M120.	L24
M121.	L24
M122.	L24
M1220	L24
M1221	L24
M1222	L24
M1223	L24
M1224	L24
M1225	L24
M122z	L24
M123.	L25
M1230	L25
M1231	L25
M1232	L25
M1233	L25
M1234	L25
M1235	L25
M1236	L25
M1237	L25
M1238	L25
M123z	L25
M124.	L25
M1240	L24
M1241	L23
M1242	L24
M1243	L24
M1244	L23
M1245	L25
M1246	L23
M1247	L23
M1248	L23
M124z	L25
M125.	L25
M1250	L25
M1251	L25
M1252	L25
M1253	L25
M1254	L25
M1255	L25
M125z	L25
M126.	L25
M1260	L23
M1261	L23
M1262	L23
M1263	L23
M1264	L23
M1265	L23
M1266	L23
M126z	L25
M127.	L57
M1270	L57
M1271	L55
M1272	L56
M1275	L55
M1276	L55
M1277	L55
M1278	L56
M127z	L57
M1280	L23
M1281	L23
M1282	L23
M1283	L23
M1284	L23
M1285	L23
M1286	L23
M1290	L24
M1291	L24
M1292	L24
M1293	L24
M1294	L24
M12A.	L56
M12B.	L57
M12C.	L58
M12C0	L58
M12C1	L58
M12y.	L25
M12y0	L25
M12y1	L30
M12y2	L25
M12y3	L23
M12y4	L59
M12y5	L59
M12y6	L25
M12y7	L57
M12y8	L23
M12y9	L25
M12yA	L59
M12yB	L57
M12yC	L58
M12yD	L25
M12yz	L25
M12z.	L25
M12z0	L30
M12z1	L30
M13..	L27
M130.	L27
M1300	L27
M1301	L27
M131.	L27
M13y.	L27
M13z.	L27
M141.	L13
M142.	L12
M1440	L10
M1441	L10
M1442	L10
M1443	L10
M1444	L10
M1445	L10
M1446	L10
M144z	L10
M1450	L12
M1451	L10
M1452	L13
M145z	L12
M1460	L12
M146z	L12
M14y.	L13
M14z.	L13
M151.	L51
M1510	L53
M1513	L53
M1514	L53
M1515	L53
M1516	L53
M1517	L51
M151y	L51
M151z	L51
M152.	L52
M1531	L71
M1532	L71
M1533	L71
M1534	L71
M153z	L71
M1540	L93
M1541	L93
M1542	L93
M1543	L93
M1544	L93
M1545	L93
M1546	L93
M154z	L93
M15y.	L53
M15y0	L00
M15y2	L26
M15y3	L21
M15y4	L53
M15y5	L92
M15y6	L54
M15yz	L53
M15z.	L53
M161.	L40
M1610	L40
M1611	L40
M1612	L40
M1613	L40
M1614	L40
M1615	L40
M1616	L40
M1617	L40
M1618	L40
M1619	L40
M161A	L40
M161B	L40
M161C	L40
M161D	L40
M161E	L40
M161F	L40
M161G	L40
M161z	L40
M162.	L41
M1620	L41
M1621	L41
M1622	L41
M1623	L41
M1624	L41
M1625	L41
M1626	L41
M1627	L41
M1629	L41
M162A	L41
M162B	L41
M162z	L41
M163.	L42
M164.	L44
M1650	L30
M1651	L21
M1652	L21
M17..	L28
M1700	L43
M1701	L43
M1702	L43
M1703	L43
M1704	L43
M1705	L43
M1707	L43
M1708	L43
M170z	L43
M171.	L44
M17y0	L44
M17y1	L44
M17yz	L28
M17z.	L28
M180.	L29
M181.	L29
M1820	L56
M1821	L28
M1822	L28
M1823	L28
M182z	L28
M183.	L28
M1830	L28
M1831	L28
M183z	L28
M184.	L98
M18y.	L29
M18y0	L29
M18y1	L29
M18y2	L29
M18yz	L29
M18z.	L29
M1y1.	L30
M20..	L84
M200.	L84
M2000	L84
M2001	L84
M200z	L84
M201.	L84
M2010	L84
M2011	L84
M2012	L84
M20z.	L84
M2100	L94
M2101	L94
M2103	L94
M210z	L94
M211.	L85
M2110	L85
M2111	Q82
M2112	L85
M2113	L85
M2115	L85
M211z	L85
M212.	L83
M213.	L90
M2130	L90
M2131	L90
M2132	L90
M213z	L90
M214.	L91
M215.	L92
M2150	L92
M215z	L92
M21y0	L90
M21y1	L90
M21y2	L90
M21y3	L57
M21y4	L57
M21y5	L66
M21y6	L83
M22..	L98
M220.	L85
M221.	L57
M222.	L57
M224.	L85
M225.	L85
M226.	L57
M228.	L98
M22z.	L98
M230.	L60
M2300	L60
M2301	L60
M2302	L60
M2303	L60
M2304	L60
M230z	L60
M23y.	L60
M23y3	L60
M23y4	L60
M23y5	L60
M23y6	L60
M23y7	L60
M23y8	L60
M23yA	Q84
M23yC	L60
M23yD	L60
M23yE	L60
M23yz	L60
M23z.	L60
M2400	L65
M2401	L63
M2402	L64
M2403	L65
M2404	L64
M2405	L65
M2406	L65
M2407	L65
M2408	L65
M2409	L65
M240A	L65
M240B	L63
M240C	L65
M240D	L63
M240E	L65
M240F	L65
M240H	L65
M240J	L65
M240L	L64
M240N	L65
M240z	L65
M2410	L68
M2411	L68
M2412	L68
M2413	D22
M2414	L68
M2415	L68
M241z	L68
M242.	L67
M2420	L67
M2422	L67
M2423	L67
M242z	L67
M243.	L67
M2430	L67
M2431	L67
M2432	L67
M2433	L67
M243z	L67
M244.	L73
M2440	L03
M2441	L73
M2442	L73
M2443	L01
M2444	L08
M2446	L73
M2447	L08
M2448	L66
M244z	L73
M250.	L74
M251.	L74
M2510	L74
M2511	L74
M2512	L74
M2513	L74
M2515	L74
M251z	L74
M252.	L30
M2520	L30
M2521	L30
M2522	L30
M2523	L30
M252z	L30
M25y.	L74
M25y0	L75
M25y1	L73
M25y2	L75
M25y3	L75
M25y4	L75
M25y5	L74
M25yz	L74
M25z.	L74
M260.	L70
M2600	L70
M260z	L70
M261.	L70
M2610	L70
M2611	L70
M2612	L70
M2613	L70
M2614	L70
M2615	L70
M2616	L70
M2617	L70
M2619	L70
M261A	L70
M261B	L70
M261C	L70
M261D	L70
M261z	L70
M263.	L21
M2630	L21
M2631	L21
M2632	L21
M2633	L21
M2634	L73
M263z	L21
M26y.	L73
M26y0	L85
M26y1	L85
M26yz	L73
M26z.	L73
M271.	L97
M27y.	L98
M27z.	L98
M28..	L50
M280.	L50
M281.	L50
M282.	L50
M2820	L50
M2821	L50
M282z	L50
M284.	L50
M285.	L50
M28y.	L50
M28y0	L50
M28y1	L50
M28y2	L50
M28yz	L50
M28z.	L50
M29..	L81
M290.	L81
M2900	L81
M2901	L81
M2902	L81
M2903	L81
M2904	L81
M2905	L81
M2906	L81
M290z	L81
M291.	L81
M292.	L81
M295.	L81
M2950	L81
M2951	L80
M295z	L81
M296.	L81
M297.	L81
M29z.	L81
M2B..	L72
M2y0.	L98
M2y00	L81
M2y01	L81
M2y0z	L98
M2y1.	L90
M2y10	L90
M2y11	L91
M2y12	L90
M2y13	L90
M2y14	L90
M2y15	L90
M2y1z	L90
M2y2.	L98
M2y20	L94
M2y21	L94
M2y22	L57
M2y23	L94
M2y2z	L98
M2y3.	L92
M2y4.	L98
M2y40	L85
M2y41	L30
M2y4D	L98
M2y4z	L98
M2y6.	L87
M2y6z	L87
M2yC.	L98
M2yz.	L98
M2z..	L98
My...	L98
Myu00	L04
Myu01	L08
Myu02	L01
Myu10	L10
Myu11	L11
Myu12	L12
Myu13	L13
Myu14	L14
Myu15	L11
Myu20	L21
Myu21	L23
Myu23	L23
Myu24	L24
Myu25	L24
Myu26	L25
Myu27	L25
Myu28	L27
Myu29	L27
Myu2A	L28
Myu2B	L29
Myu2C	L30
Myu2D	L29
Myu30	L40
Myu31	L41
Myu32	L43
Myu33	L44
Myu34	L45
Myu35	L44
Myu40	L50
Myu41	L51
Myu42	L53
Myu43	L53
Myu44	L54
Myu50	L55
Myu51	L56
Myu52	L57
Myu53	L59
Myu54	L56
Myu55	L59
Myu60	L60
Myu61	L62
Myu62	L63
Myu63	L64
Myu64	L65
Myu65	L66
Myu66	L67
Myu67	L68
Myu68	L70
Myu69	L71
Myu6A	L72
Myu6B	L73
Myu6C	L74
Myu6D	L75
Myu6E	L66
Myu6F	L70
Myu6G	L72
Myu6H	L74
Myu6J	L75
Myu70	L81
Myu71	L81
Myu72	L85
Myu73	L86
Myu74	L87
Myu75	L90
Myu76	L91
Myu77	L92
Myu78	L93
Myu79	L94
Myu7A	L95
Myu7B	L98
Myu7C	L98
Myu7D	L99
Myu7E	L91
Myu7F	L94
Myu7G	L95
Mz...	L98
N0002	M32
N000z	M32
N001.	M34
N0012	M34
N002.	M35
N003.	M33
N00y.	M35
N00z.	M35
N010.	M00
N0100	M00
N0101	M00
N0102	M00
N0103	M00
N0104	M00
N0105	M00
N0106	M00
N0107	M00
N0108	M00
N0109	M00
N010x	M00
N010y	M00
N010z	M00
N011.	M02
N0110	M02
N0111	M02
N0112	M02
N0113	M02
N0114	M02
N0115	M02
N0116	M02
N0117	M02
N011x	M02
N011y	M02
N011z	M02
N012.	M35
N0120	M35
N0121	M35
N0122	M35
N0123	M35
N0124	M35
N0125	M35
N0126	M35
N0127	M35
N012x	M35
N012y	M35
N012z	M35
N013.	M02
N0130	M02
N0131	M02
N0132	M02
N0133	M02
N0134	M02
N0135	M02
N0136	M02
N0137	M02
N013x	M02
N013y	M02
N013z	M02
N014.	M01
N0140	M01
N0141	M01
N0142	M01
N0143	M01
N0144	M01
N0145	M01
N0146	M01
N0147	M01
N014x	M01
N014y	M01
N014z	M01
N015.	M01
N0150	M01
N0151	M01
N0152	M01
N0153	M01
N0154	M01
N0155	M01
N0156	M01
N0157	M01
N015x	M01
N015y	M01
N015z	M01
N017.	M01
N01y.	M01
N01y0	M01
N01y1	M01
N01y2	M01
N01y3	M01
N01y4	M01
N01y5	M01
N01y6	M01
N01y7	M01
N01yx	M01
N01yy	M01
N01yz	M01
N01z0	M00
N01z1	M00
N01z2	M00
N01z3	M00
N01z4	M00
N01z5	M00
N01z6	M00
N01z7	M00
N01z8	M00
N01z9	M00
N01zA	M00
N01zB	M00
N01zC	M00
N01zD	M00
N01zE	M00
N01zF	M00
N01zG	M00
N01zH	M00
N01zJ	M00
N01zK	M00
N01zL	M00
N01zM	M00
N01zN	M00
N01zP	M00
N01zQ	M00
N01zR	M00
N01zS	M00
N01zT	M00
N01zx	M00
N01zy	M00
N02..	M11
N020.	M11
N0200	M11
N0201	M11
N0202	M11
N0203	M11
N0204	M11
N0205	M11
N0206	M11
N0207	M11
N020x	M11
N020y	M11
N020z	M11
N021.	M11
N0210	M11
N0211	M11
N0212	M11
N0213	M11
N0214	M11
N0215	M11
N0216	M11
N0217	M11
N021x	M11
N021y	M11
N021z	M11
N022.	M11
N0220	M11
N0221	M11
N0222	M11
N0223	M11
N0224	M11
N0225	M11
N0226	M11
N0227	M11
N022x	M11
N022y	M11
N022z	M11
N0230	M10
N0231	M10
N0232	M10
N0233	M10
N0234	M10
N0235	M10
N0236	M10
N0237	M10
N023x	M10
N023y	M10
N023z	M10
N02y.	M11
N02y0	M11
N02y1	M11
N02y2	M11
N02y3	M11
N02y4	M11
N02y5	M11
N02y6	M11
N02y7	M11
N02yx	M11
N02yy	M11
N02yz	M11
N02z.	M11
N02z0	M11
N02z1	M11
N02z2	M11
N02z3	M11
N02z4	M11
N02z5	M11
N02z6	M11
N02z7	M11
N02z8	M11
N02z9	M11
N02zA	M11
N02zB	M11
N02zC	M11
N02zD	M11
N02zE	M11
N02zF	M11
N02zG	M11
N02zH	M11
N02zJ	M11
N02zK	M11
N02zL	M11
N02zM	M11
N02zN	M11
N02zP	M11
N02zQ	M11
N02zR	M11
N02zS	M11
N02zT	M11
N02zx	M11
N02zy	M11
N030.	M14
N031.	M14
N036.	M36
N03x.	M14
N03x0	M14
N03x1	M14
N03x2	M14
N03x3	M14
N03x4	M14
N03x5	M14
N03x6	M14
N03x7	M14
N03x8	M14
N03x9	M14
N03xA	M14
N03xB	M14
N03xC	M14
N03xD	M14
N03xE	M14
N03xF	M14
N03xG	M14
N03xH	M14
N03xJ	M14
N03xK	M14
N03y.	M14
N03z.	M14
N04..	M06
N040Q	M06
N041.	M05
N0422	M06
N043.	M08
N0430	M08
N0431	M08
N0432	M08
N0433	M08
N043z	M08
N044.	M12
N045.	M08
N04y.	M12
N04yz	M12
N04z.	M06
N05..	M19
N050.	M15
N0500	M15
N0502	M15
N0503	M15
N0505	M15
N0506	M15
N0507	M15
N050z	M15
N051.	M19
N0510	M19
N0511	M19
N0512	M19
N0513	M19
N0514	M19
N0515	M16
N0516	M19
N0517	M19
N0518	M19
N0519	M16
N051A	M16
N051B	M17
N051C	M18
N051z	M19
N052.	M19
N0520	M19
N0521	M19
N0522	M19
N0523	M19
N0524	M19
N0525	M19
N0526	M19
N0527	M19
N0528	M19
N0529	M16
N052A	M17
N052B	M18
N052z	M19
N0530	M19
N0531	M19
N0532	M19
N0533	M19
N0536	M19
N0537	M19
N0538	M19
N0539	M18
N053z	M19
N054.	M19
N0540	M19
N0541	M19
N0542	M19
N0543	M19
N0544	M19
N0545	M16
N0546	M19
N0547	M19
N0548	M19
N0549	M19
N054z	M15
N05z.	M19
N05z0	M19
N05z1	M19
N05z2	M19
N05z3	M19
N05z4	M19
N05z5	M16
N05z6	M19
N05z7	M19
N05z8	M19
N05z9	M19
N05zA	M19
N05zB	M19
N05zC	M19
N05zD	M19
N05zF	M19
N05zG	M19
N05zH	M19
N05zJ	M16
N05zK	M19
N05zL	M17
N05zM	M19
N05zN	M19
N05zP	M19
N05zQ	M19
N05zR	M19
N05zS	M19
N05zT	M19
N05zU	M19
N06..	M19
N0600	M12
N0601	M12
N0602	M12
N0603	M12
N0604	M12
N0605	M12
N0606	M12
N0607	M12
N0608	M12
N0609	M12
N060z	M12
N0610	M12
N0611	M12
N0612	M12
N0613	M12
N0614	M12
N0615	M12
N0616	M12
N0617	M12
N0618	M12
N0619	M12
N061A	M12
N061B	M12
N061C	M12
N061D	M12
N061E	M12
N061F	M12
N061G	M12
N061H	M12
N061J	M12
N061K	M12
N061L	M12
N061M	M12
N061N	M12
N061P	M12
N061Q	M12
N061R	M12
N061S	M12
N061T	M12
N061U	M12
N061V	M12
N061z	M12
N062.	M13
N0620	M13
N0621	M13
N0622	M13
N0623	M13
N0624	M13
N0625	M13
N0626	M13
N0627	M13
N0628	M13
N0629	M13
N062z	M13
N063.	M13
N0630	M13
N0631	M13
N0632	M13
N0633	M13
N0634	M13
N0635	M13
N0636	M13
N0637	M13
N0638	M13
N0639	M13
N063z	M13
N064.	M12
N0640	M12
N0641	M12
N0642	M12
N0643	M12
N0644	M12
N0645	M12
N0646	M12
N0647	M12
N0648	M12
N0649	M12
N064A	M12
N064B	M12
N064C	M12
N064D	M12
N064E	M12
N064F	M12
N064G	M12
N064H	M12
N064J	M12
N064K	M12
N064L	M12
N064M	M12
N064N	M12
N064P	M12
N064Q	M12
N064R	M12
N064S	M12
N064T	M12
N064U	M12
N064V	M12
N064z	M12
N0650	M13
N0651	M13
N0652	M13
N0653	M13
N0654	M13
N0655	M13
N0656	M13
N0657	M13
N0658	M13
N0659	M13
N065A	M13
N065z	M13
N066.	M13
N0660	M13
N0661	M13
N0662	M13
N0663	M13
N0664	M13
N0665	M13
N0666	M13
N0667	M13
N0668	M13
N066z	M13
N069.	M36
N06y.	M12
N06y0	M12
N06y1	M12
N06y2	M12
N06y3	M12
N06y4	M12
N06y5	M12
N06y6	M12
N06y7	M12
N06y8	M12
N06y9	M12
N06yz	M12
N06z.	M13
N06z0	M13
N06z1	M13
N06z2	M13
N06z3	M13
N06z4	M13
N06z5	M13
N06z6	M13
N06z7	M13
N06z8	M13
N06z9	M13
N06zA	M13
N06zB	M13
N0700	M23
N0701	M23
N0702	M23
N0703	M23
N0704	M23
N0705	M23
N0706	M23
N0707	M23
N0708	M23
N0709	M23
N070z	M23
N0710	M23
N0711	M23
N0712	M23
N0713	M23
N0714	M23
N0715	M23
N0716	M23
N0717	M23
N0718	M23
N0719	M23
N071A	M23
N071B	M23
N072.	M23
N0720	M23
N073.	M23
N074.	M22
N07y.	M23
N07y0	M23
N07y1	M23
N07y2	M23
N07y3	M23
N07y4	M23
N07y5	M23
N07y6	M22
N07y7	M23
N07y8	M23
N07y9	M23
N07yA	M23
N07yB	M23
N07yC	M23
N07yD	M23
N07yE	M23
N07yF	M23
N07yG	M23
N07yy	M23
N07yz	M23
N07z.	M23
N08..	M24
N080.	M24
N0800	M24
N0801	M24
N0802	M24
N0803	M24
N0804	M24
N0805	M24
N0806	M24
N0807	M24
N0808	M24
N0809	M24
N080A	M24
N080B	M24
N080C	M94
N080z	M24
N081.	M24
N0810	M24
N0811	M24
N0812	M24
N0813	M24
N0814	M24
N0815	M24
N0816	M24
N0817	M24
N0818	M24
N0819	M24
N081A	M24
N081B	M24
N081C	M24
N081D	M24
N081E	M24
N081F	M24
N081G	M24
N081z	M24
N0820	M24
N0821	M24
N0822	M24
N0823	M24
N0824	M24
N0825	M24
N0826	M24
N0827	M24
N0828	M24
N0829	M24
N082A	M24
N082B	M24
N082C	M24
N082D	M24
N082E	M24
N082F	M24
N082G	M24
N082H	M24
N082J	M24
N082K	M24
N082L	M24
N082M	M24
N082N	M24
N082P	M24
N082Q	M24
N082R	M24
N082S	M24
N082T	M24
N082U	M24
N082V	M24
N082W	M24
N082X	M24
N082Y	M24
N082z	M24
N083.	M24
N0830	M24
N0831	M24
N0832	M24
N0833	M24
N0834	M24
N0835	M24
N0836	M24
N0837	M24
N0838	M24
N0839	M24
N083A	M24
N083B	M24
N083C	M24
N083D	M24
N083E	M24
N083F	M24
N083J	M24
N083K	M24
N083L	M24
N083M	M24
N083N	M24
N083P	M24
N083Q	M24
N083R	M24
N083S	M24
N083T	M24
N083U	M24
N083V	M24
N083W	M24
N083X	M24
N083Y	M24
N083d	M24
N083e	M24
N083f	M24
N083g	M24
N083h	M24
N083j	M24
N083k	M24
N083l	M24
N083m	M24
N083n	M24
N083p	M22
N083q	M22
N083r	M22
N083s	M24
N083t	M24
N083u	M24
N083v	M24
N083w	M24
N083z	M24
N0840	M24
N0842	M24
N0843	M24
N0845	M24
N0846	M24
N0847	M24
N0848	M24
N0849	M24
N084A	M24
N084B	M24
N084C	M24
N084D	M24
N084E	M24
N084F	M24
N084G	M24
N084H	M24
N084J	M24
N084K	M24
N084L	M24
N084M	M24
N084N	M24
N084P	M24
N084Q	M24
N084R	M24
N084S	M24
N084T	M24
N084U	M24
N084V	M24
N084W	M24
N084X	M24
N084Y	M24
N084Z	M24
N084a	M24
N084b	M24
N084c	M24
N084d	M24
N084e	M24
N084f	M24
N084g	M24
N084z	M24
N085.	M24
N0850	M24
N0851	M24
N0852	M24
N0853	M24
N0854	M24
N0855	M24
N0856	M24
N0857	M24
N0858	M24
N0859	M24
N085A	M24
N085B	M24
N085C	M24
N085D	M24
N085E	M24
N085F	M24
N085G	M24
N085H	M24
N085J	M24
N085K	M24
N085L	M24
N085M	M24
N085N	M24
N085P	M24
N085Q	M24
N085R	M24
N085S	M24
N085T	M24
N085U	M24
N085z	M24
N086.	M24
N0860	M24
N0861	M24
N086z	M24
N087.	M24
N0871	M24
N0875	M24
N0876	M24
N0878	M24
N08y.	M24
N08y0	M24
N08y1	M24
N08y2	M24
N08y3	M24
N08y4	M24
N08y5	M24
N08y6	M24
N08y7	M24
N08y8	M24
N08y9	M24
N08yz	M24
N08z.	M24
N08z0	M24
N08z1	M24
N08z2	M24
N08z3	M24
N08z4	M24
N08z5	M24
N08z6	M24
N08z7	M24
N08z8	M24
N09..	M25
N0900	M25
N0901	M25
N0902	M25
N0903	M25
N0904	M25
N0905	M25
N0906	M25
N0907	M25
N0908	M25
N0909	M25
N090A	M25
N090B	M25
N090C	M25
N090D	M25
N090E	M25
N090F	M25
N090G	M25
N090H	M25
N090J	M25
N090K	M25
N090L	M25
N090N	M25
N090P	M25
N090Q	M25
N090R	M25
N090S	M25
N090T	M25
N090U	M25
N090V	M25
N090z	M25
N0910	M25
N0911	M25
N0912	M25
N0913	M25
N0914	M25
N0915	M25
N0916	M25
N0917	M25
N0918	M25
N0919	M25
N091A	M25
N091B	M25
N091C	M25
N091D	M25
N091E	M25
N091F	M25
N091G	M25
N091H	M25
N091J	M25
N091K	M25
N091L	M25
N091M	M25
N091N	M25
N091P	M25
N091Q	M25
N091R	M25
N091S	M25
N091T	M25
N091U	M25
N091V	M25
N091z	M25
N092.	M12
N0920	M12
N0921	M12
N0922	M12
N0923	M12
N0924	M12
N0925	M12
N0926	M12
N0927	M12
N0928	M12
N0929	M12
N092B	M12
N092C	M12
N092D	M12
N092E	M12
N092F	M12
N092G	M12
N092H	M12
N092J	M12
N092K	M12
N092L	M12
N092M	M12
N092N	M12
N092P	M12
N092Q	M12
N092R	M12
N092S	M12
N092T	M12
N092U	M12
N092V	M12
N092z	M12
N093.	M12
N0930	M12
N0931	M12
N0932	M12
N0933	M12
N0934	M12
N0935	M12
N0936	M12
N0937	M12
N0938	M12
N0939	M12
N093z	M12
N094.	M25
N0940	M25
N0941	M25
N0942	M25
N0943	M25
N0944	M25
N0946	M25
N0947	M25
N0948	M25
N0949	M25
N094B	M25
N094C	M25
N094D	M25
N094E	M25
N094F	M25
N094G	M25
N094H	M25
N094J	M25
N094L	M25
N094M	M25
N094N	M25
N094P	M25
N094Q	M25
N094R	M25
N094S	M25
N094T	M25
N094U	M25
N094V	M25
N094z	M25
N095.	M25
N0950	M25
N0951	M25
N0952	M25
N0953	M25
N0954	M25
N0955	M25
N0956	M25
N0957	M25
N0958	M25
N0959	M25
N095A	M25
N095B	M25
N095C	M25
N095D	M25
N095E	M25
N095F	M25
N095G	M25
N095H	M25
N095J	M25
N095K	M25
N095L	M53
N095M	M25
N095N	M25
N095P	M25
N095Q	M25
N095R	M25
N095S	M25
N095T	M25
N095U	M25
N095V	M25
N095z	M25
N096.	M25
N0960	M25
N0961	M25
N0962	M25
N0963	M25
N0964	M25
N0966	M25
N0967	M25
N0968	M25
N0969	M25
N096A	M25
N096B	M25
N096C	M25
N096D	M25
N096E	M25
N096F	M25
N096G	M25
N096H	M25
N096J	M25
N096K	M25
N096L	M25
N096M	M25
N096N	M25
N096P	M25
N096Q	M25
N096R	M25
N096S	M25
N096T	M25
N096U	M25
N096V	M25
N096z	M25
N0980	D48
N0981	D48
N0982	D48
N0983	D48
N0984	D48
N0985	D48
N0986	D48
N0987	D48
N0988	D48
N0989	D48
N098A	D48
N098B	D48
N098C	D48
N098D	D48
N098E	D48
N098F	D48
N098G	D48
N098H	D48
N098J	D48
N098K	D48
N099.	M25
N0990	M25
N0991	M25
N0992	M25
N0993	M25
N0994	M25
N0995	M25
N0996	M25
N0997	M25
N0998	M25
N099A	M25
N099B	M25
N099C	M25
N099D	M25
N099E	M25
N099F	M25
N099G	M25
N099H	M25
N099J	M25
N099K	M25
N099L	M25
N09B.	M25
N09y.	M25
N09y0	M25
N09y1	M25
N09y2	M25
N09y3	M25
N09y4	M25
N09y5	M25
N09y6	M25
N09y7	M25
N09y8	M25
N09y9	M25
N09yz	M25
N09z.	M25
N09z0	M25
N09z1	M25
N09z2	M25
N09z3	M25
N09z4	M25
N09z5	M25
N09z6	M25
N09z7	M25
N09z8	M25
N09z9	M25
N0y..	M12
N0z..	M13
N10..	M46
N101.	M46
N102.	M46
N10y.	M46
N10y0	M49
N10yz	M46
N10z.	M46
N11..	M47
N110.	M47
N1100	M47
N1101	M47
N1102	M47
N112.	M47
N1120	M47
N1121	M47
N1122	M47
N114.	M47
N1140	M47
N1141	M47
N1142	M47
N117.	M48
N119.	M47
N1190	M47
N1191	M47
N1192	M47
N11B.	M47
N11B0	M47
N11B1	M47
N11B2	M47
N11C0	M47
N11C1	M47
N11C2	M47
N11z.	M47
N11z0	M47
N120.	M50
N121.	M51
N123.	M51
N124.	M51
N1240	M51
N1241	M51
N1242	M51
N124z	M51
N125.	M50
N126.	M51
N127.	M51
N128.	M51
N12A.	M96
N12A0	M96
N12A1	M96
N12A2	M96
N12A3	M96
N12Az	M96
N12C.	M51
N12C3	M51
N12z.	M51
N12z0	M51
N12z1	M50
N12z2	M51
N12z3	M51
N12z4	M46
N12z5	M50
N12z6	M50
N12z7	M50
N12z8	M46
N12z9	M51
N12zA	M51
N12zB	M51
N12zC	M46
N12zD	M51
N12zE	M51
N12zF	M51
N12zG	M46
N12zH	M50
N12zz	M51
N13..	M50
N130.	M48
N1300	M48
N1301	M48
N1302	M48
N1303	M48
N131.	M54
N132.	M53
N133.	M53
N134.	M54
N135.	M43
N1350	M43
N1351	M43
N135z	M43
N136.	M54
N137.	M48
N13y.	M53
N13y0	M53
N13y1	I67
N13y2	M54
N13y3	M53
N13yz	M53
N13z.	M53
N14..	M53
N140.	M48
N1400	M48
N1401	M48
N1402	M48
N1403	M48
N1404	M48
N1405	M48
N1406	M48
N1407	M48
N1408	M48
N1409	M48
N140A	M48
N140z	M48
N141.	M54
N142.	M54
N144.	M54
N1440	M54
N1441	M54
N144z	M54
N145.	M54
N146.	M53
N1462	M43
N1463	M53
N1464	M53
N1465	M53
N1466	M53
N146z	M53
N147.	M53
N1470	M53
N1471	M53
N1472	M53
N147z	M53
N1480	M43
N1481	M43
N1482	M43
N1483	M43
N1484	M43
N1485	M43
N1486	M43
N1487	M53
N1488	M53
N1489	M53
N148A	M53
N148B	M53
N148C	M53
N14y.	M54
N14z.	M53
N1y..	M53
N1y0.	M43
N1y1.	M48
N1z..	M53
N2...	M79
N20..	M35
N21..	M77
N210.	M75
N2110	M75
N2111	M75
N2112	M75
N2113	M75
N2114	M75
N2115	M75
N2116	M75
N2117	M75
N211z	M75
N212.	M75
N2121	M75
N2122	M75
N2123	M75
N2125	M75
N212z	M75
N213.	M77
N2130	M77
N2131	M77
N2132	M77
N2133	M70
N2134	M75
N2135	M75
N213z	M77
N214.	M77
N2140	M70
N2141	M70
N2142	M77
N214z	M77
N215.	M76
N2150	M76
N2151	M70
N2152	M76
N2153	M76
N2154	M76
N2155	M70
N2156	M76
N2157	M70
N2158	M76
N215z	M76
N216.	M76
N2160	M70
N2161	M71
N2162	M76
N2163	M71
N2164	M76
N2165	M70
N2166	M70
N2167	M70
N2168	M76
N2169	M76
N216z	M76
N217.	M77
N2170	M77
N2171	M77
N2172	M77
N2173	M76
N2174	M76
N2175	M76
N2176	M76
N2177	M77
N2178	M76
N2179	M72
N217A	M77
N217B	M76
N217C	M76
N217z	M77
N21y.	M77
N21z.	M77
N21z0	M77
N21z2	M77
N21z3	M89
N21zz	M77
N220.	M65
N2200	M65
N2201	M68
N2203	M65
N2204	M65
N2205	M65
N2206	M65
N2207	M65
N2208	M12
N2209	M65
N220A	M65
N220B	M65
N220C	M65
N220D	M65
N220E	M65
N220F	M65
N220G	M65
N220H	M65
N220J	M65
N220K	M65
N220L	M65
N220M	M65
N220N	M65
N220P	M65
N220R	M70
N220z	M65
N221.	M20
N2210	M20
N2220	M70
N2221	M70
N2222	M70
N2224	M70
N2226	M71
N222z	M71
N223.	M71
N2240	M71
N2242	M67
N2243	M67
N2244	M71
N2245	M67
N2247	M67
N2248	M67
N2249	M67
N224z	M71
N225.	M66
N2250	M66
N225z	M66
N226.	M66
N2260	M66
N2261	M75
N2266	M66
N2267	M66
N226B	M67
N226H	M67
N226J	M67
N226K	M67
N226L	M67
N226z	M66
N22y.	M67
N22y0	M67
N22y1	M65
N22y2	M65
N22y3	M71
N22y4	M67
N22y5	M67
N22y6	M65
N22y7	M65
N22y8	M65
N22y9	M65
N22yA	M65
N22yB	M65
N22yC	M65
N22yE	M71
N22yF	M71
N22yG	M71
N22yH	M71
N22yJ	M71
N22yK	M71
N22yL	M71
N22yM	M67
N22yN	M67
N22yz	M67
N22z.	M67
N230.	M60
N2300	M60
N2301	M60
N2302	M60
N2303	M60
N2304	M60
N2305	M60
N2306	M60
N2307	M60
N2308	M60
N2309	M60
N230A	M60
N230B	M60
N230C	M60
N230D	M60
N230E	M60
N230F	M60
N230G	M60
N230H	M60
N230J	M60
N230K	M60
N230L	M60
N231.	M61
N2310	M61
N2311	M61
N2312	M61
N2313	M96
N2314	M61
N2316	M61
N231z	M61
N232.	M62
N2320	G71
N2321	M62
N232z	M62
N233.	M62
N2330	Q68
N2331	M62
N233z	M62
N236.	M72
N2360	M72
N2361	M72
N2362	M72
N2363	M72
N2364	M72
N2365	M72
N2366	M72
N2367	M72
N2368	M72
N237.	M72
N2371	M72
N2372	M72
N2373	M72
N237z	M72
N2380	M62
N2381	M62
N2382	M62
N2383	M62
N2384	M62
N2385	M62
N2386	M62
N2387	M62
N2388	M62
N2389	M62
N238A	M62
N238B	M62
N238C	M62
N238D	M62
N238E	M62
N238F	M62
N238G	M62
N238H	M62
N238J	M62
N238K	M62
N238L	M62
N238M	M62
N238N	M62
N23y.	M79
N23y0	M60
N23y1	M60
N23y3	M62
N23y5	M62
N23y6	M79
N23y7	M79
N23y8	M79
N23y9	M65
N23yz	M79
N240.	M79
N2400	M79
N2401	M79
N2403	M79
N2405	M79
N2406	M79
N2407	M79
N240z	M79
N2410	M79
N2411	M60
N2412	M79
N2420	M79
N2421	M79
N2422	M54
N243.	M79
N2430	M79
N2431	M79
N243z	M79
N244.	M72
N245.	M79
N2450	M79
N2451	M79
N2452	M79
N2456	M79
N2470	M79
N24z.	M79
N2y..	M79
N2z..	M79
N3...	M95
N30..	M86
N3000	M86
N3001	M86
N3002	M86
N3003	M86
N3004	M86
N3005	M86
N3006	M86
N3007	M86
N3008	M86
N3009	M86
N300A	M46
N300B	M46
N300C	M46
N300D	M46
N300E	M46
N300F	M86
N300G	M86
N300H	M86
N300J	M86
N300K	M86
N300L	M86
N300M	M86
N300N	M86
N300P	M86
N300Q	M86
N300R	M86
N300S	M86
N300T	M86
N300U	M86
N300V	M86
N300W	M86
N300X	M86
N300Y	M86
N300Z	M86
N300z	M86
N301.	M86
N3010	M86
N3011	M86
N3012	M86
N3013	M86
N3014	M86
N3015	M86
N3016	M86
N3017	M86
N3018	M86
N3019	M86
N301A	M46
N301B	M46
N301C	M46
N301D	M46
N301E	M46
N301F	M46
N301G	M46
N301H	M46
N301J	M46
N301K	M46
N301z	M86
N302.	M86
N3020	M86
N3021	M86
N3022	M86
N3023	M86
N3024	M86
N3025	M86
N3026	M86
N3027	M86
N3028	M86
N3029	M86
N302A	M46
N302B	M46
N302C	M46
N302D	M46
N302E	M46
N302F	M86
N302G	M86
N302H	M86
N302J	M86
N302K	M86
N302L	M86
N302M	M86
N302N	M86
N302P	M86
N302Q	M86
N302R	M86
N302S	M86
N302T	M86
N302U	M86
N302V	M86
N302W	M86
N302X	M86
N302Y	M86
N302Z	M86
N302a	M46
N302z	M86
N303.	M86
N3030	M86
N3031	M86
N3032	M86
N3033	M86
N3034	M86
N3035	M86
N3036	M86
N3037	M86
N3038	M86
N3039	M86
N303A	M46
N303B	M46
N303C	M46
N303D	M86
N303E	M86
N303z	M86
N308.	M86
N3080	M46
N3081	M46
N3082	M46
N3083	M46
N3084	M46
N30y.	M90
N30y0	M90
N30y1	M90
N30y2	M90
N30y3	M90
N30y4	M90
N30y5	M90
N30y7	M90
N30y8	M90
N30y9	M90
N30yz	M90
N30z.	M86
N30z0	M86
N30z1	M86
N30z2	M86
N30z3	M86
N30z4	M86
N30z5	M86
N30z6	M86
N30z7	M86
N30z8	M86
N30z9	M86
N310.	M88
N3100	M88
N3101	M88
N3102	M88
N3103	M88
N3104	M88
N3105	M88
N3106	M88
N3107	M88
N3108	M88
N3109	M88
N310A	M88
N310B	M88
N310C	M88
N310D	M88
N310E	M88
N310F	M88
N310G	M88
N310H	M88
N310J	M88
N310K	M88
N310L	M88
N310M	M88
N310N	M88
N310P	M88
N310x	M88
N310y	M88
N310z	M88
N311.	M90
N3110	M90
N31y.	M90
N31z.	M90
N320.	M42
N3200	M24
N3202	M42
N320z	M42
N321.	M91
N3210	M91
N3211	M91
N3212	M91
N3213	M91
N3215	M91
N321z	M91
N322.	M93
N3220	M93
N3221	M93
N3222	M93
N323.	M92
N3230	M92
N3231	M92
N3232	M92
N3235	M92
N3236	M92
N323z	M92
N324.	M92
N3240	M92
N3241	M92
N3243	M92
N324z	M92
N325.	M92
N3250	M92
N3253	M92
N3254	M92
N325z	M92
N326.	M92
N3260	M92
N3261	M92
N3262	M92
N3263	M92
N326z	M92
N327.	M93
N3270	M93
N3271	M93
N3273	M93
N3274	M93
N3275	M93
N3277	M93
N3278	M93
N3279	M93
N327y	M93
N32y.	M93
N32y0	M42
N32y1	M93
N32yz	M93
N32z.	M93
N32z1	M93
N32z2	M93
N3300	M81
N3306	M81
N3307	M81
N3308	M81
N3309	M82
N330A	M82
N330z	M81
N3312	M80
N3313	M80
N3314	M80
N3315	M80
N3316	M80
N3317	M90
N331B	M80
N331y	M84
N331z	M84
N3320	M85
N3323	M85
N3324	M85
N3325	E21
N332z	M85
N3330	M85
N3331	M85
N333z	M85
N3340	M87
N3341	M87
N3342	M87
N3343	M87
N3344	M87
N3345	M87
N3346	M87
N3347	M87
N3348	M87
N3349	M87
N334A	M87
N334B	M90
N334C	M90
N334z	M87
N335.	M85
N3350	M85
N336.	M94
N337.	M89
N3372	M89
N3373	M89
N3374	M89
N337z	M89
N338.	M84
N3380	M84
N3381	M84
N3382	M84
N3383	M84
N3384	M84
N3385	M84
N339.	M84
N33A0	M89
N33A1	M89
N33z.	M95
N33z0	M95
N33z1	M89
N33z2	M94
N33z3	M86
N33z4	M89
N33z5	M94
N33z6	M89
N33z7	M89
N33z8	M89
N33z9	M89
N33zC	M96
N33zD	M89
N33zz	M95
N340.	M21
N3400	M21
N3401	M21
N3402	Q66
N34z.	M21
N35..	M20
N350.	M20
N351.	M20
N353.	M20
N354.	M20
N355.	M20
N359.	M20
N35A.	M20
N35y.	M20
N35z.	M20
N36..	M21
N360.	M21
N3600	M21
N3604	M21
N3605	M21
N3606	M21
N3607	M21
N360z	M21
N362.	M20
N3620	M20
N3622	M20
N362z	M20
N3630	M21
N3633	M21
N3635	M21
N363z	M21
N364.	M21
N3640	M21
N3641	M21
N364z	M21
N365.	M21
N366.	M21
N367.	M21
N3670	M21
N3671	M21
N3672	M21
N3673	M21
N3674	M21
N3675	M21
N3676	M21
N3677	M21
N3678	M21
N3679	M21
N367A	M21
N367B	M24
N367E	M24
N367F	M21
N367G	M21
N367H	M21
N367J	M21
N367K	M21
N367L	M21
N367M	M21
N367N	M21
N367P	M21
N367Q	M21
N367z	M21
N368.	M21
N3680	M21
N3681	M21
N3682	M23
N369.	M21
N36y.	M21
N36y0	M21
N36y1	M21
N36yz	M21
N36z.	M21
N370.	M40
N3711	M96
N3712	M96
N3713	M40
N371z	M40
N3720	M40
N3721	M96
N3722	M96
N372z	M40
N373.	M41
N3730	M41
N3731	M41
N3732	M41
N3733	M41
N3734	M96
N3735	M41
N3736	M41
N3737	M41
N3738	M96
N3739	M96
N373z	M41
N374.	M43
N3740	M43
N3741	M40
N3742	M40
N3743	M41
N3744	M40
N3745	M40
N3746	M40
N3747	M40
N3748	M40
N3749	M40
N374A	M41
N374B	M41
N374C	M41
N374D	M41
N374E	M40
N374z	M43
N37y.	M43
N37z0	M40
N37zz	M43
N380.	M95
N381.	M95
N382.	M95
N383.	M95
N3830	M95
N3831	M95
N383z	M95
N3840	M43
N3841	M43
N3842	M43
N3843	M43
N385.	M43
N386.	M95
N387.	M95
N38y.	M95
N38yz	M95
N38z.	M95
N39..	M99
N390.	M99
N391.	M99
N392.	M99
N393.	M99
N394.	M99
N395.	M99
N396.	M99
N397.	M99
N398.	M99
N399.	M99
N39z.	M99
N3y..	M95
N3y0.	M99
N3y00	M99
N3y01	M99
N3y02	M99
N3y03	M99
N3y04	M99
N3y05	M99
N3y06	M99
N3y07	M99
N3z..	M95
Ny...	M95
Nyu00	M00
Nyu01	M00
Nyu02	M01
Nyu03	M02
Nyu04	M03
Nyu05	M03
Nyu10	M05
Nyu11	M05
Nyu12	M06
Nyu13	M07
Nyu14	M07
Nyu15	M08
Nyu16	M09
Nyu17	M10
Nyu18	M11
Nyu19	M11
Nyu1A	M12
Nyu1B	M13
Nyu1C	M14
Nyu1D	M14
Nyu1E	M14
Nyu1F	M14
Nyu1G	M05
Nyu20	M15
Nyu21	M16
Nyu22	M16
Nyu23	M16
Nyu24	M16
Nyu25	M17
Nyu26	M17
Nyu27	M17
Nyu28	M17
Nyu29	M18
Nyu2A	M18
Nyu2B	M18
Nyu2C	M18
Nyu2D	M19
Nyu2E	M16
Nyu2F	M19
Nyu30	M20
Nyu31	M20
Nyu32	M20
Nyu33	M21
Nyu34	M21
Nyu35	M22
Nyu36	M22
Nyu37	M23
Nyu38	M23
Nyu39	M23
Nyu3A	M24
Nyu3B	M24
Nyu3C	M25
Nyu3D	M25
Nyu3E	M22
Nyu40	M30
Nyu41	M31
Nyu42	M31
Nyu43	M32
Nyu44	M33
Nyu45	M34
Nyu46	M35
Nyu47	M35
Nyu48	M36
Nyu49	M36
Nyu4A	M36
Nyu4B	M36
Nyu4C	M36
Nyu4D	M31
Nyu4E	M33
Nyu50	M40
Nyu51	M40
Nyu52	M40
Nyu53	M41
Nyu54	M41
Nyu55	M41
Nyu56	M43
Nyu57	M43
Nyu58	M43
Nyu59	M43
Nyu5A	M40
Nyu5B	M42
Nyu60	M46
Nyu61	M46
Nyu62	M47
Nyu63	M47
Nyu64	M47
Nyu65	M48
Nyu66	M49
Nyu67	M49
Nyu68	M49
Nyu70	M50
Nyu71	M50
Nyu72	M50
Nyu73	M51
Nyu74	M51
Nyu75	M51
Nyu76	M51
Nyu77	M51
Nyu78	M53
Nyu79	M53
Nyu7A	M54
Nyu7B	M50
Nyu80	M60
Nyu81	M61
Nyu82	M61
Nyu83	M62
Nyu84	M62
Nyu85	M62
Nyu86	M63
Nyu87	M63
Nyu88	M63
Nyu89	M63
Nyu8A	M63
Nyu8B	M62
Nyu90	M65
Nyu91	M65
Nyu92	M66
Nyu93	M67
Nyu94	M67
Nyu95	M68
Nyu96	M68
Nyu97	M67
NyuA0	M70
NyuA1	M70
NyuA2	M70
NyuA3	M70
NyuA4	M71
NyuA5	M71
NyuA6	M71
NyuA8	M72
NyuA9	M72
NyuAA	M73
NyuAB	M75
NyuAC	M76
NyuAD	M77
NyuAE	M77
NyuAF	M79
NyuAG	M70
NyuAH	M72
NyuAJ	M76
NyuB0	M80
NyuB1	M81
NyuB2	M82
NyuB3	M83
NyuB4	M83
NyuB5	M84
NyuB6	M85
NyuB7	M85
NyuB8	M80
NyuB9	M83
NyuBA	M85
NyuC0	M86
NyuC1	M86
NyuC2	M86
NyuC3	M86
NyuC4	M87
NyuC5	M87
NyuC6	M89
NyuC7	M89
NyuC8	M89
NyuC9	M90
NyuCA	M90
NyuCB	M90
NyuCC	M90
NyuCD	M90
NyuCE	M90
NyuCF	M90
NyuD0	M91
NyuD1	M92
NyuD2	M92
NyuD3	M93
NyuD4	M94
NyuDE	M94
NyuE0	M95
NyuE1	M96
NyuE2	M96
NyuE3	M99
NyuE4	M96
Nz...	M95
P0...	Q00
P000.	Q00
P001.	Q00
P00y.	Q00
P00z.	Q00
P01..	Q00
P02..	Q00
P020.	Q00
P021.	Q00
P02z.	Q00
P0z..	Q00
P1...	Q05
P10..	Q05
P100.	Q05
P1000	Q05
P101.	Q07
P102.	Q05
P1020	Q05
P1021	Q05
P1022	Q05
P1023	Q05
P1024	Q05
P102z	Q05
P103.	Q05
P1030	Q05
P1031	Q05
P1032	Q05
P1033	Q05
P1034	Q05
P103z	Q05
P104.	Q05
P105.	Q05
P10y.	Q05
P10y0	Q05
P10yz	Q05
P10z.	Q05
P11..	Q05
P110.	Q05
P1100	Q05
P1101	Q05
P1102	Q05
P1103	Q05
P110z	Q05
P111.	Q05
P1110	Q05
P1111	Q05
P1112	Q05
P111z	Q05
P112.	Q05
P1120	Q05
P1121	Q05
P1122	Q05
P1123	Q05
P112z	Q05
P113.	Q05
P1130	Q05
P1131	Q05
P1132	Q05
P1133	Q05
P113z	Q05
P1140	Q05
P1141	Q05
P1142	Q05
P1143	Q05
P114z	Q05
P1150	Q05
P1151	Q05
P1152	Q05
P1153	Q05
P115z	Q05
P116.	Q05
P1160	Q05
P1161	Q05
P1162	Q05
P1163	Q05
P116z	Q05
P117.	Q05
P1170	Q05
P1171	Q05
P1172	Q05
P1173	Q05
P1174	Q05
P117z	Q05
P118.	Q05
P1180	Q05
P1181	Q05
P1182	Q05
P1183	Q05
P1184	Q05
P118z	Q05
P11y.	Q05
P11z.	Q05
P1z..	Q05
P20..	Q01
P200.	Q01
P201.	Q01
P202.	Q01
P203.	Q01
P204.	Q01
P20z.	Q01
P20z0	Q01
P20z1	Q01
P210.	Q02
P211.	Q02
P21z.	Q02
P22..	Q04
P220.	Q04
P221.	Q04
P222.	Q04
P223.	Q04
P224.	Q04
P225.	Q04
P226.	Q04
P227.	Q04
P2270	Q04
P227z	Q04
P228.	Q04
P2280	Q04
P2281	Q04
P2282	Q04
P228z	Q04
P229.	Q04
P22A.	Q04
P22A1	Q04
P22A2	Q04
P22Az	Q04
P22y.	Q04
P22y0	Q04
P22yz	Q04
P22z.	Q04
P230.	Q03
P2300	Q03
P2302	Q03
P230z	Q03
P231.	Q03
P232.	Q03
P23y.	Q04
P23z.	Q04
P24..	Q04
P240.	Q04
P2400	Q04
P2401	Q04
P240z	Q04
P241.	Q75
P242.	Q04
P243.	Q04
P244.	Q04
P245.	Q04
P24x.	Q04
P24z.	Q04
P25..	Q06
P250.	Q06
P251.	Q06
P25y.	Q06
P25y0	Q06
P25y1	Q06
P25y2	Q06
P25y3	Q06
P25y4	Q06
P25yz	Q06
P25z.	Q06
P2x..	Q07
P2x0.	Q07
P2x1.	Q07
P2x3.	Q07
P2x5.	G90
P2xz.	Q07
P2xz0	Q07
P2xz1	H47
P2y..	Q07
P2y1.	Q06
P2yz.	Q07
P2z..	Q07
P30..	Q11
P300.	Q11
P3001	Q11
P301.	Q11
P302.	Q87
P30z.	Q11
P310.	Q11
P3100	Q11
P3101	Q11
P310z	Q11
P311.	Q11
P312.	Q11
P31z.	Q11
P32..	Q15
P320.	Q15
P3201	Q15
P320z	Q15
P321.	Q15
P322.	Q15
P3220	Q15
P3221	Q15
P322z	Q15
P32z.	Q15
P33..	Q12
P330.	Q12
P331.	Q12
P3310	Q12
P331z	Q12
P332.	Q12
P3320	Q12
P3321	Q12
P332z	Q12
P333.	Q12
P334.	Q12
P3340	Q12
P3341	Q12
P334z	Q12
P335.	Q12
P336.	Q12
P3360	Q12
P3361	Q12
P3362	Q12
P336z	Q12
P337.	Q12
P33y.	Q12
P33y0	Q12
P33y1	Q12
P33yz	Q12
P33z.	Q12
P34..	Q13
P340.	Q13
P3400	Q13
P3401	Q13
P3402	Q13
P340z	Q13
P341.	Q13
P3410	Q13
P3411	Q13
P341z	Q13
P342.	Q13
P3420	Q15
P3421	Q13
P3422	Q13
P342z	Q13
P343.	Q13
P344.	Q13
P3440	Q13
P3441	Q13
P3442	Q13
P3444	Q13
P3445	Q13
P3446	Q13
P344z	Q13
P345.	Q13
P345z	Q13
P346.	Q13
P34y.	Q13
P34z.	Q13
P35..	Q14
P350.	Q14
P3500	Q14
P350z	Q14
P352.	Q14
P353.	Q14
P3530	Q14
P3531	Q14
P353z	Q14
P354.	Q14
P355.	Q14
P3550	Q14
P3551	Q14
P355z	Q14
P356.	Q14
P3560	Q14
P356z	Q14
P357.	Q14
P3570	Q14
P3571	Q14
P3572	Q14
P357z	Q14
P358.	Q14
P3580	Q14
P358z	Q14
P35y.	Q14
P35z.	Q14
P360.	Q10
P361.	Q10
P3610	Q10
P3611	Q10
P3612	Q10
P3613	Q10
P3614	Q10
P3615	Q10
P361z	Q10
P362.	Q10
P3620	Q10
P3621	Q10
P3622	Q10
P3623	Q10
P362z	Q10
P363.	Q10
P364.	Q10
P3641	Q10
P3642	Q10
P364y	Q10
P364z	Q10
P365.	Q10
P36z.	Q15
P36z0	Q10
P36z1	Q15
P36zz	Q15
P3y..	Q15
P3y0.	E70
P3yz.	Q15
P3z..	Q15
P40..	Q16
P400.	Q16
P401.	Q16
P4010	Q16
P4011	Q16
P4012	Q16
P4013	Q16
P401z	Q16
P402.	Q16
P4020	Q16
P4021	Q16
P402z	Q16
P403.	Q16
P4030	Q16
P4031	Q16
P403z	Q16
P404.	Q16
P4040	Q16
P404z	Q16
P405.	Q16
P4050	Q16
P4051	Q16
P405z	Q16
P40z.	Q16
P40z0	Q16
P40zz	Q16
P410.	Q17
P411.	Q17
P412.	Q17
P413.	Q17
P414.	Q17
P41z.	Q17
P42..	Q17
P420.	Q17
P421.	Q17
P422.	Q17
P423.	Q16
P4230	Q16
P4231	Q16
P423z	Q16
P42z.	Q17
P42z0	Q17
P42z1	Q17
P42z2	Q17
P42z3	Q17
P42z4	Q17
P42z5	Q17
P42z6	Q17
P42zz	Q17
P43..	Q17
P440.	Q18
P4400	Q18
P4401	Q18
P4402	Q18
P4403	Q18
P440z	Q18
P441.	Q18
P442.	Q18
P443.	Q18
P4430	Q18
P4431	Q18
P443z	Q18
P444.	Q18
P44y.	Q18
P44z.	Q18
P44z0	Q18
P44z1	Q18
P44zz	Q18
P45..	Q18
P450.	Q18
P45z.	Q18
P4y..	Q18
P4y0.	Q18
P4y1.	Q18
P4y2.	Q18
P4y3.	Q18
P4y4.	Q18
P4yz.	Q18
P4z..	Q18
P4z0.	Q18
P4z1.	Q18
P500.	Q20
P50z.	Q20
P51..	Q20
P510.	Q20
P511.	Q20
P5110	Q20
P5111	Q20
P5112	Q20
P511z	Q20
P512.	Q20
P51y.	Q20
P51z.	Q20
P52..	Q21
P520.	Q21
P521.	Q21
P52z.	Q21
P53..	Q20
P54..	Q21
P540.	Q21
P541.	Q21
P542.	Q20
P543.	I27
P544.	Q21
P545.	Q21
P54y.	Q21
P54z.	Q21
P55..	Q21
P550.	Q21
P551.	Q21
P552.	Q21
P553.	Q21
P55y.	Q21
P55z.	Q21
P56..	Q21
P560.	Q21
P561.	Q21
P56y.	Q21
P56z.	Q21
P56z1	Q21
P56z2	Q21
P57..	Q20
P5y..	Q21
P5z..	Q21
P6...	Q24
P60..	Q22
P600.	Q22
P601.	Q22
P6010	Q22
P601z	Q22
P602.	Q22
P6020	Q22
P6021	Q22
P602z	Q22
P603.	Q22
P60z.	Q22
P60z0	Q22
P60z1	Q22
P60z2	Q22
P60zz	Q22
P61..	Q22
P610.	Q22
P611.	Q22
P61z.	Q22
P62..	Q22
P63..	Q23
P64..	Q23
P640.	Q23
P641.	Q23
P64z.	Q23
P65..	Q23
P650.	Q23
P651.	Q23
P652.	Q23
P653.	Q23
P65z.	Q23
P66..	Q23
P67..	Q23
P6y..	Q24
P6y1.	Q24
P6y2.	Q24
P6y3.	Q24
P6y30	Q24
P6y3z	Q24
P6y4.	Q24
P6y40	Q24
P6y41	Q24
P6y42	Q24
P6y43	Q24
P6y45	Q24
P6y46	Q24
P6y4z	Q24
P6y5.	Q24
P6y50	Q24
P6y51	Q24
P6y52	Q24
P6y5z	Q24
P6y6.	Q24
P6y60	Q24
P6y61	Q24
P6y62	Q24
P6y63	Q24
P6y64	Q24
P6y6z	Q24
P6yy.	Q24
P6yy0	Q24
P6yy1	Q24
P6yy2	Q24
P6yy3	Q24
P6yy4	Q24
P6yy5	Q24
P6yy6	Q24
P6yy7	Q24
P6yy8	Q20
P6yy9	Q24
P6yyA	Q24
P6yyB	Q24
P6yyC	Q23
P6yyD	Q24
P6yyz	Q24
P6z..	Q24
P6z0.	Q24
P6z1.	Q24
P6z10	Q20
P6z11	Q24
P6z1z	Q24
P6z2.	Q24
P6z3.	Q24
P6zz.	Q24
P70..	Q25
P71..	Q25
P710.	Q25
P713.	Q25
P71z.	Q25
P72..	Q25
P720.	Q25
P721.	Q25
P7210	Q25
P7212	Q25
P7213	Q25
P7214	Q25
P7215	Q25
P7216	Q25
P7217	Q25
P721z	Q25
P722.	Q25
P7220	Q25
P7221	Q25
P7222	Q25
P7223	Q25
P7224	Q25
P7225	Q25
P722z	Q25
P72z.	Q25
P72z0	Q25
P72z1	Q25
P73..	Q25
P730.	Q25
P731.	Q25
P732.	Q25
P733.	Q25
P734.	Q25
P735.	Q25
P737.	Q25
P73y.	Q25
P73z.	Q25
P74..	Q26
P740.	Q26
P7400	Q26
P7401	Q26
P740z	Q26
P741.	Q26
P7410	Q26
P7411	Q26
P741z	Q26
P742.	Q26
P743.	Q26
P744.	Q26
P74z.	Q26
P74z0	Q26
P74z1	Q26
P74z2	Q26
P74z3	Q26
P74z4	Q26
P74z5	Q26
P74z6	Q26
P74z7	Q26
P74z8	Q26
P74zz	Q26
P75..	Q27
P750.	Q27
P751.	Q27
P752.	Q27
P75z.	Q27
P76..	Q27
P760.	Q27
P761.	Q27
P762.	Q27
P763.	Q27
P764.	Q27
P765.	Q27
P767.	Q27
P768.	Q27
P769.	Q27
P76A.	Q27
P76C.	Q27
P76C0	Q27
P76Cz	Q27
P76y.	Q27
P76y0	Q27
P76yz	Q27
P76z.	Q27
P77..	Q28
P7y..	Q28
P7y0.	Q28
P7y00	Q28
P7y02	Q28
P7y03	Q28
P7y0y	Q28
P7y0z	Q28
P7yz.	Q28
P7yz0	Q27
P7z..	Q28
P8...	Q34
P80..	Q30
P800.	Q30
P801.	Q30
P802.	Q30
P803.	Q30
P804.	Q30
P80z.	Q30
P81..	Q30
P810.	Q30
P8110	Q30
P8111	Q30
P812.	Q30
P813.	Q30
P814.	Q30
P815.	Q30
P816.	Q30
P818.	Q30
P819.	Q30
P81z.	Q30
P82..	Q31
P820.	Q31
P821.	Q31
P822.	Q31
P82z.	Q31
P830.	Q34
P8300	Q32
P8301	Q31
P8302	Q32
P830z	Q34
P831.	Q34
P8310	Q31
P8311	Q31
P8312	Q31
P8313	Q32
P8314	Q32
P831z	Q34
P832.	Q34
P8320	Q31
P8321	Q31
P8323	Q31
P832z	Q34
P833.	Q34
P8330	Q31
P8331	Q32
P8332	Q32
P8333	Q31
P8334	Q31
P833z	Q34
P83y.	Q34
P83y0	Q31
P83y1	Q32
P83y2	Q32
P83y3	Q31
P83y4	Q32
P83y5	Q32
P83y6	Q31
P83y7	Q31
P83y8	Q32
P83y9	P28
P83yA	Q31
P83yw	Q31
P83yx	Q32
P83yy	Q32
P83yz	Q34
P83z.	Q34
P84..	Q33
P840.	Q33
P841.	Q33
P842.	Q33
P843.	Q33
P84y.	Q33
P84z.	Q33
P85..	Q33
P850.	Q33
P852.	Q33
P853.	Q33
P8530	Q33
P8531	Q33
P853z	Q33
P85y.	Q33
P85y0	Q33
P85yz	Q33
P85z.	Q33
P86..	Q33
P860.	Q33
P861.	Q33
P86y.	Q33
P86y0	Q33
P86y1	Q33
P86y2	Q33
P86y3	Q33
P86yz	Q33
P86z.	Q33
P8y..	Q34
P8y0.	Q34
P8y1.	Q34
P8y2.	Q34
P8y3.	Q34
P8y4.	Q82
P8yz.	Q34
P8z..	Q34
P9...	Q37
P900.	Q35
P902.	Q35
P909.	Q35
P90z.	Q35
P910.	Q36
P915.	Q36
P91z.	Q36
P920.	Q37
P921.	Q37
P922.	Q37
P923.	Q37
P924.	Q37
P925.	Q37
P926.	Q37
P92A.	Q37
P92B.	Q37
P92z.	Q37
P9z..	Q37
PA0..	Q38
PA1..	Q38
PA10.	Q38
PA11.	Q38
PA12.	Q38
PA13.	Q38
PA15.	Q38
PA16.	Q38
PA17.	Q38
PA18.	Q38
PA1z.	Q38
PA20.	Q38
PA21.	Q38
PA22.	Q38
PA23.	Q38
PA24.	Q38
PA25.	Q38
PA250	Q38
PA251	Q38
PA25y	Q38
PA25z	Q38
PA26.	Q38
PA27.	Q38
PA270	Q38
PA271	Q38
PA27z	Q38
PA28.	Q38
PA29.	Q38
PA2A.	Q38
PA2A0	Q38
PA2Az	Q38
PA2z.	Q38
PA30.	Q39
PA32.	Q39
PA321	Q39
PA32z	Q39
PA33.	Q39
PA35.	Q39
PA36.	Q39
PA37.	Q39
PA3y.	Q39
PA3z.	Q39
PA4..	Q39
PA40.	Q39
PA41.	Q39
PA42.	Q39
PA43.	Q39
PA44.	Q39
PA45.	Q39
PA4z.	Q39
PA5..	Q40
PA50.	Q40
PA51.	Q40
PA52.	Q40
PA5y.	Q40
PA5z.	Q40
PA6..	Q40
PA7..	Q40
PA70.	Q39
PA71.	Q40
PA72.	Q40
PA73.	Q40
PA74.	Q40
PA75.	Q40
PA76.	Q40
PA77.	Q40
PA78.	Q40
PA7z.	Q40
PAy..	Q40
PAz..	Q40
PAz0.	Q40
PAz1.	Q39
PAz2.	Q40
PAzz.	Q40
PB0..	Q43
PB00.	Q43
PB01.	Q43
PB02.	Q43
PB03.	Q43
PB0z.	Q43
PB1..	Q41
PB10.	Q41
PB100	Q41
PB101	Q41
PB102	Q41
PB103	Q41
PB10z	Q41
PB11.	Q41
PB110	Q41
PB111	Q41
PB112	Q41
PB12.	Q41
PB130	Q41
PB131	Q41
PB132	Q41
PB13z	Q41
PB14.	Q41
PB15.	Q41
PB1z.	Q41
PB2..	Q42
PB20.	Q42
PB200	Q42
PB201	Q42
PB202	Q42
PB203	Q42
PB204	Q42
PB20z	Q42
PB21.	Q42
PB210	Q42
PB211	Q42
PB212	Q42
PB213	Q42
PB214	Q42
PB215	Q42
PB21z	Q42
PB22.	Q42
PB23.	Q42
PB230	Q42
PB23z	Q42
PB24.	Q42
PB240	Q42
PB241	Q42
PB24z	Q42
PB25.	Q42
PB250	Q42
PB251	Q42
PB25z	Q42
PB26.	Q42
PB260	Q42
PB26z	Q42
PB27.	Q42
PB270	Q42
PB27z	Q42
PB28.	Q42
PB2z.	Q42
PB3..	Q43
PB30.	Q43
PB300	Q43
PB301	Q43
PB30z	Q43
PB31.	Q43
PB33.	Q43
PB3z.	Q43
PB4..	Q43
PB40.	Q43
PB400	Q43
PB401	Q43
PB402	Q43
PB40z	Q43
PB41.	Q43
PB410	Q43
PB411	Q43
PB41z	Q43
PB42.	Q43
PB43.	Q43
PB4y.	Q43
PB4z.	Q43
PB5..	Q43
PB50.	Q43
PB51.	Q43
PB52.	Q43
PB520	Q43
PB521	Q43
PB522	Q43
PB523	Q43
PB52z	Q43
PB53.	Q43
PB530	Q43
PB531	Q43
PB532	Q43
PB533	Q43
PB53z	Q43
PB54.	Q43
PB55.	Q43
PB56.	Q43
PB57.	Q43
PB58.	Q43
PB5A.	Q43
PB5z.	Q43
PB5z0	Q43
PB6..	Q44
PB60.	Q44
PB600	Q44
PB601	Q44
PB602	Q44
PB60z	Q44
PB61.	Q44
PB610	Q44
PB611	Q44
PB612	Q44
PB613	Q44
PB614	Q44
PB615	Q44
PB616	Q44
PB61z	Q44
PB62.	Q44
PB620	Q44
PB621	Q44
PB62z	Q44
PB63.	Q44
PB630	Q44
PB631	Q44
PB632	Q44
PB633	Q44
PB634	Q44
PB635	Q44
PB64.	Q44
PB640	Q44
PB641	Q44
PB642	Q44
PB643	Q44
PB644	Q44
PB64z	Q44
PB6y0	Q44
PB6y1	Q44
PB6y2	Q44
PB6y3	Q44
PB6y4	Q44
PB6y5	Q44
PB6y7	Q44
PB6y8	Q44
PB6y9	Q44
PB6yw	Q44
PB6yx	Q44
PB6yy	Q44
PB6yz	Q44
PB7..	Q45
PB70.	Q45
PB72.	Q45
PB73.	Q45
PB74.	Q45
PB75.	Q45
PB77.	Q45
PB7y.	Q45
PB7z.	Q45
PBy..	Q45
PBy0.	Q45
PBy00	Q45
PBy01	Q45
PBy0z	Q45
PBy1.	Q45
PBy2.	Q45
PByz.	Q45
PBz..	Q45
PC0..	Q50
PC01.	Q50
PC02.	Q50
PC03.	Q50
PC0y.	Q50
PC0z.	Q50
PC1..	Q50
PC10.	Q50
PC11.	Q50
PC110	Q50
PC111	Q50
PC112	Q50
PC113	Q50
PC11z	Q50
PC1y.	Q50
PC1y0	Q50
PC1y1	Q50
PC1y4	Q50
PC1y5	Q50
PC1yz	Q50
PC1z.	Q50
PC2..	Q51
PC20.	Q51
PC21.	Q51
PC2z.	Q51
PC3..	Q51
PC30.	Q51
PC32.	Q51
PC34.	Q51
PC35.	Q51
PC36.	Q51
PC360	Q51
PC361	Q51
PC36z	Q51
PC3y.	Q51
PC3z.	Q51
PC410	Q52
PC412	Q52
PC41z	Q52
PC42.	Q52
PC43.	Q52
PC4y.	Q52
PC4y0	Q51
PC4y2	Q52
PC4y4	Q52
PC4y6	Q52
PC4y7	Q52
PC4y8	Q51
PC4y9	Q52
PC4yA	Q51
PC4yB	Q52
PC4yC	Q52
PC4yv	Q51
PC4yw	Q52
PC4yx	Q52
PC4yy	Q52
PC4yz	Q52
PC4z.	Q52
PC5..	Q53
PC50.	Q53
PC500	Q53
PC501	Q53
PC50z	Q53
PC51.	Q53
PC5z.	Q53
PC5z0	Q53
PC5z1	Q53
PC603	Q54
PC62.	Q54
PC7..	Q56
PC73.	Q99
PC7z.	Q56
PC7z0	Q56
PC7z1	Q56
PCy0.	Q56
PCy00	Q55
PCy01	Q55
PCy02	Q55
PCy03	Q55
PCy0z	Q55
PCy1.	Q55
PCy10	Q55
PCy11	Q52
PCy12	Q55
PCy13	Q55
PCy14	Q55
PCy1z	Q55
PCy2.	Q55
PCy20	Q55
PCy21	Q55
PCy22	Q55
PCy30	Q55
PCy31	Q55
PCy4.	Q55
PCy5.	Q55
PCy6.	Q55
PCy7.	Q55
PCy8.	Q55
PCy9.	Q54
PCyA.	Q50
PCyA2	Q55
PCyA3	Q50
PCyA4	Q55
PCyA5	Q50
PCyA6	Q55
PCyA7	Q50
PCyAz	Q50
PCyw.	Q55
PCyx.	Q55
PCyy.	Q55
PCyy0	Q55
PCyyz	Q55
PCyz.	Q55
PCz..	Q55
PD...	Q64
PD0..	Q60
PD00.	Q60
PD000	Q60
PD001	Q60
PD00z	Q60
PD01.	Q60
PD02.	Q60
PD02z	Q60
PD03.	Q60
PD030	Q60
PD031	Q60
PD04.	Q61
PD040	Q61
PD04z	Q61
PD0z.	Q60
PD1..	Q61
PD11.	Q61
PD110	Q61
PD111	Q61
PD11z	Q61
PD12.	Q61
PD120	Q61
PD12y	Q61
PD12z	Q61
PD13.	Q61
PD1y.	Q61
PD1y0	Q61
PD1yz	Q61
PD1z.	Q61
PD2..	Q62
PD20.	Q62
PD21.	Q62
PD22.	Q62
PD220	Q62
PD221	Q62
PD222	Q62
PD22z	Q62
PD23.	Q62
PD24.	Q62
PD25.	Q62
PD26.	Q62
PD27.	Q62
PD28.	Q62
PD2y.	Q62
PD2z.	Q62
PD3..	Q63
PD30.	Q63
PD31.	Q63
PD32.	Q63
PD33.	Q63
PD36.	Q63
PD37.	Q63
PD38.	Q63
PD3A.	Q63
PD3B.	Q63
PD3z.	Q63
PD4..	Q62
PD41.	Q62
PD42.	Q62
PD44.	Q62
PD45.	Q62
PD47.	Q62
PD4z.	Q62
PD5..	Q64
PD5z.	Q64
PD6..	Q64
PD60.	Q64
PD600	Q64
PD60z	Q64
PD61.	Q64
PD610	Q64
PD611	Q64
PD61z	Q64
PD62.	Q64
PD63.	Q64
PD630	Q64
PD63z	Q64
PD64.	Q64
PD65.	Q64
PD66.	Q64
PD6y.	Q64
PD6z.	Q64
PD7..	Q64
PD70.	Q64
PD71.	Q64
PD72.	Q64
PD73.	Q64
PD7y.	Q64
PD7z.	Q64
PDy..	Q64
PDy0.	Q64
PDy1.	Q64
PDy2.	Q64
PDy3.	Q64
PDy4.	Q64
PDy5.	Q64
PDy6.	Q64
PDy7.	Q64
PDy8.	Q64
PDy9.	Q64
PDyA.	Q64
PDyB.	Q64
PDyz.	Q64
PDyz0	Q64
PDyz1	Q52
PDz..	Q64
PDz0.	Q63
PDz1.	Q62
PDz2.	Q64
PDz3.	Q64
PE0..	Q75
PE00.	Q67
PE01.	Q67
PE02.	Q60
PE03.	Q67
PE04.	Q67
PE05.	Q67
PE06.	Q67
PE07.	Q67
PE0z.	Q67
PE1..	Q68
PE2..	Q67
PE20.	Q67
PE21.	Q76
PE23.	Q76
PE2z.	Q67
PE3..	Q65
PE30.	Q65
PE300	Q65
PE301	Q65
PE31.	Q65
PE310	Q65
PE311	Q65
PE31z	Q65
PE32.	Q65
PE34.	Q65
PE340	Q65
PE341	Q65
PE350	Q65
PE351	Q65
PE3z.	Q65
PE4..	Q68
PE40.	Q68
PE41.	Q68
PE410	Q68
PE411	Q68
PE412	Q68
PE413	Q74
PE42.	Q68
PE43.	Q68
PE430	Q68
PE431	Q68
PE44.	Q68
PE4z.	Q68
PE50.	Q66
PE51.	Q66
PE52.	Q66
PE53.	Q66
PE54.	Q66
PE5x.	Q66
PE5y.	Q66
PE5y0	Q66
PE5yz	Q66
PE5z.	Q66
PE61.	Q66
PE610	Q66
PE62.	Q66
PE6y.	Q66
PE6y1	Q66
PE6yz	Q66
PE6z.	Q66
PE7..	Q66
PE70.	Q66
PE72.	Q66
PE73.	Q66
PE74.	Q66
PE7y.	Q66
PE7y0	Q66
PE7y1	Q66
PE7y2	Q66
PE7yz	Q66
PE7z.	Q66
PE80.	Q67
PE81.	Q67
PE8y0	Q71
PE8y1	Q67
PE8y2	Q68
PE8y3	Q68
PE8y4	Q68
PE8y5	Q74
PE8y6	Q65
PE8y7	Q65
PE8y8	Q68
PE8y9	Q79
PE8yA	Q68
PE8yz	Q89
PE9..	Q79
PEz..	Q79
PF0..	Q69
PF00.	Q69
PF01.	Q69
PF010	Q69
PF011	Q69
PF012	Q69
PF013	Q69
PF014	Q69
PF015	Q69
PF016	Q69
PF017	Q69
PF018	Q69
PF02.	Q69
PF020	Q69
PF021	Q69
PF022	Q69
PF03.	Q69
PF0z.	Q69
PF1..	Q70
PF10.	Q70
PF11.	Q70
PF110	Q70
PF111	Q70
PF120	Q70
PF121	Q70
PF13.	Q70
PF130	Q70
PF131	Q70
PF140	Q70
PF141	Q70
PF1z.	Q70
PF2..	Q71
PF20.	Q71
PF201	Q71
PF202	Q71
PF20z	Q71
PF210	Q71
PF211	Q71
PF212	Q71
PF213	Q71
PF214	Q71
PF215	Q71
PF216	Q71
PF217	Q71
PF218	Q71
PF21z	Q71
PF22.	Q71
PF220	Q71
PF221	Q71
PF22z	Q71
PF23.	Q71
PF24.	Q71
PF25.	Q71
PF26.	Q71
PF260	Q71
PF261	Q71
PF262	Q71
PF264	Q71
PF265	Q71
PF266	Q71
PF267	Q71
PF268	Q71
PF27.	Q71
PF270	Q71
PF271	Q71
PF272	Q78
PF280	Q71
PF281	Q71
PF282	M89
PF29.	Q71
PF290	Q71
PF291	Q71
PF292	Q71
PF293	Q71
PF294	Q71
PF29z	Q71
PF2y.	Q71
PF2z.	Q71
PF3..	Q72
PF30.	Q72
PF300	Q72
PF301	Q72
PF30z	Q72
PF31.	Q72
PF310	Q72
PF312	Q72
PF313	Q72
PF314	Q72
PF316	Q72
PF317	Q72
PF31z	Q72
PF32.	Q72
PF33.	Q72
PF34.	Q72
PF340	Q72
PF341	Q72
PF35.	Q72
PF36.	Q72
PF360	Q72
PF361	Q72
PF362	Q72
PF37.	Q72
PF370	Q72
PF371	Q72
PF372	Q72
PF38.	Q72
PF380	Q72
PF381	Q72
PF382	Q72
PF383	Q72
PF384	Q72
PF385	Q72
PF386	Q72
PF387	Q72
PF388	Q72
PF39.	Q72
PF390	Q72
PF391	Q72
PF392	Q72
PF393	Q72
PF394	Q72
PF3y.	Q72
PF3z.	Q72
PF4..	Q73
PF40.	Q73
PF41.	Q73
PF42.	Q73
PF43.	Q73
PF44.	Q73
PF45.	Q73
PF46.	Q73
PF47.	Q73
PF4y.	Q73
PF4y0	Q73
PF4yz	Q73
PF4z.	Q73
PF5..	Q74
PF50.	Q74
PF51.	Q68
PF52.	Q74
PF53.	Q74
PF530	Q74
PF531	Q74
PF532	Q74
PF54.	Q74
PF55.	Q87
PF550	Q87
PF551	Q87
PF552	Q87
PF56.	Q74
PF57.	Q74
PF570	Q74
PF571	Q74
PF58.	Q74
PF580	Q71
PF581	Q71
PF59.	Q74
PF590	Q68
PF591	Q79
PF592	Q79
PF594	Q79
PF595	Q68
PF596	Q74
PF5A.	Q79
PF5A0	Q78
PF5A1	Q78
PF5A2	Q78
PF5A3	Q74
PF5A4	Q70
PF5A5	Q70
PF5Az	Q74
PF5B.	Q74
PF5B0	Q74
PF5B1	Q74
PF5B2	Q74
PF5B3	Q74
PF5B4	Q74
PF5B5	Q74
PF5Bz	Q74
PF5C.	Q74
PF5C0	Q74
PF5C1	Q74
PF5Cz	Q74
PF5D.	Q74
PF5D0	Q74
PF5D1	Q71
PF5D2	Q74
PF5Dz	Q74
PF5E.	Q79
PF5E1	Q79
PF5E2	Q70
PF5E3	Q71
PF5F.	Q71
PF5G.	Q71
PF5r.	Q74
PF5r0	Q74
PF5r1	Q74
PF5r2	Q68
PF5r3	Q68
PF5r4	Q74
PF5r5	Q74
PF5r6	Q74
PF5r7	Q70
PF5r8	Q74
PF5r9	Q74
PF5rA	Q68
PF5rB	Q68
PF5rC	Q71
PF5rz	Q74
PF5s.	Q74
PF5t.	Q74
PF5u.	Q74
PF5u0	Q74
PF5uz	Q74
PF5v.	Q74
PF5w.	Q74
PF5x.	Q74
PF5y.	Q74
PF5y0	Q74
PF5y1	Q68
PF5y2	Q68
PF5y3	Q74
PF5y4	Q78
PF5y5	Q78
PF5y6	Q78
PF5yz	Q74
PF5z.	Q74
PF6..	Q74
PF60.	Q74
PF61.	Q65
PF62.	Q65
PF63.	Q65
PF630	Q65
PF63z	Q65
PF64.	Q68
PF640	Q74
PF641	Q74
PF642	Q74
PF643	Q74
PF64z	Q68
PF65.	Q74
PF650	Q74
PF651	Q66
PF66.	Q74
PF660	Q66
PF661	Q66
PF662	Q66
PF663	Q72
PF664	Q66
PF665	Q66
PF666	Q66
PF667	Q66
PF668	Q66
PF669	Q66
PF66A	Q66
PF66B	Q66
PF66z	Q66
PF67.	Q66
PF670	Q74
PF671	Q66
PF672	Q66
PF673	Q78
PF674	Q66
PF675	Q72
PF676	Q66
PF677	Q74
PF678	Q66
PF679	Q66
PF67A	Q66
PF67z	Q66
PF68.	Q79
PF680	Q79
PF69.	Q78
PF690	Q78
PF6A.	Q74
PF6B.	Q74
PF6B0	Q74
PF6B1	Q74
PF6B2	Q66
PF6B3	Q74
PF6C.	Q72
PF6C0	Q74
PF6C1	Q74
PF6C2	Q72
PF6C3	Q66
PF6C4	Q66
PF6C5	Q66
PF6C6	Q72
PF6D.	Q79
PF6D0	Q79
PF6D1	Q79
PF6D2	Q72
PF6v.	Q74
PF6w.	Q74
PF6x.	Q74
PF6x0	Q74
PF6xz	Q74
PF6y.	Q74
PF6y0	Q74
PF6y1	Q68
PF6y2	Q74
PF6y3	Q74
PF6y4	Q66
PF6y5	Q66
PF6y6	Q74
PF6y7	Q74
PF6yz	Q74
PFy..	Q74
PFy0.	Q74
PFy1.	Q74
PFy2.	Q74
PFy3.	Q74
PFy4.	Q74
PFyz.	Q74
PFz..	Q74
PG...	Q79
PG01.	Q75
PG02.	Q75
PG03.	Q75
PG04.	Q75
PG05.	Q75
PG06.	Q75
PG08.	Q75
PG0B.	Q75
PG0C.	Q87
PG0E.	Q75
PG0F.	Q87
PG0y.	Q75
PG0y0	Q75
PG0yz	Q75
PG1..	Q76
PG10.	Q67
PG11.	Q76
PG12.	Q76
PG13.	Q76
PG130	Q76
PG131	Q76
PG132	Q76
PG133	Q76
PG13z	Q76
PG14.	Q76
PG140	Q76
PG141	Q76
PG142	Q76
PG143	Q76
PG144	Q76
PG145	Q76
PG146	Q76
PG147	Q76
PG148	Q76
PG14z	Q76
PG15.	Q76
PG150	Q76
PG151	Q76
PG152	Q76
PG153	Q76
PG154	Q76
PG16.	Q76
PG160	Q76
PG16z	Q76
PG17.	Q76
PG18.	Q76
PG1u.	Q76
PG1u0	Q76
PG1uz	Q76
PG1v.	Q76
PG1v0	Q76
PG1vz	Q76
PG1w.	Q76
PG1w0	Q76
PG1wz	Q76
PG1x.	Q76
PG1x0	Q76
PG1xz	Q76
PG1y.	Q76
PG1y0	Q76
PG1y1	Q76
PG1y2	Q76
PG1y3	Q76
PG1y4	Q76
PG1yz	Q76
PG1z.	Q76
PG2..	Q76
PG3..	Q76
PG30.	Q76
PG31.	Q76
PG32.	Q76
PG33.	Q76
PG34.	Q76
PG36.	Q76
PG37.	Q76
PG3x.	Q76
PG3y.	Q76
PG3z.	Q76
PG40.	Q78
PG41.	Q77
PG410	Q77
PG42.	Q78
PG421	Q78
PG42z	Q78
PG43.	Q77
PG44.	Q77
PG440	Q77
PG441	Q77
PG442	Q77
PG443	Q77
PG444	Q77
PG445	Q77
PG446	Q77
PG44z	Q77
PG45.	Q78
PG46.	Q77
PG461	Q77
PG47.	Q78
PG48.	Q78
PG49.	Q77
PG4A.	Q77
PG4B.	Q77
PG4B0	Q77
PG4B1	Q77
PG4B2	Q77
PG4B3	Q77
PG4B4	Q77
PG4By	Q77
PG4C.	Q77
PG4E.	Q77
PG4F.	Q77
PG4y.	Q78
PG4z.	Q78
PG5..	Q78
PG50.	Q78
PG51.	Q78
PG511	Q78
PG512	Q78
PG513	Q78
PG514	Q78
PG515	Q78
PG516	Q78
PG51z	Q78
PG52.	Q78
PG520	Q78
PG521	Q78
PG522	Q78
PG53.	Q78
PG54.	Q78
PG55.	Q77
PG56.	Q77
PG560	Q77
PG56z	Q77
PG57.	Q78
PG58.	Q78
PG59.	Q78
PG5B.	Q78
PG5C.	Q78
PG5D.	Q78
PG5E.	Q78
PG5y.	Q78
PG5yz	Q78
PG5z.	Q78
PG6..	Q79
PG60.	Q79
PG61.	Q79
PG62.	Q79
PG63.	Q79
PG6y.	Q79
PG6z.	Q79
PG7..	Q79
PG71.	Q79
PG72.	Q79
PG7y.	Q79
PG7z.	Q79
PGy..	Q79
PGy02	Q79
PGy1.	Q79
PGy2.	Q79
PGy20	Q79
PGy21	Q79
PGy22	Q79
PGy23	Q79
PGy24	Q79
PGy25	Q79
PGy26	Q79
PGy27	Q79
PGy3.	Q87
PGyy.	Q79
PGyy0	Q79
PGyy1	Q79
PGyy2	Q79
PGyy3	Q87
PGyyz	Q79
PGyz.	Q79
PGz..	Q79
PGz0.	Q79
PGz1.	Q79
PGz2.	Q79
PGz3.	Q79
PGz4.	Q79
PH0..	Q82
PH00.	Q82
PH01.	Q82
PH02.	Q82
PH03.	Q82
PH0z.	Q82
PH1..	Q80
PH10.	Q80
PH11.	Q80
PH12.	Q80
PH13.	Q80
PH1y.	Q80
PH1z.	Q80
PH2..	Q82
PH20.	Q82
PH2z.	Q82
PH3..	Q82
PH30.	Q82
PH31.	Q82
PH310	Q82
PH311	Q82
PH312	Q82
PH313	Q82
PH31z	Q82
PH32.	Q82
PH320	Q82
PH321	Q82
PH322	Q82
PH323	Q82
PH32z	Q82
PH33.	Q82
PH330	Q82
PH331	Q82
PH332	Q82
PH334	Q82
PH335	Q82
PH336	Q82
PH33z	Q82
PH34.	Q82
PH35.	D22
PH3y.	Q82
PH3y0	Q82
PH3y1	Q82
PH3y2	Q81
PH3y3	Q82
PH3y5	Q82
PH3yz	Q82
PH4..	Q84
PH40.	Q84
PH400	Q84
PH401	Q84
PH402	Q84
PH40z	Q84
PH42.	Q84
PH44.	Q84
PH45.	Q84
PH4z.	Q84
PH5..	Q84
PH50.	Q84
PH51.	Q84
PH52.	Q84
PH53.	Q84
PH55.	Q84
PH5z.	Q84
PH6..	Q83
PH63.	Q83
PH64.	Q83
PH66.	Q83
PH68.	Q83
PH6z.	Q83
PHy..	Q84
PHz..	Q84
PHz0.	Q82
PHz1.	Q84
PHz2.	Q84
PJ0..	Q90
PJ00.	Q90
PJ01.	Q90
PJ1..	Q91
PJ10.	Q91
PJ11.	Q91
PJ2..	Q91
PJ20.	Q91
PJ21.	Q91
PJ3..	Q93
PJ30.	Q93
PJ31.	Q93
PJ32.	Q93
PJ33.	Q93
PJ330	Q93
PJ33z	Q93
PJ34.	Q93
PJ35.	Q93
PJ36.	Q93
PJ370	Q93
PJ37z	Q93
PJ38.	Q93
PJ3y.	Q93
PJ3z.	Q93
PJ4..	Q95
PJ500	Q92
PJ501	Q92
PJ502	Q92
PJ503	Q92
PJ504	Q92
PJ505	Q92
PJ506	Q92
PJ507	Q92
PJ508	Q92
PJ50w	Q92
PJ50x	Q92
PJ50y	Q92
PJ50z	Q92
PJ51.	Q92
PJ510	Q92
PJ511	Q92
PJ51z	Q92
PJ52.	Q92
PJ520	Q92
PJ521	Q92
PJ522	Q92
PJ523	Q92
PJ524	Q92
PJ52z	Q92
PJ53.	Q95
PJ530	Q95
PJ531	Q95
PJ532	Q95
PJ533	Q95
PJ534	Q95
PJ53z	Q95
PJ5y.	Q99
PJ5z.	Q99
PJ60.	Q96
PJ63.	Q96
PJ630	Q96
PJ631	Q96
PJ632	Q96
PJ633	Q96
PJ634	Q96
PJ635	Q96
PJ636	Q96
PJ63z	Q96
PJ640	Q97
PJ64z	Q99
PJ6z.	Q97
PJ7..	Q98
PJ70.	Q98
PJ71.	Q98
PJ72.	Q98
PJ73.	Q98
PJ74.	Q98
PJ7z.	Q98
PJy..	Q99
PJy0.	Q98
PJy1.	Q98
PJy10	Q98
PJy11	Q98
PJy12	Q98
PJy13	Q98
PJy1z	Q98
PJy2.	Q97
PJyy.	Q99
PJyy0	Q99
PJyy1	Q99
PJyy2	Q99
PJz..	Q99
PJz0.	Q98
PJz1.	Q98
PJz2.	Q98
PJz3.	Q98
PJzz.	Q99
PK0..	Q89
PK00.	Q89
PK02.	Q89
PK04.	Q89
PK05.	Q89
PK06.	Q89
PK07.	Q89
PK0y.	Q89
PK0z.	Q89
PK12.	Q89
PK13.	Q89
PK14.	Q89
PK1y.	Q89
PK1yz	Q89
PK1z.	Q89
PK2..	Q89
PK21.	Q89
PK22.	Q89
PK23.	Q89
PK24.	Q89
PK240	Q89
PK241	Q89
PK242	Q89
PK24z	Q89
PK25.	Q89
PK250	Q89
PK25z	Q89
PK26.	Q89
PK27.	Q89
PK270	Q89
PK271	Q89
PK27z	Q89
PK28.	Q89
PK280	Q89
PK281	Q89
PK282	Q89
PK28z	Q89
PK2y.	Q89
PK2z.	Q89
PK3..	Q89
PK31.	Q89
PK32.	Q89
PK33.	Q89
PK35.	Q89
PK3z.	Q89
PK4..	Q89
PK40.	Q89
PK400	Q89
PK401	Q89
PK402	Q89
PK403	Q89
PK40z	Q89
PK41.	Q89
PK42.	Q89
PK43.	Q89
PK44.	Q89
PK45.	Q89
PK4y.	Q89
PK4z.	Q89
PK5..	Q85
PK6..	Q85
PK60.	Q85
PK61.	Q85
PK62.	Q85
PK6y.	Q85
PK6z.	Q85
PK7..	Q89
PK70.	Q89
PK8..	Q86
PK80.	Q86
PK83.	P04
PKy..	Q89
PKy0.	Q89
PKy1.	Q87
PKy2.	Q87
PKy3.	Q89
PKy4.	Q87
PKy5.	Q87
PKy50	Q87
PKy51	Q87
PKy52	Q87
PKy53	Q87
PKy54	E70
PKy55	Q87
PKy56	Q87
PKy57	Q87
PKy58	Q87
PKy59	Q87
PKy5A	Q87
PKy5z	Q87
PKy6.	Q87
PKy60	Q87
PKy61	Q87
PKy62	Q87
PKy63	Q87
PKy64	Q87
PKy65	Q87
PKy66	Q87
PKy67	Q87
PKy6z	Q87
PKy7.	Q87
PKy70	Q87
PKy71	Q87
PKy72	Q87
PKy73	Q87
PKy76	Q87
PKy77	Q87
PKy78	Q89
PKy79	Q89
PKy7A	Q87
PKy7B	Q87
PKy7z	Q87
PKy8.	Q87
PKy80	Q87
PKy8z	Q87
PKy9.	Q87
PKy90	Q87
PKy91	Q87
PKy93	Q87
PKy94	Q87
PKy95	Q87
PKy96	Q87
PKy9z	Q87
PKyz.	Q89
PKyz0	Q87
PKyz1	Q89
PKyz2	Q89
PKyz3	Q89
PKyz4	Q89
PKyz5	Q93
PKyz6	Q89
PKz..	Q89
PKz0.	Q79
PKz1.	Q89
Py...	Q89
Pyu00	Q01
Pyu01	Q03
Pyu02	Q04
Pyu03	Q04
Pyu04	Q05
Pyu05	Q06
Pyu06	Q06
Pyu07	Q07
Pyu10	Q10
Pyu11	Q10
Pyu12	Q11
Pyu13	Q12
Pyu14	Q13
Pyu15	Q13
Pyu16	Q13
Pyu17	Q14
Pyu18	Q15
Pyu19	Q16
Pyu1A	Q16
Pyu1B	Q16
Pyu1C	Q17
Pyu1D	Q17
Pyu1E	Q18
Pyu1F	Q18
Pyu20	Q20
Pyu21	Q21
Pyu22	Q22
Pyu23	Q22
Pyu24	Q23
Pyu25	Q24
Pyu26	Q25
Pyu27	Q25
Pyu28	Q25
Pyu29	Q26
Pyu2A	Q27
Pyu2B	Q27
Pyu2C	Q28
Pyu2D	Q28
Pyu2E	Q28
Pyu2F	Q20
Pyu2G	Q22
Pyu2H	Q23
Pyu2J	Q25
Pyu2K	Q28
Pyu30	Q30
Pyu31	Q31
Pyu32	Q32
Pyu33	Q32
Pyu34	Q33
Pyu35	Q34
Pyu36	Q31
Pyu41	Q37
Pyu5.	Q45
Pyu50	Q38
Pyu51	Q38
Pyu52	Q38
Pyu53	Q38
Pyu54	Q39
Pyu55	Q40
Pyu56	Q40
Pyu57	Q41
Pyu58	Q42
Pyu59	Q42
Pyu5A	Q43
Pyu5B	Q43
Pyu5C	Q44
Pyu5D	Q44
Pyu5E	Q44
Pyu5F	Q45
Pyu5G	Q45
Pyu5H	Q43
Pyu60	Q50
Pyu61	Q50
Pyu62	Q51
Pyu63	Q51
Pyu64	Q52
Pyu65	Q52
Pyu66	Q52
Pyu67	Q54
Pyu68	Q55
Pyu69	Q55
Pyu6A	Q55
Pyu6B	Q55
Pyu70	Q61
Pyu71	Q62
Pyu72	Q62
Pyu73	Q63
Pyu74	Q64
Pyu75	Q64
Pyu76	Q64
Pyu80	Q65
Pyu81	Q66
Pyu82	Q66
Pyu83	Q66
Pyu84	Q67
Pyu85	Q67
Pyu86	Q68
Pyu87	Q71
Pyu88	Q72
Pyu89	Q73
Pyu8A	Q74
Pyu8B	Q74
Pyu8C	Q74
Pyu8D	Q75
Pyu8E	Q76
Pyu8F	Q76
Pyu8G	Q76
Pyu8H	Q77
Pyu8J	Q78
Pyu8K	Q79
Pyu8L	Q79
Pyu8M	Q79
Pyu8N	Q65
Pyu8P	Q76
Pyu8Q	Q77
Pyu90	Q80
Pyu91	Q81
Pyu92	Q82
Pyu93	Q83
Pyu94	Q84
Pyu95	Q84
Pyu96	Q84
Pyu97	Q85
Pyu98	Q86
Pyu99	Q87
Pyu9A	Q87
Pyu9B	Q89
Pyu9C	Q83
PyuA0	Q92
PyuA1	Q93
PyuA2	Q93
PyuA3	Q95
PyuA4	Q95
PyuA5	Q96
PyuA6	Q97
PyuA7	Q98
PyuA8	Q98
PyuA9	Q99
PyuAA	Q98
Pz...	Q89
Q0...	P00
Q000.	P00
Q001.	P00
Q002.	P00
Q003.	P00
Q0030	P00
Q0031	P00
Q003z	P00
Q004.	P00
Q005.	P00
Q006.	P00
Q007.	P04
Q0070	P04
Q0071	Q86
Q0072	P04
Q0073	P04
Q0074	P04
Q0075	P04
Q0076	P04
Q0077	P04
Q0078	P04
Q0079	P04
Q007A	P04
Q007B	P04
Q007C	P04
Q007w	P04
Q007x	P04
Q007y	P04
Q007z	P04
Q00y.	P00
Q00z.	P00
Q01..	P01
Q010.	P01
Q011.	P01
Q012.	P01
Q013.	P01
Q014.	P01
Q0140	P01
Q0141	P01
Q0142	P01
Q0143	P01
Q014z	P01
Q015.	P01
Q0150	P01
Q0151	P01
Q0152	P01
Q015z	P01
Q016.	P01
Q017.	P01
Q0170	P01
Q0171	P01
Q0172	P01
Q0173	P01
Q0174	P01
Q0175	P01
Q0176	P01
Q017y	P01
Q017z	P01
Q01y.	P01
Q01z.	P01
Q02..	P02
Q020.	P02
Q021.	P02
Q0210	P02
Q0211	P02
Q0212	P02
Q0213	P02
Q0214	P02
Q0215	P02
Q0216	P02
Q021y	P02
Q021z	P02
Q022.	P02
Q0220	P02
Q0221	P02
Q0222	P02
Q022y	P02
Q022z	P02
Q023.	P02
Q0230	P02
Q0231	P02
Q0232	P02
Q023z	P02
Q024.	P02
Q025.	P02
Q0250	P02
Q0251	P02
Q0252	P02
Q0253	P02
Q025z	P02
Q026.	P02
Q0260	P02
Q0261	P02
Q0262	P02
Q0263	P02
Q0264	P02
Q0265	P02
Q026z	P02
Q027.	P02
Q0270	P02
Q0271	P02
Q0272	P02
Q02y.	P02
Q02z.	P02
Q03..	P03
Q030.	P03
Q031.	P03
Q0310	P03
Q0311	P03
Q0312	P03
Q0313	P03
Q0314	P03
Q0315	P03
Q0316	P03
Q031y	P03
Q031z	P03
Q032.	P03
Q033.	P03
Q034.	P03
Q035.	P04
Q0350	P04
Q0351	P04
Q0352	P04
Q0353	P04
Q0354	P04
Q0355	P04
Q0356	P04
Q035y	P04
Q035z	P04
Q036.	P03
Q037.	P03
Q0370	P03
Q0371	P03
Q0372	P03
Q0373	P03
Q037y	P03
Q037z	P03
Q03y.	P03
Q03y0	P03
Q03y1	P03
Q03y2	P03
Q03y3	P03
Q03y4	P03
Q03y5	P03
Q03yy	P03
Q03yz	P03
Q03z.	P03
Q04..	P04
Q040.	P04
Q041.	P04
Q042.	P04
Q100.	P05
Q101.	P05
Q102.	P05
Q10z.	P05
Q110.	P07
Q111.	P07
Q112.	P07
Q120.	P08
Q121.	P08
Q122.	P08
Q12z.	P08
Q1y..	P07
Q1z..	P07
Q200.	P10
Q2000	P10
Q2001	P10
Q2002	P10
Q2003	P10
Q2004	P11
Q2005	P52
Q2006	P10
Q2007	P10
Q200y	P10
Q200z	P10
Q201.	P12
Q2010	P12
Q2011	P12
Q2012	P12
Q2013	P12
Q2014	P12
Q2015	P12
Q2016	P12
Q201y	P12
Q201z	P12
Q202.	P13
Q203.	P13
Q2030	P13
Q2031	P13
Q2032	P13
Q2033	P13
Q2034	P13
Q2035	P13
Q2036	P13
Q203y	P13
Q203z	P13
Q204.	P11
Q2040	P11
Q2041	P11
Q2042	P11
Q2043	P11
Q204z	P11
Q205.	P11
Q206.	P14
Q2060	P14
Q2061	P14
Q2062	P14
Q2063	P14
Q206y	P14
Q206z	P14
Q2070	P14
Q2071	P11
Q2072	P14
Q208.	P11
Q20y.	P15
Q20y0	P15
Q20y1	P15
Q20y2	P15
Q20y4	P15
Q20y5	P15
Q20y6	P15
Q20y7	P15
Q20y8	P15
Q20y9	P15
Q20yA	P15
Q20yB	P15
Q20yC	P15
Q20yD	P15
Q20yz	P15
Q20z.	P15
Q210.	P95
Q211.	P95
Q212.	P20
Q2120	P20
Q2121	P20
Q2122	P20
Q212z	P20
Q213.	P20
Q2130	P20
Q2131	P20
Q2132	P20
Q213z	P20
Q214.	P20
Q2140	P20
Q2141	P20
Q2142	P20
Q214z	P20
Q215.	P21
Q216.	P21
Q21z.	P21
Q30..	P22
Q310.	P23
Q3100	P23
Q3101	P23
Q3102	P23
Q3103	P23
Q3104	P23
Q3106	P23
Q310y	P23
Q310z	P23
Q311.	P24
Q3110	P24
Q3111	P24
Q3112	P24
Q3113	P24
Q3114	P24
Q311y	P24
Q311z	P24
Q312.	P25
Q3120	P25
Q3121	P25
Q3122	P25
Q3123	P25
Q312y	P25
Q312z	P25
Q3130	P26
Q3131	P26
Q3132	P26
Q3133	P26
Q3134	P26
Q313y	P26
Q313z	P26
Q314.	P28
Q315.	P28
Q3150	P28
Q3151	P28
Q3152	P28
Q315z	P28
Q316.	P22
Q317.	P27
Q3170	P27
Q3171	P27
Q3172	P27
Q317y	P27
Q317z	P27
Q31y.	P28
Q31y0	P28
Q31y2	P22
Q31y3	P28
Q31y4	P28
Q31yz	P28
Q31z.	P28
Q3y..	P28
Q3z..	P28
Q400.	P35
Q402.	P35
Q4020	P35
Q4021	P37
Q4022	P37
Q4023	P37
Q4024	P37
Q402z	P37
Q403.	A33
Q4030	A33
Q4031	A33
Q403z	A33
Q404.	P38
Q4040	B99
Q404y	P36
Q404z	P36
Q405.	P39
Q406.	P39
Q4060	P39
Q4062	P39
Q406y	P39
Q406z	P39
Q407.	P37
Q4070	P37
Q4071	P37
Q4072	P37
Q4073	P37
Q4074	P37
Q407y	P37
Q407z	P37
Q408.	P39
Q4080	P39
Q4086	P36
Q408z	P39
Q409.	P35
Q4090	P35
Q4091	P35
Q409y	P35
Q409z	P35
Q40A.	P36
Q40A0	P36
Q40A1	P36
Q40A2	P36
Q40y.	P39
Q40y0	P36
Q40y1	P39
Q40y2	P36
Q40yz	P39
Q40z.	P39
Q41..	P50
Q4101	P50
Q4102	P50
Q4103	P50
Q4104	P50
Q4107	P50
Q410y	P50
Q4110	P52
Q4111	P52
Q4112	P52
Q4113	P10
Q412.	P52
Q4120	P10
Q413.	P51
Q4130	P51
Q4131	P51
Q4132	P51
Q413y	P51
Q413z	P51
Q414.	P54
Q4142	P54
Q4143	P54
Q414y	P54
Q414z	P54
Q415.	P54
Q4160	P54
Q4162	P54
Q4163	P54
Q4165	D69
Q416y	P54
Q416z	P54
Q417.	P52
Q4170	P52
Q4171	P52
Q41y.	P54
Q41y0	P54
Q41y1	P54
Q41y4	P54
Q41yy	P54
Q41yz	P54
Q420.	P55
Q421.	P55
Q422.	P55
Q423.	P56
Q424.	P57
Q425.	P55
Q42z.	P55
Q43..	P59
Q430.	D58
Q4300	P58
Q430z	D58
Q431.	P58
Q4310	P58
Q4311	P58
Q4312	P58
Q4313	P58
Q4314	P58
Q4315	P58
Q431y	P58
Q431z	P58
Q432.	P59
Q433.	P59
Q4330	P59
Q4331	P59
Q4332	P59
Q4333	P59
Q4334	E80
Q4335	E80
Q4336	E80
Q4337	E03
Q4338	E80
Q4339	E80
Q433y	P59
Q433z	P59
Q434.	P59
Q4340	P59
Q4341	P59
Q4342	P59
Q434z	P59
Q435.	P59
Q4350	P59
Q4351	E74
Q4352	E84
Q435z	P59
Q436.	P59
Q4360	P59
Q4361	P59
Q4362	P59
Q436z	P59
Q437.	P57
Q4370	P57
Q437z	P57
Q43z.	P59
Q440.	P70
Q441.	P70
Q442.	P94
Q443.	P72
Q444.	P71
Q4440	P71
Q4441	P71
Q444z	P71
Q445.	P71
Q446.	P74
Q4460	P74
Q4461	P74
Q4462	P74
Q4463	P74
Q4464	P74
Q4465	P74
Q4466	P74
Q446y	P74
Q446z	P74
Q447.	P70
Q448.	P74
Q449.	P71
Q44A.	P71
Q44y0	P74
Q44y1	P74
Q450.	P53
Q451.	P61
Q4510	P61
Q4511	P61
Q4512	P61
Q451y	P61
Q451z	P61
Q452.	P60
Q453.	P61
Q454.	P61
Q4540	P61
Q4541	P61
Q454z	P61
Q4550	P61
Q456.	P61
Q457.	P61
Q4570	P61
Q4571	P61
Q457z	P61
Q45y.	P61
Q45z.	P61
Q461.	P76
Q462.	P78
Q463.	P76
Q464.	P77
Q465.	P78
Q4660	P76
Q4661	P76
Q466z	P76
Q46y.	P78
Q46y0	P78
Q46y1	P78
Q46yz	P78
Q46z.	P78
Q471.	P83
Q4710	P83
Q4711	P83
Q471z	P83
Q472.	P80
Q473.	P80
Q474.	P81
Q4740	P74
Q4742	P81
Q4743	P81
Q474z	P81
Q475.	P83
Q477.	P83
Q47y.	P83
Q47y0	P83
Q47y1	P83
Q47y2	P39
Q47yy	P83
Q47yz	P83
Q48..	P96
Q481.	P91
Q4820	P91
Q4821	P91
Q482y	P91
Q483.	P92
Q4830	P92
Q4831	P92
Q4832	P92
Q4833	P92
Q4834	P92
Q4835	P92
Q4836	P92
Q4837	P92
Q483z	P92
Q484.	P93
Q4840	P93
Q484z	P93
Q485.	P96
Q4850	P96
Q4851	P96
Q486.	P96
Q488.	P91
Q489.	P91
Q48A.	P91
Q48y.	P96
Q48y0	P96
Q48y1	P29
Q48y2	P94
Q48y3	P94
Q48y4	P96
Q48yz	P96
Q492.	P29
Q493.	P29
Q4z..	P96
Qy...	P96
Qyu00	P00
Qyu01	P00
Qyu02	P00
Qyu03	P01
Qyu04	P02
Qyu05	P02
Qyu06	P02
Qyu07	P02
Qyu08	P02
Qyu09	P03
Qyu0A	P03
Qyu0B	P04
Qyu0C	P04
Qyu10	P07
Qyu11	P07
Qyu12	P08
Qyu20	P10
Qyu21	P11
Qyu22	P12
Qyu23	P13
Qyu24	P14
Qyu25	P15
Qyu26	P11
Qyu27	P14
Qyu30	P22
Qyu31	P23
Qyu32	P23
Qyu33	P24
Qyu34	P25
Qyu35	P26
Qyu36	P27
Qyu37	P28
Qyu38	P28
Qyu39	P28
Qyu3A	P29
Qyu3B	P29
Qyu40	P35
Qyu41	P36
Qyu42	P36
Qyu43	P37
Qyu44	P37
Qyu45	P39
Qyu46	P39
Qyu47	P35
Qyu48	P36
Qyu49	P37
Qyu50	P50
Qyu51	P51
Qyu52	P52
Qyu53	P54
Qyu54	P54
Qyu55	P55
Qyu56	P56
Qyu57	P57
Qyu58	P58
Qyu59	P58
Qyu5A	P59
Qyu5B	P59
Qyu5C	P61
Qyu5D	P61
Qyu5E	P61
Qyu5F	P52
Qyu60	P70
Qyu61	P70
Qyu62	P71
Qyu63	P71
Qyu64	P72
Qyu65	P72
Qyu66	P74
Qyu67	P74
Qyu68	P70
Qyu69	P71
Qyu6A	P72
Qyu6B	P72
Qyu6C	P74
Qyu70	P76
Qyu71	P78
Qyu72	P78
Qyu73	P76
Qyu80	P80
Qyu81	P81
Qyu82	P83
Qyu83	P83
Qyu84	P80
QyuA0	P91
QyuA1	P92
QyuA2	P94
QyuA3	P96
QyuA4	P94
QyuA5	P96
Qz...	P96
R005.	G47
R0050	G47
R0051	G47
R0052	G47
R0054	G47
R0055	G47
R0056	G47
R0057	G47
R0058	G47
R0059	G47
R005z	G47
R0345	E34
R0346	E34
R04z4	J34
R0562	D47
R080.	N23
R0800	N23
R0801	N23
R080z	N23
R0832	N39
R090C	M54
R090D	G43
R09z0	P51
R106.	A49
R107.	B34
R2y1z	J96
S57z0	M62
S5yz1	M62
SP079	N89
SP0D.	N98
SP0D0	N98
SP0D1	N98
SP0D2	N98
SP0D3	N98
SP102	G97
SP122	I80
SP131	J69
SP132	J22
SP140	K91
SP141	K91
SP144	K91
SP150	N99
SP151	N99
SP155	N99
SP1z0	H59
SP224	M96
SP22z	M96
SP3y5	L53
Ua14s	F89
Ua18K	F34
Ua18L	F43
Ua18k	F43
Ua19A	F44
Ua1AS	L65
Ua1Z2	F45
Ua1am	F98
Ua1av	F98
Ua1b8	F64
Ua1dg	L89
Ua1dh	L89
Ua1di	L89
Ua1dj	L89
Ua1dk	L89
Ua1dl	L89
Ua1dm	L89
Ua1dn	L89
Ua1do	L89
Ua1eA	J34
Ua1eH	I20
Ua1f0	H54
Ua1g0	N64
Ua1g5	N64
Ua1g6	N64
Ua1gx	K13
Ua1jF	H53
Ua1kQ	K21
Ua1lY	F50
Ua1nv	M95
Ua1o7	H05
Ua1p0	M25
Ua1p2	M25
Ua1qU	F40
Ua1qV	F40
Ua1qW	F40
Ua1qX	F40
Ua1qY	F40
Ua1qa	F40
Ua1qc	F40
Ua1qd	F40
Ua1qe	F40
Ua1qf	F40
Ua1qg	F41
Ua1qh	F41
Ua1qi	F41
Ua1qj	F41
Ua1qk	F41
Ua1ql	F41
Ua1qm	F41
Ua1qn	F41
Ua1qo	F41
Ua1qp	F41
Ua1qs	F40
Ua1qt	F40
Ua1r7	F38
Ua1rH	F22
Ua1sq	F52
Ua29i	F94
Ua2BW	F63
Ua2Ba	F63
Ub0ly	F10
Ub0lz	F10
Ub0mX	F10
Ub0mY	F10
Ub0ma	F10
Ub0mt	F19
Ub0mw	F19
Ub1BQ	F65
Ub1BR	F65
Ub1S2	F80
Ub1S4	F80
Ub1S5	F80
Ub1S6	F98
Ub1S7	F98
Ub1S8	F98
Ub1S9	F98
Ub1SA	F98
Ub1SB	F98
Ub1SC	F98
Ub1SD	F98
Ub1SE	F98
Ub1SH	F44
Ub1SI	F44
Ub1SJ	F44
Ub1SL	F44
Ub1SM	F44
Ub1SN	F44
Ub1SS	J38
Ub1ST	J38
Ub1SU	J38
Ub1Si	F80
Ub1Sn	F80
Ub1Sp	F80
Ub1T5	F80
Ub1T6	F80
Ub1T7	F80
Ub1TB	F80
Ub1TW	G24
Ub1TX	G25
Ub1TY	G24
Ub1Tf	F80
Ub1Tg	F82
Ub1Th	F82
Ub1Ts	F79
Ub1Tw	F90
Ub1Ty	F06
Ub1U0	F80
Ub1U1	F80
Ub1U2	F80
Ub1U3	F80
Ub1U4	F80
Ub1U6	F80
Ub1U7	F80
Ub1U8	F80
Ub1U9	F80
Ub1UA	F80
Ub1UB	M25
Ub1UG	F80
Ub1UH	F80
Ub1UI	F80
Ub1UJ	F80
Ub1UK	F80
Ub1UL	F80
Ub1UM	F80
Ub1UO	F80
Ub1UP	F80
Ub1UQ	F80
Ub1UR	F80
Ub1US	F80
Ub1UT	F80
Ub1UU	F80
Ub1UV	F80
Ub1UW	F80
Ub1UX	F80
Ub1UY	F80
Ub1UZ	F80
Ub1Ua	F80
Ub1Uc	F80
Ub1Ue	F80
Ub1mq	L84
Ub1ms	L84
Ub1mt	L84
Ub1mw	Q68
Ub1mx	Q68
Ub1ob	Q66
Ub1oe	Q66
Ub1oj	Q66
Ub1tS	F17
Ub1tT	F17
Ub1tU	F17
Ub1tV	F17
Ub1tW	F17
X000G	G95
X000Q	G00
X000W	G03
X000Y	G03
X000Z	G03
X000b	G03
X000c	G04
X000d	A89
X000e	G04
X000f	G04
X000g	G04
X000i	A86
X000l	A83
X000n	A83
X000o	A83
X000p	A83
X000q	A83
X000r	A83
X000s	B33
X000t	A83
X000u	A83
X000v	A84
X000w	A85
X000x	A85
X000y	A84
X000z	A84
X0010	A84
X0011	A85
X0012	A85
X0019	A86
X001B	B22
X001C	B22
X001E	G04
X001J	G04
X001L	G04
X001N	G04
X001P	G36
X001Q	G04
X001R	G04
X001S	G04
X001T	G04
X001U	D86
X001V	G04
X001W	G04
X001X	G04
X001Z	G04
X001c	G04
X001d	G04
X001e	G04
X001f	G04
X001g	G82
X001i	G95
X001l	G06
X001m	G06
X001n	G06
X001p	G06
X001q	G06
X001r	G06
X001s	G06
X001u	G06
X001v	G06
X001w	G06
X001y	B37
X0020	B69
X0021	G06
X0023	G06
X0025	I66
X0026	G06
X002D	G11
X002E	G11
X002F	G11
X002H	G11
X002I	G11
X002J	G11
X002K	G11
X002L	G11
X002M	G23
X002N	G23
X002P	G23
X002Q	G11
X002R	G11
X002S	G11
X002T	G11
X002U	G31
X002V	G31
X002W	G31
X002X	B01
X002Y	G98
X002Z	G12
X002a	G12
X002b	G12
X002c	G12
X002d	G12
X002e	G12
X002f	G71
X002g	G12
X002h	G12
X002i	G12
X002j	G12
X002k	G12
X002m	G12
X002n	G11
X002o	G11
X002p	G14
X002r	G95
X002t	H35
X002u	Q87
X002v	Q89
X002y	G30
X002z	G30
X0031	G30
X0032	G30
X0033	G30
X0035	G31
X0036	G31
X0037	G31
X0039	G31
X003E	G31
X003F	G31
X003G	G31
X003H	G98
X003K	A81
X003L	A81
X003M	G21
X003N	A81
X003R	F01
X003T	F01
X003V	F01
X003W	G31
X003X	G31
X003Z	G23
X003a	G20
X003b	G21
X003c	G21
X003d	G21
X003e	G21
X003f	G21
X003g	G21
X003h	G21
X003i	G23
X003j	G21
X003m	G31
X003n	G23
X003p	G10
X003q	G10
X003r	G10
X003s	E78
X003t	G23
X003u	G23
X003v	G23
X003w	G23
X003x	G23
X003y	G23
X003z	G25
X0040	G25
X0042	K72
X0043	G25
X0045	G25
X0046	M32
X0047	E03
X0048	G25
X0049	G24
X004A	G23
X004B	G31
X004C	Q04
X004D	G23
X004E	G31
X004F	G24
X004G	G24
X004H	G24
X004I	G24
X004J	G24
X004K	G24
X004L	G24
X004M	G24
X004N	G24
X004O	G25
X004P	G24
X004Q	G24
X004R	G24
X004S	G24
X004T	G24
X004U	H51
X004V	G24
X004W	G24
X004X	G24
X004a	G24
X004b	G24
X004c	G24
X004d	G25
X004f	G25
X004g	F95
X004h	F95
X004i	F95
X004j	F95
X004k	F95
X004l	G25
X004m	G25
X004n	G25
X004o	G25
X004p	G25
X004q	G25
X004r	G25
X004s	G25
X004t	G25
X004u	G25
X004v	G25
X004w	G25
X004x	G25
X004y	G25
X004z	G25
X0050	G25
X0055	G93
X0058	K72
X0059	G93
X005A	G93
X005C	G93
X005D	G93
X005F	G93
X005G	G93
X005I	E03
X005K	G31
X005L	G31
X005M	G31
X005N	G31
X005O	G31
X005P	G31
X005Q	E75
X005S	F84
X005T	E75
X005U	E75
X005V	E75
X005W	E75
X005X	E75
X005Y	E75
X005Z	E75
X005a	E75
X005c	G35
X005d	G35
X005e	G35
X005h	G36
X005i	G37
X005j	G37
X005k	G37
X005l	G37
X005m	G40
X005o	G40
X005p	G40
X005q	G40
X005r	G40
X005s	G40
X005t	G40
X005u	G40
X005v	G40
X005w	G40
X005x	G40
X005y	G40
X005z	G40
X0060	G40
X0061	G40
X0062	G40
X0063	G40
X0064	G40
X0065	G40
X0066	G40
X0067	G40
X0068	G40
X0069	G40
X006A	G40
X006C	G40
X006D	G40
X006E	G40
X006F	G40
X006G	G40
X006H	G40
X006I	G40
X006J	G40
X006K	G40
X006L	G40
X006M	G40
X006N	G40
X006O	G40
X006P	G40
X006Q	G40
X006R	G40
X006S	G40
X006T	G40
X006U	G40
X006V	G40
X006X	G40
X006Y	G40
X006Z	G40
X006a	G40
X006c	G40
X006d	G40
X006e	G40
X006f	G40
X006g	G40
X006i	G40
X006j	G40
X006l	G40
X006n	G40
X006o	F80
X006p	G40
X006q	G40
X006s	G40
X006t	G40
X006u	G40
X006v	G40
X006w	G40
X006x	G40
X006y	G40
X006z	G40
X0070	G40
X0072	G40
X0073	G40
X0074	G40
X0075	G40
X0076	G40
X0077	G40
X0078	G40
X0079	G40
X007A	G40
X007B	G41
X007C	G41
X007D	G41
X007E	G41
X007F	G40
X007G	G41
X007J	G43
X007K	G43
X007L	G43
X007M	G43
X007N	G43
X007O	G43
X007P	H81
X007Q	G83
X007R	G43
X007S	G43
X007U	G44
X007V	G44
X007W	G44
X007X	G44
X007Y	G44
X007Z	G44
X007a	G44
X007b	G44
X007c	G44
X007d	G44
X007e	G97
X007f	G97
X007g	G58
X007h	G44
X007i	G44
X007j	G44
X007k	G44
X007l	G44
X007m	G44
X007n	I77
X007o	G44
X007p	F10
X007s	G47
X007x	G47
X007y	F51
X0084	G47
X0085	G47
X0086	G47
X0087	G47
X0089	G47
X008C	G47
X008D	G47
X008E	G47
X008F	G47
X008G	G47
X008R	Q14
X008W	H47
X008X	H47
X008Y	Q04
X008Z	H47
X008b	H47
X008g	H47
X008h	H47
X008l	H47
X008q	H47
X008s	H47
X008t	E13
X0094	H47
X0096	H47
X0099	H47
X009A	H47
X009B	H47
X009G	G52
X009K	Q07
X009L	Q07
X009M	H49
X009V	G52
X009W	G52
X009X	H49
X009b	G50
X009d	G50
X009e	G50
X009f	G50
X009g	G50
X009h	G50
X009i	Q07
X009j	Q07
X009n	G51
X009q	G51
X009r	G51
X009u	G52
X009x	J38
X009y	G52
X00A1	G12
X00A4	G52
X00A6	G52
X00A7	G58
X00A8	G60
X00A9	G60
X00AA	G60
X00AB	G60
X00AC	G60
X00AD	G60
X00AE	G60
X00AF	G60
X00AG	G60
X00AH	G60
X00AI	G60
X00AJ	G60
X00AK	G60
X00AM	G60
X00AN	G54
X00AQ	G60
X00AR	G60
X00AS	G60
X00AU	G61
X00AV	G61
X00AW	G61
X00AX	G62
X00AY	G54
X00Ae	E53
X00B2	G62
X00B3	G58
X00B8	G58
X00BB	G64
X00BF	G58
X00BG	G62
X00BH	G62
X00BI	G62
X00BJ	G62
X00BK	G62
X00BM	G62
X00BN	G61
X00BV	G54
X00Bn	G56
X00Bo	G56
X00Bp	G56
X00Bq	G56
X00Br	G56
X00Bt	G56
X00Bu	G56
X00Bv	G58
X00Bw	G54
X00Bx	G57
X00Bz	G57
X00C0	G57
X00C1	G57
X00C2	G57
X00C3	G57
X00C5	G58
X00C6	G58
X00C7	G58
X00C8	G62
X00CA	G95
X00CC	G95
X00CD	G71
X00CE	G95
X00CF	G62
X00CG	G62
X00CH	G62
X00CI	G60
X00CJ	G90
X00CK	G90
X00CM	M89
X00CO	L74
X00CP	G90
X00CQ	G90
X00CT	G23
X00CU	G90
X00CY	G90
X00CZ	L74
X00Cb	G70
X00Cc	G70
X00Cd	G70
X00Ce	G70
X00Cf	G70
X00Cg	G70
X00Ch	G70
X00Ci	G70
X00Cj	E88
X00Ck	G70
X00Cl	Q99
X00Cm	A05
X00Cq	G70
X00Cr	G70
X00Ct	G70
X00Cv	G70
X00Cy	G70
X00Cz	I67
X00D3	I63
X00D4	I63
X00D5	I63
X00D6	I63
X00D7	I63
X00D8	I63
X00D9	I63
X00DA	I63
X00DD	I63
X00DE	I63
X00DF	I63
X00DG	I63
X00DI	I63
X00DJ	I63
X00DK	I63
X00DL	I62
X00DM	I61
X00DN	I61
X00DO	I61
X00DP	I61
X00DQ	I61
X00DR	I64
X00DS	I64
X00DT	I64
X00DU	G45
X00DV	G45
X00DW	G45
X00DY	I67
X00Df	I60
X00Dg	I60
X00Dk	G08
X00Dm	I67
X00Dt	I67
X00Du	I72
X00Dv	I72
X00Dw	I68
X00Dy	M31
X00E3	G45
X00E4	I67
X00E9	G95
X00EH	G91
X00EI	G91
X00EJ	G91
X00EL	P91
X00EM	G91
X00EN	G91
X00EO	G91
X00EP	G91
X00EQ	G93
X00ES	Q01
X00ET	G93
X00EU	G93
X00EV	G93
X00EW	G93
X00EX	G93
X00EZ	G93
X00Ea	G93
X00Eb	G93
X00Ee	Q07
X00Ef	Q07
X00Eg	Q07
X00Eh	G93
X00Ej	I67
X00El	G80
X00Em	G80
X00En	G80
X00Eo	G80
X00Ep	G80
X00Eq	G80
X00Er	G80
X00Es	G80
X00Et	G83
X00Eu	G80
X00Ew	G80
X00Ey	H51
X00Ez	G12
X00F0	Q07
X00F1	Q07
X00F2	Q07
X00F3	Q07
X00F6	Q04
X00F8	G93
X00F9	Q85
X00FB	G96
X00FC	Q30
X00FD	Q07
X00FL	E23
X00FM	E15
X00FO	N19
X00FU	G93
X00FV	G97
X00FX	G97
X00Qx	F29
X00R0	F03
X00RI	F05
X00RJ	F05
X00RM	F07
X00RN	F06
X00RO	F06
X00RP	F06
X00RQ	F06
X00RR	F06
X00RS	F06
X00RU	F06
X00RV	F23
X00RW	F19
X00RX	F07
X00RY	F07
X00RZ	F07
X00Ra	F07
X00Rb	F07
X00Rc	F07
X00Re	F55
X00Rf	F55
X00Rg	F13
X00Rh	F13
X00Ri	F13
X00Rj	F13
X00Rk	F10
X00Rl	F19
X00Rm	F10
X00Rn	F10
X00Ro	F10
X00Rq	F10
X00Rr	F16
X00Rs	F16
X00Rt	F13
X00Ru	F13
X00Rv	F13
X00Rw	F13
X00Rx	F13
X00Ry	F13
X00Rz	F11
X00S0	F11
X00S1	F11
X00S2	F11
X00S6	F29
X00S7	F84
X00S8	F20
X00SA	F22
X00SB	F45
X00SK	F30
X00SL	F30
X00SN	F31
X00SQ	F32
X00SR	F33
X00SS	F33
X00SU	F32
X00SV	F40
X00SW	F40
X00SY	F40
X00Sb	F41
X00Sc	F41
X00Sd	F40
X00Se	F40
X00Sf	F43
X00Sg	F44
X00Sh	F44
X00Si	F44
X00Sj	F44
X00Sl	F42
X00So	F45
X00Sp	F45
X00Sq	F45
X00Sr	F40
X00St	F45
X00Su	F45
X00Sv	F48
X00Sy	F50
X00Sz	F50
X00T1	F50
X00T2	F52
X00T3	F07
X00T4	F60
X00T5	F60
X00T6	F60
X00T7	F60
X00TA	F07
X00TD	L98
X00TE	F68
X00TK	F80
X00TL	F81
X00TM	F84
X00TN	F84
X00TP	F84
X00TQ	F88
X00TT	F93
X00TV	F91
X00TW	F91
X00TX	F92
X00Ta	F95
X00YD	H44
X00YN	H00
X00YO	H01
X00YP	H02
X00YQ	D86
X00YR	L71
X00YS	H01
X00YT	H01
X00YW	B36
X00YY	H02
X00YZ	H02
X00Ya	H02
X00Yb	H02
X00Yc	H02
X00Yd	H02
X00Ye	H02
X00Yf	H02
X00Yg	H02
X00Yh	H02
X00Yi	H02
X00Yj	H02
X00Yk	H02
X00Yl	L67
X00Yy	H02
X00Yz	H02
X00Z0	L72
X00Z3	L82
X00Z4	D22
X00Z5	D18
X00Z7	D04
X00Z8	C44
X00Z9	C44
X00ZA	C44
X00ZB	C43
X00ZC	C46
X00ZD	Q10
X00ZE	H04
X00ZF	H04
X00ZK	H04
X00ZM	H04
X00ZN	H04
X00ZS	H04
X00ZT	H05
X00ZU	I80
X00ZV	H05
X00ZW	H05
X00ZX	H05
X00Zb	H05
X00Zc	H05
X00Zi	H10
X00Zj	H10
X00Zk	H10
X00Zl	H10
X00Zm	H10
X00Zu	H11
X00Zv	E85
X00Zw	H11
X00Zy	H10
X00a5	H11
X00a6	H11
X00a9	Q13
X00aA	H15
X00aB	H15
X00aC	H15
X00aD	H15
X00aE	H15
X00aF	H15
X00aG	H15
X00aH	H15
X00aP	H59
X00aQ	H15
X00aR	H15
X00aS	H15
X00aT	H15
X00aU	H15
X00aW	Q13
X00aX	H16
X00aY	H16
X00aZ	H16
X00aa	H16
X00ac	H16
X00ad	H18
X00ae	H16
X00af	H16
X00ag	H16
X00ai	H16
X00aj	H16
X00ak	H16
X00al	H16
X00an	H16
X00ap	H18
X00aq	H18
X00as	H16
X00at	H16
X00av	H18
X00aw	H18
X00ax	H18
X00ay	H18
X00az	H18
X00b0	H18
X00b2	H18
X00b3	H18
X00b4	H18
X00b5	H18
X00b6	H18
X00b7	H18
X00b9	H18
X00bA	H18
X00bB	H18
X00bD	H18
X00bE	H18
X00bF	H18
X00bG	H18
X00bH	H18
X00bI	H18
X00bJ	H18
X00bM	H18
X00bN	H18
X00bO	H18
X00bP	H18
X00bQ	H18
X00bR	H18
X00bY	H18
X00ba	H18
X00bf	Q13
X00bg	H20
X00bh	H20
X00bj	H20
X00bk	H21
X00bl	H21
X00by	H21
X00bz	H21
X00c0	H21
X00c1	H21
X00c2	H21
X00c3	H21
X00c4	H21
X00c5	D48
X00c8	Q12
X00c9	Q12
X00cA	H26
X00cB	H26
X00cC	H26
X00cE	H28
X00cH	H26
X00cI	H26
X00cJ	H27
X00cL	Q12
X00cM	H27
X00cP	H27
X00cT	H30
X00cU	H30
X00cX	H30
X00cc	H35
X00cd	H30
X00ce	H30
X00cg	H30
X00cl	H31
X00cm	H31
X00cn	H31
X00co	Q14
X00cp	H31
X00cq	H31
X00cr	H31
X00cu	Q14
X00cy	H33
X00d1	H35
X00d2	H33
X00d3	H33
X00d4	H33
X00d5	H33
X00d6	H33
X00d7	H33
X00d9	H33
X00dA	H33
X00dK	E78
X00dL	H35
X00dN	Q99
X00dO	H35
X00dR	H31
X00dV	H35
X00dW	H35
X00dX	H35
X00db	H34
X00dc	H34
X00dd	H34
X00de	H34
X00dh	H34
X00dk	H34
X00dp	H35
X00dq	H35
X00dr	H35
X00ds	H35
X00dt	H35
X00du	H35
X00dv	H35
X00dw	H35
X00dx	H35
X00dy	Q87
X00dz	Q87
X00e1	Q87
X00e7	H53
X00e8	H53
X00eD	H35
X00eF	H35
X00eG	H35
X00eH	H35
X00eK	H35
X00eL	H35
X00eN	D48
X00eQ	Q14
X00eS	C69
X00eT	C85
X00eU	Q14
X00eW	E85
X00eX	H43
X00ea	H40
X00ec	H40
X00ee	H40
X00ef	H44
X00eg	H40
X00eh	H40
X00ei	H40
X00ek	D31
X00el	H40
X00em	H40
X00eq	H40
X00er	H40
X00et	H40
X00fF	H50
X00fG	H50
X00fJ	H50
X00fK	H50
X00fL	H50
X00fM	H50
X00fN	H50
X00fO	H50
X00fP	H50
X00fQ	H50
X00fR	H50
X00fS	H50
X00fT	H50
X00fU	H50
X00fV	H50
X00fW	H50
X00fX	H51
X00fY	H50
X00fZ	H50
X00fb	H49
X00fc	G83
X00fd	G83
X00ff	H50
X00fg	H50
X00fh	H50
X00fi	H50
X00fj	H51
X00fl	H51
X00fm	H51
X00fo	H51
X00fq	H57
X00fr	H57
X00fs	H57
X00ft	H57
X00fu	H47
X00fv	H52
X00fw	H52
X00fx	H52
X00fy	H52
X00fz	H52
X00g0	H52
X00g1	H52
X00g2	H52
X00g3	H52
X00g4	H52
X00g5	H52
X00g6	H52
X00g7	H52
X00g8	H52
X00g9	H52
X00gA	H52
X00gB	H52
X00gD	H52
X00gE	H52
X00gF	H52
X00gG	H52
X00gH	H52
X00gI	H52
X00gJ	H52
X00gK	H53
X00gL	H53
X00gP	H54
X00hg	J34
X00hh	J34
X00hj	H60
X00hk	H60
X00hm	H60
X00hn	H60
X00hp	H61
X00hr	Q17
X00hu	Q17
X00hx	Q18
X00i0	Q17
X00i4	H61
X00i5	H60
X00i6	H60
X00i8	H60
X00iC	H60
X00iD	H60
X00iE	H60
X00iG	H60
X00iH	H60
X00iJ	H60
X00iK	H60
X00iL	H60
X00iM	H60
X00iN	H60
X00iO	M47
X00iP	H60
X00iQ	H60
X00iR	H60
X00iS	L28
X00iT	H60
X00iU	H60
X00iY	H61
X00iZ	H73
X00ia	H73
X00ib	H73
X00id	H72
X00ij	H74
X00iq	H66
X00it	H66
X00iu	H65
X00iv	H65
X00iw	H65
X00ix	H65
X00iy	H73
X00iz	H73
X00j0	H69
X00j9	H74
X00jA	H74
X00jB	H74
X00jC	H74
X00jF	H70
X00jJ	H70
X00jL	H92
X00jM	H92
X00jN	H70
X00jO	H92
X00jV	G97
X00jW	H81
X00jX	H81
X00jY	H81
X00jZ	H81
X00jb	H81
X00jc	H81
X00jf	H81
X00jg	H81
X00jh	H81
X00ji	H81
X00jl	F44
X00jm	H83
X00jn	H83
X00jo	H81
X00jp	H81
X00ju	Q16
X00jv	Q16
X00jw	Q16
X00jx	Q16
X00jy	Q16
X00jz	Q16
X00k0	Q16
X00k1	Q16
X00k2	H83
X00k3	H83
X00k4	H83
X00k5	H83
X00k6	H83
X00k7	B25
X00k8	B06
X00kA	A69
X00kF	H93
X00kG	H93
X00kH	H93
X00kI	H93
X00kJ	H93
X00kK	H93
X00kL	H91
X00kP	H91
X00kQ	H91
X00kR	H90
X00kS	H90
X00kT	H90
X00kU	H90
X00kV	H90
X00kX	H94
X00kY	Q92
X00kb	Q87
X00ke	H93
X00kq	Q78
X00kr	Q99
X00ku	J34
X00ky	J31
X00kz	J31
X00l0	J31
X00l1	J31
X00l3	J30
X00l4	J30
X00l5	J30
X00l7	J30
X00l8	J30
X00l9	J30
X00lB	J30
X00lH	D68
X00lI	J34
X00lJ	J34
X00lK	J34
X00lL	J34
X00lM	J34
X00lN	J34
X00lO	D14
X00lQ	J34
X00lR	A18
X00lU	D86
X00lV	M31
X00lW	J39
X00lX	J39
X00lY	J39
X00ld	Q30
X00lf	J34
X00ln	J34
X00lr	Q30
X00ls	D36
X00lt	J34
X00lv	A50
X00ly	J34
X00m0	J34
X00m1	M86
X00m4	J01
X00m6	J32
X00m7	J32
X00m8	J32
X00m9	J01
X00mA	J32
X00mB	D16
X00mD	J32
X00mF	J39
X00mH	B00
X00mI	B02
X00mJ	B08
X00mL	B27
X00mP	A56
X00mT	J31
X00mZ	J39
X00ma	J39
X00mb	J38
X00mc	J39
X00me	Q31
X00mg	J39
X00mh	K13
X00mj	J39
X00mk	J39
X00mm	Q93
X00mo	J35
X00mq	A69
X00mr	J03
X00ms	J36
X00mu	J35
X00mv	J35
X00mw	J35
X00mx	J35
X00n1	J04
X00n2	A69
X00n4	J04
X00n5	J04
X00n6	J38
X00n7	J05
X00n8	J05
X00n9	J05
X00nA	J37
X00nB	J38
X00nC	J38
X00nE	J38
X00nF	J38
X00nH	Q31
X00nL	J38
X00nR	Q07
X00nS	Q07
X00nT	Q07
X00nU	J38
X00nV	J38
X00nW	J38
X00nY	J38
X00nZ	J38
X00na	J38
X00nb	J38
X00nc	J38
X00nd	J38
X00ne	J38
X00nf	J38
X00ng	I78
X00ni	Q31
X00nm	D86
X00nn	E85
X00np	M31
X00nq	Q31
X00nr	Q31
X1003	J06
X1006	J40
X1007	J20
X1009	J20
X100A	A74
X100B	J20
X100C	J21
X100G	J18
X100K	A20
X100L	A39
X100M	J18
X100N	J16
X100O	P23
X100P	P23
X100X	J18
X100Y	A31
X100b	J17
X100e	B27
X100f	J84
X100l	Q33
X100n	J47
X100o	J47
X100p	J47
X100q	J47
X100r	J47
X100x	J94
X100z	J94
X1010	J94
X1012	J90
X1013	J90
X1014	J90
X1016	J93
X1017	J93
X101C	J93
X101H	Q28
X101I	I89
X101L	J94
X101M	J94
X101N	N80
X101O	J94
X101P	J92
X101Q	J92
X101R	J98
X101S	B90
X101T	J92
X101U	J92
X101W	J98
X101X	J98
X101Y	E84
X101Z	Q87
X101a	Q87
X101b	Q87
X101c	Q87
X101d	Q87
X101e	Q87
X101f	J98
X101g	J98
X101h	J98
X101i	J44
X101j	J44
X101k	J66
X101l	J44
X101m	J44
X101o	J43
X101p	J43
X101q	P25
X101r	J43
X101t	J45
X101u	J45
X101x	J45
X101y	J45
X101z	J45
X1020	J45
X1021	J45
X1022	J45
X1023	J45
X1024	J45
X1026	J66
X1027	J68
X1028	J66
X1029	J63
X102B	J66
X102C	J45
X102D	J46
X102E	P28
X102G	J82
X102H	J82
X102I	C96
X102J	J67
X102K	J67
X102L	J67
X102M	J67
X102N	J67
X102O	J67
X102P	J67
X102Q	J67
X102R	J67
X102S	J67
X102T	J67
X102U	J68
X102V	J84
X102Y	I50
X102Z	J81
X102a	J70
X102c	J81
X102d	J70
X102e	J68
X102g	J70
X102h	J80
X102j	J84
X102k	J84
X102l	J84
X102n	J98
X102o	J98
X102q	Q85
X102r	D48
X102s	E75
X102t	M31
X102v	J84
X102w	J84
X102y	J84
X102z	J44
X1030	J84
X1031	J70
X1032	J84
X1033	J70
X1034	J84
X1035	J84
X103D	J98
X103E	J98
X103F	J98
X103G	J98
X103H	J98
X103J	J98
X103K	J84
X103N	D86
X103O	D86
X103Q	J98
X103U	B75
X103V	J98
X103W	J64
X103Z	J63
X103a	J63
X103b	J62
X103c	J63
X103d	J63
X103e	J63
X103f	J63
X103g	J63
X103h	J63
X103i	J63
X103j	J63
X103k	J63
X103l	J63
X103m	J63
X103n	J63
X103o	J62
X103p	J63
X103q	J62
X103r	J62
X103s	J62
X103t	J62
X103u	J62
X103v	J62
X103w	J65
X103x	J63
X1043	D86
X1044	D86
X1045	D86
X1046	D86
X1047	D86
X1048	D86
X1049	D86
X104A	J70
X104B	J70
X104C	J70
X104D	J70
X104F	J70
X104G	B49
X104H	J39
X104I	J39
X104J	J39
X104K	J39
X104P	I77
X104Q	J98
X104S	J39
X104T	J39
X104U	J04
X104c	J39
X104d	J98
X104e	J98
X104f	J86
X104g	J86
X104h	J86
X104i	J86
X104k	J40
X104p	J98
X104r	Q32
X104s	J98
X104t	J98
X104u	J20
X104z	J98
X2001	P29
X2004	I97
X2006	I25
X2007	I20
X2008	I20
X2009	I20
X200A	I20
X200B	I20
X200D	I25
X200G	I21
X200H	I21
X200I	I21
X200J	I21
X200K	I21
X200L	I21
X200M	I21
X200N	I21
X200O	I21
X200P	I21
X200Q	I21
X200R	I21
X200S	I21
X200T	I21
X200U	I21
X200V	I21
X200W	I25
X200X	I25
X200Y	I25
X200Z	I25
X200a	I21
X200c	I20
X200d	I23
X200e	I23
X200f	I51
X200j	I33
X200k	I38
X200l	I38
X200m	I38
X200n	D15
X200o	D15
X200r	I05
X200u	I34
X200v	I34
X200w	I34
X200x	I23
X200y	I34
X200z	I34
X2010	Q23
X2015	I35
X2018	Q23
X201B	Q23
X201F	Q22
X201G	I07
X201H	Q22
X201M	Q22
X201N	I37
X201P	I51
X201U	I41
X201V	I41
X201W	I42
X201X	I51
X201Z	I42
X201a	I42
X201b	O90
X201c	I42
X201d	I42
X201e	I42
X201f	I42
X201g	I51
X201h	I42
X201k	I31
X201l	I30
X201m	I30
X201o	I30
X201p	I30
X201r	I32
X201s	I32
X201u	I23
X201v	I31
X201w	I31
X201x	I31
X201y	I31
X2021	I23
X2022	I31
X2024	I31
X2025	I47
X2026	I47
X2027	I47
X2028	I47
X2029	I47
X202A	I47
X202B	I47
X202C	I47
X202D	I47
X202E	I47
X202F	I47
X202G	I47
X202H	I47
X202J	I47
X202K	I47
X202L	I47
X202M	I47
X202N	I47
X202O	P29
X202P	I47
X202Q	I49
X202R	I48
X202S	I48
X202T	I49
X202U	I49
X202X	I49
X202Z	I44
X202a	I44
X202c	I44
X202e	I45
X202g	I45
X202h	I45
X202i	I45
X202j	I49
X202l	I50
X202n	I46
X202p	I51
X202q	I21
X202r	I23
X202s	I51
X202t	I51
X2033	I27
X2034	I27
X2035	I27
X2036	I27
X2037	I27
X2038	I27
X2039	I27
X203A	I27
X203B	I27
X203C	I26
X203D	D18
X203E	I27
X203F	I27
X203G	I27
X203H	Q21
X203J	I27
X203K	I70
X203L	I70
X203M	I99
X203Q	I73
X203R	I73
X203S	I73
X203T	I73
X203U	I73
X203W	I65
X203b	I77
X203c	I77
X203d	I77
X203e	I25
X203j	I74
X203m	I74
X203n	I74
X203o	I74
X203s	I74
X203t	I65
X203w	I74
X203x	I74
X203z	I74
X2040	I74
X2041	I74
X2043	I77
X2045	I77
X2049	I72
X204F	I60
X204L	I71
X204M	I71
X204N	I71
X204P	I72
X204Q	I72
X204R	I72
X204T	I71
X204a	I72
X204b	I71
X204c	I71
X204d	I71
X204e	I71
X204f	I25
X204g	I72
X204h	I72
X204k	I73
X204p	I77
X204q	I21
X204y	I71
X2057	I77
X205D	I77
X205F	I77
X205G	I77
X205H	I71
X205I	I71
X205J	I77
X205K	I77
X205M	I77
X205N	I77
X205O	I77
X205P	I77
X205Q	I77
X205R	I73
X205S	I73
X205W	Q87
X205X	I87
X205Y	I80
X205Z	I80
X205a	I80
X205b	I80
X205c	I80
X205d	I80
X205e	I80
X205i	D73
X205k	K55
X205l	I82
X205m	I80
X205n	I80
X205o	I80
X205s	I80
X205u	I82
X205v	I87
X205w	I87
X205x	I87
X205z	I86
X2065	I87
X2066	I87
X2067	I87
X2068	I28
X2069	I87
X206A	I87
X206C	I87
X206E	I87
X206H	I87
X206I	I87
X206J	I87
X206K	I87
X206R	I83
X206X	I87
X206e	I89
X206f	D86
X206i	I88
X206n	A31
X206o	B74
X206p	B74
X206q	B74
X206r	Q28
X206v	I89
X206x	I89
X206y	I89
X206z	B74
X2070	A55
X2071	B74
X2072	B74
X2073	B73
X2076	I89
X2077	I89
X2079	B74
X207C	B74
X207D	I89
X207E	I89
X207G	I89
X207H	I89
X207I	I89
X207J	I89
X207L	Q27
X207M	Q27
X207N	Q28
X207P	Q27
X207Q	Q27
X207R	Q27
X207T	Q28
X207V	Q27
X207W	Q27
X207X	Q27
X207Y	I86
X207Z	Q27
X207a	Q27
X207b	Q27
X207c	Q26
X207d	Q27
X207f	Q27
X207i	Q27
X207k	Q87
X207l	Q85
X207n	Q27
X207o	D18
X207q	Q28
X207r	I78
X207s	Q25
X207u	I89
X207w	Q27
X207x	Q27
X207z	Q27
X2080	Q27
X2081	Q27
X2082	Q27
X2083	Q27
X2084	Q27
X2085	Q27
X2086	Q27
X2087	Q27
X2088	Q27
X2089	Q27
X208A	Q27
X208I	F48
X208R	I95
X208V	I46
X208l	E87
X208r	E86
X209F	I77
X209G	I77
X209H	I77
X209I	I77
X209J	I77
X209K	I77
X20Bl	D75
X20Bm	D75
X20Bn	E61
X20Bo	D75
X20Bp	D64
X20Bq	D64
X20Br	D61
X20Bs	D64
X20Bt	D64
X20Bu	D63
X20Bv	D63
X20Bx	P61
X20C0	E88
X20C1	D50
X20C3	Q89
X20C4	D64
X20C5	D64
X20C7	D52
X20CA	D52
X20CB	D51
X20CC	D51
X20CD	D51
X20CE	D51
X20CF	D52
X20CG	D53
X20CH	D53
X20CI	D64
X20CJ	D64
X20CK	D46
X20CL	D64
X20CN	D61
X20CO	D61
X20CP	D61
X20CQ	D60
X20CR	D61
X20CS	D60
X20CT	D61
X20CU	D61
X20CV	D61
X20CW	D89
X20CX	D60
X20CY	D60
X20Cd	P55
X20Ce	D59
X20Cf	D59
X20Cg	D59
X20Cj	D56
X20Ck	D56
X20Cl	D56
X20Cm	D58
X20Cn	D56
X20Co	D56
X20Cp	D56
X20Cq	D56
X20Cr	D58
X20Cs	D56
X20Ct	D56
X20Cu	D56
X20Cv	D56
X20Cw	D57
X20Cx	D57
X20Cy	D58
X20Cz	D58
X20D0	D58
X20D1	D58
X20D2	D58
X20D3	D58
X20D4	D74
X20D5	D74
X20D6	D58
X20D7	D58
X20D8	D75
X20D9	D75
X20DB	D75
X20DD	D55
X20DE	D55
X20DF	D55
X20DG	D55
X20DH	D55
X20DI	D55
X20DJ	D55
X20DK	D55
X20DL	E74
X20DM	D55
X20DN	D55
X20DO	D55
X20DP	D58
X20DQ	D58
X20DR	D58
X20DS	D58
X20DT	D75
X20DU	D75
X20DV	E78
X20DW	E78
X20DZ	D72
X20Db	D80
X20Dc	D72
X20Dd	D70
X20De	D70
X20Df	D70
X20Di	Q82
X20Dj	D70
X20Dk	D70
X20Dl	D70
X20Dn	D70
X20Do	D71
X20Dp	D71
X20Dr	D72
X20Ds	D72
X20Dt	D72
X20Du	D75
X20Dv	E70
X20Dw	D82
X20Dx	D89
X20Dy	D89
X20E0	D71
X20E1	E88
X20E2	D72
X20E3	D72
X20E4	D72
X20E5	D76
X20E6	D75
X20E7	D76
X20E8	D76
X20E9	C96
X20EE	D66
X20EF	D66
X20EG	D68
X20EH	D67
X20EI	D67
X20EJ	D67
X20EK	D68
X20EL	D68
X20EM	D68
X20EN	D68
X20EO	D68
X20EP	D68
X20EQ	D68
X20ER	D68
X20ES	D68
X20ET	D68
X20EU	D68
X20EV	D68
X20EW	D68
X20EY	D68
X20EZ	D68
X20Ea	D68
X20Eb	D68
X20Ec	D68
X20Ee	D68
X20Ef	D65
X20Eg	E88
X20Eh	D68
X20Ei	D68
X20Ej	D68
X20Ek	D68
X20El	D68
X20Em	D68
X20En	D69
X20Ep	D69
X20Eq	D69
X20Er	D69
X20Es	D68
X20Et	D69
X20Eu	D69
X20Ev	D69
X20Ew	D69
X20Ex	E70
X20F0	D69
X20F1	D69
X20F2	D69
X20F3	D69
X20F4	D69
X20F7	D69
X20F8	D69
X20F9	D69
X20FA	D69
X20FB	D69
X20FC	D69
X20FD	D69
X20FE	D69
X20FI	D69
X20FJ	D69
X20FK	D69
X20FL	P61
X20FM	P61
X20FN	D69
X20FO	D69
X20FP	D69
X20FQ	D69
X20FR	D65
X20FS	D69
X20FT	D69
X20FU	D69
X20FV	D69
X20FX	D47
X20FY	D75
X20FZ	D73
X20Fa	D73
X20Fb	D13
X20Fd	D73
X20Fe	D73
X20Ff	D73
X20Fj	D73
X20Fk	D73
X20Fm	E85
X20Fn	D73
X20G5	D86
X20GH	D86
X20GI	D86
X20GM	D86
X20GW	D86
X20GX	D86
X20GY	D86
X20Gc	D80
X20Gd	D80
X20Ge	D80
X20Gf	D80
X20Gg	D80
X20Gh	D80
X20Gj	D80
X20Gk	D80
X20Gl	D80
X20Gm	D80
X20Gn	D80
X20Go	D80
X20Gp	D80
X20Gq	D80
X20Gr	D80
X20Gs	D80
X20Gt	D80
X20Gu	D81
X20Gv	D80
X20Gw	D80
X20Gx	D80
X20Gy	D80
X20Gz	D80
X20H0	D80
X20H1	D80
X20H2	D80
X20H3	D80
X20H4	D80
X20H5	D80
X20H6	D80
X20H7	D80
X20H8	D80
X20H9	D80
X20HA	D80
X20HB	D80
X20HC	D80
X20HD	D80
X20HE	D84
X20HF	B37
X20HG	D89
X20HH	D81
X20HJ	D81
X20HK	D82
X20HL	D72
X20HM	D76
X20HN	D82
X20HO	D82
X20HP	D81
X20HU	D70
X20HV	D76
X20HX	D84
X20HZ	D71
X20Ha	Q95
X20Hc	D71
X20Hd	D71
X20Hf	D80
X20Hi	D72
X20Hm	D55
X20Hn	D55
X20Hs	D84
X20Ht	D84
X20Hu	D84
X20Hv	D84
X20Hw	D84
X20Hx	D84
X20Hy	D84
X20Hz	D84
X20I0	D84
X20I1	D84
X20I2	D84
X20I3	D84
X20I4	D84
X20I5	D84
X20I6	D84
X20I7	D84
X20I8	D84
X20I9	D84
X20IB	D84
X20IC	D84
X20ID	D84
X20IE	D84
X20IF	D84
X20IG	D84
X20IH	D84
X20II	D84
X20IJ	D84
X20IK	D84
X20IL	D68
X20IM	D84
X20IN	D84
X20IO	D84
X20IP	D84
X20IQ	D84
X20IR	D84
X20IS	D84
X20IT	D84
X20IU	D84
X20IV	D82
X20IW	D82
X20IY	Q82
X20IZ	D82
X20Ia	D82
X20Ib	D82
X20Ic	D82
X20Id	D82
X20Ie	D82
X20If	D82
X20Ig	D82
X20Ih	D82
X20Ij	D82
X20Ik	D82
X20Im	D84
X20In	P61
X20Ip	D84
X20OM	K92
X20OR	K00
X20OS	K00
X20OT	K00
X20OU	K00
X20OV	K00
X20OW	K00
X20OX	K00
X20OY	K00
X20OZ	K00
X20Oa	K00
X20Ob	K00
X20Oc	K00
X20Od	K00
X20Of	K00
X20Og	K00
X20Oh	K00
X20Oi	K00
X20Oj	K00
X20Ok	K00
X20Ol	K00
X20Om	K00
X20On	K00
X20Oo	K00
X20Op	K00
X20Oq	K00
X20Or	K00
X20Os	K00
X20Ot	K00
X20Ou	K00
X20Ov	K00
X20Ow	K00
X20Ox	K00
X20Oy	K00
X20Oz	K00
X20P0	K00
X20P1	K00
X20P2	K00
X20P3	K00
X20P4	K00
X20P5	K00
X20P6	K00
X20P7	K00
X20P8	K00
X20P9	K00
X20PA	K00
X20PB	K08
X20PC	K08
X20PD	K02
X20PE	K02
X20PF	K02
X20PH	K02
X20PI	K02
X20PJ	K03
X20PK	K03
X20PL	K04
X20PM	K04
X20PN	K04
X20PP	K03
X20PQ	K03
X20PR	K03
X20PS	K03
X20PT	K03
X20PU	K00
X20PV	K00
X20PW	K00
X20PX	K00
X20PY	K00
X20Pa	K04
X20Pd	K04
X20Ph	K05
X20Pi	K05
X20Pj	K05
X20Pk	K05
X20Pm	K05
X20Pn	K05
X20Po	K06
X20Pp	K06
X20Pq	K50
X20Ps	M31
X20Pt	K06
X20Pu	K06
X20Pv	K06
X20Px	K06
X20Py	K06
X20Pz	K06
X20Q0	O26
X20Q1	K06
X20Q2	K05
X20Q3	K05
X20Q4	K05
X20Q5	K05
X20Q6	K05
X20Q7	K05
X20Q8	K05
X20Q9	B23
X20QA	B23
X20QB	K05
X20QC	K05
X20QD	K04
X20QE	K03
X20QF	K03
X20QG	K03
X20QI	K08
X20QJ	K06
X20QK	K06
X20QL	K06
X20QM	K06
X20QN	K13
X20QO	K13
X20QP	K12
X20QQ	K12
X20QR	K12
X20QS	K12
X20QT	K12
X20QU	K12
X20QV	L12
X20QW	L10
X20QX	K13
X20QY	A69
X20QZ	K12
X20Qa	K05
X20Qc	K13
X20Qd	K13
X20Qe	K13
X20Qf	K13
X20Qg	K13
X20Qh	K13
X20Qi	A52
X20Qk	K13
X20Qm	K13
X20Qn	K13
X20Qo	K13
X20Qp	K13
X20Qq	K13
X20Qr	K13
X20Qs	K13
X20Qt	K13
X20Qu	K13
X20Qv	K13
X20Qw	K13
X20Qx	K13
X20Qy	K13
X20Qz	K13
X20R0	K13
X20R1	K13
X20R2	K13
X20R3	K13
X20R5	L43
X20R6	K13
X20R7	K13
X20R8	K13
X20R9	K13
X20RA	K12
X20RH	B02
X20RK	K12
X20RN	A52
X20RO	A51
X20RP	M02
X20RR	B49
X20RT	B37
X20RU	B37
X20RV	B37
X20RW	B37
X20RZ	L13
X20Rb	K14
X20Rh	D37
X20Rm	K07
X20Rn	K07
X20Ro	K07
X20Rp	K07
X20Rq	K07
X20Rr	K07
X20Rs	K07
X20Rt	K07
X20Ru	K07
X20Rv	K07
X20Rx	K07
X20Ry	K07
X20Rz	K07
X20S1	K07
X20S2	K07
X20S3	K07
X20S4	K07
X20S5	K07
X20S6	K07
X20S7	K07
X20S8	K07
X20S9	K07
X20SA	K07
X20SB	K07
X20SC	K07
X20SD	K07
X20SE	K07
X20SF	K07
X20SG	K07
X20SH	K07
X20SI	K07
X20SJ	K07
X20SK	K07
X20SL	K07
X20SM	K07
X20SN	K01
X20SO	K07
X20SP	K07
X20SQ	K07
X20SS	K07
X20SU	K09
X20SV	K09
X20SX	K09
X20SZ	K09
X20Sa	K09
X20Se	K09
X20Sf	K09
X20Sg	K10
X20Sh	K10
X20Sk	M89
X20Sl	K10
X20Sm	K10
X20Sn	K10
X20So	K10
X20Sp	M88
X20Sq	K10
X20Sr	K07
X20Ss	K10
X20St	K11
X20Sv	K11
X20Sw	K11
X20Sx	B26
X20Sy	K11
X20Sz	K11
X20T0	K11
X20T1	K11
X20T2	K11
X20T3	K11
X20T4	K11
X20T5	K11
X20T8	D37
X20T9	K11
X20TA	K11
X20TC	K13
X20TD	K13
X20TE	K13
X20TG	L56
X20TJ	K13
X20TK	K13
X20TM	K13
X20TN	K13
X20TO	K13
X20TP	K13
X20TQ	K13
X3001	K59
X3004	K21
X300A	K20
X300B	K20
X300C	K20
X300E	K20
X300F	K20
X300G	K20
X300H	K20
X300I	K20
X300J	K50
X300K	K22
X300L	K22
X300M	K22
X300N	K22
X300O	K22
X300P	K22
X300Q	K22
X300R	C15
X300S	K22
X300U	K22
X300V	K22
X300W	K22
X300X	K22
X300Y	K22
X300f	Q39
X300h	K22
X300k	K22
X300l	K22
X300m	K22
X300n	K22
X300o	J39
X300q	K92
X300r	K22
X300v	K91
X300x	K22
X3019	K22
X301E	K25
X301F	K25
X301G	K25
X301H	K25
X301I	K25
X301J	K25
X301K	K25
X301L	K25
X301M	K25
X301P	K29
X301Q	K29
X301S	K29
X301T	K29
X301V	K29
X301W	K29
X301X	K29
X301Y	K29
X301Z	K29
X301a	K29
X301b	K50
X301c	K31
X301d	K30
X301e	K91
X301f	K91
X301g	Q40
X301h	K91
X301i	K91
X301j	K91
X301k	K31
X301l	K31
X301m	K31
X301o	K25
X301s	K31
X301t	K91
X301u	K25
X3021	K31
X3022	K91
X3024	K31
X3026	Q85
X3027	K31
X3028	D13
X302A	K26
X302B	K26
X302C	K26
X302D	K26
X302F	K26
X302G	K26
X302I	K29
X302K	K91
X302L	K31
X302M	K31
X302N	K31
X302O	K31
X302P	K31
X302Q	K26
X302S	K31
X302T	Q43
X302V	K31
X302X	K25
X302b	K26
X302c	K26
X302k	K52
X302l	K55
X302m	K52
X302n	K52
X302o	K63
X302q	K52
X302r	K50
X302t	K50
X302u	K50
X302y	K51
X3030	K51
X3037	K90
X303B	K90
X303D	M35
X303E	K90
X303F	K90
X303G	K91
X303H	K91
X303I	K90
X303K	K90
X303L	M35
X303M	Q43
X303N	Q43
X303P	K91
X303Q	K91
X303R	K91
X303T	K63
X303U	K63
X303V	K63
X303W	K63
X303X	K63
X303Y	K57
X303b	K63
X303c	K63
X303d	K62
X303e	K51
X303g	A09
X303j	K52
X303k	K52
X303l	A06
X303n	A06
X303q	B25
X303r	K52
X303s	K52
X303t	K52
X303u	A04
X303v	K55
X303w	K52
X303x	K52
X303y	K52
X303z	K52
X3040	K52
X3041	K52
X3042	K52
X3043	K52
X3044	K52
X3045	K52
X3046	M35
X3048	K62
X3049	K62
X304A	K62
X304B	K62
X304C	K62
X304G	K52
X304I	K63
X304K	K35
X304L	K35
X304N	K35
X304O	K38
X304P	K57
X304R	K57
X304W	K63
X304X	K63
X304b	N82
X304f	N32
X304g	N28
X304h	N28
X304l	N28
X304n	N42
X304o	N42
X304p	N42
X304r	K63
X304s	K52
X304t	K59
X304u	K60
X304v	K60
X304x	K61
X3050	K50
X3052	K63
X3057	K63
X305C	K56
X305D	K56
X305E	K56
X305F	K56
X305H	K56
X305J	K55
X305M	K56
X305N	K55
X305O	K91
X305P	K56
X305S	K56
X305T	Q43
X305U	Q43
X305V	Q43
X305W	Q43
X305X	Q43
X305Y	Q43
X305Z	Q43
X305a	Q43
X305b	Q43
X305c	K56
X305d	K56
X305e	K91
X305i	K59
X305l	K56
X305m	K56
X305o	K56
X305r	K59
X305s	G72
X305t	G58
X305u	K91
X305v	K56
X305w	K56
X305y	K56
X305z	K58
X3060	K58
X3061	K58
X3063	K55
X3064	K55
X3065	K55
X3066	K55
X3068	K55
X306A	K55
X306B	K55
X306C	K55
X306G	K55
X306H	K55
X306J	K55
X306K	K55
X306M	K64
X306N	K64
X306O	K64
X306P	K64
X306S	Q44
X306U	K75
X306V	K75
X306X	A54
X306Z	B17
X306c	B16
X306d	B17
X306e	B17
X306f	B17
X306g	B17
X306h	B18
X306i	B18
X306j	B18
X306k	B18
X306l	B18
X306p	K75
X306q	K75
X306r	K70
X306s	K71
X306t	K71
X306u	K76
X306x	K76
X306y	K76
X306z	D18
X3070	D18
X3071	K70
X3072	K70
X3073	K70
X3079	K72
X307A	K72
X307C	K72
X307E	O26
X307F	O26
X307G	K73
X307I	K73
X307J	K76
X307K	K76
X307N	K74
X307O	K74
X307P	K74
X307S	K74
X307T	K74
X307U	K74
X307V	K74
X307X	P78
X307Y	A50
X307Z	K74
X307a	K74
X307b	K74
X307c	K74
X307f	E80
X307g	E80
X307h	E80
X307i	E80
X307k	E80
X307n	E80
X307p	P59
X307r	E74
X307t	E88
X307v	K76
X307w	K76
X3082	Q44
X3083	Q44
X3084	E80
X3086	K83
X3087	K83
X308A	K80
X308B	K81
X308C	K82
X308E	K83
X308F	K83
X308I	K80
X308J	K80
X308K	K80
X308L	K83
X308N	K83
X308O	Q44
X308P	K83
X308Q	K83
X308R	K83
X308S	K83
X308U	K83
X308V	K83
X308X	K83
X308d	K91
X308e	K91
X308f	K91
X308g	K91
X308i	K85
X308j	K85
X308k	K85
X308l	K85
X308m	K85
X308n	K85
X308q	K91
X308r	K85
X308s	K85
X308v	K86
X308w	K86
X308x	K86
X308y	K86
X308z	K86
X3090	K86
X3091	K86
X3092	K85
X3096	K86
X3098	K86
X3099	K86
X309A	D13
X309B	D37
X309C	C25
X309D	C25
X309E	D13
X309F	D13
X309G	K86
X309H	K86
X309I	K86
X309J	K86
X309K	K86
X309L	K86
X309N	K83
X309O	K86
X309Q	Q45
X309R	E84
X309S	D13
X309U	K91
X309V	K91
X309W	K91
X309X	K91
X309b	K65
X309c	K65
X309d	K65
X309e	K65
X309g	K65
X309h	K65
X309i	P78
X309m	K65
X309n	K65
X309p	K65
X309t	K65
X309u	K65
X309y	M62
X30AC	A18
X30AD	C78
X30AJ	K65
X30AK	K65
X30AL	K65
X30AO	K66
X30AP	K66
X30AQ	K66
X30AT	K66
X30AU	K66
X30AV	N13
X30AW	N13
X30AX	N13
X30AY	K56
X30AZ	K56
X30Aa	D48
X30Ac	K40
X30Ad	K40
X30Ae	K40
X30Af	K40
X30Ag	K45
X30Ah	Q55
X30Ai	N43
X30Ak	P83
X30Am	K41
X30An	K41
X30Ao	K42
X30As	K43
X30Au	K43
X30Av	K43
X30Ax	K43
X30Ay	K43
X30Az	K40
X30B0	K40
X30B1	K40
X30B2	K45
X30B3	K45
X30B4	K45
X30B5	K45
X30B6	K43
X30B9	K44
X30BB	K44
X30BC	K44
X30BE	K44
X30BH	K44
X30BK	K44
X30BL	K44
X30BM	K92
X30BO	K52
X30BR	A08
X30BS	A08
X30BT	A08
X30BU	A08
X30Bb	A07
X30Bc	A07
X30Bd	A05
X30Bg	K25
X30Bh	K26
X30Bl	K59
X30Bm	K59
X30Bo	K52
X30Bq	K52
X30Br	K52
X30Bt	K52
X30Bu	K52
X30Bv	K52
X30Bz	K91
X30CB	K91
X30CC	K91
X30CD	K91
X30CE	K91
X30CF	K91
X30CV	K91
X30CW	K91
X30CX	K91
X30CY	K91
X30Cb	K91
X30Cc	K91
X30Cd	K91
X30Ce	K91
X30Cg	K91
X30Hb	N39
X30Hd	E74
X30He	N28
X30Hf	N25
X30Hi	N28
X30Hj	N11
X30Hk	N10
X30Hl	N11
X30Hm	N11
X30Hw	N04
X30Hy	N04
X30I0	N07
X30I1	N04
X30I2	N00
X30I6	N05
X30I8	N01
X30IE	N05
X30IQ	N02
X30IX	N05
X30Ig	N05
X30Ih	N02
X30Ik	N07
X30Im	N17
X30In	N18
X30Ip	N99
X30Ir	N14
X30Is	N17
X30It	N14
X30Ix	M31
X30J0	N18
X30J1	N18
X30J5	N17
X30J6	N17
X30J7	Q61
X30J9	D41
X30JA	N28
X30JB	Q61
X30JH	N27
X30JJ	N27
X30JL	N10
X30JM	N14
X30JO	N10
X30JP	N15
X30JQ	N11
X30JR	N14
X30JS	N14
X30JT	N14
X30JU	N14
X30JV	N14
X30JW	N14
X30JX	N14
X30JY	N15
X30Jc	N28
X30Jd	N11
X30Je	N25
X30Jf	N25
X30Jg	N25
X30Jh	N25
X30Ji	N25
X30Jj	N25
X30Jk	N25
X30Jl	E27
X30Jo	N25
X30Jp	N25
X30Jq	E72
X30Jr	E72
X30Js	E72
X30Jt	N15
X30Ju	N25
X30Jv	E74
X30Jw	N25
X30Jy	E72
X30Jz	E72
X30K0	E72
X30K3	E72
X30K5	E72
X30K6	E72
X30K9	E79
X30KA	E87
X30KB	N28
X30KC	N25
X30KD	N25
X30KG	N28
X30KH	N28
X30KI	N28
X30KJ	N28
X30KK	N28
X30KP	I74
X30KQ	N28
X30KR	N28
X30KS	N28
X30KU	Q27
X30KV	I72
X30KX	Q27
X30Kb	E74
X30Kc	E88
X30Kg	M10
X30LB	N14
X30LE	N14
X30LF	N14
X30LG	N14
X30LH	N14
X30LI	N14
X30LK	N14
X30LL	N14
X30LM	N14
X30LN	N14
X30LO	N14
X30LX	N00
X30La	N07
X30Lb	Q87
X30Lc	N07
X30Le	E77
X30Lj	N07
X30Lk	N04
X30Ll	N07
X30Lx	E85
X30M1	M83
X30M2	M83
X30M6	M89
X30Mk	N28
X30Ml	N28
X30Mq	N13
X30Ms	N28
X30Mz	N28
X30N9	N28
X30NC	N28
X30ND	N28
X30NG	N28
X30NJ	N82
X30NM	N32
X30NR	N13
X30Nd	N30
X30Ne	N30
X30Nf	N30
X30Ng	N32
X30Nh	N32
X30Ni	N31
X30Nj	N31
X30Nk	N32
X30Nl	N31
X30Nm	N31
X30Nn	N31
X30No	N32
X30Nq	N32
X30Nr	N32
X30Ns	N31
X30Nt	N31
X30Nu	N32
X30Nv	N32
X30Nw	N31
X30Nz	N40
X30O0	N40
X30O9	N31
X30OA	N31
X30OB	N31
X30OC	N31
X30OD	N31
X30OH	N39
X30OI	N39
X30OJ	N39
X30OK	N39
X30OL	N39
X30OM	N39
X30ON	N39
X30OO	N39
X30OP	F98
X30OQ	F98
X30OR	F98
X30OT	N50
X30OV	N32
X30OW	N32
X30Oe	N32
X30Of	N94
X30Oi	A56
X30Oj	N41
X30Ok	N42
X30Oo	N42
X30Ov	N36
X30Oz	A54
X30P0	A56
X30P4	B65
X30P7	A54
X30P8	A54
X30P9	B65
X30PA	M02
X30PC	N34
X30PD	N49
X30PE	N36
X30PF	N36
X30PG	N99
X30PH	N35
X30PI	N35
X30PM	N36
X30PQ	N36
X30PT	N36
X30PZ	N30
X30Pn	N20
X30Ps	N20
X30Pt	Q63
X30Pv	N39
X30Q3	O12
X30QO	N99
X4001	N50
X4002	D40
X4005	N48
X4006	M02
X4008	N48
X400E	N50
X400H	N48
X400I	F52
X400J	N48
X400K	N48
X400L	N48
X400N	N48
X400U	N50
X400V	Q55
X400d	N49
X400i	N50
X400k	N43
X400m	N44
X400n	N50
X400q	D40
X400s	N50
X400t	Q55
X400u	Q55
X400v	N49
X400w	N49
X400x	L72
X400y	N50
X4010	N50
X4011	Q55
X4014	N49
X4016	N46
X4017	N46
X4018	N46
X401A	N46
X401C	Q93
X401D	N46
X401E	Q55
X401F	E29
X401H	N50
X401I	E23
X401J	N46
X401K	N46
X401L	N46
X401M	N46
X401N	N46
X401O	Q96
X401P	N46
X401S	N46
X401T	N46
X401X	N46
X401Y	E29
X401Z	E29
X401a	N46
X401d	E89
X401g	N46
X401t	F52
X402I	N90
X406G	N96
X406M	N73
X406P	N73
X406Q	A54
X406T	N73
X406U	N73
X406X	A42
X406Y	N83
X406b	N83
X406h	N83
X406i	N83
X406k	N83
X406n	E28
X406o	D39
X406p	D39
X406q	C56
X406t	N83
X406v	N99
X406x	D28
X406y	D28
X406z	D28
X4071	N83
X4078	N84
X4079	N85
X407D	N85
X407E	N85
X407F	N85
X407O	A54
X407P	A56
X407Q	N72
X407R	A42
X407U	N88
X407V	N88
X407W	N86
X407Y	N84
X407a	N84
X407i	N76
X407k	N76
X407l	N76
X407p	A54
X407q	A54
X407r	A56
X407v	N89
X407w	N89
X407z	N89
X4080	N76
X4084	N76
X408A	N90
X408B	N99
X408C	A63
X408D	A63
X408E	N90
X408F	L43
X408I	N81
X408J	N81
X408K	N81
X408N	N80
X408O	N80
X408R	N80
X408T	N80
X408V	N80
X408W	N91
X408X	N91
X408Y	E23
X408a	N91
X408b	N95
X408c	N95
X408e	N71
X408f	N89
X408g	N92
X408h	N92
X408i	N93
X408j	N92
X408k	N92
X408l	N92
X408m	N92
X408n	N93
X408p	N93
X408q	N92
X408r	N93
X408s	N94
X408t	N94
X408u	N94
X408v	E28
X408w	E28
X4093	N97
X4094	N97
X4095	N97
X4096	N83
X4097	N97
X4098	N83
X4099	N97
X409B	N97
X409C	N97
X409F	O35
X409G	O35
X409H	O35
X409I	Q35
X409J	O35
X409K	O35
X409L	O35
X409M	O35
X409O	O34
X409P	O34
X409Q	O34
X409S	P03
X409T	O34
X409U	O34
X409V	O34
X409W	O34
X409X	O34
X409Y	O34
X409Z	P03
X409a	O34
X409e	O34
X409f	O34
X409g	O34
X409h	P03
X409i	O34
X409j	O34
X409k	O34
X409l	O34
X409m	O34
X409o	P03
X409p	O34
X409s	O34
X409t	O34
X409u	O34
X409v	P03
X409x	O34
X409y	O34
X40A0	P03
X40A1	O34
X40A2	O34
X40A3	O34
X40A7	P03
X40A8	P03
X40AB	O34
X40AC	O34
X40AD	O34
X40AE	O34
X40AH	O34
X40AO	O34
X40AQ	P03
X40AR	O34
X40AV	O99
X40AY	O26
X40Aa	O12
X40Aj	O32
X40Ak	O30
X40Az	O30
X40B0	O30
X40B1	O30
X40B2	O31
X40B3	O31
X40B4	O01
X40B5	O01
X40B6	O01
X40B9	D39
X40BK	O43
X40BL	O43
X40BM	O43
X40BR	O43
X40BU	O43
X40BV	O69
X40BW	O69
X40Bi	O41
X40Bj	O41
X40Bk	Q79
X40Bl	O02
X40Bv	O46
X40Bw	O11
X40Bx	O13
X40C1	O13
X40C2	O15
X40C3	O14
X40C4	O26
X40C5	O12
X40C7	O21
X40CA	O26
X40CB	O26
X40CC	O26
X40CD	O43
X40CE	P95
X40CL	O43
X40CM	O43
X40CN	O43
X40CO	O43
X40CP	O43
X40Ca	O69
X40Cg	O69
X40Ch	O69
X40Cr	O75
X40Cv	O75
X40DJ	O71
X40DK	O71
X40DL	O71
X40DM	O71
X40DN	O71
X40DV	O72
X40DW	O72
X40DX	O72
X40DY	O72
X40DZ	O86
X40Da	O71
X40Dc	O88
X40Dd	O87
X40Dg	O22
X40Dh	O22
X40Dj	O90
X40Dl	F53
X40Dm	F53
X40Do	F53
X40Dp	F53
X40Dr	O91
X40Ds	O92
X40Dt	O92
X40Du	O92
X40Dv	O92
X40Dy	O95
X40E2	O31
X40E4	P95
X40E5	P95
X40FN	N60
X40FO	N61
X40FR	N61
X40FU	N61
X40FV	O91
X40FW	N61
X40FY	B26
X40FZ	N61
X40Fa	A18
X40Fb	A52
X40Fc	A51
X40Fd	A42
X40Ff	N62
X40Fg	N62
X40Fh	N62
X40Fj	N64
X40Fk	N64
X40Fl	N64
X40Fn	O92
X40Fp	D24
X40Fq	N60
X40Fr	N60
X40Fs	N64
X40Ft	O91
X40Fx	L30
X40Fy	N64
X40Fz	N64
X40G0	O91
X40G1	O92
X40G2	D24
X40G3	D24
X40Gc	E87
X40Gd	E34
X40Gf	E04
X40Gh	E04
X40Gj	E05
X40Gk	E05
X40Gl	E06
X40Gm	E06
X40Go	E05
X40Gq	E05
X40Gs	E05
X40Gt	E05
X40Gu	E07
X40Gv	E05
X40Gx	E05
X40Gy	E05
X40Gz	E05
X40H0	E05
X40H1	E05
X40H2	E05
X40H3	E05
X40H4	E05
X40H5	E05
X40H7	E05
X40H8	E03
X40HA	E03
X40HB	E03
X40HC	E03
X40HD	E01
X40HE	E03
X40HF	E03
X40HG	E03
X40HH	E03
X40HI	E03
X40HJ	E07
X40HK	E07
X40HL	E03
X40HM	E89
X40HN	E03
X40HO	E03
X40HP	E03
X40HR	E06
X40HS	E06
X40HT	E06
X40HU	E06
X40HV	E06
X40HW	E06
X40HY	E06
X40HZ	E06
X40Ha	E06
X40Hc	E06
X40Hd	E06
X40He	E06
X40Hf	E06
X40Hg	E06
X40Hh	E06
X40Hi	E07
X40Hj	E07
X40Hk	E07
X40Hl	E07
X40Hm	E07
X40Hn	E07
X40Ho	E07
X40Hp	E07
X40Hq	E07
X40Hr	E07
X40Hs	E07
X40Ht	E07
X40Hu	E07
X40Hv	E01
X40Hw	E03
X40Hx	E03
X40Hy	E03
X40Hz	E03
X40I0	E04
X40I1	E03
X40I2	E07
X40I3	E07
X40I4	E07
X40I5	E01
X40I6	E00
X40I8	E00
X40I9	E00
X40IA	E00
X40IB	E02
X40II	E01
X40IJ	E04
X40Ic	E16
X40Ie	E16
X40If	E16
X40Ig	E16
X40Ih	E16
X40Ii	E05
X40Ij	E16
X40Ik	E16
X40Il	E16
X40Im	E16
X40In	E34
X40Io	E34
X40J0	D37
X40J1	E16
X40JE	E88
X40JF	P70
X40JI	E13
X40JK	E31
X40JL	Q82
X40JO	E88
X40JP	Q87
X40JS	E16
X40JT	Q87
X40Ji	O99
X40Jj	O24
X40Jk	O24
X40Jl	O99
X40Jn	E16
X40Jp	E16
X40Jt	E16
X40Ju	E16
X40Jw	E16
X40Jx	E16
X40Jy	E16
X40Jz	E16
X40K1	E16
X40K2	E16
X40K4	E16
X40K5	E16
X40K6	E16
X40K7	E16
X40KB	E16
X40KC	E16
X40KF	E16
X40KH	E13
X40KI	E16
X40KJ	E21
X40KK	E21
X40KL	E21
X40KN	E21
X40KO	E20
X40KP	E20
X40KQ	E20
X40KR	E20
X40KS	E20
X40KT	E20
X40KW	E22
X40KX	E22
X40KY	E22
X40KZ	E22
X40Ka	E22
X40Kb	E22
X40Kc	E22
X40Ke	E22
X40Ki	E05
X40Kj	E22
X40Kk	E22
X40Kl	E22
X40Km	E23
X40Kn	E23
X40Ko	E22
X40Kp	E22
X40Kq	E07
X40Kr	E22
X40Ks	E23
X40Kv	E23
X40Kw	E23
X40Kx	E23
X40Ky	E23
X40Kz	E34
X40L0	E23
X40L1	E23
X40L2	E23
X40L3	E23
X40L4	E23
X40L6	E23
X40L7	E23
X40L8	E23
X40L9	E23
X40LA	E27
X40LB	E03
X40LC	E03
X40LE	E23
X40LG	E23
X40LH	E23
X40LI	E23
X40LK	E23
X40LL	E23
X40LM	E23
X40LN	E23
X40LO	E23
X40LP	E23
X40LQ	E23
X40LS	O99
X40LT	E23
X40LU	E23
X40LV	E23
X40LW	E23
X40LX	E23
X40LZ	Q85
X40La	E23
X40Lb	E23
X40Lc	E23
X40Ld	E23
X40Le	D35
X40Lf	Q85
X40Lh	D44
X40Lj	E23
X40Lk	E23
X40Ll	E23
X40Lm	E66
X40Ln	E23
X40Lo	E23
X40Lp	E23
X40Lq	E23
X40Lr	E23
X40Ls	E23
X40Lt	E23
X40Lu	E23
X40M4	E23
X40M9	E23
X40MA	E23
X40MB	E24
X40MC	E24
X40MD	E24
X40ME	E24
X40MF	E24
X40MG	E24
X40MH	E24
X40MI	E24
X40MK	E26
X40ML	E26
X40MM	E27
X40MN	E27
X40MO	E25
X40MP	E25
X40MQ	E25
X40MR	E25
X40MS	E25
X40MT	E25
X40MU	E25
X40MV	E25
X40MW	E25
X40MX	E25
X40MY	E25
X40MZ	E25
X40Ma	E25
X40Mb	E27
X40Mc	E27
X40Md	E27
X40Mf	E27
X40Mh	E71
X40Mi	C79
X40Mj	E27
X40Mk	E27
X40Mm	Q89
X40Mn	E27
X40Mq	E27
X40Mr	E27
X40Ms	E27
X40Mt	E27
X40Mu	E27
X40Mv	E27
X40Mw	E27
X40Mx	E27
X40Mz	E25
X40N4	E27
X40N5	E27
X40N6	E27
X40NE	E89
X40NF	E28
X40NG	E28
X40NH	E28
X40NJ	E28
X40NK	E28
X40NN	E28
X40NO	E28
X40NP	E28
X40NT	L68
X40NU	D39
X40NV	D35
X40NW	E25
X40NX	E25
X40NY	N92
X40Ne	E34
X40Nf	E29
X40Ni	Q55
X40Nj	Q55
X40Nl	E29
X40Nm	E29
X40Nn	E34
X40No	E34
X40Np	E34
X40Nq	E34
X40Ns	E29
X40Nt	E29
X40Nu	E29
X40Nv	E29
X40Ny	E34
X40Nz	E34
X40O0	E34
X40O5	E30
X40O6	E30
X40O7	E30
X40O8	E30
X40OA	E22
X40OB	E22
X40OC	E30
X40OD	E30
X40OE	E25
X40OF	E30
X40OG	Q56
X40OH	E34
X40OI	E05
X40OK	E05
X40OO	E05
X40OP	E03
X40OQ	E05
X40OR	E05
X40OY	E31
X40OZ	D44
X40Oa	D44
X40Ob	D44
X40Oc	E31
X40Og	E34
X40Oh	E24
X40Oi	E34
X40Oj	E34
X40Ok	D44
X40On	E34
X40Oo	E34
X40Op	E34
X40Os	E34
X40Ot	E34
X40Ou	E34
X40P5	E87
X40P6	E87
X40P7	E87
X40P8	E87
X40P9	E87
X40PA	E87
X40PB	E87
X40PC	E87
X40PD	E87
X40PE	E87
X40PF	E87
X40PG	E87
X40PH	E87
X40PI	E87
X40PJ	E87
X40PK	E87
X40PL	E87
X40PM	E87
X40PN	E87
X40PO	E87
X40PP	E87
X40PQ	E79
X40PR	E87
X40PS	E87
X40PT	E87
X40PU	E87
X40PW	E87
X40PX	E87
X40PY	E87
X40PZ	E87
X40Pc	E87
X40Pd	E87
X40Pe	E87
X40Pf	E87
X40Pg	E87
X40Ph	E87
X40Pi	E87
X40Pj	E87
X40Pk	E85
X40Pl	E85
X40Ps	E85
X40Pt	E85
X40Pu	E85
X40Pv	E85
X40Pw	E85
X40Q7	E85
X40QN	E85
X40QP	Q79
X40QQ	E83
X40QR	E83
X40QS	E83
X40QT	E83
X40QY	E83
X40QZ	E83
X40Qb	E83
X40Qc	E83
X40Qd	E83
X40Qe	E83
X40Qg	E83
X40Qh	E83
X40Qi	E83
X40Qj	E83
X40Qq	E83
X40Qr	E83
X40Qs	E83
X40Qt	E83
X40Qu	E83
X40R1	I70
X40R2	M25
X40R3	E83
X40R4	M61
X40R5	M65
X40R7	L94
X40R8	M72
X40RF	E21
X40RH	E83
X40RK	E83
X40RL	E83
X40RM	E83
X40RN	E80
X40RO	E83
X40RP	E83
X40RR	E88
X40RS	E83
X40RT	E83
X40RU	E83
X40RV	E87
X40RX	E87
X40RY	E88
X40RZ	E72
X40Ra	E70
X40Rb	E70
X40Rc	E70
X40Rd	E70
X40Re	E70
X40Rf	E74
X40Rg	E74
X40Rh	E70
X40Ri	E70
X40Rj	E88
X40Rk	E70
X40Rl	E70
X40Rm	E70
X40Rn	E70
X40Ro	E70
X40Rp	E70
X40Rq	E70
X40Rr	E70
X40Rs	E70
X40Rt	E70
X40Ru	E70
X40Rv	E70
X40Rw	E70
X40Rz	E70
X40S0	E70
X40S1	E70
X40S2	E70
X40S3	E70
X40S5	E72
X40S6	E25
X40S7	E70
X40S8	E72
X40S9	E70
X40SA	E70
X40SB	E72
X40SC	E72
X40SD	E72
X40SE	E72
X40SF	E72
X40SG	E72
X40SH	E72
X40SI	E72
X40SJ	E72
X40SK	E72
X40SL	E72
X40SM	E72
X40SN	E72
X40SO	E72
X40SP	E72
X40SQ	E72
X40SR	E72
X40SS	E71
X40ST	D51
X40SU	D51
X40SX	E72
X40SY	E72
X40SZ	E72
X40Sa	E72
X40Sb	E72
X40Sc	E53
X40Sd	E72
X40Se	E72
X40Sf	E72
X40Sg	E72
X40Sh	E72
X40Si	E72
X40Sj	E72
X40Sk	E72
X40Sl	E72
X40Sm	E72
X40Sn	E71
X40So	E71
X40Sp	E71
X40Sq	E71
X40Sr	E71
X40Ss	E71
X40St	E71
X40Su	E71
X40Sv	E71
X40Sw	E71
X40Sx	E71
X40Sy	E71
X40Sz	E72
X40T0	E72
X40T1	E72
X40T2	E72
X40T3	E71
X40T4	E71
X40T5	E74
X40T6	E71
X40T7	E71
X40T8	E71
X40T9	E72
X40TA	E71
X40TB	E71
X40TC	E71
X40TD	E71
X40TE	E71
X40TF	E74
X40TG	D81
X40TH	E71
X40TI	E71
X40TK	E88
X40TL	E72
X40TM	E72
X40TN	E74
X40TO	E74
X40TQ	E74
X40TR	E74
X40TS	E74
X40TT	E74
X40TU	E74
X40TV	E74
X40TW	E74
X40TX	E74
X40TY	E74
X40TZ	E87
X40Ta	E74
X40Te	E74
X40Tf	E73
X40Tg	E73
X40Th	E73
X40Ti	E73
X40Tk	E73
X40Tl	E73
X40Tm	E74
X40Tn	E74
X40To	E74
X40Tp	E74
X40Tq	E74
X40Tr	E74
X40Ts	E74
X40Tt	E74
X40Tu	E74
X40Tv	E74
X40Tw	E74
X40Tx	E74
X40Ty	E74
X40Tz	E74
X40U0	E74
X40U2	E74
X40U3	D64
X40U6	E74
X40U7	E88
X40U8	D74
X40U9	D81
X40UA	E74
X40UB	E88
X40UC	D81
X40UD	E74
X40UE	E74
X40UF	E74
X40UG	E71
X40UH	E71
X40UI	E71
X40UJ	E71
X40UK	E71
X40UL	E71
X40UM	E71
X40UN	E71
X40UO	E71
X40UP	E71
X40UQ	E71
X40UR	E71
X40US	E71
X40UT	E79
X40UU	E79
X40UV	E79
X40UX	E79
X40UY	E79
X40UZ	E75
X40Ua	D81
X40Uc	D81
X40Ue	E79
X40Uf	E79
X40Ug	D81
X40Uh	D81
X40Ui	D81
X40Uj	D81
X40Uk	E79
X40Ul	D81
X40Um	D83
X40Un	E79
X40Uo	E79
X40Up	E79
X40Ur	E79
X40Us	E79
X40Ut	E79
X40Uv	E75
X40Uw	E75
X40Ux	E75
X40Uy	E75
X40Uz	E75
X40V0	E75
X40V1	E75
X40V2	E75
X40V3	E75
X40V4	E75
X40V5	E75
X40V6	E75
X40V7	E75
X40V8	E75
X40V9	E75
X40VA	E75
X40VB	E75
X40VC	E75
X40VD	E75
X40VE	E75
X40VF	E75
X40VH	E78
X40VI	E78
X40VJ	E75
X40VK	E75
X40VL	E75
X40VM	E75
X40VN	E75
X40VO	E75
X40VP	E75
X40VQ	E75
X40VR	E75
X40VS	E75
X40VT	E78
X40VU	E75
X40VV	E75
X40VW	E78
X40VX	E75
X40VY	E78
X40VZ	E75
X40Vb	E75
X40Vc	E75
X40Vd	E78
X40Vf	E78
X40Vg	E78
X40Vh	E78
X40Vi	E78
X40Vm	E78
X40Vn	E78
X40Vo	E78
X40Vp	E78
X40Vq	E78
X40Vs	E78
X40Vt	E78
X40Vu	E75
X40Vv	E75
X40Vw	E75
X40Vx	E76
X40Vy	E76
X40Vz	E76
X40W0	E76
X40W1	E76
X40W2	E76
X40W3	E76
X40W4	E76
X40W5	E76
X40W6	E76
X40W7	E76
X40W8	E77
X40W9	E77
X40WA	E77
X40WB	E77
X40WC	E77
X40WD	E77
X40WE	E77
X40WF	E77
X40WG	E77
X40WH	E74
X40WI	E77
X40WJ	E74
X40WK	E77
X40WL	E77
X40WM	E77
X40WN	E77
X40WO	E77
X40WP	E80
X40WR	E80
X40WS	E80
X40WT	E80
X40WU	E80
X40WV	E80
X40WW	E80
X40WY	E80
X40We	E77
X40Wf	E77
X40Wg	E71
X40Wh	G60
X40Wi	E80
X40Wj	Q77
X40Wk	Q87
X40Wl	G60
X40Wm	E80
X40Wn	E71
X40Wo	E80
X40Wp	E80
X40Wq	E71
X40Wr	E72
X40Ws	E88
X40Wu	E74
X40Wv	E83
X40Ww	E75
X40Wx	E78
X40Wy	E78
X40Wz	E78
X40X0	E78
X40X1	E78
X40X2	E78
X40X3	E78
X40X5	E78
X40X6	E78
X40X7	E78
X40X9	E78
X40XA	E78
X40XD	E78
X40XH	E78
X40XI	E78
X40XO	E78
X40XP	E78
X40XQ	E78
X40XR	E78
X40XU	E78
X40XV	E78
X40XW	E78
X40XX	E78
X40XY	E78
X40XZ	E78
X40Xa	E78
X40Xb	E78
X40Xc	E78
X40Xd	E78
X40Xe	E78
X40Xf	E78
X40Xh	E63
X40Xi	E45
X40Xj	E46
X40Xm	E42
X40Xn	E45
X40Xo	E61
X40Xp	E72
X40Xq	E71
X40Xr	E71
X40Xs	E63
X40Xu	E87
X40Xv	E87
X40Xw	E87
X40Xy	E61
X40Xz	E61
X40Y0	E61
X40Y1	E61
X40Y2	E61
X40Y5	E61
X40Y6	E61
X40Y7	E59
X40Y8	E61
X40Y9	E60
X40YA	E56
X40YE	E51
X40YG	E53
X40YH	E53
X40YL	E66
X40YM	E66
X40YN	E66
X40YO	E66
X40YP	E65
X40YQ	E66
X40YR	E66
X40YT	E66
X40YU	E78
X40YV	E67
X40YX	E87
X40YY	E87
X40YZ	E87
X40Ya	E83
X40Yb	E67
X40Yd	E67
X40Ye	E67
X40Yf	E88
X40Yw	K63
X40Yx	L90
X40Z0	E87
X40Z4	E88
X40Z5	E61
X40Z7	E88
X5002	L08
X5003	L08
X5007	B27
X500A	L98
X500B	L44
X500J	L08
X500K	L01
X500N	L01
X500O	L73
X500U	L02
X500W	L02
X500X	L02
X500Y	L02
X500Z	L02
X500f	L02
X500g	L02
X500q	L08
X500r	L73
X500s	L73
X500t	L73
X500u	L73
X500v	L73
X500w	L66
X500x	L73
X500y	L73
X5010	L03
X5011	L03
X5012	L03
X5013	M72
X5014	M72
X5018	A48
X501E	L03
X501G	L03
X501H	L03
X501I	L04
X501J	L08
X501N	L08
X501Q	L08
X501V	B48
X501X	B36
X501Z	L08
X501b	L08
X501c	L08
X501d	A42
X501h	A54
X501r	A32
X501t	L08
X501v	L98
X502A	A18
X502B	A18
X502E	A18
X502P	L08
X502Q	L73
X502R	B35
X502U	B36
X502V	B36
X502W	B36
X502Y	B36
X502l	B46
X502o	B36
X502p	B35
X502q	B35
X502s	B35
X502t	B88
X502u	B83
X502v	B74
X5031	A06
X5038	B64
X503D	L98
X503H	L98
X503J	B85
X503L	L98
X503P	L08
X503V	L30
X503W	L98
X503X	L57
X503Y	L84
X503Z	L84
X503a	L84
X503b	L84
X503c	L84
X503e	L84
X503f	L84
X503g	L84
X503h	L65
X503k	L30
X503l	L30
X503m	L30
X503n	L30
X503q	L70
X503r	L30
X503u	L81
X503v	L81
X503w	L02
X5040	L30
X5042	B07
X5046	L98
X5049	K13
X504A	L94
X504B	L73
X504C	L73
X504D	L73
X504E	L73
X504F	L98
X504G	L98
X504H	L98
X504I	N61
X504J	L98
X504K	L98
X504L	L81
X504M	L81
X504N	L98
X504O	L24
X504R	L53
X504b	L59
X504d	L57
X504f	L55
X504g	L56
X504h	L60
X504i	L57
X504j	L57
X504k	L57
X504l	L57
X504m	L70
X504n	L57
X504o	L81
X504p	L56
X504s	L56
X504t	L56
X504u	L30
X504v	L56
X504x	L56
X504z	L56
X5050	L56
X5051	L57
X5053	L56
X5054	L73
X5055	L70
X5056	L98
X5057	L98
X505A	L30
X505F	L98
X505H	L25
X505K	L30
X505L	L30
X505M	L30
X505N	L20
X505O	L20
X505P	L20
X505Q	L20
X505R	L20
X505S	L20
X505T	L20
X505U	L20
X505V	L30
X505W	L30
X505X	L30
X505Y	L30
X505Z	L30
X505a	L30
X505b	L30
X505c	L30
X505d	L30
X505e	L30
X505f	L30
X505g	L30
X505h	L30
X505i	L30
X505j	L30
X505k	L30
X505l	L30
X505o	L21
X505p	L21
X505q	L21
X505r	L24
X505s	L24
X505v	L24
X505x	L23
X505z	L23
X5061	L56
X5062	L25
X5063	L24
X5064	L24
X5065	L24
X5066	L24
X5067	L22
X5068	L24
X5069	L24
X506B	L50
X506C	L20
X506E	L28
X506F	L28
X506G	L28
X506H	L28
X506I	L98
X506J	L30
X506K	I83
X506L	L30
X506M	L73
X506N	L98
X506O	L30
X506P	L30
X506Q	L85
X506R	L28
X506S	L85
X506U	L30
X506Y	L40
X506Z	L40
X506a	L40
X506b	L40
X506d	L40
X506e	L40
X506i	L40
X506j	L22
X506k	L40
X506l	L40
X506m	L40
X506n	L40
X506o	L40
X506p	L40
X506q	L40
X506s	L40
X506t	L40
X506u	L40
X506v	L40
X506w	L44
X506x	L44
X506y	L44
X506z	L44
X5070	L44
X5072	L85
X5074	L85
X5075	L85
X5076	L85
X5077	L81
X5079	L57
X507A	L57
X507C	L87
X507D	L85
X507E	Q82
X507F	Q82
X507G	Q82
X507H	Q82
X507I	Q82
X507J	Q82
X507K	Q82
X507M	L83
X507N	L83
X507O	L83
X507P	L85
X507Q	L85
X507R	L44
X507T	L11
X507U	L11
X507V	L11
X507W	L44
X507Y	L43
X507Z	L43
X507b	L66
X507c	B02
X507e	L43
X507f	L43
X507g	L43
X507h	L43
X507i	L43
X507j	L43
X507k	L43
X507l	L43
X507m	L43
X507n	L43
X507p	L44
X507q	L43
X507r	L43
X507s	L43
X507t	L43
X507u	L43
X507v	L43
X507w	L43
X507y	L43
X507z	L43
X5080	L43
X5081	L28
X5082	L23
X5084	L92
X5085	L92
X5087	L92
X5089	D86
X508C	D86
X508D	D86
X508E	D86
X508F	D86
X508G	D86
X508H	D86
X508I	D86
X508J	L92
X508M	L92
X508N	L50
X508O	L53
X508P	L50
X508Q	L50
X508R	L50
X508S	L50
X508T	L50
X508U	L50
X508V	L50
X508W	L50
X508X	L29
X508Z	L50
X508b	L50
X508c	L29
X508e	L50
X508f	L81
X508g	L81
X508h	L81
X508i	L81
X508j	D03
X508k	L81
X508l	L81
X508m	L53
X508n	Q82
X508o	L81
X508q	L81
X508r	L81
X508s	L81
X508t	L81
X508u	L81
X508w	L81
X508x	L81
X508y	L81
X5090	L98
X5091	Q84
X5096	L60
X5097	L60
X5099	L60
X509B	L60
X509C	L60
X509E	L60
X509I	L68
X509S	Q84
X509c	L65
X509d	L64
X509e	L63
X509f	L65
X509h	L63
X509i	L66
X509j	L63
X509k	L66
X509l	L73
X509m	L13
X509n	L65
X509q	L65
X509r	L65
X509s	L67
X509t	L67
X509u	L67
X509w	L67
X50A0	L73
X50A1	Q84
X50A2	Q84
X50A3	L73
X50A5	L70
X50A6	L70
X50A7	L70
X50A8	L70
X50AA	L70
X50AB	L70
X50AC	L73
X50AF	L70
X50AG	L73
X50AH	L72
X50AI	L73
X50AJ	L71
X50AK	L71
X50AL	A18
X50AM	L75
X50AN	L74
X50AP	L75
X50AQ	L74
X50AS	L74
X50AW	G50
X50Aa	I83
X50Ac	I78
X50Ad	L95
X50Ae	I78
X50Af	I78
X50Ag	I78
X50Ah	I78
X50Aj	I78
X50Ak	I78
X50Ao	I99
X50Aq	I86
X50Az	I99
X50B0	I87
X50B1	I78
X50B3	D69
X50B4	I78
X50B5	I78
X50B6	L81
X50B7	I78
X50B8	L81
X50B9	I78
X50BA	D69
X50BB	D69
X50BC	L95
X50BE	L95
X50BF	L92
X50BG	D69
X50BI	L95
X50BK	L95
X50BQ	I77
X50BR	C86
X50BV	I87
X50BX	L97
X50BY	L89
X50Bb	L89
X50Bd	I83
X50Bi	L97
X50Bj	L97
X50Bn	D18
X50Bo	D18
X50Bp	D18
X50Br	D18
X50Bs	D48
X50Bt	D18
X50Bu	I89
X50Bw	I89
X50By	I89
X50C1	I99
X50C3	P83
X50C8	L53
X50CA	L53
X50CB	L53
X50CC	L53
X50CD	L51
X50CE	L51
X50CJ	L98
X50CK	L98
X50CL	L90
X50CM	L98
X50CW	L57
X50CZ	L90
X50Ca	L90
X50Cb	L90
X50Cc	L90
X50Cd	L90
X50Ce	L90
X50Cg	L98
X50Ci	L81
X50Cj	L81
X50Ck	L94
X50Cl	L81
X50Cm	L81
X50Cn	L81
X50Co	L57
X50Cp	L90
X50Cq	L90
X50Cr	L90
X50Cs	L90
X50Ct	L90
X50Cu	L90
X50Cv	L90
X50Cx	L94
X50Cy	L98
X50D5	M35
X50D6	L90
X50D7	M72
X50D8	M72
X50DA	Q74
X50DB	M72
X50DC	M72
X50DF	M72
X50DG	L90
X50DJ	M72
X50DK	M72
X50DL	D21
X50DM	M72
X50DN	D48
X50DO	M72
X50DP	D21
X50DQ	E78
X50DS	Q79
X50DV	E34
X50DW	E34
X50DX	L94
X50DZ	E34
X50Db	L98
X50De	L87
X50Df	L87
X50Di	L57
X50Dj	L57
X50Dk	L94
X50Dl	M62
X50Dn	L98
X50Dq	M79
X50Dr	M79
X50Ds	M79
X50Dt	M79
X50Du	M79
X50Dv	M79
X50Dy	M79
X50E0	M79
X50E1	E88
X50E2	M79
X50E4	E88
X50E5	M79
X50E6	E88
X50E7	L91
X50E8	E88
X50E9	E88
X50EA	E88
X50EB	E88
X50EC	E88
X50ED	E88
X50EE	L91
X50EG	E88
X50EH	E88
X50EI	E88
X50EJ	E88
X50EK	E88
X50EL	E88
X50EO	L98
X50EQ	L98
X50EU	L98
X50EW	L98
X50EX	L98
X50Ea	Q64
X50Eb	L98
X50Ec	L98
X50Ed	L98
X50Ee	L98
X50Ef	L98
X50Eg	D29
X50Ei	L98
X50Ej	N48
X50Ek	L98
X50Em	N76
X50En	L98
X50Eo	L65
X50Ep	L44
X50Eq	L91
X50Er	Q82
X50Es	L70
X50Et	L94
X50Ew	L93
X50Ex	L93
X50Ez	L93
X50F8	L94
X50F9	L94
X50FB	L98
X50FE	N90
X50FF	L90
X50FJ	M33
X50FL	M33
X50FM	L10
X50FO	L12
X50FP	L12
X50FQ	L12
X50FR	L12
X50FS	L13
X50FT	L13
X50FU	L13
X50FV	L13
X50FW	L12
X50FX	E88
X50FY	L98
X50Fa	L98
X50Fb	L98
X50Fc	L98
X50Fd	L98
X50Fe	L98
X50Ff	L65
X50Fg	L98
X50Fh	E78
X50Fi	E78
X50Fj	E75
X50Fm	E78
X50Fn	E75
X50Fo	E75
X50Fp	E78
X50Fq	E75
X50Fs	L94
X50Ft	E83
X50Fu	L94
X50Fw	M89
X50Fx	L98
X50Fy	F22
X50Fz	F45
X50G2	F45
X50G3	F40
X50G5	F45
X50G6	F45
X50G7	F45
X50GD	L29
X50GE	F22
X50GF	F22
X50GG	F22
X50GH	F22
X50GI	F40
X50GJ	F22
X50GK	F22
X50GL	F22
X50GV	L08
X50GX	L53
X50GY	L27
X50Ge	L27
X50Gf	L27
X50Gg	L43
X50Gh	L27
X50Gi	L27
X50Gj	L27
X50Gk	L27
X50Gm	L27
X50Gn	L53
X50Go	L27
X50Gp	L27
X50Gq	L27
X50Gr	L27
X50Gs	L27
X50Gt	L27
X50Gu	L27
X50Gv	L27
X50Gw	L27
X50Gx	L27
X50Gy	E80
X50H0	L98
X50H1	Q89
X50H2	Q89
X50H3	Q85
X50H7	Q82
X50H8	Q82
X50H9	Q82
X50HA	Q82
X50HB	Q82
X50HC	Q82
X50HD	Q82
X50HE	Q89
X50HF	Q89
X50HG	Q82
X50HH	Q89
X50HI	Q89
X50HJ	Q84
X50HK	Q89
X50HL	Q82
X50HM	Q89
X50HP	Q89
X50HR	Q89
X50HS	Q87
X50HT	Q89
X50HU	Q89
X50HV	Q89
X50HW	Q89
X50HX	Q89
X50HY	Q82
X50HZ	Q89
X50Ha	Q82
X50Hb	Q82
X50Hc	Q82
X50Hd	Q89
X50He	Q87
X50Hg	Q87
X50Hh	Q87
X50Hi	Q89
X50Hj	Q89
X50Hl	Q82
X50Hm	Q89
X50Hn	Q82
X50Ho	Q89
X50Hp	Q89
X50Hq	Q82
X50Hr	Q89
X50Hs	Q89
X50Ht	Q82
X50Hu	Q89
X50Hv	Q89
X50Hw	Q82
X50Hx	Q82
X50Hy	Q82
X50Hz	Q89
X50I0	Q89
X50I1	Q82
X50I2	Q89
X50I3	Q84
X50I7	Q82
X50I9	Q82
X50IA	Q82
X50IB	Q82
X50IC	Q89
X50IF	Q82
X50IH	Q89
X50IK	Q89
X50IM	Q80
X50IO	Q89
X50IQ	Q82
X50IR	Q82
X50IS	Q82
X50IU	Q82
X50IV	Q82
X50IW	Q82
X50IX	Q82
X50IY	Q82
X50IZ	Q82
X50Ia	Q82
X50Ib	Q82
X50Ic	Q82
X50Id	Q82
X50Ie	Q82
X50If	Q82
X50Ig	Q82
X50Ii	Q82
X50Ij	Q82
X50Ik	Q89
X50Il	Q82
X50Im	Q82
X50In	Q89
X50Io	Q82
X50Ir	Q89
X50Is	Q82
X50Iv	L81
X50Iw	Q89
X50Ix	Q89
X50Iy	Q82
X50Iz	Q82
X50J0	Q82
X50J1	Q82
X50J2	Q82
X50J4	L98
X50J5	P83
X50J6	P83
X50J8	P83
X50J9	P83
X50JB	P83
X50JC	P96
X50JD	P83
X50JE	L98
X50JF	L98
X50JG	O26
X50JH	O26
X50JI	O26
X50JJ	O26
X50JK	O26
X50JM	O26
X50JN	Q85
X50JR	Q82
X50JV	Q85
X50JX	Q85
X50JY	Q85
X50JZ	Q85
X50Ja	L98
X50Jb	L98
X50Jc	L98
X50Jd	L98
X50Je	L98
X50Jh	Q82
X50Jm	Q84
X50Jo	Q85
X50Jq	L81
X50Js	L81
X50Jv	L81
X50Jw	L81
X50Jx	L81
X50Jy	L81
X50K0	L81
X50K1	L81
X50K2	L81
X50K5	Q85
X50K6	Q85
X50K7	Q85
X50K8	Q85
X50KA	Q82
X50KB	D23
X50KC	D17
X50KD	Q89
X50KG	D23
X50KH	Q85
X50KK	D47
X50KS	Q18
X50KV	L98
X50Kc	N48
X50Kd	Q89
X50Ke	L05
X50Kg	Q82
X50Kh	Q87
X50Ki	Q82
X50Kj	Q89
X50Kk	Q82
X50Kl	Q82
X50L3	L90
X50L4	L90
X50L5	L90
X50L6	L90
X50L7	L81
X7003	M25
X7004	M13
X7005	M13
X7006	M13
X7007	M13
X7008	M13
X7009	M13
X700A	M13
X700C	M23
X700D	M23
X700F	M23
X700G	M23
X700H	M23
X700I	M23
X700S	M25
X700U	M24
X700Y	M24
X700Z	M24
X700a	M24
X700b	M24
X700c	M24
X700d	M24
X700p	M24
X700q	M24
X700t	M24
X700v	M25
X700w	M25
X7013	M24
X7015	M23
X7016	M23
X701F	M24
X701I	M00
X701J	M00
X701K	M00
X701L	M00
X701M	M00
X701O	M01
X701X	M02
X701Y	M02
X701Z	M02
X701f	M02
X701g	M02
X701i	M06
X701l	M05
X701o	M08
X701p	M06
X701q	M08
X701r	M08
X701s	M06
X701x	M08
X701y	M08
X701z	M08
X7020	M08
X7024	M45
X702D	M46
X702E	M13
X702F	M65
X702J	M13
X702K	M13
X702L	M13
X702M	M36
X702W	M08
X702X	M11
X702Y	M11
X702Z	M13
X702a	M77
X702b	M11
X702c	M11
X702d	M11
X702e	M11
X702f	M11
X702g	M11
X702h	M11
X702i	M11
X702j	M11
X702k	M11
X702l	M11
X702m	M10
X702o	M10
X702q	M10
X702r	M10
X702s	M10
X702t	M10
X702u	M10
X702v	M13
X702w	M11
X702x	M11
X702z	M19
X7030	M19
X7031	M19
X7034	M19
X7035	M19
X703A	M47
X703J	M19
X703Q	M19
X703j	M47
X703k	M47
X7042	M24
X7043	M16
X704R	M19
X704S	M19
X704U	M35
X704W	M32
X704a	L93
X704b	M32
X704c	M32
X704d	L93
X704h	L93
X704i	D68
X704p	M36
X704q	M33
X704s	M33
X704t	M36
X704u	M33
X704x	M34
X704z	M34
X7051	M34
X7052	M34
X7053	L94
X7055	L94
X7056	M35
X7057	M34
X7058	M34
X7059	M89
X705A	M35
X705C	M35
X705D	M35
X705F	M35
X705G	M35
X705H	M35
X705I	M06
X705J	M35
X705K	M35
X705L	M35
X705M	M35
X705S	M31
X705T	M30
X705U	M30
X705V	M30
X705W	M31
X705X	M31
X705Y	M31
X705Z	M30
X705b	M31
X705c	M31
X705d	M31
X705h	M31
X705i	M30
X705l	M31
X705m	M31
X705o	L92
X705t	M05
X705u	M05
X705v	M05
X705w	M32
X7060	D69
X7061	D89
X7063	M79
X7064	M79
X7065	M24
X7066	M79
X7067	M77
X7068	M79
X7069	M75
X706C	M75
X706D	M75
X706F	M75
X706G	M67
X706H	M75
X706I	M75
X706J	M75
X706K	M75
X706P	M67
X706Q	M70
X706R	M24
X706U	M79
X706W	M65
X706X	M65
X706Y	M65
X706e	M67
X706f	M79
X706g	M24
X706l	M79
X706p	M71
X706q	M70
X706r	M76
X706s	M24
X706t	M24
X706u	M79
X706w	M79
X706y	M77
X7072	M70
X7073	M70
X7074	M70
X7075	M70
X7076	M24
X7077	M23
X7078	M79
X707A	M67
X707C	M79
X707H	M67
X707J	M76
X707K	M77
X707M	M24
X707O	M79
X707P	M79
X707Q	M79
X707R	M79
X707U	M77
X707W	M24
X707Y	M79
X707Z	M72
X707c	M77
X707k	M77
X707s	M65
X707t	M65
X707w	M65
X7083	I00
X7084	M10
X7089	M60
X708A	M70
X708B	L08
X708E	M62
X708G	Q79
X708H	G71
X708I	G71
X708J	G71
X708K	G71
X708L	G71
X708M	G71
X708N	G71
X708O	G71
X708P	G71
X708Q	G71
X708R	G71
X708S	G71
X708T	G71
X708U	G71
X708V	G71
X708W	G71
X708X	Q74
X708Y	G71
X708Z	G71
X708a	Q89
X708b	G71
X708c	G71
X708d	G71
X708e	G71
X708f	G71
X708g	G71
X708h	G71
X708i	G71
X708j	G71
X708k	G71
X708l	G71
X708m	G71
X708n	G71
X708o	G71
X708p	G71
X708q	G71
X708r	G71
X708t	G71
X708u	P94
X708v	G71
X708w	G71
X708x	G71
X708y	G71
X708z	G71
X7090	G71
X7091	G71
X7092	G71
X7093	G71
X7094	G71
X7095	M61
X709E	G72
X709F	G72
X709G	G72
X709I	G71
X709P	G72
X709Q	G72
X709R	G72
X709V	G72
X709W	G72
X709X	G72
X709Y	G72
X709Z	G72
X709a	B23
X709b	G71
X709c	G71
X709e	M60
X709f	M60
X709g	M79
X709i	M60
X709k	A48
X709l	A48
X709m	A48
X709o	M63
X709p	M63
X709q	M60
X709s	M60
X709t	M60
X709v	M60
X709w	M60
X709z	M60
X70A0	M33
X70A4	M61
X70A5	M61
X70A6	M61
X70AC	M62
X70AD	M62
X70AF	M62
X70AH	M62
X70AJ	M62
X70AL	M62
X70AP	M89
X70AQ	M94
X70AR	M24
X70AU	M94
X70AX	M86
X70AY	M86
X70AZ	M86
X70Aa	M86
X70Ab	M86
X70Ae	M86
X70Af	M86
X70Ag	M86
X70Ah	M86
X70Ai	M86
X70Aj	M86
X70Ak	M86
X70B3	M89
X70B6	M83
X70B7	M83
X70B8	M85
X70BD	M67
X70BE	M89
X70BL	M85
X70BN	M92
X70BO	M92
X70BP	M91
X70BQ	M91
X70BR	M92
X70BS	M92
X70BX	M93
X70BY	M93
X70Be	Q78
X70Bt	Q75
X70Bw	Q78
X70C5	Q78
X70CE	M84
X70CI	M84
X70CK	M80
X70CN	D48
X70CP	M66
X70CQ	M66
X70CX	M67
X70CY	M67
X70Cb	M43
X70Ce	M51
X70Ch	M51
X70Ci	M51
X70Cl	M46
X70Cn	M48
X70Co	M48
X70Cp	G95
X70Cq	M53
X70Cr	M43
X70Cw	M47
X70Cy	M47
X70Cz	M42
X70D1	M43
X70D4	M95
X70D6	M95
X70D8	M21
X70D9	M21
X70DA	M21
X70DB	M21
X70DC	M20
X70DE	M20
X70DH	M20
X70DK	M21
X70DL	M91
X70DM	M21
X70DO	M21
X70DY	M20
X70DZ	M20
X70Db	M20
X70Dd	M35
X70Df	M24
X70Dp	M65
X70EK	P95
X70EL	P96
X70EN	P96
X70EQ	P92
X70ER	P92
X70EU	P83
X70EV	P39
X70EW	P78
X70EX	P61
X70EZ	P71
X70Ec	P39
X70Ed	P36
X70Ee	P36
X70Eg	P24
X70Eh	P11
X70Ej	P13
X70Ek	P13
X70El	P15
X70Em	P15
X70En	P15
X70Eo	P15
X70Ep	P15
X70Es	P02
X70Et	P02
X70Fw	A05
X70Fx	A05
X70Fy	A04
X70Fz	A04
X70G0	A04
X70G1	A04
X70G2	A08
X70G3	A08
X70G4	A08
X70G5	A08
X70G6	A08
X70G8	K52
X70GJ	A00
X70GK	A00
X70GL	A00
X70GM	A01
X70GN	A04
X70GO	A04
X70GP	A04
X70GQ	A04
X70GR	A04
X70GS	A04
X70GT	A05
X70GW	A05
X70GZ	A04
X70Ga	A28
X70Ge	A06
X70Gf	A06
X70Gg	A06
X70Gi	A06
X70Gj	A07
X70Gk	A07
X70Gl	A07
X70Gm	A07
X70Gn	A07
X70Gr	A07
X70Gu	A07
X70Gx	A19
X70H4	D86
X70H9	A18
X70HA	A18
X70HC	A19
X70HD	A18
X70HI	A19
X70HJ	A20
X70HM	A24
X70HN	A24
X70HO	A24
X70HQ	A24
X70HR	A24
X70HS	A24
X70HW	A26
X70HX	A26
X70HY	A26
X70HZ	A28
X70Ha	A28
X70Hb	A28
X70Hc	A74
X70Hd	O05
X70Hg	A30
X70Hh	A30
X70Hi	A30
X70Hj	A30
X70Hk	A30
X70Hl	A30
X70Hm	A30
X70Hn	A30
X70Ho	A30
X70Hp	A30
X70Hq	A30
X70Hr	A30
X70Hs	A30
X70Ht	A31
X70Hw	A31
X70Hx	A31
X70Hy	A31
X70Hz	A31
X70I0	A31
X70I1	A31
X70I2	A31
X70I3	A31
X70I4	A31
X70I5	A31
X70I6	A36
X70I8	A37
X70IC	A46
X70ID	A39
X70IJ	A35
X70IK	A35
X70IL	A35
X70IM	A35
X70IN	A35
X70IO	A35
X70IS	A48
X70IT	A42
X70IU	A42
X70IV	A42
X70IW	A42
X70IX	A42
X70IY	A42
X70IZ	A42
X70Ib	H04
X70Ic	A43
X70If	A48
X70Ig	A48
X70Ih	A48
X70Ii	A48
X70Ij	A48
X70Im	A48
X70In	A44
X70Io	A44
X70Ip	A44
X70Iq	A44
X70Ir	A44
X70Is	A44
X70It	A44
X70Iv	A80
X70Iw	A80
X70J0	A82
X70J1	A82
X70J2	A82
X70J3	A82
X70J4	A82
X70J6	B03
X70J7	B03
X70J8	B04
X70J9	B08
X70JE	P35
X70JF	B02
X70JG	B02
X70JI	B02
X70JJ	B02
X70JN	B02
X70JU	A60
X70JV	A60
X70JW	A60
X70JZ	B00
X70Jc	B08
X70Jd	B05
X70Je	B05
X70Jj	B06
X70Jk	D60
X70Jl	P35
X70Jt	A92
X70Jv	A92
X70Jw	A97
X70Jx	A92
X70Jy	A93
X70Jz	A93
X70K0	A93
X70K1	A98
X70K2	A98
X70K3	A92
X70K6	A92
X70K7	A92
X70K8	A92
X70K9	A92
X70KA	A92
X70KB	A92
X70KC	A92
X70KD	A92
X70KE	A92
X70KF	A92
X70KG	A92
X70KH	A92
X70KI	A92
X70KJ	A92
X70KK	A92
X70KL	A92
X70KM	A92
X70KN	A92
X70KO	A92
X70KP	A92
X70KQ	A92
X70KR	A92
X70KS	A92
X70KT	A92
X70KU	A92
X70KV	A92
X70KW	A92
X70KX	A92
X70KY	A92
X70KZ	A92
X70Ka	A92
X70Kb	A92
X70Kc	A92
X70Kd	A92
X70Ke	A92
X70Kf	A92
X70Kg	A92
X70Kh	A92
X70Ki	A92
X70Kj	A92
X70Kk	A92
X70Kl	A92
X70Ko	A93
X70Kp	A93
X70Kq	A93
X70Kr	A93
X70Ks	A93
X70Kt	A93
X70Ku	A93
X70Kv	A93
X70Kw	A93
X70Kx	A93
X70Ky	A93
X70Kz	A93
X70L0	A93
X70L1	A93
X70L3	B33
X70L5	A96
X70L6	A96
X70L8	A98
X70L9	A98
X70LA	A98
X70LD	B26
X70LE	B26
X70LF	B26
X70LN	B34
X70LO	B07
X70LP	B07
X70LQ	B07
X70LR	B07
X70LS	B07
X70LT	B07
X70LU	B07
X70LV	B07
X70LW	B07
X70LX	B07
X70LY	B07
X70LZ	A63
X70Lc	A63
X70Ld	D48
X70Lh	B34
X70Lm	B33
X70Ln	B08
X70Lq	A88
X70Lv	B27
X70M8	A50
X70M9	A50
X70MA	A50
X70MB	A50
X70MC	A50
X70MG	A50
X70MI	A51
X70MJ	A51
X70MK	A51
X70ML	A51
X70MM	A51
X70MN	A51
X70MO	A51
X70MP	A51
X70MQ	A51
X70MV	A52
X70MX	A52
X70Mb	A52
X70Mj	P39
X70Mn	A54
X70Mo	A54
X70Mp	A54
X70Mq	A54
X70Mr	A54
X70Ms	A51
X70Mu	A54
X70Mw	A54
X70N5	A54
X70N8	A54
X70N9	A54
X70NB	A57
X70NC	A57
X70ND	A57
X70NS	P39
X70NT	P39
X70NX	A63
X70NZ	A64
X70Nd	A63
X70Nf	A63
X70Nm	A59
X70No	A55
X70Np	A55
X70Nq	A55
X70Nt	A58
X70Nu	A58
X70Nv	A58
X70Ny	A63
X70O0	B24
X70O1	B22
X70O5	B23
X70O6	B23
X70OA	A75
X70OB	A77
X70OC	A77
X70OD	A77
X70OE	A77
X70OF	A77
X70OG	A77
X70OH	A77
X70OI	A79
X70OJ	A75
X70OK	A75
X70OL	A75
X70ON	A78
X70OQ	A44
X70OR	A48
X70OS	A48
X70OT	A48
X70OU	A79
X70OV	A79
X70OY	B60
X70OZ	B50
X70Ob	B53
X70Oc	B54
X70Od	B60
X70Oi	B60
X70Oj	B55
X70Ok	B55
X70Ol	B55
X70Om	B55
X70On	B55
X70Oo	B55
X70Op	B55
X70Oq	B55
X70Or	B55
X70Os	B55
X70Ot	B55
X70Ou	B55
X70Ov	B55
X70Ow	B55
X70Ox	B55
X70Oy	B55
X70Oz	B55
X70P0	B55
X70P1	B55
X70P2	B55
X70P3	B55
X70P4	B55
X70P6	B57
X70P7	B57
X70P8	B57
X70P9	B57
X70PA	B57
X70PB	B56
X70PD	B60
X70PG	A06
X70PI	A06
X70PL	A06
X70PQ	B60
X70PR	B58
X70PS	B58
X70PT	B60
X70PX	A69
X70PY	A69
X70PZ	A69
X70Pb	A69
X70Pc	A69
X70Ph	A27
X70Pi	A27
X70Pj	A27
X70Pk	A69
X70Pn	A66
X70Po	A66
X70Pp	A66
X70Pq	A66
X70Pr	A66
X70Ps	A66
X70Pt	A66
X70Pu	A66
X70Pv	A66
X70Pw	A66
X70Q0	A67
X70Q1	A67
X70Q2	A67
X70Q3	A67
X70Q4	A67
X70Q5	A67
X70Q6	A67
X70Q7	A67
X70Q9	A65
X70QA	A65
X70QB	A65
X70QC	A65
X70QD	A65
X70QE	A65
X70QF	A65
X70QG	B49
X70QH	B49
X70QI	B49
X70QJ	B36
X70QK	B47
X70QM	B35
X70QN	B35
X70QO	B35
X70QP	B35
X70QQ	L73
X70QR	A48
X70QS	B35
X70QT	B35
X70QU	B35
X70QV	B44
X70QW	B44
X70QZ	B44
X70Qb	B44
X70Qe	B44
X70Qf	B37
X70Qi	B37
X70Qk	B37
X70Qo	B37
X70Qp	B37
X70Qq	B37
X70Qr	B37
X70Qs	L22
X70Qt	B37
X70Qu	B37
X70Qv	B37
X70Qw	B37
X70Qz	B37
X70R0	B37
X70R1	B37
X70R7	B37
X70R8	B37
X70RB	B37
X70RC	B37
X70RG	B38
X70RH	B41
X70RI	B38
X70RK	B39
X70RL	B39
X70RZ	B39
X70Ra	B39
X70Rh	B40
X70Ri	B41
X70Rj	B48
X70Rk	B48
X70Rl	B48
X70Rm	B48
X70Rn	B48
X70Ro	B48
X70Rp	B48
X70Rq	B48
X70Rr	B48
X70Rs	B42
X70Rt	B42
X70Ru	B42
X70Rv	B36
X70Rw	B36
X70Rx	B36
X70Ry	B48
X70S0	B43
X70S2	B43
X70S3	B43
X70S4	B43
X70S7	B43
X70S8	B48
X70S9	B48
X70SA	B48
X70SB	B48
X70SC	B48
X70SI	B46
X70SJ	B46
X70SK	B46
X70SL	B46
X70SM	B46
X70SN	B46
X70SO	B46
X70SP	B46
X70SS	B65
X70ST	B65
X70SU	B65
X70SW	B65
X70SX	B65
X70SY	C83
X70Se	B65
X70Sf	B66
X70Sg	B66
X70Sh	B66
X70Si	B66
X70Sl	B66
X70Sm	B66
X70Sn	B66
X70So	B66
X70Sp	B66
X70Sq	B66
X70Sr	B66
X70Ss	B66
X70St	B66
X70Su	B66
X70Sv	B66
X70Sw	B66
X70Sx	B66
X70Sy	B66
X70Sz	B66
X70T0	B66
X70T2	B66
X70T3	B71
X70T5	B67
X70TA	B71
X70TB	B71
X70TC	B71
X70TD	B71
X70TE	B71
X70TF	B71
X70TH	B67
X70TI	B71
X70TL	B70
X70TN	B74
X70TO	B74
X70TP	B74
X70TQ	B74
X70TR	B74
X70TU	B74
X70TV	B74
X70TW	B74
X70TX	B74
X70TY	B74
X70Tb	B74
X70Tc	B74
X70Td	B74
X70Te	B74
X70Tf	B74
X70Tj	B74
X70Tp	B73
X70Tt	B74
X70Tu	B74
X70Tv	B74
X70Tw	B72
X70Tx	B72
X70Ty	B74
X70Tz	B74
X70U0	B74
X70U1	B74
X70U2	B74
X70U3	B74
X70U6	B76
X70U7	B76
X70U8	B76
X70U9	B76
X70UG	B76
X70UJ	B83
X70UP	B81
X70UQ	B83
X70UR	B83
X70UU	B75
X70UV	B75
X70UX	B81
X70UY	B83
X70UZ	B81
X70Ub	B83
X70Uc	B81
X70Ud	B81
X70Ue	B81
X70Uf	B83
X70Ug	B83
X70Uh	B83
X70Uj	B83
X70Ul	B83
X70Um	B83
X70Up	B87
X70Ur	B87
X70Uv	B86
X70Uw	B86
X70Ux	B86
X70Uy	B88
X70Uz	B88
X70V0	B88
X70V2	B88
X70V3	B88
X70V4	B88
X70V5	B88
X70V6	B88
X70V7	B88
X70V8	B88
X70V9	B88
X70VA	L98
X70VC	B88
X70VL	B88
X70VM	B88
X70VN	L30
X70VQ	B88
X70VR	B88
X70VS	B88
X70VT	B88
X70VU	B88
X70VV	B66
X70VW	B88
X70VX	B88
X70VY	B88
X70u9	B82
X70wB	D84
X70xe	D48
X73Il	A26
X73Ru	A04
X75If	I77
X75YS	G40
X75YT	G40
X75YU	G40
X75YV	F40
X75YW	G40
X75YY	G40
X75YZ	G40
X75Ya	G40
X75Yb	G40
X75Yc	G40
X75Yd	G40
X75Ye	G40
X75Yf	G40
X75Yg	G40
X75Yi	G40
X75Yj	G40
X75Yk	G40
X75Yl	G40
X75Ym	G40
X75Yn	F44
X75Yo	F44
X75Yp	F44
X75Yq	G40
X75Yr	G40
X75Ys	G40
X75Yt	G40
X75Yu	G40
X75Yv	G40
X75Yx	G40
X75Yy	G40
X75Yz	G40
X75Z1	G40
X75Z2	G40
X75Z3	G40
X75Z4	G40
X75Z5	G40
X75Z6	G40
X75Z7	G40
X75Z8	G40
X75Z9	G40
X75ZA	G40
X75ZC	G40
X75ZD	G40
X75ZE	G40
X75ak	M54
X75at	G56
X75bA	H51
X75bE	H02
X75bQ	H54
X75bS	H53
X75bT	H53
X75bY	H53
X75bZ	H53
X75ba	H53
X75bb	H53
X75bc	H53
X75bd	H53
X75be	H53
X75bf	H53
X75bj	H53
X75bk	H53
X75br	H53
X75bs	H53
X75bt	H53
X75bu	H53
X75bx	H53
X75by	H53
X75bz	H53
X75c0	H53
X75c1	H53
X75c2	H53
X75c4	H53
X75c5	H53
X75c7	H35
X75c8	H53
X75c9	H53
X75cA	H53
X75cB	H53
X75cC	H53
X75cD	H53
X75cK	H53
X75cM	H53
X75cO	H53
X75cP	H53
X75cQ	H53
X75cR	H57
X75cS	H44
X75cT	H11
X75cV	H21
X75cW	H11
X75cX	H57
X75cZ	H44
X75ca	H44
X75d8	H50
X75dA	H51
X75dE	H53
X75dG	H51
X75dM	H50
X75dN	H50
X75dO	H50
X75dP	H50
X75dQ	H50
X75dR	H50
X75dS	H50
X75dT	H50
X75dU	H50
X75dV	H50
X75dW	H50
X75dX	H50
X75dY	H50
X75dZ	H50
X75da	H50
X75db	H50
X75dc	H50
X75de	H50
X75df	H50
X75dg	H50
X75dh	H50
X75di	H50
X75dj	H50
X75dk	H50
X75dl	H50
X75dm	H50
X75dp	H50
X75dq	H50
X75dt	H51
X75du	H55
X75dv	H55
X75dw	H55
X75dx	H55
X75dy	H55
X75dz	H55
X75e0	H55
X75e1	H55
X75e2	H55
X75e3	H55
X75e6	H55
X75e7	H47
X75e8	H47
X75e9	H47
X75eB	H47
X75eH	H51
X75eL	H51
X75eO	H51
X75eX	H55
X75eY	G51
X75ea	H53
X75ed	H55
X75ej	H53
X75ek	H53
X75el	H50
X75ey	Q10
X75ez	H02
X75f0	H02
X75f1	H02
X75f4	H44
X75f6	H11
X75f7	H11
X75fA	H02
X75fB	H02
X75fE	H02
X75fF	H02
X75fG	H02
X75fN	H02
X75fO	H02
X75fP	H02
X75fT	H49
X75fU	H49
X75fV	H02
X75fX	H02
X75fY	H02
X75fc	L90
X75fe	Q10
X75ff	H02
X75fh	E65
X75fi	H05
X75fj	H02
X75fm	H02
X75fq	H02
X75g1	H04
X75g2	H04
X75g3	H04
X75g4	H04
X75g6	H04
X75gB	H04
X75gD	H04
X75gJ	H04
X75gK	H04
X75gL	H04
X75gM	H04
X75gP	H04
X75gV	H18
X75gW	H18
X75gX	H11
X75ga	H11
X75gd	H11
X75ge	H11
X75gf	H11
X75gg	H11
X75gh	H11
X75gk	H04
X75go	H11
X75gq	H16
X75gr	H18
X75gs	H18
X75gt	H18
X75gu	H11
X75gv	H18
X75h1	H11
X75h3	H11
X75h4	H11
X75h5	H11
X75h6	H11
X75h7	H11
X75h8	H10
X75h9	D31
X75hN	H05
X75hP	H44
X75hR	Q11
X75hV	H18
X75ha	H16
X75hb	H18
X75hc	H18
X75hg	H47
X75hh	H46
X75hj	H18
X75hk	H18
X75hp	H18
X75hr	H18
X75hs	H18
X75ht	H18
X75hu	H18
X75hw	H18
X75hx	H18
X75hy	H18
X75i2	H18
X75i3	H18
X75i4	H18
X75i5	H16
X75i7	H16
X75iE	H35
X75iG	H16
X75iI	H16
X75iN	H18
X75iP	H18
X75iQ	H18
X75iR	H18
X75iT	H18
X75iU	H18
X75iV	H18
X75iZ	H17
X75ia	H18
X75ib	H18
X75ic	H18
X75id	H18
X75ij	H11
X75il	H15
X75in	H15
X75ip	H15
X75iq	H15
X75ir	H15
X75j0	H21
X75j1	H20
X75j4	H16
X75j6	H18
X75j7	H21
X75j8	H21
X75jA	H21
X75jB	H21
X75jC	H21
X75jD	H21
X75jE	H21
X75jF	H44
X75jI	H44
X75jJ	H21
X75jM	H57
X75jN	H57
X75jO	H57
X75jT	H21
X75jb	H21
X75jd	H58
X75jh	H57
X75jl	H21
X75jt	H21
X75ju	H21
X75jv	H21
X75jx	H21
X75jz	H21
X75k0	H21
X75k2	H21
X75k3	H21
X75k6	H21
X75k8	H21
X75k9	H21
X75kA	H21
X75kC	H21
X75kE	H21
X75kG	H21
X75kH	H21
X75kN	H27
X75kQ	Q12
X75kR	Q12
X75kX	H26
X75kY	Q12
X75kZ	Q12
X75ka	Q12
X75kb	H26
X75kd	H25
X75ke	H27
X75kh	H26
X75ki	H26
X75kj	H26
X75kk	H26
X75kl	H26
X75km	H26
X75kn	H26
X75ko	H25
X75kp	H26
X75ku	H27
X75kv	H27
X75kw	H27
X75kz	H27
X75l0	H27
X75l6	H43
X75l7	H43
X75l9	H43
X75lD	H43
X75lK	H43
X75lN	H43
X75lO	H44
X75lP	H44
X75lQ	H44
X75lU	H35
X75lV	H43
X75lW	H43
X75lY	H47
X75lZ	H35
X75la	H35
X75lb	H33
X75lc	Q14
X75lg	H35
X75lh	H35
X75li	H30
X75ln	H35
X75lo	H35
X75lp	H35
X75lq	H53
X75lr	H35
X75lw	H35
X75lx	H35
X75lz	H35
X75m0	H35
X75m1	H35
X75m2	H53
X75m3	H35
X75m8	H34
X75m9	H35
X75mA	H35
X75mB	H35
X75mC	H35
X75mD	Q14
X75mE	H35
X75mF	Q14
X75mG	Q14
X75mK	H35
X75mL	H35
X75mM	H35
X75mN	H35
X75mO	H35
X75mP	H35
X75mQ	H35
X75mR	Q14
X75mT	H35
X75mU	H35
X75mV	H35
X75mW	H35
X75mX	H35
X75mY	H35
X75mb	H35
X75mc	H35
X75md	H35
X75me	H31
X75mf	H31
X75mg	H35
X75mk	H35
X75mm	H31
X75mn	H35
X75mo	H35
X75mp	H35
X75mr	H35
X75mt	H35
X75mu	H35
X75mw	H35
X75mx	H35
X75my	H31
X75n0	H35
X75n1	H35
X75n2	H35
X75n7	H33
X75nB	H33
X75nC	H33
X75nD	H33
X75nE	H33
X75nH	H33
X75nI	H33
X75nJ	H33
X75nK	H33
X75nL	H33
X75nN	H31
X75nQ	H35
X75nS	H35
X75nZ	H35
X75na	H35
X75nc	H35
X75nd	H35
X75ne	H35
X75nf	H35
X75ng	H35
X75nh	H31
X75ni	H35
X75nj	H31
X75nk	H31
X75nm	H31
X75nn	H35
X75no	H35
X75nq	H31
X75nt	H31
X75nu	H31
X75nz	H57
X75o1	H47
X75o7	H35
X75o9	H47
X75oA	H47
X75oB	H47
X75oC	Q14
X75oD	H35
X75oF	H35
X75oG	H35
X75oH	H47
X75oI	H47
X75oJ	H47
X75oK	H47
X75oL	H47
X75oM	H47
X75oN	H47
X75oO	H47
X75oR	H47
X75oV	H47
X75oW	H47
X75oZ	H47
X75oa	H47
X75ob	H47
X75oc	H47
X75od	H47
X75ol	H93
X75ot	H61
X75ou	H61
X75pM	H73
X75pP	H74
X75pQ	H74
X75pS	H73
X75pT	H73
X75pZ	H72
X75pa	H73
X75pg	H74
X75pu	H93
X75pv	H93
X75qM	H91
X75qp	J39
X75r1	H93
X75r2	H93
X75rH	H57
X75rT	K00
X75rX	N64
X75rp	M79
X75rq	M89
X75rs	M79
X75rt	M79
X75rw	F45
X75rx	M79
X75ry	M54
X75s1	M54
X75s2	M35
X75s3	M54
X75s4	M25
X75s5	M62
X75s6	M62
X75s9	M25
X75sA	M79
X75sB	M79
X75sC	M79
X75sD	M79
X75sE	M79
X75sa	M79
X75sg	G57
X75sh	G57
X75si	G57
X75sj	G57
X75sl	G54
X75sn	G58
X75sq	G58
X75sr	G58
X75ss	G58
X75st	G58
X75su	G58
X75sy	M79
X75t2	G96
X75t3	G96
X75tN	O47
X75tP	O92
X75tZ	N48
X75ta	N94
X75tq	L98
X75ty	L53
X75tz	L98
X75u0	L98
X75u3	L98
X75u8	L98
X75uD	L98
X75uE	L94
X75uF	D22
X75uI	D22
X75uJ	L90
X75uM	L90
X75uR	L70
X75uS	L70
X75uX	L50
X75ua	I78
X75ub	Q82
X75uc	Q82
X75ud	Q82
X75v5	L60
X75v7	L60
X75v9	L60
X75vB	L60
X75vC	L60
X75vD	L60
X75vI	L60
X75vL	L60
X75vN	L60
X75vO	L60
X75vQ	F98
X75vU	L60
X75vX	L60
X75vZ	L60
X75va	L60
X75vc	L60
X75ve	L60
X75vg	L03
X75vh	L03
X75vn	L85
X75vo	L60
X75vz	Q10
X75w3	E30
X75wB	L73
X75wE	L65
X75wM	L75
X75wO	L67
X75wQ	Q84
X75wS	L67
X75wf	L67
X75wk	L67
X75wn	L67
X75wq	H01
X75xa	F44
X75yW	F16
X75z4	F22
X75z7	F22
X760m	N89
X761L	F38
X761M	F21
X761d	F40
X761n	F40
X761q	F40
X761t	F40
X761u	F40
X761y	F40
X7627	F40
X7628	F40
X7629	F40
X762A	F40
X762C	F40
X762E	F40
X762F	F40
X762G	F40
X762H	F40
X762T	F40
X762U	F45
X762V	F45
X762W	F45
X762X	F45
X762Y	F45
X762c	F42
X762d	F42
X762e	F42
X762f	F42
X762g	F42
X762h	F42
X762i	F42
X762j	F42
X762l	F42
X762m	F42
X762n	F42
X762p	F42
X762q	F42
X763T	F20
X763t	F45
X763x	F98
X763y	F98
X763z	F98
X7640	F98
X7641	F98
X7642	F98
X764A	F51
X764B	F51
X764C	F51
X764D	F51
X764E	F51
X764F	F51
X764G	F51
X764H	F51
X764I	F51
X764J	F51
X764L	F42
X764O	F42
X764P	F42
X764Q	F42
X764X	F90
X7651	F91
X765b	F34
X765r	F69
X7667	F91
X7668	F91
X766k	F66
X766u	F52
X766x	F52
X7670	F52
X7679	F65
X767A	F65
X767B	F65
X767C	F65
X767E	F65
X767J	F48
X767K	F65
X767U	F50
X767V	F19
X767Z	F50
X768j	K13
X768k	K13
X768w	L55
X768y	L98
X768z	L98
X7691	E22
X7694	Q90
X7695	Q75
X7696	G71
X7699	A50
X76AE	G47
X76AO	G47
X76AR	G47
X76BE	E41
X76BI	Q77
X76BU	E66
X76BV	E66
X76Bj	E63
X76Bm	E34
X76Ch	Q75
X76Cy	Q75
X76D2	Q75
X76DB	K07
X76DD	K07
X76DE	K07
X76DM	Q82
X76DN	Q82
X76DQ	L53
X76DR	L53
X76Dy	B54
X76Dz	B54
X76E1	B50
X76E2	B52
X76EN	D35
X76F2	H04
X76F5	H47
X76F9	I89
X76FB	E04
X76FE	M25
X76FK	I86
X76FM	I86
X76Fa	I89
X76Fc	H18
X76Fd	H18
X76Ff	H18
X76Fg	H18
X76Fh	H35
X76Fi	H35
X76Fk	H47
X76Fn	N50
X76Fq	H21
X76Fr	H21
X76Fs	H21
X76Ft	H21
X76Fu	H21
X76Fz	H02
X76G3	I33
X76G5	M15
X76G6	N89
X76H6	J98
X76H7	J98
X76Je	I49
X76Jf	I49
X76Jg	I49
X76Jh	I45
X76KE	I35
X76KF	I37
X76KI	I34
X76KK	I34
X76KN	I38
X76KO	I38
X76KP	I35
X76KQ	I37
X76KR	I38
X76KS	I34
X76KT	I35
X76KU	I07
X76KV	I07
X76KX	I34
X76Kn	J93
X76Kx	I87
X76Ky	I87
X76L5	Q27
X76LB	I78
X76LC	D69
X76LD	D69
X76LJ	I87
X76LV	I87
X76LW	I87
X76LY	I83
X76LZ	I86
X76Lf	I87
X76Lh	I80
X76Lj	I99
X76Lk	I73
X76Ll	I73
X76Lp	I99
X76Lr	I99
X76M2	F52
X76M3	F52
X76M5	N89
X76MF	F52
X76Ma	F52
X76Mb	F52
X76Mc	F52
X76Md	F52
X76Me	F52
X76Mf	F52
X76Mg	F52
X76Mh	F52
X76Mi	F52
X76Mm	E30
X76Mn	E30
X76Mo	N62
X76Mx	N62
X76N6	N61
X76N9	Q83
X76NB	Q83
X76Nb	N64
X76Nq	Q52
X76Nr	Q52
X76Ns	Q52
X76Nt	Q52
X76Nu	N89
X76O6	N90
X76OD	Q52
X76OG	Q52
X76OK	N89
X76OU	N84
X76OX	N82
X76Og	O03
X76Om	N89
X76Ot	N89
X76Ox	N94
X76PR	N88
X76PV	O03
X76Ps	N90
X76Q5	N92
X76QB	N94
X76QD	N94
X76QH	N92
X76QS	N94
X76QX	N95
X76QY	N93
X76QZ	N93
X76Qa	N93
X76Qc	N93
X76Qf	N92
X76Qg	N93
X76S6	P05
X76SJ	O32
X76SK	O32
X76TE	O32
X76TF	O32
X76TG	O32
X76Ud	O63
X76Uj	O63
X76V7	O63
X76VI	O43
X76VJ	O43
X76VM	O43
X76Vk	O75
X76Vu	O90
X76W1	O90
X76W2	O90
X76WD	O71
X76WE	O71
X76WF	O71
X76WX	Q55
X76Wp	Q55
X76Wq	N48
X76Ww	N47
X76Wz	N47
X76X0	Q55
X76X5	N47
X76X6	N47
X76X7	N47
X76Y1	N32
X76YI	N50
X76YJ	N36
X76YL	N35
X76Yc	J34
X76Yh	Q30
X76Yi	Q30
X76Yk	Q30
X76Ym	Q30
X76ZM	J34
X76ZQ	J34
X76ZU	J34
X76Zk	Q75
X76Zy	Q38
X76aC	Q38
X76aD	Q38
X76aL	J35
X76aS	J32
X76ad	K13
X76ae	K13
X76af	K13
X76ax	K06
X76b4	K13
X76b6	K06
X76b7	K06
X76b8	K06
X76bA	J35
X76bB	J35
X76bI	K11
X76bO	J38
X76bP	J38
X76bS	J38
X76bW	J38
X76bX	J38
X76bd	J38
X76bf	J38
X76bu	J38
X76bv	J38
X76bw	J38
X76bx	J38
X76by	J38
X76c1	J38
X76c2	J38
X76c3	J38
X76c7	J38
X76cn	K21
X76cr	K92
X76dF	F50
X76dQ	P20
X76dS	K58
X76dY	L98
X76ep	K62
X76eu	K62
X76ez	N42
X76fH	B82
X76fR	K62
X76fW	K64
X76fc	Q43
X76fg	K62
X76fs	Q43
X76ft	K62
X76fv	K64
X76fx	K64
X76fy	K64
X76fz	K64
X76g2	K62
X76gB	Q18
X76gO	Q74
X76gP	Q74
X76gd	Q76
X76gi	Q77
X76gn	M95
X76gz	M40
X76h0	Q76
X76h1	Q76
X76h2	Q76
X76h3	M43
X76h4	M43
X76h5	M43
X76hE	Q74
X76hG	K45
X76hH	L05
X76hK	Q74
X76hX	M21
X76hk	M21
X76hl	M21
X76ht	M62
X76hu	E83
X76hw	Q68
X76i2	Q70
X76i8	Q68
X76iE	M62
X76iF	Q74
X76iG	Q72
X76iL	M21
X76if	Q66
X76ij	Q66
X76im	Q66
X76iq	Q66
X76j3	M21
X76jG	M62
X76jI	M62
X76je	G82
X76lW	K14
X76lb	Q38
X76li	Q38
X76lj	Q38
X76lm	Q38
X76lp	M62
X76ls	G12
X76md	M25
X76me	M25
X76mf	M25
X76mg	M25
X76mh	M25
X76mi	M25
X76mj	M25
X76mk	M62
X76ml	M53
X76mm	M25
X76n9	G81
X76nA	M62
X76nB	M62
X76nC	M62
X76nD	M62
X76nE	M62
X76nF	Q67
X76nH	M62
X76nL	M62
X76nP	M62
X76nQ	M62
X76nR	G83
X76nS	G83
X76nT	M62
X76nl	F95
X76pp	F44
X76pq	F44
X76px	G20
X76qI	G24
X76qN	M62
X76qQ	M62
X76qR	M62
X76qS	M62
X76qY	M62
X76qZ	G51
X76qa	G25
X76qi	M62
X76qm	M25
X76qp	M84
X76qq	M84
X76qt	M25
X76r7	M23
X76r9	M23
X76rA	M23
X76rB	M23
X76rC	M23
X76rD	M23
X76rF	M22
X76rG	M22
X76rN	M24
X76rO	M24
X76rV	M25
X76rW	M25
X76rX	M25
X76rY	M25
X76re	M13
X76rf	M13
X76rg	M13
X76rh	M13
X76ri	M13
X76rj	M13
X76rk	M13
X76rq	M67
X76rr	M67
X76rt	M67
X76ru	M65
X76tW	O28
X76tz	E78
X76u4	D64
X76uX	D72
X76ub	D75
X76ux	D70
X76uy	D70
X76v0	L92
X76vs	D75
X76wp	D66
X76zv	M65
X776Q	I51
X776w	I51
X776x	I51
X7775	I51
X7776	I51
X7777	I51
X777f	Q23
X777g	Q23
X777h	Q23
X777i	I35
X777k	I35
X777l	I35
X777q	I34
X777r	I34
X777w	I34
X777x	Q23
X777y	Q23
X7780	Q23
X7782	I09
X7783	I09
X7784	I05
X7787	I05
X7788	I05
X778A	I34
X778D	I37
X778E	I37
X778j	Q25
X778p	I28
X778u	I28
X779A	I51
X779H	Q28
X779I	Q28
X779J	Q28
X779u	I49
X779v	I45
X779w	I45
X779x	I45
X779y	I45
X77A0	I49
X77A2	I49
X77A3	I44
X77A6	I45
X77AE	I45
X77AF	I49
X77AG	I45
X77AN	I44
X77AW	I44
X77AX	I44
X77Ab	I45
X77Ae	I45
X77Af	I45
X77Ag	I45
X77Ah	I45
X77BC	I49
X77BD	I49
X77BF	I49
X77BI	I49
X77BJ	I49
X77BO	I47
X77BQ	I47
X77BS	I47
X77BT	I47
X77BU	I47
X77BV	I47
X77BW	I47
X77BX	I47
X77Ba	I49
X77Bb	I49
X77Be	I49
X77Bg	I44
X77Bh	I49
X77Bi	I47
X77Bj	I47
X77Bk	I44
X77Bl	I49
X77Bm	I49
X77Bo	I49
X77Bp	I44
X77Bq	I49
X77Bs	I49
X77Bt	I49
X77Bv	I49
X77Bw	I49
X77Bx	I49
X77By	I49
X77Bz	I49
X77C1	I49
X77C2	I49
X77C3	I49
X77C4	I49
X77C6	I49
X77C7	I49
X77C8	I49
X77C9	I49
X77CA	I49
X77FO	K07
X77Fx	K04
X77HQ	K90
X77HR	E74
X77HS	E74
X77Hs	M25
X77JW	M62
X77Jb	G25
X77MH	N97
X77Mx	H04
X77My	H04
X77Mz	H04
X77N0	H04
X77NU	Q13
X77NV	H21
X77NY	H21
X77NZ	H21
X77Nb	D48
X77O0	H53
X77O1	H53
X77O2	H53
X77O3	H53
X77O4	H35
X77OP	H52
X77OQ	H52
X77TI	N36
X77TM	N36
X77TP	N36
X77TX	N13
X77TY	N13
X77Th	N48
X77Ti	N48
X77Ur	I99
X77ms	I74
X77n4	D06
X77nD	D23
X77nQ	C80
X77nR	C44
X77nS	D37
X77nT	C34
X77nW	D37
X77nX	C25
X77nZ	D48
X77nb	D35
X77nc	D35
X77nd	D35
X77nj	C24
X77nk	C22
X77nm	D23
X77nn	D23
X77oB	D13
X77oC	D44
X77oD	D44
X77oF	D35
X77oL	C43
X77oR	D22
X77oW	C44
X77oX	C44
X77oZ	D48
X77ob	C49
X77od	D17
X77ou	C45
X77p4	D48
X77pn	D36
X77pw	C47
X77px	C47
X77q4	C71
X77q9	Q07
X77qB	Q75
X77qC	Q01
X77qD	Q01
X77qE	Q01
X77qF	Q01
X77qG	Q01
X77qH	Q01
X77qI	Q01
X77qJ	Q75
X77qK	Q01
X77qL	Q01
X77qM	Q01
X77qN	Q01
X77qO	Q05
X77qQ	Q05
X77qW	Q07
X77qX	Q05
X77qY	Q05
X77qZ	D17
X77qb	Q01
X77qe	Q06
X77qf	Q06
X77qg	Q85
X77qh	Q06
X77qi	Q06
X77qj	Q07
X77qk	Q02
X77ql	Q02
X77qm	G91
X77qo	Q03
X77qq	Q04
X77qr	Q04
X77qs	Q04
X77qt	Q04
X77qv	Q04
X77qw	Q04
X77qx	G31
X77qy	Q04
X77r1	Q04
X77r2	Q07
X77r3	Q04
X77r4	Q04
X77r5	Q04
X77r6	Q04
X77r7	Q04
X77r8	Q04
X77r9	Q04
X77rA	Q04
X77rB	Q04
X77rC	Q07
X77rD	Q04
X77rE	Q04
X77rF	Q04
X77rJ	G96
X77rK	G96
X77rL	Q05
X77rN	Q07
X77rO	Q04
X77rP	Q04
X77rQ	Q04
X77rR	Q04
X77rT	Q04
X77rU	Q04
X77rV	Q04
X77rW	Q04
X77rX	Q04
X77rY	Q04
X77ra	Q04
X77rb	Q04
X77rc	Q04
X77rd	Q04
X77re	Q04
X77rg	Q67
X77rh	Q04
X77ri	K00
X77rj	Q04
X77rk	Q07
X77rl	Q07
X77rm	Q07
X77rn	Q07
X77ro	Q07
X77rp	G96
X77rr	Q76
X77rs	Q76
X77rt	Q87
X77rw	D17
X77ry	Q28
X77s0	Q28
X77s1	Q28
X77s2	Q28
X77s3	Q28
X77s5	Q04
X77s6	Q04
X77s7	Q04
X77s8	Q04
X77sA	Q10
X77sB	Q18
X77sC	Q18
X77sD	Q18
X77sE	Q18
X77sF	Q15
X77sH	Q10
X77sI	Q10
X77sJ	Q10
X77sK	Q10
X77sO	Q10
X77sP	Q10
X77sQ	Q10
X77sR	Q10
X77sS	Q10
X77sU	Q12
X77sW	Q12
X77sX	Q12
X77sY	Q12
X77sZ	Q12
X77sa	Q12
X77sd	Q13
X77se	Q13
X77sf	Q13
X77sg	Q13
X77sk	Q13
X77sl	Q12
X77sm	Q13
X77sn	Q13
X77so	Q13
X77sp	Q13
X77sq	Q89
X77sr	Q14
X77ss	Q14
X77sz	Q14
X77t0	Q14
X77t4	Q15
X77t6	Q10
X77t7	Q10
X77t8	Q10
X77t9	Q10
X77tC	Q16
X77tE	Q17
X77tF	Q17
X77tK	Q17
X77tL	Q17
X77tM	Q17
X77tN	Q16
X77tO	Q17
X77tS	Q18
X77tT	Q18
X77tU	Q18
X77tX	Q22
X77tY	I42
X77tZ	Q24
X77ta	Q21
X77td	Q24
X77te	Q24
X77tf	Q24
X77tg	Q24
X77th	Q24
X77ti	Q20
X77tj	Q89
X77tk	Q20
X77tl	Q24
X77tm	Q20
X77to	Q20
X77tp	Q20
X77tq	Q21
X77tr	Q20
X77tt	Q20
X77tu	Q20
X77tv	Q20
X77tw	Q20
X77tx	Q20
X77ty	Q20
X77tz	Q20
X77u0	Q20
X77u1	Q20
X77u2	Q20
X77u3	Q20
X77u4	Q20
X77u5	Q23
X77u6	Q20
X77u7	Q20
X77u8	Q20
X77u9	Q20
X77uA	Q20
X77uB	Q20
X77uC	Q20
X77uH	Q20
X77uI	Q20
X77uJ	Q24
X77uL	Q25
X77uM	Q25
X77uN	Q25
X77uQ	Q26
X77uR	Q26
X77uS	Q26
X77uT	Q26
X77uV	Q26
X77uW	Q26
X77uX	Q26
X77uY	Q26
X77uZ	Q26
X77ua	I87
X77ub	Q26
X77uc	Q26
X77ud	Q26
X77ue	Q26
X77uf	Q26
X77ug	Q26
X77uh	Q26
X77ui	Q26
X77uj	Q26
X77uk	Q26
X77ul	Q26
X77um	Q26
X77un	Q26
X77up	Q21
X77uq	Q24
X77ur	Q24
X77us	Q24
X77ut	Q24
X77uu	Q24
X77uv	Q26
X77uw	Q26
X77ux	Q26
X77uy	Q26
X77uz	Q21
X77v0	Q20
X77v1	Q20
X77v2	Q20
X77v3	Q20
X77v4	Q20
X77v5	Q26
X77v6	I87
X77v7	Q26
X77v8	Q24
X77v9	Q24
X77vA	Q20
X77vB	Q20
X77vC	Q20
X77vD	Q20
X77vE	I42
X77vF	Q20
X77vI	Q20
X77vJ	Q20
X77vK	Q24
X77vL	Q20
X77vM	Q20
X77vN	Q20
X77vO	Q20
X77vP	I25
X77vQ	I42
X77vR	Q20
X77vU	Q20
X77vV	Q21
X77vW	Q21
X77vX	Q24
X77vY	Q21
X77va	Q21
X77vb	Q21
X77vd	Q21
X77vg	Q21
X77vh	Q21
X77vi	Q21
X77vm	Q22
X77vn	Q22
X77vo	Q22
X77vr	Q22
X77vs	Q22
X77vt	Q22
X77vu	Q22
X77vv	Q22
X77vx	Q22
X77vz	Q22
X77w0	Q22
X77w1	Q22
X77w2	Q22
X77w3	Q22
X77w4	Q22
X77w5	Q22
X77w6	Q22
X77w7	Q22
X77w8	Q22
X77w9	Q22
X77wB	Q23
X77wD	Q23
X77wE	Q23
X77wF	Q23
X77wH	Q23
X77wI	Q23
X77wJ	Q23
X77wL	Q23
X77wM	Q23
X77wN	Q23
X77wO	Q23
X77wQ	Q23
X77wS	Q23
X77wT	Q23
X77wU	Q23
X77wV	Q23
X77wW	Q23
X77wX	Q23
X77wY	Q23
X77wZ	Q23
X77wa	Q23
X77wb	Q23
X77wc	Q21
X77we	Q21
X77wf	Q21
X77wg	Q21
X77wh	Q21
X77wi	Q21
X77wj	Q21
X77wk	Q21
X77wl	Q21
X77wm	Q21
X77wn	Q21
X77wo	Q21
X77wp	Q24
X77wq	Q21
X77wt	Q24
X77ww	Q24
X77wx	Q24
X77x1	Q24
X77x2	Q24
X77x6	Q24
X77x7	Q24
X77x8	Q24
X77x9	Q24
X77xB	Q24
X77xD	Q24
X77xE	Q24
X77xF	Q24
X77xG	Q22
X77xH	Q22
X77xI	Q22
X77xJ	Q22
X77xK	Q22
X77xM	Q22
X77xN	Q22
X77xP	Q22
X77xQ	Q22
X77xR	Q22
X77xS	Q22
X77xT	Q22
X77xV	Q22
X77xW	Q22
X77xX	Q22
X77xY	Q24
X77xZ	Q24
X77xa	Q24
X77xb	Q22
X77xc	Q24
X77xd	Q24
X77xe	Q22
X77xf	Q24
X77xg	Q24
X77xh	Q24
X77xi	Q23
X77xj	Q23
X77xk	Q23
X77xl	Q23
X77xm	Q23
X77xo	Q23
X77xp	Q23
X77xr	Q23
X77xs	Q23
X77xt	Q23
X77xu	Q23
X77xv	Q23
X77xx	Q23
X77xy	Q23
X77xz	Q23
X77y0	Q24
X77y1	Q24
X77y2	Q24
X77y3	Q24
X77y4	Q24
X77y5	Q24
X77y6	Q23
X77y7	Q24
X77y8	Q24
X77y9	Q24
X77yA	Q21
X77yB	Q21
X77yC	Q21
X77yD	Q21
X77yE	Q21
X77yF	Q20
X77yG	Q24
X77yH	Q24
X77yI	Q24
X77yJ	Q24
X77yK	Q24
X77yN	I42
X77yO	Q20
X77yP	Q24
X77yQ	Q24
X77yR	Q20
X77yS	Q24
X77yT	Q24
X77yU	Q24
X77yV	Q24
X77yW	Q24
X77yX	Q24
X77yY	Q24
X77yZ	Q24
X77ya	Q24
X77yb	Q24
X77yc	Q24
X77yd	Q24
X77yg	Q24
X77yh	I42
X77yi	Q24
X77yj	Q20
X77yk	Q24
X77yl	Q24
X77ym	Q24
X77yn	Q21
X77yr	Q21
X77ys	Q21
X77yt	Q21
X77yu	Q21
X77yv	Q21
X77yw	Q21
X77yx	Q21
X77yy	Q21
X77yz	Q21
X77z0	Q21
X77z1	Q21
X77z2	Q21
X77z3	Q21
X77z4	Q21
X77z5	Q21
X77z6	Q21
X77z7	Q21
X77z8	Q21
X77z9	Q21
X77zA	Q21
X77zB	Q21
X77zD	Q24
X77zE	Q24
X77zF	Q24
X77zG	Q24
X77zH	Q24
X77zK	Q25
X77zL	Q24
X77zM	Q24
X77zQ	Q24
X77zR	Q22
X77zS	Q22
X77zT	Q22
X77zU	Q22
X77zV	Q22
X77zX	Q22
X77zZ	Q22
X77za	Q22
X77zb	I37
X77zc	Q22
X77zf	Q24
X77zg	Q24
X77zh	Q22
X77zi	Q22
X77zj	Q22
X77zk	Q22
X77zm	Q23
X77zn	Q23
X77zo	Q23
X77zp	Q23
X77zr	Q23
X77zs	Q23
X77zu	Q23
X77zv	Q23
X77zw	Q23
X77zx	Q23
X77zy	Q23
X77zz	Q23
X7800	Q23
X7801	Q23
X7803	Q25
X7804	Q25
X7807	Q20
X7808	Q20
X7809	Q20
X780A	Q21
X780B	Q25
X780D	Q25
X780E	Q25
X780F	Q25
X780G	Q25
X780H	Q25
X780I	Q25
X780J	Q25
X780K	Q25
X780N	Q25
X780P	Q25
X780Q	Q25
X780R	Q25
X780S	Q25
X780T	Q25
X780U	Q25
X780V	Q25
X780W	Q25
X780X	Q25
X780Y	Q25
X780Z	Q25
X780c	Q25
X780d	Q25
X780f	Q25
X780g	Q25
X780h	Q25
X780i	Q25
X780j	Q24
X780k	Q24
X780l	Q25
X780m	Q25
X780n	Q25
X780o	Q25
X780q	Q25
X780r	Q25
X780s	Q25
X780t	Q25
X780u	Q25
X780v	Q25
X780w	Q25
X780x	Q25
X780y	Q25
X780z	Q25
X7810	Q25
X7811	Q27
X7812	Q27
X7813	Q27
X7814	Q27
X7815	Q25
X7816	Q25
X7817	Q25
X7818	Q25
X7819	Q25
X781A	Q25
X781C	Q25
X781D	Q25
X781E	Q25
X781F	Q25
X781G	Q25
X781H	Q25
X781I	Q25
X781J	Q25
X781L	Q25
X781M	Q25
X781N	Q25
X781O	Q25
X781P	Q25
X781Q	Q25
X781R	Q25
X781T	Q25
X781U	Q25
X781W	Q25
X781Y	Q25
X781b	Q25
X781c	Q25
X781d	Q25
X781e	Q25
X781f	Q25
X781g	Q27
X781h	Q27
X781i	Q27
X781j	Q27
X781k	Q27
X781l	Q27
X781m	Q27
X781p	Q25
X781q	Q25
X781r	Q24
X781s	Q24
X781t	Q24
X781u	Q24
X781v	Q25
X781w	Q25
X781x	Q24
X781y	Q25
X7820	Q25
X7821	Q24
X7822	Q25
X7823	Q24
X7824	Q24
X7825	Q24
X7826	Q24
X7827	Q24
X7828	Q24
X782A	Q24
X782C	I25
X782F	I25
X782G	Q28
X782H	Q28
X782I	Q28
X782J	Q28
X782K	Q24
X782L	Q24
X782M	Q24
X782N	Q24
X782O	Q24
X782P	Q30
X782Q	Q30
X782U	Q30
X782V	Q31
X782X	Q31
X782Y	Q31
X782c	Q32
X782d	Q32
X782i	Q32
X782j	Q32
X782k	Q32
X782l	Q32
X782o	Q33
X782p	Q33
X782q	Q33
X782r	Q33
X782s	Q34
X782t	Q45
X782u	Q38
X782x	Q38
X782y	Q38
X782z	D10
X7830	K14
X7831	Q38
X7832	Q38
X7833	Q38
X7834	Q38
X7835	Q38
X7836	Q40
X7837	Q38
X7838	Q39
X7839	Q39
X783D	Q40
X783E	Q40
X783G	Q40
X783H	K31
X783J	Q41
X783K	Q41
X783L	Q42
X783M	K59
X783N	K59
X783O	Q42
X783P	Q43
X783Q	Q43
X783R	Q43
X783S	Q87
X783T	Q43
X783W	Q43
X783X	Q43
X783Y	Q45
X783Z	Q43
X783a	Q43
X783b	Q43
X783c	Q43
X783d	Q40
X783e	Q43
X783f	Q43
X783g	G50
X783h	K59
X783i	K59
X783k	Q43
X783l	Q43
X783m	Q43
X783p	Q43
X783q	Q43
X783r	Q43
X783s	Q43
X783t	Q43
X783u	Q43
X783v	Q43
X783w	Q43
X783x	Q43
X783y	Q43
X783z	Q43
X7840	Q43
X7841	K66
X7843	Q44
X7844	Q44
X7845	Q44
X7846	Q44
X7847	Q44
X7848	Q44
X7849	Q44
X784C	Q44
X784D	Q44
X784E	Q44
X784F	Q45
X784G	Q44
X784J	Q45
X784O	Q79
X784P	Q79
X784U	Q50
X784V	Q50
X784W	Q50
X784X	Q50
X784Z	N70
X784a	Q50
X784b	Q51
X784c	Q51
X784d	Q51
X784f	Q51
X784g	Q51
X784h	Q51
X784i	Q51
X784j	Q51
X784k	Q51
X784l	Q51
X784m	Q52
X784n	Q52
X784o	Q52
X784p	Q52
X784q	Q52
X784s	Q52
X784u	Q52
X784v	Q52
X784w	Q52
X784x	Q52
X7850	Q52
X7852	Q52
X7853	Q52
X7855	Q53
X7856	Q53
X7859	Q55
X785E	Q55
X785F	Q55
X785G	Q55
X785H	Q55
X785J	Q55
X785K	N47
X785M	Q55
X785N	Q55
X785Q	Q56
X785T	Q63
X785U	Q63
X785V	Q60
X785W	Q60
X785X	Q60
X785Y	Q60
X785Z	Q63
X785a	Q63
X785b	Q63
X785c	Q63
X785e	Q63
X785f	Q63
X785h	Q63
X785i	Q63
X785j	Q63
X785k	N28
X785l	Q61
X785m	Q61
X785n	Q61
X785o	Q61
X785p	Q61
X785q	Q61
X785r	Q61
X785s	Q61
X785w	Q61
X785x	Q63
X785y	Q62
X785z	Q62
X7860	Q62
X7862	Q62
X7863	Q62
X7864	Q62
X7865	Q62
X7866	Q62
X7867	Q62
X7869	Q62
X786A	Q62
X786B	Q64
X786F	Q64
X786G	Q64
X786H	Q64
X786I	Q64
X786J	Q64
X786K	Q64
X786L	Q62
X786M	Q64
X786N	Q64
X786O	Q64
X786P	Q64
X786R	N32
X786S	Q64
X786U	Q68
X786V	Q79
X786Z	Q73
X786a	Q74
X786b	Q68
X786d	Q74
X786e	Q74
X786f	Q79
X786g	Q74
X786h	Q74
X786i	Q74
X786j	Q74
X786k	Q71
X786l	Q71
X786m	Q71
X786n	Q70
X786o	Q70
X786p	Q71
X786q	Q71
X786r	Q71
X786s	Q68
X786t	Q68
X786u	Q71
X786v	Q74
X786w	Q74
X786y	Q71
X786z	Q71
X7871	Q71
X7872	Q74
X7873	Q71
X7874	Q71
X7875	Q74
X7876	Q74
X7877	Q74
X7878	Q74
X7879	Q74
X787A	Q74
X787B	Q74
X787C	Q69
X787D	Q74
X787E	Q74
X787F	Q74
X787G	Q74
X787H	Q72
X787I	Q74
X787J	Q68
X787K	Q68
X787L	Q65
X787M	Q65
X787N	Q65
X787O	Q65
X787P	Q65
X787Q	Q65
X787R	Q74
X787S	Q66
X787U	Q66
X787V	Q72
X787W	Q72
X787X	Q72
X787Y	Q72
X787Z	Q72
X787a	Q72
X787b	Q72
X787c	Q72
X787d	Q72
X787e	Q72
X787f	Q72
X787g	Q72
X787h	Q74
X787n	Q74
X787o	Q74
X787p	Q69
X787q	Q70
X787r	Q70
X787s	Q70
X787v	Q70
X787x	Q70
X7880	Q70
X7881	Q70
X7882	Q68
X7883	Q68
X7884	Q68
X7887	Q75
X7888	Q75
X7889	Q75
X788A	Q75
X788C	Q18
X788D	Q37
X788F	Q36
X788G	Q35
X788I	Q36
X788O	Q35
X788U	Q35
X788Z	Q35
X788a	Q35
X788b	Q35
X788c	Q18
X788d	Q18
X788e	Q18
X788f	Q18
X788g	Q18
X788h	Q18
X788i	Q18
X788j	Q18
X788k	Q18
X788l	Q18
X788m	Q18
X788n	Q18
X788o	Q18
X788p	Q18
X788q	Q18
X788r	Q18
X788s	Q18
X788t	Q75
X788u	Q75
X788v	Q75
X788w	Q75
X788x	Q75
X788y	Q75
X788z	Q67
X7891	Q75
X7892	Q75
X7893	Q75
X7894	Q75
X7895	Q75
X7899	Q76
X789A	Q76
X789C	Q76
X789D	Q76
X789F	Q76
X789G	Q76
X789H	Q76
X789J	Q76
X789K	Q76
X789L	Q76
X789N	Q76
X789P	M79
X789R	Q79
X789S	Q78
X789T	Q77
X789U	Q77
X789V	Q78
X789W	Q78
X789X	Q78
X789Y	Q78
X789Z	Q78
X789a	Q77
X789b	Q89
X789c	Q89
X789d	Q89
X789e	Q78
X789f	Q78
X789g	Q78
X789h	Q78
X789i	Q78
X789j	Q78
X789k	Q78
X789l	Q78
X789m	Q78
X789n	Q78
X789o	Q77
X789p	Q77
X789q	Q77
X789r	Q77
X789s	Q77
X789t	Q77
X789u	Q78
X789v	Q79
X789w	Q78
X789x	Q78
X789y	E76
X78AN	Q77
X78AO	Q77
X78AP	Q77
X78AQ	Q77
X78AT	Q77
X78AU	Q77
X78AW	Q78
X78AX	Q78
X78AY	Q78
X78AZ	Q78
X78Aa	Q78
X78Ad	Q78
X78Ae	Q78
X78Af	M93
X78Ag	Q78
X78Ah	Q78
X78Ai	Q78
X78Aj	Q77
X78Ak	Q78
X78Al	Q93
X78Am	Q93
X78An	Q78
X78Ap	Q75
X78Ar	Q78
X78As	Q77
X78Au	Q87
X78Av	Q78
X78Aw	Q78
X78Ax	Q78
X78Ay	Q79
X78Az	Q79
X78B0	Q79
X78B1	Q77
X78B2	Q77
X78B3	Q77
X78B4	Q79
X78BA	Q78
X78BB	Q78
X78BC	Q78
X78BE	Q78
X78BG	Q78
X78BH	Q78
X78BI	Q78
X78BM	Q78
X78BN	Q78
X78BO	Q78
X78BP	Q78
X78BQ	Q78
X78BR	Q78
X78BS	Q78
X78BU	Q78
X78BV	M89
X78BX	Q78
X78BY	Q78
X78BZ	M85
X78Ba	Q78
X78Bc	Q78
X78Bd	Q75
X78Bg	Q75
X78Bh	Q75
X78Bj	Q79
X78Bo	Q78
X78Bq	Q78
X78Br	Q78
X78Bs	Q78
X78Bv	D48
X78Bw	M89
X78Bx	M89
X78By	Q99
X78Bz	M89
X78C0	M85
X78C1	M89
X78C2	M89
X78C3	Q79
X78C4	M89
X78C5	Q82
X78C6	D22
X78C7	Q80
X78C8	Q80
X78C9	Q80
X78CB	Q80
X78CD	Q80
X78CE	Q80
X78CF	Q80
X78CG	Q80
X78CH	Q80
X78CI	Q80
X78CJ	Q80
X78CK	Q80
X78CL	Q80
X78CM	Q80
X78CN	Q82
X78CO	Q80
X78CP	Q80
X78CQ	Q80
X78CS	Q81
X78CT	Q81
X78CU	Q81
X78CW	Q81
X78CY	Q81
X78CZ	Q81
X78Ca	Q81
X78Cb	Q81
X78Cc	Q81
X78Cd	Q81
X78Cf	Q81
X78Cg	Q81
X78Ch	Q81
X78Ci	Q81
X78Cj	Q81
X78Ck	Q81
X78Cl	Q81
X78Cm	Q81
X78Cn	P83
X78Co	Q81
X78Cp	Q81
X78Cq	Q81
X78Cr	Q81
X78Ct	Q81
X78Cu	Q81
X78Cv	Q81
X78Cw	Q81
X78Cx	Q82
X78Cz	Q82
X78D0	Q82
X78D1	Q82
X78D2	Q82
X78D3	Q82
X78D4	Q82
X78D5	Q82
X78D6	Q82
X78D7	Q82
X78D8	Q82
X78DD	Q82
X78DE	Q82
X78DF	Q82
X78DG	Q82
X78DH	D18
X78DK	Q82
X78DL	Q82
X78DM	D22
X78DN	L81
X78DO	L81
X78DS	Q84
X78DT	Q84
X78DU	Q84
X78DV	Q84
X78DX	Q84
X78DY	L85
X78DZ	Q82
X78Da	Q82
X78Db	Q82
X78Dc	Q82
X78Dd	Q82
X78De	Q84
X78Df	Q84
X78Dg	Q84
X78Dh	Q84
X78Di	Q84
X78Dj	Q84
X78Dk	Q84
X78Dl	Q84
X78Dm	Q84
X78Dn	Q84
X78Dp	Q84
X78Dq	Q84
X78Dr	Q84
X78Dt	Q84
X78Du	Q84
X78Dv	Q84
X78Dw	Q84
X78Dx	Q83
X78Dy	Q83
X78Dz	Q85
X78E2	Q85
X78E3	Q85
X78E4	Q85
X78E5	Q85
X78E7	Q85
X78E8	Q85
X78E9	D23
X78EC	Q86
X78ED	Q86
X78EE	Q86
X78EF	Q86
X78EG	Q86
X78EH	Q86
X78EI	Q86
X78EJ	Q86
X78EK	Q86
X78EL	Q86
X78EM	Q86
X78EN	Q86
X78EO	Q86
X78EP	Q86
X78EQ	Q86
X78ER	Q86
X78ES	Q89
X78ET	Q89
X78EU	Q89
X78EV	Q89
X78EY	Q89
X78Ea	Q89
X78Eb	Q89
X78Ec	Q89
X78Ed	Q89
X78Ee	Q89
X78Ef	Q89
X78Eg	Q99
X78Eh	Q92
X78Ei	Q99
X78Ej	Q99
X78Ek	Q90
X78El	Q90
X78Em	Q91
X78En	Q91
X78Eo	Q91
X78Ep	Q91
X78Eq	Q92
X78Er	Q92
X78Es	Q92
X78Et	Q93
X78Eu	Q93
X78Ev	Q95
X78Ew	Q95
X78Ey	Q96
X78Ez	Q87
X78F0	Q96
X78F1	Q96
X78F2	Q96
X78F3	Q97
X78F4	Q97
X78F5	Q97
X78F6	Q98
X78F7	Q98
X78F8	Q98
X78F9	Q98
X78FA	Q98
X78FB	Q99
X78FC	Q99
X78FD	Q99
X78H1	C00
X78H2	D00
X78H6	C00
X78H7	D00
X78H9	D37
X78HA	D37
X78HC	C00
X78HD	D00
X78HE	D10
X78HF	D37
X78HG	D37
X78HI	C00
X78HJ	D00
X78HL	D37
X78HM	D37
X78HO	C00
X78HP	D00
X78HT	C00
X78HU	D00
X78HV	D10
X78HZ	D37
X78Hc	D00
X78He	D37
X78Hf	C02
X78Hg	D00
X78Hh	D10
X78Hj	C02
X78Hk	D00
X78Hl	D10
X78Hm	D37
X78Hn	D37
X78Hp	C02
X78Hq	D00
X78Hr	D10
X78Hv	D37
X78Hw	C10
X78Hz	C02
X78I0	D00
X78I5	C03
X78I6	D00
X78IA	C03
X78IB	D00
X78IE	D37
X78IG	C04
X78IH	D00
X78II	D10
X78IJ	D37
X78IL	C04
X78IM	D00
X78IN	D10
X78IR	C05
X78IS	D00
X78IX	D00
X78Ib	C05
X78Ic	D00
X78Ig	C06
X78Ik	D37
X78Il	D37
X78In	C06
X78Io	D00
X78Ip	D10
X78Iq	D37
X78Is	C06
X78It	D00
X78Iu	D10
X78Iv	D37
X78Iw	D37
X78Iy	C06
X78Iz	D00
X78J0	D10
X78J1	D37
X78J3	C06
X78J4	D00
X78J5	D10
X78J8	C06
X78J9	D00
X78JA	D10
X78JB	D37
X78JC	C09
X78JD	D00
X78JE	D10
X78JJ	C07
X78JL	D37
X78JM	D37
X78JO	C08
X78JQ	D37
X78JS	C08
X78JV	C06
X78JW	D10
X78Ja	D38
X78Jd	D38
X78Jf	D14
X78Jg	D38
X78Ji	D14
X78Jl	D14
X78Jq	D16
X78Jr	D38
X78Js	D38
X78Jt	C30
X78Ju	D14
X78Jv	D38
X78Jw	C30
X78Jx	D14
X78Jz	D37
X78K0	C11
X78K4	D14
X78KD	D37
X78KF	D37
X78KI	D37
X78KM	D10
X78Kn	D37
X78Kp	D37
X78Kr	D37
X78L8	D10
X78L9	D37
X78LA	C11
X78LB	D10
X78LM	D37
X78LO	D10
X78LU	D38
X78LV	C32
X78LX	D02
X78LY	D38
X78LZ	C32
X78La	D02
X78Lb	D14
X78Lc	D38
X78Ld	C32
X78Le	D02
X78Lf	D14
X78Lh	D38
X78Li	C32
X78Lj	D14
X78Lk	D38
X78Ll	C32
X78Lm	D14
X78Lo	C32
X78Lq	D38
X78Lr	C32
X78Lt	D38
X78Lu	C32
X78Lw	D38
X78Lx	C32
X78Ly	D14
X78M1	D02
X78M2	D14
X78M3	D38
X78M5	D14
X78M7	C76
X78M9	C11
X78MA	D36
X78MB	D10
X78MH	C15
X78MI	D00
X78MJ	D13
X78MM	C15
X78MN	D00
X78MO	D13
X78MR	C15
X78MS	D00
X78MT	D13
X78MW	C15
X78Mb	C15
X78Mg	C15
X78Mm	C16
X78Mr	C16
X78Mw	C16
X78N1	C16
X78N6	C16
X78NB	C16
X78NC	D00
X78ND	D13
X78NG	C16
X78NH	D00
X78NI	D13
X78NL	C17
X78NP	K22
X78NQ	D37
X78Nh	D13
X78OK	C20
X78OQ	D01
X78OS	D37
X78OW	C21
X78OX	C21
X78OY	K63
X78OZ	D13
X78Oa	K63
X78Od	D12
X78Og	Q89
X78Oh	D12
X78Oi	D12
X78Oj	D12
X78Ok	D12
X78Ol	D12
X78Om	Q85
X78Os	K63
X78Ou	K63
X78Oz	C22
X78P0	C22
X78PC	C24
X78PD	D01
X78PE	D13
X78PK	D37
X78PX	C24
X78PZ	D37
X78Pf	C25
X78Pg	C25
X78Ph	C25
X78Pi	D13
X78Pj	D13
X78Pr	D20
X78Pv	D20
X78Q1	C33
X78Q2	C33
X78Q5	D14
X78Q7	C34
X78Q8	C34
X78QA	D02
X78QB	D14
X78QD	D14
X78QE	D38
X78QF	C34
X78QG	C34
X78QI	C34
X78QJ	C34
X78QK	C34
X78QL	C34
X78QM	C34
X78QN	C34
X78QO	C34
X78QP	C34
X78QQ	D38
X78QR	C83
X78QS	C34
X78QT	C34
X78QU	D02
X78QV	D14
X78QW	D14
X78QX	D14
X78QY	D38
X78QZ	Q85
X78Qc	C45
X78Qe	D15
X78Ql	C38
X78Qn	D15
X78RR	C44
X78RS	C44
X78RT	C44
X78RU	C44
X78RV	C44
X78RW	D04
X78Ra	D23
X78Rb	D23
X78Rc	L85
X78Rd	L85
X78Re	L85
X78Rf	L85
X78Ri	L57
X78Rj	L82
X78Rk	L82
X78Rq	L72
X78Rs	L85
X78Rt	L72
X78Ru	L72
X78Rv	L72
X78S1	L72
X78S2	L72
X78S3	L72
X78S4	D23
X78S6	L72
X78S7	D23
X78SA	N48
X78SG	D23
X78SM	D23
X78SN	D23
X78SO	D23
X78SP	D23
X78SQ	D23
X78SR	D23
X78SS	C44
X78ST	C44
X78SU	C44
X78SY	L72
X78Sa	D23
X78Sc	L72
X78Se	C44
X78Sf	C44
X78Sg	C44
X78Sh	C44
X78Si	C44
X78Sj	C44
X78Sk	C44
X78Sl	D23
X78Sm	D23
X78Sn	D23
X78Ss	D23
X78Sv	D23
X78Sx	C44
X78Sy	L72
X78T0	D23
X78T3	C44
X78T4	C44
X78T8	C44
X78T9	D48
X78TC	C43
X78TD	C43
X78TE	C43
X78TF	C43
X78TG	C43
X78TH	D03
X78TN	M72
X78TO	M72
X78TP	D21
X78TS	L91
X78TV	M72
X78TX	D21
X78TY	Q85
X78TZ	D21
X78Ta	D22
X78Tc	M72
X78Td	C49
X78Te	D48
X78Tj	D23
X78Tk	D76
X78Tl	E78
X78Tm	D48
X78To	E75
X78Tq	D48
X78Tt	Q85
X78Tu	D36
X78Tv	D36
X78Tz	D21
X78U0	C80
X78U1	D48
X78U2	D23
X78U3	D21
X78U4	D21
X78U5	D21
X78U6	D21
X78U7	C44
X78U9	D18
X78UC	Q85
X78UD	Q85
X78UE	Q85
X78UF	D18
X78UJ	D18
X78UN	Q84
X78UT	Q82
X78UU	Q82
X78UV	Q82
X78UX	D18
X78UY	Q27
X78UZ	Q82
X78Uc	D18
X78Ud	D18
X78Ue	D23
X78Uf	D29
X78Ug	D18
X78Uh	D18
X78Ui	C85
X78Uj	D18
X78Ul	C49
X78Um	C49
X78Uo	D18
X78Up	D48
X78Uq	C49
X78Ur	D48
X78Us	D48
X78Ut	C44
X78Uv	D22
X78Ux	D22
X78Uy	D22
X78Uz	D22
X78V0	D22
X78V2	D22
X78V3	D22
X78V4	D22
X78V5	D22
X78V6	D22
X78V7	D23
X78V8	D22
X78V9	D22
X78VA	D22
X78VC	D22
X78VD	D48
X78VE	D22
X78VI	D22
X78VJ	D22
X78VL	Q87
X78VN	D18
X78VP	D18
X78VQ	C49
X78VS	C45
X78VT	C45
X78VV	D19
X78VW	D19
X78VX	D19
X78VY	D19
X78Vh	D17
X78Vj	C49
X78Vk	D17
X78Vs	E88
X78Vt	D48
X78Vw	D21
X78Vz	D21
X78W2	D21
X78W6	D21
X78WA	D21
X78WD	D21
X78WF	C49
X78WG	D21
X78WJ	D21
X78WK	D18
X78WN	C50
X78WO	C50
X78WP	C50
X78WQ	C50
X78WR	C50
X78WS	C50
X78WT	C50
X78WV	D05
X78WW	D05
X78WY	D24
X78WZ	D24
X78Wa	D24
X78Wb	D24
X78Wh	C56
X78Wi	C56
X78Wj	C56
X78Wk	C56
X78Wl	C56
X78Wm	D39
X78Wn	D39
X78Wo	C56
X78Wp	D27
X78Ws	D27
X78Wt	D27
X78Wu	D27
X78Wv	D27
X78Ww	D27
X78Wy	C56
X78Wz	C56
X78X0	D27
X78X1	D39
X78X2	D27
X78X3	D27
X78X4	D27
X78X5	D39
X78X6	D27
X78X8	C56
X78X9	C56
X78XA	C56
X78XB	C56
X78XC	D27
X78XD	C56
X78XE	D27
X78XF	D27
X78XG	D27
X78XH	C56
X78XO	C54
X78XP	D07
X78XV	D21
X78XW	D28
X78XX	D25
X78XY	D26
X78XZ	D26
X78Xa	D39
X78Xb	D25
X78Xf	C53
X78Xg	C53
X78Xh	C53
X78Xj	D06
X78Xk	D06
X78Xl	D26
X78Xm	D26
X78Xq	C52
X78Xt	N89
X78Xw	C51
X78Xx	C51
X78Xy	C51
X78Xz	C51
X78Y1	C58
X78Y6	C61
X78Y8	D07
X78YK	C60
X78YO	D40
X78YP	C60
X78YR	C60
X78YU	D40
X78YW	D40
X78Yb	C62
X78Yu	D41
X78Yx	C64
X78Yy	C64
X78Yz	C64
X78Z3	D30
X78Z4	D30
X78Z5	D17
X78Z7	D30
X78Z9	D30
X78ZA	D41
X78ZC	D30
X78ZD	D41
X78ZG	D30
X78ZH	D41
X78ZL	D09
X78ZP	D41
X78ZS	C67
X78Zc	C68
X78Zd	D09
X78Zm	D43
X78Zn	C71
X78Zo	C71
X78Zp	C71
X78Zq	C71
X78Zr	D43
X78Zs	D43
X78Zu	D33
X78Zv	D43
X78Zw	D43
X78a0	D43
X78a1	C72
X78a2	C72
X78a3	C72
X78a4	C72
X78a5	D43
X78a6	D43
X78a7	D43
X78aB	C75
X78aD	D35
X78aE	D35
X78aI	D35
X78aJ	D35
X78aK	D35
X78aL	D35
X78aM	D35
X78aN	D35
X78aO	D35
X78aP	D35
X78aQ	D35
X78aT	D35
X78aW	D43
X78aY	C70
X78aZ	D32
X78ac	C72
X78ad	D33
X78af	C72
X78ag	C72
X78ah	C72
X78ai	C72
X78aj	C70
X78ak	C72
X78al	D33
X78am	D32
X78an	D33
X78ap	C72
X78aq	D33
X78ar	D48
X78at	D36
X78aw	D36
X78ax	D48
X78b0	C69
X78b1	C69
X78b2	C69
X78b3	C69
X78b5	D31
X78b8	C69
X78b9	C69
X78bA	C69
X78bB	C69
X78bD	D18
X78bE	D18
X78bF	D31
X78bG	D31
X78bH	D31
X78bI	D31
X78bL	D09
X78bM	C69
X78bN	C69
X78bP	D31
X78bQ	D31
X78bT	D09
X78bU	C69
X78bV	C69
X78bX	D31
X78bY	D31
X78bZ	D31
X78bc	C69
X78be	D76
X78bf	D31
X78bg	H21
X78bj	C69
X78bk	C69
X78bl	C69
X78bm	C69
X78bp	D31
X78bq	D31
X78br	D31
X78bs	D31
X78bt	H21
X78bw	C69
X78by	D18
X78bz	D33
X78c0	D31
X78c1	D31
X78c8	C69
X78cP	C73
X78cQ	C73
X78cR	C73
X78cS	C73
X78cT	C73
X78cV	D34
X78cW	D34
X78ca	C74
X78cd	D35
X78ce	D35
X78ci	C75
X78ck	D35
X78cl	D35
X78dW	C75
X78dZ	D35
X78du	D35
X78e1	D47
X78e8	D48
X78e9	C80
X78eA	D36
X78eB	C80
X78eC	D48
X78eE	C76
X78eF	D36
X78eH	C76
X78eI	D36
X78eO	D48
X78eV	C76
X78eW	D36
X78eY	C76
X78eZ	D36
X78eb	D37
X78ec	D37
X78ed	D37
X78es	C06
X78fK	C30
X78fN	C31
X78g1	C26
X78g2	C26
X78g3	C15
X78gA	C16
X78gL	C17
X78gM	C18
X78gN	C18
X78gQ	C21
X78gS	C44
X78gY	C23
X78gc	C25
X78gd	C25
X78h7	C44
X78ha	C46
X78hk	C79
X78hl	C84
X78hm	C84
X78hn	C84
X78hp	C85
X78i1	C49
X78i2	C49
X78iC	C57
X78if	C60
X78il	D07
X78io	C62
X78ip	C62
X78j1	C67
X78j2	C67
X78j3	C67
X78j4	C67
X78j7	C72
X78jJ	C71
X78je	C46
X78ji	C46
X78jy	C75
X78kS	C78
X78kU	C78
X78kV	C78
X78kX	C77
X78kY	C78
X78kZ	C79
X78ka	C79
X78kb	C78
X78kc	C78
X78kd	C78
X78ke	C78
X78kf	C79
X78kh	C79
X78kk	C78
X78kl	C78
X78kn	C79
X78kp	C79
X78kq	C79
X78kr	C79
X78ks	C79
X78kv	C79
X78kw	C79
X78kx	C79
X78ky	C79
X78kz	C79
X78l0	C79
X78l1	C79
X78l2	C79
X78l3	C79
X78l4	C79
X78l7	C79
X78lG	D00
X78lH	D00
X78lI	D00
X78lM	D00
X78lP	D00
X78lX	D00
X78le	D00
X78lh	D00
X78lj	D00
X78ll	D00
X78lp	D02
X78ls	D02
X78lt	D00
X78lz	D02
X78m9	D01
X78mB	D01
X78mC	D01
X78mE	D04
X78mF	D04
X78mJ	D04
X78mO	D07
X78mU	D07
X78mZ	D40
X78mb	D07
X78mc	D09
X78md	D09
X78mg	D09
X78mi	D10
X78mk	D10
X78mm	D10
X78mn	D10
X78mr	D10
X78mu	D10
X78n2	D11
X78n5	D14
X78nB	D14
X78nG	D10
X78nH	D10
X78nI	D10
X78nK	D14
X78nL	D10
X78nM	D10
X78nN	D10
X78nS	D14
X78nT	D14
X78nW	D14
X78ng	D15
X78nn	D15
X78no	D15
X78ns	D13
X78nt	D13
X78nx	K22
X78o1	K31
X78o3	D13
X78o4	K63
X78o6	D12
X78o7	D12
X78o8	D12
X78oB	D13
X78oD	K83
X78oE	D13
X78oG	D13
X78oW	D16
X78oY	D16
X78oZ	D16
X78ob	D23
X78oe	D23
X78pK	D17
X78pb	D21
X78pc	D23
X78qa	E78
X78qb	D76
X78qc	C44
X78qd	D76
X78qe	D23
X78qq	D21
X78qu	D21
X78qw	D21
X78rf	D26
X78rg	D30
X78rh	D30
X78rr	D33
X78rs	D33
X78s3	D33
X78sc	D35
X78t8	D36
X78tA	D36
X78wp	F41
X79pz	I99
X80v4	H54
X90C7	I45
X90CA	I45
X90KD	Q43
X90Om	Q27
X90Z0	I72
X90fZ	I45
XA03t	J04
XA06H	H92
XA06M	H83
XA06N	H83
XA08f	K35
XA0DJ	M24
XA0Hq	M84
XC05C	Q24
XC08t	I99
XC0CP	F48
XC0Dd	Q24
XC0E6	Q20
XC0E7	Q20
XC0FA	Q50
XC0I6	Q21
XC0Kv	Q24
XC0MC	Q20
XC0ME	Q89
XC0Oc	Q26
XC0ZV	Q24
XC0a4	Q50
XC0ao	Q51
XC0bX	I25
XC0ba	Q82
XC0cD	L98
XC0cV	L08
XC0d5	N45
XC0dK	Q24
XC0dj	L81
XC0dw	C80
XC0eO	G58
XC0eZ	I87
XC0em	D23
XC0f1	Q85
XC0fC	B99
XC0fE	Q24
XC0fQ	A49
XC0fX	E07
XC0sw	N06
XC0u9	D35
XC0uc	Q62
XC0ud	Q63
XE0Qc	A00
XE0Qd	A01
XE0Qe	A02
XE0Qf	A03
XE0Qg	A03
XE0Qh	A07
XE0Qi	A07
XE0Qj	A04
XE0Qk	A04
XE0Ql	A04
XE0Qm	A08
XE0Qo	A09
XE0Qp	A09
XE0Qq	A09
XE0Qs	A26
XE0Qt	A28
XE0Qv	A31
XE0Qw	A37
XE0Qx	A41
XE0Qy	A42
XE0Qz	A42
XE0R0	A48
XE0R1	A48
XE0R2	A48
XE0R3	A48
XE0R4	A48
XE0R5	A48
XE0R7	A87
XE0R8	A89
XE0R9	B01
XE0RA	B02
XE0RB	B00
XE0RC	B00
XE0RE	B00
XE0RF	B09
XE0RH	A83
XE0RI	A85
XE0RJ	A99
XE0RK	B16
XE0RL	B26
XE0RM	B26
XE0RN	B08
XE0RO	A71
XE0RR	B30
XE0RS	B07
XE0RT	A63
XE0RU	A63
XE0RV	B25
XE0RW	A96
XE0RX	B24
XE0RY	B33
XE0RZ	B34
XE0Rb	A77
XE0Rc	A77
XE0Rd	A77
XE0Re	B53
XE0Rf	B55
XE0Rg	A44
XE0Ri	A50
XE0Rj	A50
XE0Rk	A51
XE0Rl	A51
XE0Rm	A51
XE0Rn	A51
XE0Ro	A52
XE0Rq	A52
XE0Rs	A52
XE0Rt	A52
XE0Ru	A53
XE0Ry	A54
XE0Rz	A54
XE0S0	A54
XE0S1	A57
XE0S2	A58
XE0S3	A27
XE0S4	A69
XE0S5	A69
XE0S7	A66
XE0S8	A66
XE0S9	B35
XE0SA	B35
XE0SB	B35
XE0SC	B35
XE0SD	B35
XE0SE	B35
XE0SF	B36
XE0SG	B37
XE0SJ	B37
XE0SM	B37
XE0SO	B39
XE0SP	B47
XE0SQ	B45
XE0SS	B46
XE0ST	B65
XE0SU	B66
XE0SV	B66
XE0SW	B68
XE0SX	B71
XE0SY	B71
XE0SZ	B80
XE0Sa	B81
XE0Sb	A59
XE0Sd	B85
XE0Se	B86
XE0Sf	B88
XE0Sg	B88
XE0Sh	B60
XE0Si	B96
XE0T4	A18
XE0TW	B15
XE0TY	B16
XE0Ta	A82
XE0UC	B35
XE0UG	B36
XE0Ua	I09
XE0Ue	I11
XE0Ui	I20
XE0Uk	I25
XE0Un	I27
XE0Uo	I28
XE0Uq	I30
XE0Ur	I30
XE0Us	I33
XE0Ut	I40
XE0Uu	I31
XE0Uv	I31
XE0Uy	I42
XE0Uz	I42
XE0V1	I42
XE0V3	I44
XE0V4	I47
XE0V6	I49
XE0V7	I49
XE0V8	I50
XE0V9	I50
XE0VD	I51
XE0VE	I51
XE0VG	I65
XE0VH	I65
XE0VI	I66
XE0VJ	I63
XE0VK	G45
XE0VL	I67
XE0VM	I67
XE0VO	I70
XE0VP	I73
XE0VQ	I73
XE0VS	I74
XE0VT	I74
XE0VU	M30
XE0VV	M31
XE0VW	I77
XE0VY	I80
XE0VZ	I80
XE0Va	I82
XE0Vb	I82
XE0Vc	I86
XE0Vd	I86
XE0Ve	I86
XE0Vf	I89
XE0Vg	I89
XE0W6	I09
XE0WG	I25
XE0Wa	I42
XE0XY	I83
XE0Xm	J01
XE0Xn	J02
XE0Xp	J05
XE0Xq	J06
XE0Xs	J22
XE0Xt	J22
XE0Xu	J34
XE0Xv	J33
XE0Xw	J33
XE0Xy	J31
XE0Xz	J31
XE0Y0	J32
XE0Y1	J32
XE0Y2	J35
XE0Y3	J35
XE0Y6	J30
XE0Y7	J30
XE0Y8	J34
XE0Y9	J34
XE0YA	J39
XE0YB	J39
XE0YC	J38
XE0YF	J38
XE0YH	J13
XE0YI	J17
XE0YJ	J18
XE0YK	J11
XE0YL	J40
XE0YM	J41
XE0YN	J43
XE0YO	J43
XE0YP	J43
XE0YQ	J45
XE0YR	J45
XE0YS	J46
XE0YT	J45
XE0YU	J46
XE0YV	J46
XE0YX	J45
XE0YZ	J93
XE0Ya	J84
XE0Yb	J84
XE0Yd	J95
XE0Ye	J80
XE0Yf	J98
XE0Yg	J98
XE0Yh	J98
XE0Zd	J68
XE0Zf	J68
XE0Zh	J68
XE0Zv	K00
XE0Zx	K00
XE0Zy	K00
XE0Zz	K04
XE0a0	K04
XE0a1	K05
XE0a2	K05
XE0a4	K07
XE0a5	K07
XE0a7	K07
XE0a8	K08
XE0a9	K10
XE0aB	K11
XE0aD	K11
XE0aE	A69
XE0aF	K12
XE0aG	K12
XE0aH	K13
XE0aI	K13
XE0aJ	K13
XE0aL	K21
XE0aN	K22
XE0aO	K21
XE0aP	K25
XE0aQ	K25
XE0aR	K27
XE0aT	K29
XE0aU	K31
XE0aV	K35
XE0aW	K40
XE0aX	K40
XE0aY	K42
XE0aZ	K43
XE0aa	K43
XE0ac	K44
XE0ad	K45
XE0af	K50
XE0ag	K51
XE0ah	K55
XE0ai	K55
XE0aj	K52
XE0ak	K52
XE0al	K52
XE0am	K52
XE0an	K52
XE0ao	K52
XE0aq	K56
XE0ar	K56
XE0as	K58
XE0at	K91
XE0au	K59
XE0av	K59
XE0aw	K61
XE0ax	K61
XE0ay	K65
XE0az	M60
XE0b0	K62
XE0b1	K62
XE0b2	K91
XE0b3	K63
XE0b4	K70
XE0b5	K74
XE0b7	K76
XE0bA	K74
XE0bC	K76
XE0bD	K80
XE0bE	K80
XE0bG	K82
XE0bH	K85
XE0bJ	K92
XE0bK	K90
XE0bL	K90
XE0bM	K91
XE0bN	K91
XE0bO	K90
XE0bP	K90
XE0cd	K55
XE0cf	K55
XE0ch	K55
XE0dF	K70
XE0dY	N00
XE0dZ	N04
XE0db	N03
XE0dc	N05
XE0dd	N02
XE0de	N05
XE0df	N18
XE0dg	N19
XE0dh	N25
XE0di	N28
XE0dj	N20
XE0dl	N28
XE0dn	N28
XE0do	N28
XE0dp	N28
XE0dq	N30
XE0du	N34
XE0dv	N34
XE0dx	N35
XE0dy	N99
XE0e2	N36
XE0e4	N13
XE0e6	D29
XE0e7	N41
XE0e8	N47
XE0eA	N46
XE0eB	N48
XE0eD	N48
XE0eE	N48
XE0eF	N48
XE0eG	N50
XE0eH	N50
XE0eI	N50
XE0eJ	N50
XE0eK	N60
XE0eM	N61
XE0eN	N62
XE0eQ	N73
XE0eR	N73
XE0eS	N72
XE0eT	N76
XE0eW	N80
XE0eX	N80
XE0eY	N81
XE0eZ	N83
XE0eb	N84
XE0ec	N89
XE0ed	N89
XE0ef	N89
XE0eg	N93
XE0eh	N90
XE0ei	N90
XE0ej	N94
XE0el	N94
XE0em	N91
XE0en	N91
XE0eo	N92
XE0ep	N92
XE0eq	N92
XE0es	N92
XE0et	N93
XE0eu	N92
XE0ew	N92
XE0ex	N97
XE0ey	N97
XE0ez	N94
XE0gD	N70
XE0h3	N95
XE0oq	F17
XE0qx	M25
XE0qy	M79
XE0r0	I87
XE0r1	I87
XE0r4	K02
XE0rB	K92
XE0rJ	K92
XE0rO	K52
XE0rR	N39
XE0rV	N23
XE0rW	N23
XE0rb	F41
XE0rf	F60
XE0s2	H57
XE0s3	H57
XE0s4	H04
XE0sC	J34
XE0sF	F45
XE0sH	L29
XE0vf	O03
XE0vg	O03
XE0vh	O03
XE0vl	O05
XE0vn	O20
XE0vr	O13
XE0vt	O60
XE0vu	O12
XE0vv	O26
XE0vy	O99
XE0vz	O99
XE0w0	O99
XE0w2	O32
XE0w3	O32
XE0w5	O34
XE0w6	O34
XE0w7	O34
XE0w8	O34
XE0w9	O34
XE0wA	O34
XE0wB	O34
XE0wC	O34
XE0wD	O34
XE0wE	O34
XE0wF	O34
XE0wG	O34
XE0wH	O34
XE0wI	O34
XE0wJ	O34
XE0wK	O34
XE0wL	O34
XE0wM	O34
XE0wN	O34
XE0wO	O34
XE0wP	O34
XE0wQ	O34
XE0wR	O34
XE0wS	O34
XE0wT	O34
XE0wU	O34
XE0wV	O34
XE0wW	O34
XE0wX	O34
XE0wY	O34
XE0wZ	O34
XE0wa	O34
XE0wb	O34
XE0wc	O34
XE0wd	O34
XE0we	O34
XE0wf	O34
XE0wg	O34
XE0wh	O34
XE0wi	O34
XE0wj	O35
XE0wk	O35
XE0wl	O35
XE0wm	O35
XE0ws	O43
XE0wy	O62
XE0wz	O69
XE0x4	O70
XE0x5	O70
XE0x7	O71
XE0x8	O71
XE0xA	O72
XE0xB	O73
XE0xC	O73
XE0xD	O73
XE0xH	O85
XE0xK	O87
XE0xL	O87
XE0xM	O88
XE0xN	O88
XE0xO	O90
XE0xP	O90
XE0xQ	O90
XE0xR	O91
XE0xS	O92
XE0xT	O92
XE0xU	O92
XE0xg	O06
XE0xy	O16
XE0y2	O21
XE0yK	O98
XE0yO	O99
XE0yS	O99
XE0yU	O99
XE0ye	O32
XE0yu	O43
XE0z4	O75
XE101	E04
XE102	E04
XE103	E04
XE105	E05
XE106	E05
XE107	E00
XE109	E89
XE10A	E03
XE10B	E06
XE10C	E06
XE10D	E06
XE10J	E15
XE10K	E16
XE10L	E16
XE10O	E22
XE10P	E22
XE10Q	E23
XE10R	E23
XE10S	E23
XE10T	E23
XE10V	E23
XE10W	E23
XE10X	E23
XE10Y	E23
XE10Z	E23
XE10a	E26
XE10b	E25
XE10c	E25
XE10d	E27
XE10e	E25
XE10f	E27
XE10g	E27
XE10i	E27
XE10j	E28
XE10k	E28
XE10l	E28
XE10m	E29
XE10n	E29
XE10o	E29
XE10p	E29
XE10q	D44
XE10r	E31
XE10s	E30
XE10u	E34
XE10v	E34
XE10x	E45
XE10y	E46
XE10z	E56
XE110	E51
XE113	E72
XE114	E72
XE115	E70
XE116	E70
XE117	E70
XE118	E70
XE119	E71
XE11A	E72
XE11B	E72
XE11C	E72
XE11D	E72
XE11G	E74
XE11K	E73
XE11L	E74
XE11N	E74
XE11O	E74
XE11P	E74
XE11R	E78
XE11T	E78
XE11U	E78
XE11V	E78
XE11W	E78
XE11Y	E75
XE11Z	E75
XE11a	E88
XE11b	D47
XE11d	E83
XE11e	E83
XE11f	E20
XE11g	E83
XE11i	E87
XE11j	E87
XE11l	E87
XE11m	E79
XE11n	E79
XE11p	E76
XE11q	E80
XE11r	E88
XE11s	E88
XE11t	E67
XE11u	D80
XE11v	D80
XE11w	D83
XE12O	E34
XE12s	E34
XE13c	D50
XE13e	D50
XE13g	D51
XE13h	D51
XE13i	D52
XE13j	D53
XE13k	D56
XE13l	D56
XE13m	D56
XE13n	D56
XE13p	D59
XE13q	D61
XE13r	D61
XE13s	D61
XE13t	D61
XE13u	D61
XE13v	D61
XE13w	D61
XE13x	D62
XE13y	D64
XE13z	D64
XE140	D64
XE141	D68
XE143	D69
XE144	D69
XE145	D69
XE146	D69
XE147	D69
XE148	D69
XE149	D69
XE14A	D70
XE14B	D70
XE14C	D70
XE14D	D70
XE14E	D70
XE14F	D70
XE14G	D70
XE14H	D71
XE14I	D72
XE14J	D72
XE14K	D72
XE14L	I88
XE14M	D74
XE14N	D74
XE14O	D75
XE14i	D64
XE15A	A87
XE15C	G04
XE15D	G04
XE15E	E75
XE15F	G31
XE15G	G25
XE15H	G25
XE15I	G40
XE15J	G25
XE15K	G25
XE15L	G24
XE15M	G80
XE15O	G11
XE15P	G11
XE15Q	G95
XE15R	G90
XE15S	G37
XE15U	G81
XE15V	G80
XE15W	G83
XE15X	G83
XE15Y	G41
XE15Z	G40
XE15a	G40
XE15b	G93
XE15c	G93
XE15d	G97
XE15e	G97
XE15f	G52
XE15g	G56
XE15h	G56
XE15i	G58
XE15j	G62
XE15m	G62
XE15o	G70
XE15p	G71
XE15q	G72
XE15r	H44
XE15s	H33
XE15u	H35
XE15v	H35
XE15w	H34
XE15x	H35
XE15y	H35
XE160	H35
XE161	E75
XE162	H35
XE164	H30
XE165	H31
XE167	H20
XE169	H20
XE16A	H20
XE16B	H21
XE16C	H21
XE16D	H21
XE16E	H21
XE16F	H40
XE16G	H25
XE16H	H53
XE16I	H53
XE16J	H53
XE16K	H53
XE16L	H54
XE16M	H54
XE16O	H16
XE16Q	H16
XE16R	H16
XE16T	H18
XE16U	H18
XE16V	H18
XE16W	H18
XE16X	H10
XE16Y	H10
XE16a	H10
XE16b	H10
XE16d	H11
XE16f	H11
XE16h	H00
XE16i	H01
XE16j	H02
XE16m	H04
XE16n	H04
XE16o	H04
XE16p	H04
XE16q	H04
XE16s	H05
XE16t	H05
XE16u	H05
XE16w	H47
XE16x	H47
XE16y	H51
XE16z	H51
XE170	H15
XE171	H15
XE172	H15
XE174	H27
XE175	H57
XE176	H55
XE178	H61
XE179	H60
XE17A	H60
XE17B	H60
XE17C	H65
XE17D	H66
XE17F	H72
XE17G	H72
XE17H	H74
XE17J	H81
XE17K	H83
XE17L	H93
XE17M	H92
XE17N	H90
XE17O	H91
XE17P	H91
XE18j	H35
XE19J	H00
XE19x	H68
XE19z	H65
XE1A3	H66
XE1AO	L02
XE1AP	L02
XE1AQ	L02
XE1AR	L03
XE1AS	L03
XE1AT	L03
XE1AU	L03
XE1AW	J34
XE1AZ	L03
XE1Ad	L04
XE1Ae	L05
XE1Ag	L08
XE1Ai	L08
XE1Aj	L08
XE1Ak	L03
XE1Al	L08
XE1An	L21
XE1Aq	L24
XE1As	L25
XE1At	L25
XE1Au	L23
XE1Av	L30
XE1Aw	L27
XE1Ay	L12
XE1Az	L12
XE1B3	L53
XE1B8	L29
XE1B9	L29
XE1BA	L29
XE1BC	L85
XE1BD	L98
XE1BE	L60
XE1BG	L65
XE1BH	L63
XE1BI	L67
XE1BJ	L73
XE1BK	L74
XE1BL	L74
XE1BM	L73
XE1BN	L70
XE1BO	L70
XE1BP	L89
XE1BQ	L97
XE1BR	L50
XE1BS	L50
XE1BT	L50
XE1BV	L98
XE1BW	L90
XE1BX	L90
XE1BY	L98
XE1BZ	L98
XE1Ba	L98
XE1C4	L21
XE1C6	L20
XE1Ca	L08
XE1Ci	L98
XE1DH	M33
XE1DI	M35
XE1DK	M00
XE1DL	M00
XE1DM	M00
XE1DN	M00
XE1DO	M00
XE1DP	M02
XE1DQ	M35
XE1DT	M11
XE1DU	M06
XE1DW	M15
XE1Da	M19
XE1Db	M19
XE1Dc	M19
XE1Dd	M19
XE1De	M16
XE1Dg	M19
XE1Dh	M12
XE1Di	M13
XE1Dj	M13
XE1Dk	M13
XE1Dl	M13
XE1Dm	M13
XE1Dn	M13
XE1Do	M13
XE1Dp	M13
XE1Dq	M23
XE1Dr	M23
XE1Ds	M23
XE1Dt	M24
XE1Du	M24
XE1Dv	M24
XE1Dw	M24
XE1Dx	M24
XE1Dy	M24
XE1Dz	M24
XE1E0	M24
XE1E1	M24
XE1E2	M24
XE1E3	M24
XE1E5	M24
XE1E6	M24
XE1E7	M24
XE1E8	M24
XE1E9	M24
XE1EA	M24
XE1EB	M24
XE1ED	M24
XE1EE	M24
XE1EF	M24
XE1EG	M24
XE1EH	M24
XE1EI	M24
XE1EJ	M24
XE1EK	M24
XE1EL	M24
XE1EM	M24
XE1EN	M25
XE1EO	M25
XE1EP	M25
XE1EQ	M25
XE1ER	M25
XE1ES	M25
XE1ET	M25
XE1EU	M25
XE1EV	M25
XE1EW	M25
XE1EX	M12
XE1EZ	M25
XE1Ea	M25
XE1Eb	M25
XE1Ec	M25
XE1Ed	M25
XE1Ee	M25
XE1Ef	M25
XE1Eg	M25
XE1Eh	M25
XE1Ei	M25
XE1Ej	M25
XE1Ek	M25
XE1El	M25
XE1Em	M25
XE1En	M25
XE1Ep	M25
XE1Eq	M25
XE1Er	M25
XE1Eu	M47
XE1Ew	M47
XE1Ex	M47
XE1Ey	M47
XE1F0	M50
XE1F1	M51
XE1F3	M96
XE1F5	M54
XE1F6	M43
XE1F7	M43
XE1F8	M48
XE1F9	M48
XE1FA	M54
XE1FD	M54
XE1FE	M54
XE1FF	M53
XE1FG	M53
XE1FH	M54
XE1FI	M53
XE1FK	M77
XE1FL	M75
XE1FM	M75
XE1FN	M75
XE1FO	M70
XE1FP	M76
XE1FQ	M76
XE1FR	M77
XE1FS	M77
XE1FT	M89
XE1FU	M65
XE1FV	M65
XE1FW	M65
XE1FX	M65
XE1FY	M71
XE1FZ	M67
XE1Fa	M66
XE1Fb	M67
XE1Fc	M67
XE1Fd	M67
XE1Fe	M79
XE1Ff	M60
XE1Fg	M61
XE1Fh	M61
XE1Fj	M72
XE1Fk	M60
XE1Fl	M79
XE1Fm	M79
XE1Fo	M79
XE1Fp	M79
XE1Fq	M79
XE1Ft	M79
XE1Fu	M86
XE1Fv	M86
XE1Fx	M86
XE1Fy	M86
XE1Fz	M86
XE1G0	M86
XE1G1	M91
XE1G2	M91
XE1G4	M91
XE1G5	M92
XE1G8	M93
XE1G9	M93
XE1GB	M84
XE1GC	M87
XE1GD	M85
XE1GF	M95
XE1GG	M95
XE1GH	M21
XE1GI	M21
XE1GL	M21
XE1GM	M21
XE1GN	M21
XE1GQ	M40
XE1GR	M43
XE1GS	M95
XE1GT	M17
XE1GU	M17
XE1GV	M16
XE1GW	M67
XE1HC	M25
XE1HE	M25
XE1HK	M46
XE1Hm	M75
XE1Hy	M65
XE1Ic	M79
XE1Ie	M79
XE1Ig	M79
XE1Ii	M79
XE1Ik	M79
XE1Im	M79
XE1Io	M79
XE1Iq	M79
XE1Is	M79
XE1J8	M84
XE1Ja	Q07
XE1Jb	Q05
XE1Jc	Q05
XE1Jd	Q05
XE1Je	Q05
XE1Jf	Q05
XE1Jg	Q05
XE1Jh	Q05
XE1Ji	Q01
XE1Jj	Q01
XE1Jk	Q01
XE1Jl	Q04
XE1Jm	Q04
XE1Jn	Q03
XE1Jp	Q75
XE1Jq	Q06
XE1Jr	Q06
XE1Js	Q15
XE1Jt	Q15
XE1Ju	Q12
XE1Jv	Q12
XE1Jw	Q13
XE1Jx	Q13
XE1Jy	Q14
XE1Jz	Q10
XE1K0	Q10
XE1K1	Q16
XE1K2	Q16
XE1K3	Q16
XE1K4	Q16
XE1K5	Q17
XE1K6	Q17
XE1K7	Q17
XE1K8	Q18
XE1K9	Q18
XE1KA	Q21
XE1KB	Q20
XE1KC	Q20
XE1KD	Q21
XE1KE	Q21
XE1KF	Q21
XE1KG	Q22
XE1KI	Q24
XE1KJ	Q24
XE1KK	Q24
XE1KL	Q25
XE1KM	Q25
XE1KN	Q25
XE1KO	Q25
XE1KP	Q25
XE1KR	Q25
XE1KS	Q26
XE1KT	Q26
XE1KU	Q27
XE1KV	Q27
XE1KW	Q28
XE1KY	Q30
XE1KZ	Q33
XE1Ka	Q33
XE1Kb	Q33
XE1Kc	Q35
XE1Kd	Q35
XE1Ke	Q35
XE1Kf	Q38
XE1Kg	Q38
XE1Kh	Q38
XE1Ki	Q38
XE1Kj	Q38
XE1Kk	Q38
XE1Kl	Q39
XE1Km	Q39
XE1Kn	Q40
XE1Ko	Q40
XE1Kp	Q43
XE1Kq	Q41
XE1Kr	Q42
XE1Ks	Q42
XE1Kt	Q42
XE1Ku	Q43
XE1Kv	Q43
XE1Kw	Q43
XE1Kx	Q43
XE1Ky	Q43
XE1Kz	Q44
XE1L0	Q44
XE1L1	Q44
XE1L2	Q44
XE1L3	Q44
XE1L4	Q45
XE1L5	Q50
XE1L6	Q50
XE1L7	Q52
XE1L9	Q52
XE1LA	Q52
XE1LC	Q52
XE1LD	Q52
XE1LE	Q52
XE1LF	Q53
XE1LG	Q53
XE1LH	Q53
XE1LJ	Q56
XE1LK	Q56
XE1LL	Q60
XE1LM	Q61
XE1LN	Q61
XE1LO	Q61
XE1LP	Q62
XE1LQ	Q63
XE1LR	Q64
XE1LS	Q64
XE1LV	Q68
XE1LW	Q67
XE1LX	Q65
XE1LY	Q68
XE1LZ	Q68
XE1La	Q66
XE1Lb	Q66
XE1Lc	Q66
XE1Ld	Q66
XE1Le	Q71
XE1Lf	Q89
XE1Lg	M95
XE1Lh	Q70
XE1Li	Q70
XE1Lj	Q71
XE1Lk	Q71
XE1Ll	Q71
XE1Lm	Q71
XE1Ln	Q71
XE1Lo	Q72
XE1Lp	Q72
XE1Lq	Q72
XE1Lr	Q73
XE1Ls	Q73
XE1Lt	Q68
XE1Lu	Q87
XE1Lv	Q79
XE1Lw	Q79
XE1Lx	Q74
XE1Ly	Q74
XE1Lz	Q75
XE1M0	Q75
XE1M1	Q75
XE1M2	Q75
XE1M3	Q76
XE1M4	Q76
XE1M5	Q76
XE1M6	Q76
XE1M7	Q77
XE1M8	Q78
XE1M9	Q78
XE1MA	Q78
XE1MB	Q77
XE1MC	Q78
XE1MD	Q78
XE1ME	Q78
XE1MF	Q78
XE1MG	Q79
XE1MH	Q79
XE1MI	Q79
XE1MJ	Q79
XE1MK	Q80
XE1ML	Q80
XE1MM	Q82
XE1MN	Q82
XE1MO	Q82
XE1MP	Q81
XE1MQ	Q82
XE1MR	Q84
XE1MS	Q84
XE1MT	Q84
XE1MU	Q84
XE1MV	Q83
XE1MW	Q84
XE1MX	Q82
XE1MY	Q84
XE1MZ	Q90
XE1Ma	Q93
XE1Mb	Q95
XE1Mc	Q99
XE1Md	Q99
XE1Me	Q96
XE1Mf	Q96
XE1Mg	Q98
XE1Mh	Q99
XE1Mi	Q89
XE1Mj	Q89
XE1Mk	Q89
XE1Ml	Q87
XE1Mm	Q89
XE1O0	Q66
XE1SE	N93
XE1Xr	F03
XE1Xs	F01
XE1Xw	F23
XE1Xz	F30
XE1Y0	F32
XE1Y1	F33
XE1Y2	F22
XE1Y4	F23
XE1YA	F40
XE1YC	F32
XE1YF	F60
XE1YG	F60
XE1YI	F60
XE1YJ	F60
XE1YK	F60
XE1YN	F65
XE1YO	F66
XE1YP	F52
XE1YR	F11
XE1YS	F13
XE1YT	F12
XE1YV	F16
XE1YX	F10
XE1YY	F16
XE1YZ	F13
XE1Ya	F15
XE1Yc	F45
XE1Yd	F45
XE1Ye	F45
XE1Yi	F51
XE1Yk	F50
XE1Yl	G44
XE1Ym	F43
XE1Yo	F43
XE1Yp	F43
XE1Yq	F07
XE1Ys	F91
XE1Yt	F91
XE1Yv	F93
XE1Yx	F93
XE1Yy	F93
XE1Yz	F93
XE1Z0	F94
XE1Z3	F80
XE1Z4	F80
XE1Z5	F82
XE1Z6	F03
XE1Z7	F05
XE1Z8	F05
XE1Z9	F06
XE1ZA	F06
XE1ZB	F07
XE1ZC	F07
XE1ZD	F06
XE1ZE	F10
XE1ZF	F10
XE1ZG	F10
XE1ZH	F11
XE1ZI	F11
XE1ZJ	F15
XE1ZK	F16
XE1ZL	F19
XE1ZM	F20
XE1ZN	F21
XE1ZO	F22
XE1ZP	F22
XE1ZQ	F23
XE1ZR	F23
XE1ZS	F23
XE1ZT	F28
XE1ZU	F29
XE1ZV	F30
XE1ZW	F30
XE1ZX	F31
XE1ZY	F32
XE1ZZ	F32
XE1Za	F32
XE1Zb	F32
XE1Zc	F33
XE1Zd	F33
XE1Ze	F33
XE1Zf	F33
XE1Zg	F38
XE1Zh	F38
XE1Zi	F39
XE1Zj	F41
XE1Zk	F44
XE1Zl	F44
XE1Zm	F44
XE1Zn	F45
XE1Zo	F45
XE1Zp	F48
XE1Zq	F50
XE1Zr	F51
XE1Zs	F52
XE1Zt	F52
XE1Zu	F52
XE1Zv	F53
XE1Zw	F53
XE1Zx	F55
XE1Zy	F60
XE1Zz	F62
XE1a0	F62
XE1a1	F65
XE1a2	F79
XE1a3	F80
XE1a4	F80
XE1a5	F80
XE1a6	F80
XE1a7	F80
XE1a8	F81
XE1a9	F81
XE1aA	F84
XE1aB	F88
XE1aC	F92
XE1aD	F93
XE1aE	F93
XE1eB	P00
XE1eC	P00
XE1eD	Q86
XE1eE	P04
XE1eF	P01
XE1eG	P01
XE1eH	P01
XE1eI	P02
XE1eJ	P02
XE1eK	P02
XE1eL	P02
XE1eM	P02
XE1eN	P02
XE1eO	P03
XE1eP	P03
XE1eQ	P03
XE1eR	P03
XE1eS	P03
XE1eT	P03
XE1eU	P05
XE1eX	P07
XE1eZ	P10
XE1ea	P11
XE1eb	P10
XE1ec	P12
XE1ed	P13
XE1ee	P13
XE1ef	P13
XE1eg	P15
XE1eh	P15
XE1ej	P21
XE1ek	P21
XE1em	P22
XE1en	P24
XE1eo	P24
XE1ep	P27
XE1eq	P28
XE1er	P35
XE1es	P37
XE1et	P38
XE1eu	P38
XE1ex	P39
XE1ey	P39
XE1ez	P39
XE1f0	P39
XE1f1	P36
XE1f3	P55
XE1f4	P59
XE1f5	P71
XE1f6	P71
XE1f7	P71
XE1f8	P61
XE1fB	P81
XE1fC	P83
XE1fD	P92
XE1fE	P96
XE1fF	P96
XE1fG	P96
XE1fH	P96
XE1fL	P04
XE1fP	P02
XE1fR	P02
XE1fd	P07
XE1h3	E66
XE1h4	E66
XE1hR	K13
XE1hZ	N50
XE1hj	G40
XE1hk	F48
XE1hl	F48
XE1hq	M62
XE1iJ	M25
XE1iK	M89
XE1p8	I51
XE1p9	I97
XE1pA	K91
XE1pB	N99
XE1vN	D48
XE1vO	C00
XE1vQ	C15
XE1vR	C16
XE1vS	C16
XE1vT	C16
XE1vU	C18
XE1vV	C18
XE1vX	C21
XE1vY	C23
XE1va	C30
XE1vb	C34
XE1vc	C34
XE1vd	C41
XE1vf	C40
XE1vh	C44
XE1vi	C53
XE1vj	C51
XE1vk	C62
XE1vl	C74
XE1vm	C78
XE1vn	C80
XE1vp	C82
XE1vq	C96
XE1vr	D45
XE1vs	D11
XE1vt	D13
XE1vu	D13
XE1vv	D13
XE1vw	D13
XE1vx	D12
XE1vy	D12
XE1vz	D13
XE1w1	D14
XE1w2	D14
XE1w3	D14
XE1w4	D16
XE1w5	D16
XE1w6	D16
XE1w8	D26
XE1w9	D27
XE1wA	D28
XE1wB	D30
XE1wC	D30
XE1wD	D34
XE1wE	D18
XE1wF	D01
XE1wG	D02
XE1wH	D06
XE1wI	D07
XE1wJ	D37
XE1wK	D41
XE1wL	D41
XE1wN	D48
XE1wO	D47
XE1wP	D47
XE1wQ	D47
XE1wg	C45
XE1wh	D36
XE1wn	C00
XE1wp	C02
XE1wz	C15
XE1x1	C15
XE1x3	C15
XE1x5	C15
XE1x7	C16
XE1x9	C16
XE1xB	C16
XE1xD	C16
XE1xF	C16
XE1xH	C16
XE1xJ	C16
XE1xN	C18
XE1xP	C18
XE1xR	C18
XE1xT	C18
XE1xX	C18
XE1xZ	C18
XE1xd	C18
XE1xh	C19
XE1xp	C22
XE1xr	C22
XE1xt	C23
XE1xv	C24
XE1xz	C25
XE1y1	C25
XE1y3	C25
XE1y5	C25
XE1y7	C32
XE1y9	C32
XE1yB	C32
XE1yD	C32
XE1yJ	C34
XE1yL	C34
XE1yN	C34
XE1yP	C34
XE1yV	C41
XE1yZ	C41
XE1yb	C40
XE1yd	C41
XE1yf	C40
XE1yn	C43
XE1yp	C43
XE1yr	C43
XE1z9	C50
XE1zB	C50
XE1zD	C50
XE1zF	C50
XE1zH	C50
XE1zJ	C50
XE1zL	C50
XE1zP	C53
XE1zR	C53
XE1zT	C53
XE1zf	C60
XE1zz	C77
XE201	C77
XE203	C77
XE207	C78
XE20B	C79
XE20H	C80
XE20N	C90
XE20T	C95
XE20t	D35
XE20v	D18
XE26Q	N20
XE26S	N21
XE26T	N21
XE279	N87
XE27B	N87
XE2Pu	N23
XE2Q2	E23
XE2Q3	E65
XE2Q5	F51
XE2Q6	F90
XE2Q7	G80
XE2Q8	G80
XE2Q9	G80
XE2QA	H26
XE2QB	H18
XE2QC	H61
XE2QD	H65
XE2QE	H68
XE2QF	I44
XE2QH	M31
XE2QI	J30
XE2QL	K50
XE2QM	N17
XE2QN	N60
XE2QO	N87
XE2QQ	O60
XE2QR	O98
XE2QS	O80
XE2QT	O32
XE2QU	O32
XE2QX	O90
XE2QY	O91
XE2QZ	O92
XE2Qb	M12
XE2Qc	M13
XE2Qg	Q17
XE2Qh	Q21
XE2Qi	Q24
XE2Qj	Q25
XE2Qk	Q28
XE2Ql	Q35
XE2Qm	Q35
XE2Qn	Q35
XE2Qo	Q35
XE2Qp	Q35
XE2Qq	Q35
XE2Qr	Q38
XE2Qs	Q54
XE2Qt	Q64
XE2Qu	Q63
XE2Qv	Q63
XE2Qw	Q66
XE2Qx	Q70
XE2Qy	Q70
XE2Qz	Q71
XE2R0	Q75
XE2R1	Q93
XE2R3	Q89
XE2R4	Q87
XE2R5	Q87
XE2R7	P83
XE2RT	J31
XE2Rh	O21
XE2Zz	E88
XE2a3	F70
XE2a7	H40
XE2a8	H40
XE2aA	I25
XE2aB	I64
XE2aC	J03
XE2aD	N81
XE2aJ	L50
XE2aN	M48
XE2aO	M66
XE2aP	M89
XE2aQ	M71
XE2ac	Q93
XE2ad	Q93
XE2aj	A18
XE2b5	A70
XE2b7	F07
XE2b8	F25
XE2b9	F50
XE2bA	F52
XE2bB	F82
XE2bC	F93
XE2bD	F94
XE2bH	K29
XE2bI	K31
XE2bK	Q61
XE2bV	C83
XE2bn	D59
XE2cn	Q71
XE2eV	Q30
XE2eW	Q30
XE2eX	Q50
XE2eY	Q62
XE2eZ	Q65
XE2eb	Q79
XE2ec	Q79
XE2ed	Q79
XE2ee	Q83
XE2ef	Q83
XE2eg	Q89
XE2eh	Q89
XE2n9	F18
XE2nA	K06
XE2nB	M95
XE2nE	M21
XE2nF	M21
XE2nG	M21
XE2nH	M21
XE2nI	M21
XE2nK	M21
XE2nL	M22
XE2nM	M21
XE2nN	M21
XE2nO	M21
XE2nP	M21
XE2nQ	M21
XE2nR	M21
XE2nS	M20
XE2nT	P28
XE2nU	G47
XE2rk	C14
XE2rm	D00
XE2rn	D37
XE2ro	D51
XE2rp	D69
XE2se	G80
XE2sf	K57
XE2sh	O13
XE2sk	O83
XE2sl	O99
XE2sm	O91
XE2sn	O80
XE2so	D22
XE2sq	P28
XE2t9	C85
XE2tA	E23
XE2tB	E74
XE2tC	M91
XE2tD	Q63
XE2tm	O43
XE2uC	A18
XE2uE	A48
XE2uF	B15
XE2uG	A82
XE2uI	B34
XE2uJ	A75
XE2uK	A27
XE2uL	A65
XE2uM	B35
XE2uN	B65
XE2uO	B65
XE2uP	B65
XE2uQ	B83
XE2uR	B83
XE2uS	D22
XE2uT	F25
XE2uU	H02
XE2uW	Q13
XE2uY	Q27
XE2uZ	Q63
XE2ua	Q66
XE2ub	Q66
XE2uc	Q72
XE2ud	Q75
XE2ue	Q84
XE2uf	Q87
XE2um	F16
XE2un	F25
XE2up	K74
XE2uq	Q21
XE2ur	Q20
XE2ut	N28
XE2ux	Q03
XE2uz	F94
XE2v1	A66
XE2v2	F84
XE2vG	A60
XE2vH	B00
XE2vI	B76
XE2vJ	B76
XE2vK	B76
XE2vL	B76
XE2vM	B76
XE2vN	C24
XE2vS	C71
XE2vT	C79
XE2vU	D14
XE2vV	D14
XE2vW	D16
XE2vX	D16
XE2vY	D16
XE2vZ	D23
XE2va	D33
XE2vb	D35
XE2vc	D18
XE2vd	D18
XE2ve	D37
XE2vi	C94
XE2vj	D39
XE2vk	H92
XE2vl	A37
XE2vm	A37
XE2vn	A37
XE2vo	B34
XE2vp	B66
XE2vq	Q62
XE2vv	Q25
XE2vw	Q25
XE2vx	Q27
XE2vy	Q71
XE2vz	Q21
XE2w2	Q71
XE2w3	I62
XE2w5	L05
XE2w6	A23
XE2w7	A23
XE2w8	A23
XE2w9	A23
XE2wA	A49
XE2wB	B65
XE2wC	B65
XE2wD	B65
XE2wE	B65
XE2wK	B66
XE2wN	J86
XE2wP	J86
XE2wR	J86
XE2x9	B02
XE2xA	D01
XE2xB	C77
XE2xC	D13
XE2xT	B34
XE2xd	Q79
XE2xf	B85
XE2xg	B85
XE2xh	B85
XE2xj	D12
XE2xl	I45
XE2y7	B27
XM001	F42
XM00D	A37
XM00E	C00
XM00F	C80
XM00G	F93
XM00H	G91
XM00J	H27
XM00K	I07
XM00N	L74
XM00Q	Q25
XM00R	Q76
XM00U	K56
XM00h	J34
XM00o	M25
XM00q	L29
XM00u	I99
XM01K	M25
XM01N	L68
XM01O	H57
XM01U	K11
XM01V	K11
XM01W	K11
XM01x	M95
XM020	Q32
XM021	Q32
XM02Q	I77
XM02R	I77
XM02S	I77
XM02W	I95
XM02c	I86
XM02d	I86
XM02s	B05
XM02v	K05
XM02w	K06
XM02y	K14
XM02z	K14
XM030	K14
XM036	L90
XM03L	N50
XM03M	N85
XM03T	O32
XM03h	G40
XM03i	G40
XM03j	G40
XM03m	G83
XM03n	M62
XM03p	G83
XM03s	G83
XM042	M62
XM044	M62
XM045	G25
XM048	G25
XM049	G25
XM04c	G93
XM04m	H35
XM04n	H35
XM04o	H35
XM04p	H35
XM04q	H35
XM04s	H35
XM04u	H53
XM04y	H53
XM050	H02
XM051	G90
XM053	H21
XM05E	H92
XM05F	H61
XM05I	H73
XM05P	J38
XM05j	L08
XM05l	L98
XM05m	L70
XM05p	L98
XM05s	L08
XM05v	Q68
XM05w	M15
XM05x	L60
XM05y	L03
XM060	L60
XM062	M25
XM063	M24
XM064	M25
XM066	M25
XM068	M89
XM06E	N50
XM06F	N50
XM06j	G47
XM06k	G47
XM08d	N23
XM092	M54
XM0AX	N89
XM0AZ	N64
XM0Aa	B08
XM0Ac	C01
XM0Ad	C78
XM0Ag	H95
XM0Ah	H95
XM0Ak	F40
XM0Am	J38
XM0As	F43
XM0At	F42
XM0Ax	O07
XM0B4	D13
XM0B7	G93
XM0B8	K57
XM0B9	K57
XM0BV	D83
XM0BW	D83
XM0BY	J35
XM0CQ	N23
XM0CZ	H04
XM0Ca	H04
XM0Cc	J34
XM0Cn	K92
XM0Cp	M54
XM0Cq	M54
XM0Cr	N23
XM0lr	L98
XM0m7	P01
XM0mM	P55
XM0mP	P61
XM0pU	B35
XM0ps	C69
XM0pv	C79
XM0qQ	F15
XM0qm	G97
XM0qt	H20
XM0qz	H57
XM0rN	I25
XM0rc	I74
XM0rz	J11
XM0sI	K27
XM0sZ	N30
XM0sf	N49
XM0sl	N63
XM0t2	N95
XM0tD	O26
XM0tH	O98
XM0tK	O99
XM0tT	O35
XM0ta	O66
XM0tj	O91
XM0tp	L03
XM0tr	L03
XM0uO	M46
XM0uR	M51
XM0uT	M53
XM0uY	M75
XM0uZ	M75
XM0ug	M72
XM0ul	M86
XM0ut	M20
XM0v8	Q55
XM0wT	M12
XM0wU	L90
XM10e	N23
XM10f	N23
XM14o	N20
XM19P	H54
XM19Q	H54
XM1B6	K10
XM1CJ	K11
XM1Cd	N50
XM1Dj	H18
XM1F5	H04
XM1F8	D23
XM1F9	D23
XM1FA	D23
XM1FB	D23
XM1FC	D23
XM1FE	C22
XM1FF	D23
XM1FM	C83
XM1FN	D17
XM1FU	Q93
XM1FY	K10
XM1G8	D13
XM1G9	E85
XM1GA	L30
XM1GB	Q24
XM1GC	F33
XM1GD	L98
XM1GE	F45
XM1GG	F21
XM1GH	F23
XM1GM	J39
XM1GN	J39
XM1Hd	N97
XM1ME	Q45
XM1MF	Q40
XM1MJ	Q98
XM1MK	Q98
XM1ML	C44
XM1MM	C78
XM1MN	D01
XM1MO	D07
XM1MQ	D43
XM1N5	N40
XM1N6	N85
XM1NB	N64
XM1NE	L05
XM1NG	K62
XM1NI	M54
XM1NK	M79
XM1NN	N90
XM1NQ	M19
XM1Nn	Q72
XM1No	Q72
XM1Np	Q73
XM1Nv	Q66
XM1Nx	M21
XM1O3	P59
XM1O7	P15
XM1O8	P13
XM1O9	P13
XM1OA	P20
XM1OB	P20
XM1OC	A48
XM1OG	A50
XM1OJ	A50
XM1OM	A51
XM1Oa	D48
XM1Oc	C02
XM1Od	C02
XM1Oe	C02
XM1Of	C02
XM1Og	D00
XM1Oi	C00
XM1Ok	Q42
XM1Ol	Q42
XM1On	K90
XM1Or	Q63
XM1Os	N99
XM1Ov	N32
XM1Ow	N35
XM1P1	Q55
XM1P3	N88
XM1P4	C51
XM1P5	O70
XM1P7	O03
XM1P8	O05
XM1P9	O07
XM1PB	O03
XM1PE	O73
XM1PF	O43
XM1PG	O63
XM1PH	O70
XM1PK	O91
XM1PO	E27
XM1PP	E88
XM1PQ	K40
XM1PY	D69
XM1Pq	M62
XM1Pr	C79
XM1Pu	G80
XM1Pv	G80
XM1Pw	G80
XM1Px	G80
XM1Q0	F15
XM1Q2	F44
XM1Q3	F43
XM1Q4	F50
XM1Q8	H44
XM1QA	H40
XM1QB	Q17
XM1QG	H91
XM1QK	J35
XM1QL	J35
XM1QM	J31
XM1QO	C01
XM1QP	D10
XM1QQ	D00
XM1QT	J20
XM1QV	J98
XM1QW	J98
XM1Qg	K55
XM1Qi	I77
XM1Qk	I25
XM1Qm	I30
XM1Qn	I50
XM1Qr	I82
XM1Qt	Q27
XM1Qw	Q24
XM1Qy	D61
XM1Qz	C88
XM1RF	G96
XM1V2	N20
XM1V8	D69
XM1VF	N39
XM1VV	E72
XM1Wt	M20
XM1X4	M25
XM1X8	H91
XM1XC	M79
XM1XI	L30
XM1XK	M89
XM1XS	H53
XM1Y9	K13
XM1YD	E66
XM1YF	N50
XM1YJ	J98
XM1YM	K13
XM1YP	K46
XS1W4	H30
XS29G	E05
XSA0M	C79
XSBpB	L02
XSC9R	A48
XSCAK	A49
XSCCR	A52
XSCDz	A49
XSCGD	A19
XSCIX	E66
XSCIZ	E66
XSCVh	A94
XSCdU	B60
XSCm1	K65
XSDIu	M86
XSDJn	M89
XSDSb	I10
XSDT6	I25
XSDWB	I87
XSDb0	Q87
XSDbD	Q87
XSDcM	Q93
XSDcU	Q99
XSDik	Q74
XSDtO	Q55
XSDtj	Q04
XSDzf	K31
XSE1i	K55
XSE3r	K62
XSE6D	E80
XSE9s	N76
XSEB7	N64
XSEDT	F66
XSEGJ	F32
XSGok	F32
XSGol	F32
XSGom	F32
XSGon	F32
XSGp0	F38
XSJyq	E53
XSKr7	F22
XSLIV	N48
XSN4O	C44
Xa00I	I63
Xa00J	I63
Xa00K	I63
Xa00Z	K92
Xa00m	F06
Xa00r	F40
Xa00s	F40
Xa00v	F22
Xa00x	F48
Xa00y	F38
Xa00z	F34
Xa01F	G93
Xa01H	E88
Xa01I	E80
Xa01J	E80
Xa01K	E80
Xa01L	E80
Xa01M	E80
Xa01N	E88
Xa01O	E80
Xa01R	D61
Xa01b	I60
Xa01c	I60
Xa01g	I72
Xa01h	I60
Xa01i	I60
Xa01j	I60
Xa01k	I60
Xa01l	I60
Xa01m	I60
Xa01o	I60
Xa01t	A02
Xa025	F44
Xa027	F44
Xa028	F44
Xa02E	F48
Xa02G	F42
Xa02H	F42
Xa02I	F42
Xa02h	L98
Xa02k	H11
Xa02l	H11
Xa02m	H11
Xa02q	L98
Xa02s	L98
Xa033	I78
Xa03E	N48
Xa03H	M25
Xa03s	H53
Xa03z	F42
Xa04B	O36
Xa04P	N50
Xa04S	M25
Xa04f	K64
Xa04g	K64
Xa04h	K64
Xa04j	K08
Xa04l	J39
Xa04t	Q55
Xa057	D29
Xa058	D29
Xa059	C60
Xa05A	C60
Xa05T	H18
Xa05c	L29
Xa05o	D64
Xa05p	Q84
Xa06G	L60
Xa06H	L60
Xa06I	L60
Xa06Z	L98
Xa06b	L98
Xa06p	M92
Xa06q	M92
Xa06t	Q84
Xa070	Q38
Xa07H	N94
Xa07P	N23
Xa07T	K55
Xa07W	P95
Xa07X	P96
Xa07Y	P96
Xa07b	P83
Xa07c	P29
Xa07d	P28
Xa07e	P56
Xa07g	P29
Xa07h	P29
Xa07i	P29
Xa07j	P29
Xa07k	P29
Xa07l	P28
Xa07m	P29
Xa07n	P76
Xa07p	P78
Xa07r	P78
Xa07s	P78
Xa07t	P78
Xa07u	P78
Xa07v	P78
Xa07y	P80
Xa07z	P80
Xa080	P22
Xa081	P22
Xa082	P22
Xa083	P24
Xa084	P25
Xa086	P28
Xa087	P28
Xa088	P28
Xa08A	P28
Xa08B	P28
Xa08C	P28
Xa08D	P81
Xa08E	P81
Xa08F	P78
Xa08G	P24
Xa08H	P24
Xa08I	P24
Xa08K	P28
Xa08L	P28
Xa08M	P28
Xa08N	P28
Xa08O	P78
Xa08P	P59
Xa08Q	P59
Xa08S	P59
Xa08T	P59
Xa08U	P59
Xa08V	P70
Xa08W	P70
Xa08X	P70
Xa08Y	P70
Xa08Z	P70
Xa08a	P70
Xa08b	P70
Xa08c	P70
Xa08d	P70
Xa08e	P72
Xa08f	P72
Xa08g	P72
Xa08j	P20
Xa08k	P74
Xa08m	P21
Xa08n	P21
Xa08p	P21
Xa08q	P21
Xa08r	P61
Xa08s	P61
Xa08t	P61
Xa08v	P61
Xa08w	P61
Xa091	P96
Xa092	P96
Xa093	P96
Xa094	P96
Xa096	P10
Xa097	P10
Xa09B	P10
Xa09D	P91
Xa09E	P91
Xa09F	P91
Xa09G	P90
Xa09I	P91
Xa09M	P96
Xa09T	P05
Xa09U	P05
Xa09W	P07
Xa09X	P07
Xa09Y	P07
Xa09Z	P08
Xa09a	P08
Xa09d	P08
Xa09f	P05
Xa09h	P83
Xa09i	P54
Xa09j	P96
Xa09k	P12
Xa09l	P12
Xa09m	P12
Xa09n	P12
Xa09t	P96
Xa09u	D70
Xa09v	P72
Xa09w	P72
Xa09x	P72
Xa09y	P71
Xa09z	P71
Xa0A0	P74
Xa0A2	J95
Xa0A3	P26
Xa0A4	P20
Xa0A5	P20
Xa0A6	P20
Xa0A7	P20
Xa0A8	P20
Xa0A9	P21
Xa0AA	P21
Xa0AD	P74
Xa0AE	P71
Xa0AF	P71
Xa0AK	P52
Xa0AL	P52
Xa0AN	Q89
Xa0AO	Q89
Xa0AP	P96
Xa0AR	L94
Xa0AU	P07
Xa0AV	P39
Xa0AW	P37
Xa0AX	P35
Xa0AY	P35
Xa0AZ	M81
Xa0Aa	P35
Xa0Ae	B24
Xa0Ah	P35
Xa0Ai	P36
Xa0Aj	P39
Xa0Ak	P37
Xa0Al	P37
Xa0Am	P39
Xa0An	P39
Xa0Aq	P39
Xa0As	P39
Xa0Av	P39
Xa0Aw	P39
Xa0Ax	P39
Xa0Ay	P39
Xa0Az	P39
Xa0B2	P59
Xa0B8	P23
Xa0B9	P39
Xa0BA	P24
Xa0BB	P24
Xa0BC	P27
Xa0BH	Q80
Xa0BI	P96
Xa0BJ	Q75
Xa0BK	B97
Xa0BN	E55
Xa0BP	P12
Xa0BQ	P12
Xa0BR	P91
Xa0BZ	P76
Xa0Ba	P92
Xa0Bb	P92
Xa0Bd	P92
Xa0Be	P96
Xa0Bi	Q04
Xa0Bj	I61
Xa0Bk	Q44
Xa0Bm	P28
Xa0Bp	D48
Xa0Bq	L98
Xa0Br	D23
Xa0Bs	D33
Xa0By	D23
Xa0C0	C44
Xa0C1	L72
Xa0CE	C43
Xa0D0	I34
Xa0D3	I47
Xa0D8	D21
Xa0D9	C44
Xa0DF	C15
Xa0DG	C15
Xa0DH	D13
Xa0DI	D37
Xa0DO	C16
Xa0DP	C16
Xa0DQ	C16
Xa0DX	C85
Xa0DY	D13
Xa0Dd	C85
Xa0De	C26
Xa0Df	C17
Xa0Dg	C18
Xa0Di	C21
Xa0Dj	C20
Xa0Dp	C71
Xa0Dq	C72
Xa0Dr	C71
Xa0Ds	C72
Xa0E1	C85
Xa0E2	G93
Xa0EF	D35
Xa0EL	D13
Xa0EM	D13
Xa0ER	F70
Xa0EY	C63
Xa0Ed	D30
Xa0Eg	N99
Xa0Ei	C57
Xa0Ej	D48
Xa0Ek	N89
Xa0El	N89
Xa0En	N90
Xa0Eo	N90
Xa0Ep	D07
Xa0Eq	C51
Xa0Es	N90
Xa0Et	O41
Xa0Eu	P38
Xa0F5	D17
Xa0GA	C03
Xa0GC	C04
Xa0GU	D48
Xa0GV	D11
Xa0H4	D48
Xa0HB	H53
Xa0HC	H53
Xa0HD	H53
Xa0IL	C78
Xa0J3	K05
Xa0Ji	G40
Xa0KB	D48
Xa0KG	C34
Xa0KH	D14
Xa0KK	Q85
Xa0KR	H92
Xa0KS	H92
Xa0KT	H92
Xa0KU	H92
Xa0KY	L53
Xa0Kj	H73
Xa0Kk	G47
Xa0Kl	G47
Xa0Kp	D33
Xa0Kr	G56
Xa0Ks	G56
Xa0Kt	G61
Xa0LC	H21
Xa0LD	C30
Xa0LK	H92
Xa0LM	H93
Xa0LS	J34
Xa0LT	J34
Xa0LW	J34
Xa0LX	J34
Xa0LZ	J34
Xa0Lc	J34
Xa0Ld	L92
Xa0Lq	L53
Xa0Lt	L53
Xa0M0	J38
Xa0M8	L53
Xa0MB	L53
Xa0MF	J33
Xa0Mk	G93
Xa0Ml	I69
Xa0N3	I60
Xa0N5	Q27
Xa0NF	I72
Xa0NH	I72
Xa0NJ	I60
Xa0NK	I60
Xa0NN	I60
Xa0NO	I60
Xa0NP	G58
Xa0NQ	I60
Xa0NS	I60
Xa0NV	I60
Xa0NW	I60
Xa0NX	I60
Xa0Nb	G96
Xa0Ng	D33
Xa0Nh	L72
Xa0Ni	G93
Xa0Nj	G93
Xa0Ns	J98
Xa0OE	E87
Xa0OJ	Q85
Xa0ON	G71
Xa0PD	D16
Xa0PI	M89
Xa0PV	H93
Xa0PW	H93
Xa0PY	H90
Xa0PZ	H91
Xa0Pi	J38
Xa0Pk	D02
Xa0Q8	D43
Xa0QD	C71
Xa0QI	D47
Xa0QP	C91
Xa0QQ	C91
Xa0QR	L00
Xa0QU	G93
Xa0Qd	E83
Xa0Qe	Q33
Xa0Qi	P28
Xa0Qj	P28
Xa0Qn	H81
Xa0Qo	H81
Xa0Qp	H81
Xa0Qr	Q16
Xa0Qs	I99
Xa0Qt	Q16
Xa0Qu	Q27
Xa0Qv	H93
Xa0Qy	A58
Xa0R4	C71
Xa0R5	C71
Xa0R6	D44
Xa0RM	D42
Xa0RN	D32
Xa0RQ	D42
Xa0RR	D32
Xa0RW	G96
Xa0Rc	K85
Xa0Rf	K31
Xa0Rk	C91
Xa0Rn	C91
Xa0Ro	C91
Xa0Rp	C85
Xa0S1	K07
Xa0S9	C91
Xa0SA	C91
Xa0SB	C91
Xa0SC	C85
Xa0SD	C91
Xa0SE	C91
Xa0SF	C91
Xa0SG	C91
Xa0SH	C91
Xa0SJ	D47
Xa0SL	C90
Xa0SM	C88
Xa0SN	C90
Xa0SV	C92
Xa0SX	C92
Xa0SY	D46
Xa0Se	D46
Xa0Sf	D46
Xa0Sg	C92
Xa0Sh	D46
Xa0Sk	C92
Xa0Sl	C93
Xa0Sm	C94
Xa0Sn	C92
Xa0So	C94
Xa0Sp	E88
Xa0Sq	E88
Xa0Sr	D47
Xa0St	C81
Xa0Su	C81
Xa0Sv	C81
Xa0Sw	C81
Xa0Sx	C81
Xa0Sy	C85
Xa0Sz	C84
Xa0T0	C84
Xa0T1	C85
Xa0T2	C83
Xa0T3	C85
Xa0T4	C82
Xa0T5	C91
Xa0T7	C83
Xa0T8	C88
Xa0T9	C85
Xa0TA	C82
Xa0TD	C82
Xa0TE	C85
Xa0TF	C82
Xa0TG	C83
Xa0TH	C83
Xa0TI	C83
Xa0TM	C83
Xa0TP	C83
Xa0TR	P78
Xa0TS	C86
Xa0TV	P91
Xa0TX	C82
Xa0TY	C84
Xa0TZ	C84
Xa0Ta	P35
Xa0Th	C84
Xa0Ti	C84
Xa0Tj	C84
Xa0Tk	C86
Xa0To	C86
Xa0Tr	C84
Xa0Tt	C84
Xa0Tu	C86
Xa0Ty	C96
Xa0U4	F44
Xa0U5	C85
Xa0UL	N73
Xa0UN	N30
Xa0Ug	I45
Xa0Uh	I45
Xa0Ui	I45
Xa0WG	C48
Xa0WJ	L25
Xa0WL	L81
Xa0WM	L81
Xa0WQ	D69
Xa0WS	L53
Xa0WV	L92
Xa0WX	L90
Xa0WZ	L90
Xa0Wb	L29
Xa0We	M54
Xa0Wg	L23
Xa0Wh	L56
Xa0Wj	Q82
Xa0Wm	K00
Xa0Wn	Q87
Xa0Wo	Q82
Xa0Wq	Q81
Xa0Ws	L01
Xa0Xh	F69
Xa0Xi	J98
Xa0Y7	A31
Xa0YA	E25
Xa0YL	I21
Xa0YT	M79
Xa0YU	M79
Xa0YY	E74
Xa0YZ	E74
Xa0Ya	E74
Xa0Yh	E74
Xa0Yl	L98
Xa0Yu	Q75
Xa0Yw	Q87
Xa0Z0	H05
Xa0Z2	Q04
Xa0Z3	Q04
Xa0ZO	D23
Xa0ZQ	Q87
Xa0ZR	I45
Xa0ZS	Q75
Xa0ZT	I45
Xa0ZU	I45
Xa0ZV	I45
Xa0ZW	I45
Xa0ZY	Q89
Xa0ZZ	Q89
Xa0Zb	Q87
Xa0Zc	Q87
Xa0Zd	Q87
Xa0Ze	Q87
Xa0Zf	Q87
Xa0Zg	Q87
Xa0aS	C70
Xa0ay	C67
Xa0b0	L81
Xa0bA	L98
Xa0bF	L98
Xa0bH	L65
Xa0bJ	C38
Xa0bK	C38
Xa0bL	C38
Xa0bM	C67
Xa0bQ	C50
Xa0bR	C85
Xa0bS	C85
Xa0bT	D05
Xa0bU	C50
Xa0bV	C62
Xa0bY	D29
Xa0bb	C61
Xa0be	N95
Xa0bf	N95
Xa0bg	C34
Xa0bk	N94
Xa0c8	M95
Xa0cD	L68
Xa0cK	O62
Xa0cP	L67
Xa0eB	C92
Xa0fv	G82
Xa0gN	Q62
Xa0hK	D75
Xa0hM	D68
Xa0iB	C41
Xa0ij	M21
Xa0it	N94
Xa0jn	C95
Xa0k0	H55
Xa0k1	H81
Xa0k2	H55
Xa0k3	H55
Xa0k4	H55
Xa0k6	I47
Xa0kT	A06
Xa0kV	A53
Xa0kY	I47
Xa0kZ	I63
Xa0kb	J82
Xa0kc	K62
Xa0kd	K63
Xa0ko	C62
Xa0l6	D89
Xa0l9	E20
Xa0lA	E70
Xa0lD	F22
Xa0lF	F22
Xa0lG	F45
Xa0lH	F01
Xa0lI	G11
Xa0lJ	G40
Xa0lM	G80
Xa0lN	G72
Xa0lP	H26
Xa0lU	I44
Xa0lW	J20
Xa0lX	J30
Xa0lZ	J45
Xa0la	J94
Xa0lc	A69
Xa0lf	B37
Xa0lh	K50
Xa0li	Q84
Xa0ll	K07
Xa0lm	K04
Xa0ln	K56
Xa0lo	K76
Xa0lx	Q10
Xa0ly	Q75
Xa0lz	Q62
Xa0m1	Q66
Xa0m2	Q72
Xa0m7	I97
Xa0nc	K07
Xa0o5	K00
Xa0oB	K03
Xa0oG	K00
Xa0oL	K07
Xa0oM	K07
Xa0oP	K07
Xa0oS	K07
Xa0oT	K07
Xa0oU	K07
Xa0oV	K07
Xa0oc	K07
Xa0os	D48
Xa0p7	H17
Xa0pB	Q77
Xa0pD	Q77
Xa0pF	Q77
Xa0pG	Q77
Xa0pI	Q77
Xa0pJ	E20
Xa0qp	H20
Xa0rR	E20
Xa0rS	Q78
Xa0rU	Q78
Xa0rV	M89
Xa0rl	E20
Xa0s5	K62
Xa0s6	N81
Xa0s8	F06
Xa0s9	F23
Xa0sC	G31
Xa0sE	F03
Xa0sK	M54
Xa0sM	M54
Xa0sW	F91
Xa0sX	F91
Xa0t3	E85
Xa0t5	G57
Xa0tC	F22
Xa0tw	P24
Xa0tx	P29
Xa0ty	P35
Xa0u0	E55
Xa0vN	E74
Xa0vx	L98
Xa0w0	M25
Xa0w1	L90
Xa0w2	L98
Xa0w3	L98
Xa0w7	L28
Xa0wC	N28
Xa0wR	Q83
Xa0wU	G44
Xa0wV	F33
Xa0wZ	N50
Xa0wh	N94
Xa0wi	N94
Xa0wj	M54
Xa0wk	M54
Xa0wl	M99
Xa0wp	M54
Xa0wq	M54
Xa0wr	M99
Xa0ws	M54
Xa0wu	M54
Xa0ww	M99
Xa0wy	M79
Xa0wz	M79
Xa0y0	O92
Xa0y2	N94
Xa0y5	M79
Xa0y6	G51
Xa0y7	G52
Xa0y8	G50
Xa0yA	M79
Xa0yB	M79
Xa0yD	M54
Xa0yH	M25
Xa0yK	M79
Xa0yM	K13
Xa0yN	J34
Xa0yO	L98
Xa0yV	E76
Xa0yW	Q78
Xa0yX	Q79
Xa0yc	K62
Xa11O	F53
Xa139	L08
Xa13A	L30
Xa13C	L30
Xa13M	L59
Xa17e	F10
Xa17m	F10
Xa17z	F34
Xa18j	F43
Xa18v	F43
Xa1As	E83
Xa1El	Q50
Xa1En	Q50
Xa1Eo	Q50
Xa1Ep	Q50
Xa1Eq	Q50
Xa1Er	Q50
Xa1Ev	F40
Xa1G8	M79
Xa1G9	G62
Xa1GB	G31
Xa1IV	N48
Xa1Id	D40
Xa1Ih	H54
Xa1Iv	M79
Xa1Iw	M79
Xa1Ix	M79
Xa1Iy	M79
Xa1Iz	M79
Xa1J0	M79
Xa1J1	M79
Xa1J2	M79
Xa1J3	M79
Xa1J4	M79
Xa1JD	I30
Xa1JK	Q26
Xa1JL	Q26
Xa1Ko	J35
Xa1Kp	J35
Xa1OJ	D37
Xa1OW	J95
Xa1Of	L98
Xa1Oi	I77
Xa1Op	F66
Xa1Or	F66
Xa1Os	F66
Xa1Pl	F29
Xa1Qp	N70
Xa1Qz	N73
Xa1Rh	N70
Xa1Xv	Q25
Xa1Z7	F44
Xa1ZW	A66
Xa1a2	F44
Xa1a5	F48
Xa1a6	F48
Xa1a7	F48
Xa1a8	F40
Xa1a9	F48
Xa1aA	F48
Xa1aF	F52
Xa1aM	L81
Xa1aQ	D48
Xa1aR	D48
Xa1aS	C69
Xa1aT	D31
Xa1aV	L81
Xa1aW	F78
Xa1ah	K55
Xa1aj	O87
Xa1b1	F55
Xa1b2	F55
Xa1b3	F55
Xa1b4	F55
Xa1b5	F55
Xa1b6	F93
Xa1bI	Q43
Xa1bJ	K57
Xa1bK	K57
Xa1bL	K57
Xa1bM	K57
Xa1bN	N36
Xa1c7	F84
Xa1ch	O84
Xa1dP	I51
Xa1dQ	I51
Xa1dR	I51
Xa1dZ	Q44
Xa1dl	L30
Xa1do	A05
Xa1dr	Q45
Xa1gu	G97
Xa1gw	G96
Xa1hE	I64
Xa1hV	F30
Xa1iu	D31
Xa1ix	L92
Xa1jF	M71
Xa1jG	M66
Xa1jH	M66
Xa1jQ	M10
Xa1jR	M10
Xa1jS	M10
Xa1jT	M10
Xa1jU	D48
Xa1jV	D48
Xa1jZ	M25
Xa1jd	M46
Xa1je	Q76
Xa1jf	Q76
Xa1jh	M41
Xa1ji	M41
Xa1k0	M81
Xa1k3	B23
Xa1kT	G80
Xa1lT	M93
Xa1lU	M92
Xa1lV	M84
Xa1lZ	M84
Xa1li	M21
Xa1ll	M21
Xa1lm	M21
Xa1lp	M21
Xa1lr	M21
Xa1lw	M20
Xa1m0	M21
Xa1m1	M21
Xa1m2	M21
Xa1m3	M21
Xa1m4	M21
Xa1m7	M89
Xa1m8	M89
Xa1mP	I67
Xa1mc	M25
Xa1md	M25
Xa1nX	C71
Xa1nY	D48
Xa1nZ	C74
Xa1na	C76
Xa1nb	C76
Xa1nc	C47
Xa1ne	C76
Xa1nw	P21
Xa1nx	P21
Xa1o4	Q53
Xa1oH	Q87
Xa1oN	D40
Xa1oQ	C32
Xa1oU	I82
Xa1oV	I82
Xa1oW	I82
Xa1oo	P59
Xa1p6	A18
Xa1pP	L29
Xa1qA	K28
Xa1qB	K28
Xa1qC	K28
Xa1qO	O84
Xa1qT	L98
Xa1qU	L98
Xa1qq	D30
Xa1qs	C40
Xa1sY	M79
Xa1sb	J06
Xa1sd	J04
Xa1uI	N02
Xa1uJ	N02
Xa1uK	N02
Xa1uL	N02
Xa1uM	N02
Xa1uN	N02
Xa1uQ	E74
Xa1uR	M23
Xa1v6	P37
Xa1v7	P37
Xa1xM	A06
Xa1xp	O48
Xa1xq	O60
Xa1xv	N90
Xa1y1	Q85
Xa1y7	Q10
Xa1yE	Q16
Xa1yF	H74
Xa1yG	Q30
Xa1yH	Q38
Xa1yI	Q38
Xa1yK	Q38
Xa1yL	Q38
Xa1yM	Q38
Xa1yU	Q50
Xa1yV	Q50
Xa1yW	Q51
Xa1yl	Q52
Xa1yr	Q55
Xa1yw	K63
Xa1z5	K63
Xa20b	N10
Xa22s	Q56
Xa24H	N48
Xa24I	I77
Xa24Q	E85
Xa24R	E85
Xa24T	E85
Xa24a	N02
Xa25J	F10
Xa25K	M24
Xa2CA	M89
Xa2DG	G95
Xa2DH	G95
Xa2DI	G95
Xa2DJ	G95
Xa2DK	G83
Xa2E8	I48
Xa2HP	K10
Xa2HQ	K11
Xa2HR	K11
Xa2HY	K07
Xa2VM	A84
Xa2VN	A84
Xa2Vc	A08
Xa2Vd	A08
Xa2Wv	A93
Xa2b3	O46
Xa2dU	A27
Xa2dV	J31
Xa2jV	I49
Xa2jn	L03
Xa2kM	F60
Xa2kO	F30
Xa2kS	F98
Xa2kT	F98
Xa2kU	F98
Xa2kV	F98
Xa2kW	F98
Xa2kZ	F98
Xa2kb	F98
Xa2ke	F63
Xa2kf	F42
Xa2kl	I51
Xa2lt	F10
Xa2m3	F15
Xa2mx	F91
Xa2nP	E63
Xa2zr	F63
Xa2zs	F63
Xa2zt	F63
Xa306	G25
Xa33a	F22
Xa33b	F22
Xa349	H53
Xa34B	H53
Xa34C	C44
Xa34D	C44
Xa34E	C44
Xa34F	C21
Xa34G	D16
Xa34H	C18
Xa34Y	N50
Xa34v	K08
Xa356	K29
Xa35W	M79
Xa35l	J44
Xa363	K92
Xa36I	O04
Xa36T	C79
Xa36a	C90
Xa36b	C90
Xa36c	C90
Xa36d	D47
Xa36e	D47
Xa36g	O72
Xa36h	D47
Xa36k	D47
Xa36m	D47
Xa36n	D59
Xa36r	C53
Xa39z	C78
Xa3A0	G58
Xa3A4	C78
Xa3A5	C78
Xa3A6	C78
Xa3A7	C79
Xa3A8	C78
Xa3A9	C79
Xa3AA	C78
Xa3AB	C78
Xa3AC	C78
Xa3AD	C78
Xa3AE	C78
Xa3AF	C78
Xa3AG	C78
Xa3AH	C78
Xa3AI	C78
Xa3AJ	C79
Xa3AK	C79
Xa3BF	C79
Xa3BH	C79
Xa3BI	C79
Xa3BJ	N87
Xa3BL	C79
Xa3BM	C79
Xa3BN	C79
Xa3BX	C79
Xa3BZ	C79
Xa3Ba	C79
Xa3Bb	C79
Xa3Bc	C77
Xa3Bd	C80
Xa3EW	C92
Xa3Ea	C92
Xa3Eb	H53
Xa3Ec	C92
Xa3Ee	C92
Xa3Em	D69
Xa3En	C85
Xa3Eo	D75
Xa3HD	N87
Xa3HF	N87
Xa3HG	C92
Xa3HI	F72
Xa3Vk	F40
Xa3Vl	F40
Xa3WH	F40
Xa3WI	F40
Xa3WJ	F40
Xa3WZ	F39
Xa3X2	K38
Xa3X4	M89
Xa3X7	L90
Xa3XZ	F39
Xa3Xd	F39
Xa3Xf	F39
Xa3Xg	F39
Xa3YW	F60
Xa3Zd	F34
Xa3aO	J35
Xa3aY	A49
Xa3b1	F60
Xa3dy	A09
Xa3dz	A09
Xa3e3	B02
Xa3e4	B00
Xa3e5	B05
Xa3e7	B26
Xa3eD	B83
Xa3eE	B85
Xa3eH	C40
Xa3eI	C40
Xa3eJ	C44
Xa3eK	C50
Xa3eL	C50
Xa3eM	C50
Xa3eN	C50
Xa3eO	C50
Xa3eP	C50
Xa3eQ	C50
Xa3eU	C78
Xa3eV	D22
Xa3eX	D21
Xa3ea	E04
Xa3eb	E05
Xa3ed	E03
Xa3ef	E16
Xa3ek	E89
Xa3el	E29
Xa3em	E88
Xa3ep	E83
Xa3es	E87
Xa3ew	D59
Xa3f9	G04
Xa3fB	G62
Xa3fD	H33
Xa3fF	H04
Xa3fH	H70
Xa3fK	I05
Xa3fL	I05
Xa3fM	I05
Xa3fN	I06
Xa3fO	I07
Xa3fS	I27
Xa3fT	I51
Xa3fU	I38
Xa3fW	I67
Xa3fX	I74
Xa3fY	I74
Xa3fZ	M30
Xa3fa	K64
Xa3fb	K64
Xa3fc	I95
Xa3fd	J70
Xa3fe	J70
Xa3fg	K35
Xa3fh	K40
Xa3fi	K40
Xa3fj	K41
Xa3fk	K44
Xa3fm	K52
Xa3fo	K56
Xa3fp	K61
Xa3fu	D29
Xa3fw	N48
Xa3fz	N49
Xa3g1	N83
Xa3g2	N84
Xa3g8	N94
Xa3gA	N97
Xa3gB	O02
Xa3gD	L02
Xa3gE	L03
Xa3gF	L03
Xa3gG	L03
Xa3gH	L03
Xa3gJ	L24
Xa3gS	M19
Xa3gU	M51
Xa3gV	M65
Xa3gW	M75
Xa3gd	M70
Xa3go	M66
Xa3gp	M66
Xa3gq	M66
Xa3gr	M66
Xa3gs	M66
Xa3gt	M66
Xa3gu	M66
Xa3gy	M79
Xa3gz	M79
Xa3h0	M79
Xa3h1	M79
Xa3h2	M79
Xa3h3	M86
Xa3h4	M86
Xa3h5	M86
Xa3h6	M86
Xa3h7	M86
Xa3h8	M86
Xa3h9	M86
Xa3hE	M92
Xa3hF	M84
Xa3hG	M84
Xa3hH	M84
Xa3hI	M84
Xa3hJ	M84
Xa3hK	M84
Xa3hL	M84
Xa3hM	M84
Xa3hN	M84
Xa3hO	M84
Xa3hP	M84
Xa3hQ	M84
Xa3hR	M84
Xa3hS	M84
Xa3hT	M84
Xa3hV	Q07
Xa3hZ	Q45
Xa3ki	I51
Xa3rj	C79
Xa3wl	P21
Xa3wm	P21
Xa40M	K91
Xa40N	N73
Xa40Y	O71
Xa40Z	O80
Xa40b	L03
Xa40c	M25
Xa40d	M65
Xa40e	M66
Xa40s	M60
Xa40y	G54
Xa413	M79
Xa415	M79
Xa416	M86
Xa417	M86
Xa418	M84
Xa419	M21
Xa41A	M21
Xa41C	Q68
Xa41N	O30
Xa41P	O32
Xa41W	P05
Xa41Y	P03
Xa41c	P21
Xa41f	P58
Xa4TU	O43
Xa4TV	O43
Xa4TW	O43
Xa4TX	O43
Xa4TY	O43
Xa4TZ	O43
Xa4Tq	O41
Xa4Tt	O41
Xa4Tu	O40
Xa4UG	P02
Xa4UR	P51
Xa4UZ	L98
Xa4Wq	Q52
Xa4Wy	N90
Xa4Wz	N90
Xa4X1	N90
Xa4X3	N90
Xa4X4	N90
Xa4X5	N90
Xa4X6	N90
Xa4X7	L28
Xa4X8	L53
Xa4X9	N90
Xa4XA	D69
Xa4XB	N90
Xa4XF	N90
Xa4XI	N90
Xa4XJ	N90
Xa4XL	N90
Xa4XO	N90
Xa4XQ	Q52
Xa4XS	N90
Xa4XU	N90
Xa4XV	N90
Xa4XW	N90
Xa4XX	N76
Xa4Xb	N89
Xa4Xc	N89
Xa4Xl	N89
Xa4Xo	N89
Xa4Xp	N89
Xa4Xq	N89
Xa4Xs	N89
Xa4Xt	N89
Xa4Xu	N89
Xa4Xx	N76
Xa4Xy	N76
Xa4Xz	N82
Xa4Y0	N93
Xa4Y2	N93
Xa4YG	N89
Xa4YH	N89
Xa4YI	N89
Xa4YJ	N89
Xa4YK	N89
Xa4YM	N89
Xa4YN	N89
Xa4YO	N89
Xa4YP	N89
Xa4YQ	N89
Xa4YS	N89
Xa4YT	N89
Xa4YU	N89
Xa4YW	N89
Xa4YX	N32
Xa4YZ	N89
Xa4Yb	N89
Xa4Yu	O90
Xa4Yw	N93
Xa4Yz	N89
Xa4Z0	N89
Xa4Z2	N94
Xa4ZO	N89
Xa4ZQ	N89
Xa4ZU	N85
Xa4ZX	N85
Xa4Zq	N85
Xa4a2	N85
Xa4a3	N85
Xa4a4	N85
Xa4a8	Q51
Xa4a9	N85
Xa4ag	O34
Xa4ah	O34
Xa4ai	O34
Xa4aj	O34
Xa4au	O62
Xa4bA	O62
Xa4bR	N85
Xa4ba	N85
Xa4bb	N85
Xa4br	N88
Xa4cJ	N88
Xa4cM	N88
Xa4cN	N88
Xa4cQ	N88
Xa4cR	N88
Xa4cS	N88
Xa4ci	N88
Xa4ck	N88
Xa4cl	N94
Xa4cn	N94
Xa4cq	N88
Xa4cr	N88
Xa4cy	N85
Xa4d5	N83
Xa4d6	Q50
Xa4d8	N83
Xa4dA	N94
Xa4dC	N94
Xa4dD	N94
Xa4dN	N94
Xa4dP	N94
Xa4dR	L28
Xa4dS	L53
Xa4dT	N90
Xa4dU	D69
Xa4dV	N94
Xa4dk	N81
Xa4dm	L81
Xa4dr	N91
Xa4dv	N91
Xa4dw	N92
Xa4e0	N92
Xa4e8	N94
Xa4eB	N95
Xa4eV	N83
Xa4eW	N28
Xa4g1	L58
Xa4g2	K82
Xa4iV	L81
Xa4iW	L81
Xa4iX	N64
Xa4ib	N64
Xa4ic	N63
Xa4ii	N64
Xa4in	N64
Xa4jM	N64
Xa4jU	L81
Xa4jV	L81
Xa4jW	N64
Xa4jZ	N64
Xa4ja	N64
Xa4jc	N62
Xa4je	N64
Xa4jf	N64
Xa4jj	N64
Xa4jk	N64
Xa4jl	N64
Xa4jm	N64
Xa4jn	N64
Xa4jo	N64
Xa4jp	N64
Xa4jq	N64
Xa4k2	O92
Xa6YA	N94
Xa6YP	D23
Xa6YQ	I74
Xa6YR	D23
Xa6YS	I74
Xa6YU	I74
Xa6YV	I66
Xa6YX	I74
Xa6YY	I74
Xa6YZ	I74
Xa6Ya	M79
Xa6Yc	M79
Xa6Yd	I65
Xa6Ye	M89
Xa6Yf	I74
Xa6Yg	N95
Xa6Yh	I74
Xa6Yi	I74
Xa6Yj	I74
Xa6Yk	I74
Xa6Yl	I74
Xa6Ym	I74
Xa6Yn	I74
Xa6Yo	I65
Xa6Yp	I74
Xa6Ys	I67
Xa6Yv	Q31
Xa6Yx	I25
Xa6Yz	I74
Xa6Z0	Q64
Xa6Z2	K31
Xa6Z3	K31
Xa6ZD	I72
Xa6ZE	I72
Xa6ZF	K91
Xa6ZG	N64
Xa6Za	K91
Xa6Zb	K91
Xa6Zc	K91
Xa6Ze	M67
Xa6Zf	M67
Xa6Zg	Q74
Xa6Zh	I72
Xa6Zi	Q70
Xa6Zj	Q70
Xa6Zk	I07
Xa6Zv	N36
Xa6aC	Q25
Xa6aH	Q27
Xa6aJ	L90
Xa6aL	E70
Xa6aM	E88
Xa6aN	E88
Xa6aO	E88
Xa6aQ	N50
Xa6aR	N50
Xa6aS	N45
Xa6aW	N50
Xa6aY	E72
Xa6aZ	E72
Xa6aa	E72
Xa6ac	E72
Xa6ae	E74
Xa6af	E74
Xa6ak	N83
Xa6at	E74
Xa6au	E74
Xa6av	E74
Xa6aw	E74
Xa6ax	E74
Xa6ay	E74
Xa6az	E74
Xa6b0	E72
Xa6b1	E87
Xa6b2	E87
Xa6bK	Q89
Xa6bL	Q89
Xa6bY	E75
Xa6bl	K80
Xa6mI	L52
Xa6mL	G57
Xa6mM	G57
Xa6mN	G56
Xa6mO	G57
Xa6mU	L81
Xa6mV	L81
Xa6mg	L92
Xa6mk	L98
Xa6ml	L98
Xa6na	J34
Xa6nr	N17
Xa6nu	N50
Xa6nx	N94
Xa6oZ	E25
Xa6ol	M48
Xa6ot	K25
Xa6p2	K57
Xa6pz	G56
Xa6q0	G56
Xa6q1	G58
Xa6q2	G58
Xa6q3	G56
Xa6q4	G56
Xa6q5	G56
Xa6q7	G56
Xa6q8	G56
Xa6q9	G56
Xa6qA	G56
Xa6qB	N28
Xa6qC	B07
Xa6qD	B07
Xa6qE	G58
Xa6qG	G57
Xa6qJ	G57
Xa6qK	N99
Xa6qM	G58
Xa6qO	L13
Xa6qQ	Q84
Xa6qR	L60
Xa6qS	L60
Xa6qT	L60
Xa6qU	L60
Xa6qW	Q74
Xa6qY	M21
Xa6qb	M25
Xa6qf	M25
Xa6qh	M25
Xa6qi	M25
Xa6qm	M25
Xa6qo	M25
Xa6qq	G03
Xa6qr	M46
Xa6qs	M46
Xa6qt	M46
Xa6qw	K07
Xa6qx	M13
Xa6qy	M13
Xa6qz	M13
Xa6r0	M13
Xa6r1	M13
Xa6r2	M13
Xa6r3	M13
Xa6r4	M13
Xa6r6	M13
Xa6r7	M13
Xa6r8	M13
Xa6r9	M13
Xa6rA	M13
Xa6rB	M46
Xa6rD	M46
Xa6rE	M46
Xa6rH	M25
Xa6rK	K07
Xa6rL	M53
Xa6rM	M53
Xa6rN	M53
Xa6rV	M53
Xa6rX	M23
Xa6re	K07
Xa6rf	M53
Xa6rg	M53
Xa6rw	M25
Xa6s4	K07
Xa6s5	M53
Xa6s6	M53
Xa6s7	M53
Xa6s8	M53
Xa6s9	M25
Xa6sA	M25
Xa6sB	M25
Xa6sC	M25
Xa6sD	M25
Xa6sE	M25
Xa6sF	M25
Xa6sG	M25
Xa6sM	M25
Xa6sN	M25
Xa6sP	M54
Xa6sQ	M54
Xa6sR	M25
Xa6sd	M67
Xa6sf	M67
Xa6sg	M67
Xa6sh	Q79
Xa6sk	M62
Xa6sz	M62
Xa6t1	M62
Xa6t2	G82
Xa6t3	M62
Xa6t7	M79
Xa6t8	M79
Xa6t9	M79
Xa6tj	G93
Xa6uM	M79
Xa6uV	M85
Xa6uW	M85
Xa6uX	M85
Xa6uY	M85
Xa6uZ	M95
Xa6ua	M95
Xa6ub	M95
Xa6ud	M95
Xa6vC	K07
Xa6vD	K07
Xa6vE	K07
Xa6vH	K07
Xa6vI	K07
Xa6vJ	K07
Xa6vK	K07
Xa6vL	K07
Xa6vM	K07
Xa6vf	M40
Xa6vg	M41
Xa6vm	M79
Xa6vn	M46
Xa6wz	M54
Xa6x0	M54
Xa6x1	M53
Xa6x2	M53
Xa6x3	M53
Xa6xN	M48
Xa6xQ	M79
Xa6xR	M46
Xa6yZ	M53
Xa6yd	M54
Xa6ye	M54
Xa6yf	M53
Xa6yg	M53
Xa6yh	M53
Xa6yw	M79
Xa6yx	M46
Xa705	M53
Xa70A	M54
Xa70B	M53
Xa70C	M53
Xa70D	M53
Xa71F	Q76
Xa71P	M62
Xa71Q	M79
Xa71l	M89
Xa71o	M25
Xa71q	M79
Xa71r	M67
Xa73C	M25
Xa73D	M25
Xa73E	M25
Xa73F	M24
Xa73G	M24
Xa73H	M24
Xa73S	M25
Xa73U	M79
Xa73V	M67
Xa74M	M24
Xa74O	M25
Xa74Q	M24
Xa74R	M24
Xa74c	M25
Xa74e	M79
Xa74f	M67
Xa75r	M25
Xa75s	M24
Xa75t	M24
Xa75u	M24
Xa76B	M79
Xa76G	M62
Xa76e	M79
Xa77S	M24
Xa77T	M25
Xa77U	M25
Xa77V	M24
Xa77W	M24
Xa77X	M24
Xa77g	M25
Xa77i	M79
Xa77j	M67
Xa77p	M25
Xa77r	M79
Xa77s	M67
Xa78t	M25
Xa78u	M25
Xa78v	M24
Xa78w	M24
Xa78x	M24
Xa79N	M21
Xa79O	M21
Xa79S	M25
Xa79W	M21
Xa7Ae	M25
Xa7Af	M25
Xa7Ag	M24
Xa7Ah	M24
Xa7Ai	M24
Xa7Ax	M25
Xa7Az	M67
Xa7B0	M67
Xa7B1	M25
Xa7B4	M21
Xa7Bg	M23
Xa7Bh	M23
Xa7Bi	M23
Xa7Bk	M23
Xa7Bl	M25
Xa7Bm	M25
Xa7Bn	M25
Xa7Bq	M25
Xa7Br	M24
Xa7Bs	M24
Xa7Bt	M24
Xa7Cg	M25
Xa7Ci	M79
Xa7Cj	M67
Xa7DD	M24
Xa7DE	M24
Xa7DF	M24
Xa7Dm	M25
Xa7Dn	M25
Xa7Do	M79
Xa7Dp	M79
Xa7EK	M24
Xa7EL	M24
Xa7EM	M24
Xa7Ey	M24
Xa7Ez	M24
Xa7F0	M24
Xa7FC	M21
Xa7FM	M25
Xa7FN	M25
Xa7FO	M79
Xa7FP	M79
Xa7GG	M24
Xa7GH	M24
Xa7GI	M24
Xa7H1	L60
Xa7H3	L60
Xa7H9	L65
Xa7HA	L65
Xa7HD	L68
Xa7HE	L68
Xa7HJ	N94
Xa7Hl	N75
Xa7Hs	H13
Xa7Ht	L03
Xa7I2	H05
Xa7I4	K04
Xa7IX	G58
Xa7IZ	G93
Xa7Ia	G93
Xa7Ib	G93
Xa7Ic	G93
Xa7Mp	M24
Xa7Ni	L08
Xa7Nk	L08
Xa7Nv	Q68
Xa7Pe	Q52
Xa7Pi	K10
Xa7Pp	K60
Xa7Q3	H93
Xa7Q9	H61
Xa7QE	H61
Xa7QG	H61
Xa7QH	H61
Xa7QI	H61
Xa7QQ	H92
Xa7QV	L81
Xa7QW	L81
Xa7QX	L81
Xa7Qk	H61
Xa7Ql	H61
Xa7Qn	H61
Xa7Qo	H93
Xa7Qp	H92
Xa7Qv	H93
Xa7Qy	H73
Xa7Qz	H73
Xa7R0	H73
Xa7R1	H73
Xa7R2	H73
Xa7R3	H73
Xa7RP	Q16
Xa7Rk	H74
Xa7Rs	H93
Xa7SQ	H91
Xa7Se	K08
Xa7Sl	Q38
Xa7Sp	K14
Xa7Sv	K06
Xa7Sw	K13
Xa7Sx	K13
Xa7T1	K11
Xa7T2	K11
Xa7T3	K11
Xa7TI	J39
Xa7TS	J35
Xa7TV	K22
Xa7TW	K22
Xa7TZ	K21
Xa7Ta	K21
Xa7Tb	K21
Xa7Tf	K31
Xa7Tg	K31
Xa7Tx	Q42
Xa7U0	K62
Xa7U5	Q42
Xa7U7	K62
Xa7UL	K76
Xa7UM	K76
Xa7UP	K76
Xa7Uc	K82
Xa7Ue	K82
Xa7Ug	K82
Xa7VB	K59
Xa7WT	N23
Xa7WU	N23
Xa7Wf	N32
Xa7X4	N50
Xa7XH	N50
Xa7XM	N50
Xa7XO	N50
Xa7XQ	N50
Xa7Xc	N48
Xa7Xd	N48
Xa7Xe	N48
Xa7Xf	N48
Xa7Xk	N48
Xa7Xl	N48
Xa7Xm	N48
Xa7Xn	N48
Xa7Xx	N42
Xa7Y0	N42
Xa7Y2	N42
Xa7Y6	N46
Xa7jO	K92
Xa7jq	N50
Xa7jr	N50
Xa7js	N94
Xa7jx	M79
Xa7k9	F41
Xa7kB	F41
Xa7lL	J30
Xa7lM	J30
Xa7lS	I78
Xa7lT	I73
Xa7lU	I74
Xa7lV	I70
Xa7lW	I77
Xa7lY	L72
Xa7lZ	L30
Xa7lb	L30
Xa7lc	L03
Xa7ld	L03
Xa7le	O86
Xa7lh	K11
Xa7lj	F45
Xa7ll	J35
Xa7lm	K12
Xa7lt	F10
Xa7lu	H05
Xa7m1	M75
Xa7m2	M62
Xa7m3	L03
Xa7m6	K12
Xa7m7	M79
Xa7m8	M79
Xa7m9	M79
Xa7mA	M54
Xa7mE	F45
Xa7mF	N35
Xa7n9	C66
Xa7nD	G31
Xa7nE	G24
Xa7nH	I20
Xa7nI	I48
Xa7nJ	I49
Xa7nK	I89
Xa7nX	K42
Xa7nY	K52
Xa7na	K86
Xa7nf	L30
Xa7ng	L89
Xa7nh	L89
Xa7ni	L89
Xa7nj	L89
Xa7nk	L89
Xa7nm	L97
Xa7ns	M88
Xa7rt	I33
Xa7rx	I33
Xa7tF	I33
Xa7tG	I33
Xa7tH	I33
Xa7tO	J34
Xa7tS	J34
Xa7tW	J34
Xa7th	J38
Xa7tp	J38
Xa7tq	J38
Xa7u0	Q32
Xa7u5	J18
Xa7uS	J98
Xa7uT	J98
Xa7uU	J98
Xa7vv	Q75
Xa7wV	G47
Xa7wb	K13
Xa7wg	H57
Xa7wh	H92
Xa7wo	K13
Xa7xG	H57
Xa7xj	M54
Xa7xk	M54
Xa7y4	I72
Xa7y5	I72
Xa7yb	K29
Xa7yg	H01
Xa7z4	K52
Xa7z6	J35
Xa83W	L02
Xa83l	L03
Xa83m	L02
Xa83o	N90
Xa84U	I73
Xa84V	C18
Xa84h	K25
Xa84k	M72
Xa84l	G03
Xa84n	L04
Xa84p	M89
Xa850	K62
Xa857	N92
Xa85I	J35
Xa85P	K31
Xa85S	K91
Xa85W	L02
Xa85c	I30
Xa85d	I30
Xa85o	A49
Xa85s	M65
Xa85t	N17
Xa867	H51
Xa86C	L03
Xa86D	J04
Xa86H	J98
Xa86I	K60
Xa86J	N91
Xa86f	Q87
Xa86z	M67
Xa874	H47
Xa878	D17
Xa879	D17
Xa87A	D17
Xa87B	D17
Xa87l	I71
Xa87s	H57
Xa880	H02
Xa888	H05
Xa88D	H11
Xa88a	H57
Xa88t	Q10
Xa88x	Q10
Xa895	H04
Xa89q	N94
Xa89y	H02
Xa89z	L02
Xa8A1	L02
Xa8A2	H02
Xa8A3	H02
Xa8A4	L02
Xa8A5	H11
Xa8A6	H57
Xa8AH	E30
Xa8BF	E07
Xa8Bn	I89
Xa8Bo	I89
Xa8Bp	I89
Xa8Bq	I89
Xa8Br	I89
Xa8Df	K72
Xa8EG	M24
Xa8EJ	N30
Xa8EK	N30
Xa8EL	M24
Xa8EW	L50
Xa8EX	L50
Xa8EY	L50
Xa8Ea	L50
Xa8Eb	L50
Xa8Ec	L50
Xa8Eq	Q13
Xa8Hh	D69
Xa8Hi	H57
Xa8Hj	K14
Xa8Hk	H21
Xa8Hm	H92
Xa8Hx	L05
Xa8Hy	L05
Xa8I0	G62
Xa8I7	A02
Xa8IQ	K10
Xa8JI	O82
Xa8JK	O34
Xa8JY	M53
Xa8Kk	K76
Xa8L8	M21
Xa8LD	Q66
Xa8LW	Q66
Xa8LX	Q66
Xa97W	A00
Xa97X	A05
Xa97Z	A31
Xa97d	P35
Xa97f	B97
Xa97i	A66
Xa97j	A66
Xa97k	B35
Xa97l	B35
Xa97m	B74
Xa97n	B85
Xa97o	C00
Xa97p	C02
Xa97q	C22
Xa97r	C22
Xa97t	C49
Xa97u	C49
Xa97v	C49
Xa97w	C49
Xa97x	C49
Xa97y	C51
Xa980	C77
Xa981	C79
Xa982	C79
Xa983	C79
Xa984	D10
Xa985	D32
Xa98B	C44
Xa98D	D04
Xa98E	C80
Xa98G	C44
Xa98M	D13
Xa98O	D37
Xa98S	D35
Xa98h	D23
Xa98w	D24
Xa997	C71
Xa99M	D44
Xa99O	D44
Xa99P	D35
Xa99Q	D22
Xa99R	D36
Xa99T	Q85
Xa99U	D36
Xa99V	C47
Xa99X	D03
Xa99Y	C43
Xa99Z	D22
Xa99d	D21
Xa99k	C85
Xa99l	C83
Xa99n	C83
Xa99p	C44
Xa99s	D17
Xa99w	C82
Xa99x	D21
Xa99y	C49
Xa99z	C82
Xa9A0	C64
Xa9A9	C49
Xa9AA	C90
Xa9AC	D47
Xa9AE	C80
Xa9AM	C95
Xa9AR	D48
Xa9AS	D36
Xa9AU	D16
Xa9AW	D16
Xa9AX	D48
Xa9AZ	D48
Xa9Aa	C41
Xa9Ab	D16
Xa9Ae	D16
Xa9Am	E07
Xa9Ao	E16
Xa9Ap	E23
Xa9Ar	E45
Xa9At	E78
Xa9Aw	D51
Xa9Ax	D57
Xa9Az	D71
Xa9B0	F53
Xa9B2	F98
Xa9B6	G08
Xa9B7	G08
Xa9B8	G08
Xa9B9	G08
Xa9BA	Q03
Xa9BD	G52
Xa9BE	G58
Xa9BF	G56
Xa9BK	H33
Xa9BL	H33
Xa9BM	H33
Xa9BN	H35
Xa9BO	H35
Xa9BR	H21
Xa9BS	H40
Xa9BT	H40
Xa9BW	H18
Xa9BX	H18
Xa9BY	H11
Xa9BZ	H11
Xa9Ba	H00
Xa9Bb	H01
Xa9Bc	H02
Xa9Be	H05
Xa9Bf	H47
Xa9Bg	H47
Xa9Bk	H65
Xa9Bl	H65
Xa9Bm	H66
Xa9Bn	H74
Xa9Bo	H81
Xa9Bp	I42
Xa9Br	I70
Xa9Bt	J05
Xa9Bu	J03
Xa9Bv	J38
Xa9Bx	J70
Xa9Bz	K22
Xa9C0	K22
Xa9C1	K22
Xa9C2	K31
Xa9C7	K76
Xa9C8	B17
Xa9CA	K90
Xa9CB	K90
Xa9CD	N28
Xa9CE	N13
Xa9CF	N61
Xa9CG	N64
Xa9CM	N88
Xa9CO	N90
Xa9CP	N92
Xa9CQ	O01
Xa9CT	O90
Xa9CU	L05
Xa9CX	L67
Xa9CY	L73
Xa9Cc	M46
Xa9Cd	M75
Xa9Ce	M77
Xa9Cf	M77
Xa9Cg	M65
Xa9Ch	M65
Xa9Ci	M65
Xa9Cm	Q22
Xa9Cn	Q24
Xa9Cq	Q32
Xa9Cr	Q38
Xa9Cs	Q39
Xa9Ct	Q42
Xa9Cu	Q43
Xa9Cv	Q43
Xa9Cy	Q45
Xa9Cz	Q50
Xa9D1	Q68
Xa9D2	Q71
Xa9D3	Q71
Xa9D4	Q72
Xa9D5	Q74
Xa9D6	Q96
Xa9D7	Q89
Xa9D8	P12
Xa9D9	P21
Xa9DA	P21
Xa9ED	D14
Xa9EH	C83
Xa9EL	H21
Xa9FC	C82
Xa9FD	C82
Xa9FE	C82
Xa9FG	E89
Xa9FH	D62
Xa9FK	G06
Xa9FM	K90
Xa9FQ	O15
Xa9Fb	Q25
Xa9Fy	M54
Xa9G4	I86
Xa9G6	E87
Xa9G8	L98
Xa9GD	E72
Xa9GE	E72
Xa9GF	E72
Xa9GG	E72
Xa9GH	E71
Xa9GI	E71
Xa9GJ	E72
Xa9GK	E72
Xa9IT	Q89
Xa9Jc	C77
Xa9Je	C77
Xa9Jg	C77
Xa9Ji	C77
Xa9Jk	C77
Xa9Jm	C77
Xa9Jo	C77
Xa9pv	Q37
Xa9wU	K63
Xa9wV	K63
Xa9zW	J02
Xa9zZ	L57
Xa9zg	P92
Xa9zh	K38
Xa9zj	L02
Xa9zp	E88
Xa9zs	N36
XaA05	N30
XaA0A	N44
XaA1U	F10
XaA1V	F10
XaA2c	F81
XaA2d	F81
XaA2g	F81
XaA2h	F81
XaA7H	G54
XaAC3	I21
XaADK	K06
XaADQ	K08
XaADR	K08
XaADS	K08
XaADT	D18
XaAru	A69
XaAv9	Q17
XaAvS	L53
XaAvV	H74
XaAva	J34
XaAvb	J34
XaAvd	J38
XaAvh	J38
XaAvi	J38
XaAvj	Q31
XaAvk	Q31
XaAvl	Q31
XaAvn	Q31
XaAvx	J34
XaAyb	D68
XaAz3	D68
XaAz4	D68
XaAzT	E71
XaAzU	E71
XaAzV	E71
XaAzW	E71
XaAzX	K22
XaAzY	K80
XaAzZ	K83
XaAza	K83
XaAzi	I21
XaB0g	I38
XaB1I	F45
XaB1K	E87
XaB1L	J90
XaB1b	C15
XaB1c	K22
XaB1e	C48
XaB1f	K85
XaB1g	C25
XaB1h	C25
XaB1i	C25
XaB1l	I87
XaB1n	C26
XaB1o	K62
XaB1p	C79
XaB1x	K25
XaB1y	K91
XaB1z	K91
XaB20	K91
XaB23	K91
XaB3o	M62
XaB3p	G83
XaB3x	P55
XaB3y	P55
XaB3z	P55
XaB40	P55
XaB41	P55
XaB42	P55
XaB46	Q93
XaB47	C91
XaB48	D69
XaB49	D56
XaB4P	G80
XaB4R	G40
XaB4S	G40
XaB4T	G40
XaB4U	Q07
XaB4V	E75
XaB4W	G93
XaB4X	G08
XaB4Y	G93
XaB4Z	I63
XaB4a	G83
XaB4c	G57
XaB4k	K42
XaB5B	M54
XaB5C	M54
XaB5R	I77
XaB5S	I77
XaB5T	I77
XaB5U	G52
XaB5V	I73
XaB5W	I73
XaB5X	I73
XaB5d	I73
XaB5h	K20
XaB5i	K91
XaB5j	K91
XaB5o	G45
XaB5u	F23
XaB5v	F23
XaB5x	K52
XaB5y	K55
XaB65	K61
XaB66	N30
XaB8b	M96
XaB8c	J38
XaB8d	M13
XaB8e	D38
XaB8j	F23
XaB8w	D66
XaB8y	D65
XaB8z	N99
XaB95	F31
XaB9C	N13
XaB9K	G70
XaB9M	G60
XaB9w	D16
XaBAk	C96
XaBAl	C94
XaBAn	C79
XaBAo	C16
XaBAp	C34
XaBAq	D23
XaBAr	D23
XaBAs	D23
XaBAt	C44
XaBAu	C78
XaBAv	D22
XaBAw	C43
XaBAx	D41
XaBAy	D16
XaBAz	D16
XaBB0	D16
XaBB1	C41
XaBB2	C40
XaBB3	C90
XaBB4	C44
XaBBC	D47
XaBBF	C46
XaBBG	D41
XaBBM	C85
XaBBN	C83
XaBBO	C83
XaBBP	C83
XaBBZ	C81
XaBBb	C81
XaBBc	C81
XaBBd	C82
XaBBf	C82
XaBBo	C82
XaBBp	C82
XaBBr	C85
XaBBs	C96
XaBBt	D47
XaBBu	D47
XaBBv	F82
XaBCI	H55
XaBCJ	H55
XaBCK	G51
XaBCL	H55
XaBCM	H81
XaBCN	H81
XaBCO	H81
XaBCP	H81
XaBCQ	H81
XaBCR	H81
XaBCS	H55
XaBCT	H55
XaBCU	H55
XaBCV	H55
XaBCW	H55
XaBCY	H47
XaBCZ	H47
XaBCa	H47
XaBCd	H47
XaBCe	H55
XaBCf	H55
XaBCg	H47
XaBCh	H55
XaBCp	H55
XaBCq	G25
XaBCr	H55
XaBCw	H55
XaBCx	H55
XaBCy	H55
XaBDG	I74
XaBDJ	I45
XaBDX	N32
XaBDb	E84
XaBDd	O03
XaBDe	O03
XaBDf	O03
XaBDg	O03
XaBDh	O03
XaBDi	O03
XaBDj	O03
XaBDk	O03
XaBDl	O03
XaBDm	O03
XaBDn	O03
XaBDo	O03
XaBDp	O03
XaBDq	O03
XaBDr	O03
XaBDs	O03
XaBDt	O03
XaBDu	O03
XaBDv	O03
XaBDw	O03
XaBDx	O03
XaBDy	L03
XaBDz	D17
XaBE0	O14
XaBE2	I64
XaBE3	K70
XaBE8	D61
XaBEC	I63
XaBED	I63
XaBEE	L03
XaBEF	K14
XaBEJ	K12
XaBEK	K12
XaBEL	K12
XaBFI	I74
XaBJz	O22
XaBK0	O87
XaBL1	I25
XaBLZ	L97
XaBLa	L97
XaBLu	A08
XaBLw	C82
XaBLx	C90
XaBLy	D17
XaBM2	G40
XaBM3	H20
XaBM7	I87
XaBM8	J22
XaBMA	Q31
XaBMC	O22
XaBMD	O87
XaBME	O87
XaBMG	O87
XaBMH	O22
XaBMI	O87
XaBMJ	O22
XaBMK	O22
XaBML	O87
XaBMM	L81
XaBMO	M05
XaBMP	M24
XaBMR	M48
XaBNX	K62
XaBNh	O87
XaBOF	J39
XaBVG	I71
XaBXe	L02
XaBXi	L02
XaBXj	L02
XaBXk	L02
XaBY7	E16
XaBYF	I70
XaBZA	F10
XaBe4	Q40
XaBe6	Q40
XaBe8	Q40
XaBe9	Q40
XaBeA	Q39
XaBeB	Q39
XaBeC	Q39
XaBeD	Q39
XaBeJ	Q44
XaBeN	Q44
XaBeO	Q44
XaBeQ	Q44
XaBeR	Q45
XaBeS	K86
XaBeT	K86
XaBeU	K86
XaBeW	Q43
XaBeY	Q43
XaBeZ	Q43
XaBea	Q43
XaBec	Q43
XaBee	Q43
XaBeg	Q43
XaBeh	Q43
XaBel	K25
XaBeo	K83
XaBez	I89
XaBf5	E27
XaBfB	L98
XaBfJ	J15
XaBfK	K90
XaBfL	N83
XaBj1	F52
XaBj5	L02
XaBj7	D37
XaBjB	N28
XaBjC	N42
XaBjH	N48
XaBkZ	L02
XaBmW	Q74
XaBma	D41
XaBmb	K27
XaBmc	M62
XaBmh	L03
XaBsL	L20
XaBsM	L08
XaBsU	O80
XaBsb	Q14
XaBtO	I51
XaBtP	I51
XaBtQ	G60
XaBtd	N50
XaBu4	M62
XaBuc	N64
XaBuk	H35
XaBum	H35
XaBvI	K63
XaBzh	M15
XaBzx	H92
XaC0S	F60
XaC0r	J35
XaC0s	I80
XaC0x	P36
XaC0y	C79
XaC0z	D59
XaC10	O86
XaC11	M23
XaC12	M81
XaC18	K44
XaC19	K44
XaC1A	K44
XaC1B	K44
XaC1C	K52
XaC1D	O86
XaC1E	O86
XaC1F	P95
XaC1G	P95
XaC1H	E83
XaC1I	M17
XaC1K	M85
XaC1P	B76
XaC1Q	C71
XaC1T	K91
XaC1U	M62
XaC1V	J95
XaC1W	Q87
XaC1X	H01
XaC1Y	H01
XaC1Z	H00
XaC1a	M23
XaC1b	M23
XaC2K	I46
XaC2L	I46
XaC2M	K44
XaC2P	Q20
XaC2u	F43
XaC34	G40
XaCHo	F33
XaCHr	F32
XaCHs	F32
XaCIU	M25
XaCIV	M79
XaCIW	M79
XaCIo	P07
XaCIp	P07
XaCIq	P07
XaCIr	P07
XaCIs	F32
XaCIv	C43
XaCJ1	C80
XaCJR	P07
XaCJS	D48
XaCJT	D21
XaCJU	C49
XaCJV	P07
XaCJW	P07
XaCJX	P07
XaCJd	N50
XaCJh	P07
XaCKn	I89
XaCKp	O48
XaCKy	D23
XaCL4	D21
XaCL7	D86
XaCLr	M23
XaCM3	O43
XaCMT	P07
XaCMU	P07
XaCMV	P07
XaCMc	A40
XaCMe	N13
XaCMf	G06
XaCOY	D14
XaCOl	N94
XaCSn	Q72
XaCar	F80
XaCgh	F80
XaCgs	F80
XaCgt	F80
XaCwP	L05
XaCwR	L05
XaCxI	N32
XaCxJ	N28
XaD2L	A49
XaD2Q	C44
XaD2j	I72
XaD2k	N32
XaD2l	N61
XaD2s	M80
XaD2u	Q27
XaD4I	M80
XaD4J	M80
XaD4K	M80
XaD9n	Q55
XaDbB	Q62
XaDbM	Q38
XaDbN	B99
XaDbT	A08
XaDbY	K08
XaDbZ	K08
XaDba	K08
XaDbr	C24
XaDbx	B83
XaDbz	B83
XaDc1	A04
XaDc2	A03
XaDc4	K80
XaDc5	C18
XaDc6	C18
XaDc7	C18
XaDc8	C18
XaDc9	C18
XaDcA	A49
XaDcB	J98
XaDcC	J06
XaDcE	H44
XaDcF	A04
XaDcL	H66
XaDcM	B99
XaDcP	B34
XaDcQ	A08
XaDcS	H44
XaDcT	J98
XaDcW	B34
XaDcX	B34
XaDcY	H66
XaDcj	B49
XaDcm	B49
XaDcn	B49
XaDco	B49
XaDcp	H44
XaDcq	B49
XaDct	O98
XaDcu	G98
XaDcx	I99
XaDcz	K65
XaDd0	J98
XaDd1	B99
XaDdg	N49
XaDdh	N73
XaDdj	B83
XaDj9	E85
XaDjY	Q87
XaDki	Q87
XaDkz	Q87
XaDmR	G04
XaDmS	G03
XaDmT	G04
XaDmU	H66
XaDmV	H01
XaDmW	N45
XaDmX	N28
XaDmY	N49
XaDmZ	N45
XaDma	N45
XaDo0	I40
XaDsU	A84
XaDsa	J18
XaDsb	P23
XaDsy	B98
XaDsz	D22
XaDtB	J20
XaDtC	H53
XaDtD	I72
XaDtE	I72
XaDtF	I74
XaDtH	I74
XaDtI	I74
XaDtK	I74
XaDtL	M67
XaDtM	M67
XaDtQ	I77
XaDtU	J32
XaDtV	J32
XaDth	J20
XaDtl	A48
XaDu1	H44
XaDuG	J02
XaDuH	J04
XaDuS	E34
XaDuT	E07
XaDuU	H18
XaDw9	H30
XaDx0	E34
XaDyA	I82
XaDyD	I80
XaDyE	I80
XaDyJ	I01
XaDyM	I74
XaDyN	I74
XaDyO	I65
XaDyP	I74
XaDyQ	I74
XaDyX	Q28
XaDyY	Q25
XaDyZ	Q25
XaDyh	K55
XaDzR	O35
XaDzS	O35
XaDzT	O35
XaDzV	O35
XaDzW	O35
XaDzX	O35
XaDzY	O35
XaE0T	H59
XaE0U	H59
XaE0V	H59
XaE0Y	H35
XaE0Z	H35
XaE0a	H35
XaE0b	H35
XaE1r	K59
XaE1v	H21
XaE2I	M71
XaE3A	M12
XaE3B	M12
XaE3F	D16
XaE3G	I73
XaE3H	D37
XaE3W	M76
XaE47	E88
XaE49	P26
XaE5D	M85
XaE5E	K63
XaE5I	H35
XaE5J	H35
XaE5N	H31
XaE5Q	H35
XaE5R	H35
XaE5b	H35
XaE5d	H35
XaE5e	H35
XaE5f	H31
XaE5g	H35
XaE5h	H35
XaE5i	H31
XaE5j	H35
XaE5l	H35
XaE5m	H35
XaE5q	H35
XaE5r	H35
XaE5s	H35
XaE5t	H35
XaE5u	H31
XaE5v	H30
XaE5w	H35
XaE60	H30
XaE61	H30
XaE62	H30
XaE65	D18
XaE66	D18
XaE68	C85
XaE69	H36
XaE6A	H36
XaE6B	H46
XaE6C	H46
XaE6E	H46
XaE6G	H43
XaE6H	H35
XaE6L	C69
XaE6M	H31
XaE6N	H30
XaE6T	H35
XaE6U	H35
XaE6a	H35
XaE6l	P15
XaE6r	O36
XaE6v	K80
XaE6w	N93
XaE6x	N93
XaE70	N93
XaE7T	H34
XaE7U	H34
XaE7V	H35
XaE7W	H35
XaE7X	H31
XaE7Y	H30
XaE7Z	H35
XaE7p	O41
XaE7v	J98
XaEDW	D12
XaEEX	H50
XaEEY	H50
XaEEZ	H50
XaEEa	H50
XaEEb	H50
XaEEc	H50
XaEEd	H49
XaEEe	H49
XaEEf	H49
XaEEg	H49
XaEEl	Q14
XaEEm	H53
XaEEn	H53
XaEEo	H50
XaEFB	F34
XaEGK	G45
XaEGL	B07
XaEGM	L81
XaEGU	C43
XaEGZ	H01
XaEGa	I83
XaEGb	J34
XaEGc	K62
XaEGd	M19
XaEGe	M19
XaEGf	M19
XaEGg	P04
XaEHn	O70
XaEHo	O70
XaEHq	O70
XaEI3	O99
XaEI8	M23
XaEIV	J44
XaEIW	J44
XaEIY	J44
XaEIg	G95
XaEIj	G40
XaEJ0	B95
XaEJ2	D12
XaEJ4	K63
XaEJ7	K62
XaEJ8	H52
XaEJ9	H52
XaEJP	Q77
XaEJY	I83
XaEJZ	I83
XaEJa	I83
XaEJb	I83
XaEJc	D07
XaEJd	L02
XaEJe	C34
XaEJf	C34
XaEJg	C34
XaEJh	C34
XaEJi	C34
XaEJj	M89
XaEJk	K42
XaEJl	M89
XaEJm	M89
XaEKI	J66
XaEKL	H92
XaEL0	D41
XaELE	K25
XaELH	Q87
XaELI	C90
XaELJ	C62
XaELK	C62
XaELL	D40
XaELM	D40
XaELO	G81
XaEVC	H34
XaEVF	H35
XaEVG	H30
XaEVH	H35
XaEVK	H35
XaEVL	H35
XaEVM	H35
XaEVN	H35
XaEVV	H21
XaEVW	H40
XaEVZ	H35
XaEVa	H19
XaEVb	H16
XaEVf	H16
XaEVg	H47
XaEVh	H35
XaEVk	H21
XaEVm	H20
XaEVp	H40
XaEVu	M20
XaEVy	O02
XaEVz	N85
XaEWA	N80
XaEWW	O02
XaEXj	M23
XaEXt	I20
XaEYX	B27
XaEed	I71
XaEee	I71
XaEef	I71
XaEeg	I71
XaEfj	C56
XaEgY	I50
XaEgZ	I21
XaEga	I48
XaEiK	M86
XaEiL	M86
XaEkh	H31
XaEki	H31
XaEkj	H31
XaEkk	H31
XaEkl	H31
XaEkn	Q14
XaEm6	D17
XaF1E	C79
XaF1F	H46
XaF26	C79
XaF2E	D48
XaF41	H35
XaF43	H20
XaF44	H20
XaF4B	I65
XaF4C	H35
XaF4f	E72
XaF4g	H31
XaF7X	H04
XaF7f	H27
XaF7o	H20
XaF7p	H33
XaF7r	H18
XaF7t	H18
XaF7u	H10
XaF7w	H57
XaF85	H02
XaF86	Q10
XaF87	H02
XaF88	H02
XaF8A	D18
XaF8B	H02
XaF8C	D36
XaF8D	D23
XaF8F	H05
XaF8G	H31
XaF8Z	D31
XaF9D	H40
XaF9I	H40
XaF9J	H40
XaF9N	H20
XaF9O	H44
XaF9P	H44
XaF9Q	H44
XaF9R	H44
XaF9S	H44
XaF9T	H15
XaF9c	H19
XaF9d	H19
XaF9j	H16
XaFBG	D37
XaFBH	K91
XaFC2	N92
XaFCr	L03
XaFEX	N31
XaFOH	E28
XaFTe	H18
XaFTk	H18
XaFTl	H18
XaFTm	H26
XaFae	D31
XaFaf	D31
XaFaj	H02
XaFal	H51
XaFaq	H50
XaFau	H50
XaFav	H30
XaFaz	H51
XaFkN	Q10
XaFkO	H04
XaFkP	H04
XaFkQ	H04
XaFkR	H04
XaFnq	K02
XaFnr	K04
XaFo3	M79
XaFqx	K31
XaFqy	K91
XaFr0	C24
XaFr4	C02
XaFr5	C06
XaFr6	C73
XaFr7	C34
XaFr8	C50
XaFrD	C15
XaFrE	C16
XaFrF	C23
XaFrG	C22
XaFrH	C25
XaFrL	C67
XaFrM	C61
XaFrN	C53
XaFrT	C43
XaFrU	J18
XaFsG	I20
XaFsH	I24
XaFsI	Q24
XaFsQ	I72
XaFsS	D03
XaFsT	D03
XaFsU	D03
XaFsu	G54
XaFsv	K31
XaFvl	L81
XaFvv	H61
XaFw7	D03
XaFwC	I83
XaFwS	N60
XaFwU	N63
XaFxb	I71
XaFxd	Q10
XaFzu	C41
XaG1Q	I25
XaI8V	L60
XaI8d	L02
XaI8e	L02
XaI97	H40
XaI9k	I35
XaIB4	J38
XaIDq	Q89
XaIIp	M80
XaIIq	I51
XaIIr	K82
XaIMV	J38
XaINF	I24
XaINv	N64
XaIO2	D33
XaIOJ	N60
XaIOK	N60
XaIP4	M81
XaIP7	M24
XaIPY	H53
XaIQe	N76
XaIR0	N50
XaIR1	N50
XaIRJ	F01
XaIRp	L98
XaIUM	F80
XaIW9	I31
XaIWB	P96
XaIWn	I10
XaIex	L97
XaIf1	I21
XaIfN	L82
XaIfO	L82
XaIfP	D23
XaIke	G40
XaIlv	Q74
XaIn7	G20
XaInk	L84
XaIpW	J30
XaIph	C80
XaIpn	I50
XaIqG	I89
XaIrI	M89
XaIrg	G56
XaIry	H53
XaIrz	L73
XaIsz	G44
XaIt0	G40
XaIt4	D89
XaIt5	Q66
XaItG	I51
XaItf	L72
XaIu4	L70
XaIuG	J45
XaIv5	G47
XaIwM	I21
XaIwV	D01
XaIwW	K62
XaIwX	K62
XaIwY	I21
XaIwZ	Q93
XaIws	G58
XaIxM	H91
XaIxN	H91
XaIyA	Q04
XaIyB	Q87
XaIyH	I77
XaJ0Q	Q10
XaJ0p	L65
XaJBn	G40
XaJEd	G47
XaJEl	J18
XaJFI	G40
XaJJH	E66
XaJM2	N95
XaJQt	J39
XaJSA	F60
XaJSz	L50
XaJTL	H35
XaJTM	H35
XaJTN	H35
XaJTk	K75
XaJTt	Q89
XaJUH	E34
XaJX0	I21
XaJgM	C25
XaJgN	E34
XaJgO	G25
XaJgP	G40
XaJgQ	I63
XaJgR	K91
XaJhK	L53
XaJhL	N94
XaJhi	Q18
XaJhj	Q27
XaJlL	E13
XaJlN	E13
XaJlO	E13
XaJlP	K86
XaJlR	E13
XaJxn	Q99
XaJxo	I80
XaJxp	K71
XaJxq	Q52
XaJxr	P96
XaJzO	N81
XaJzP	N81
XaJzQ	N81
XaJzR	N81
XaK4Y	F52
XaK6B	E74
XaK6C	K50
XaK6D	K50
XaK6E	K51
XaK6F	K52
XaK86	F95
XaK88	Q04
XaK89	E85
XaK98	G25
XaK99	K22
XaK9A	M66
XaK9B	M66
XaK9C	Q87
XaKBz	F14
XaKC0	F14
XaKC1	F14
XaKC2	F14
XaKC3	F14
XaKC4	F14
XaKC5	F14
XaKC6	F14
XaKC7	F14
XaKC8	F14
XaKJl	N93
XaKJm	N93
XaKJn	M21
XaKK9	H51
XaKOZ	L85
XaKUP	F16
XaKUQ	F16
XaKUR	F16
XaKUS	F16
XaKV9	F19
XaKVg	G25
XaKVy	Q28
XaKWz	C41
XaKX0	L60
XaKX2	D16
XaKXa	Q27
XaKYx	H21
XaKYy	H21
XaKaC	L90
XaKcA	F50
XaKcB	D18
XaKdi	E88
XaKe2	M89
XaKvA	F10
XaKvB	F10
XaKyV	D07
XaKyZ	J05
XaKya	K31
XaKyb	K55
XaKyc	M62
XaKyd	Q24
XaKzL	Q04
XaL2A	F80
XaL2B	G40
XaL2C	Q87
XaL2K	L60
XaL2N	I87
XaL2O	J18
XaL2Q	L71
XaL2v	Q87
XaL3N	G81
XaL5p	E78
XaLHG	N18
XaLHH	N18
XaLHI	N18
XaLHJ	N18
XaLHK	N18
XaLQK	F15
XaLQN	F11
XaLSP	G44
XaLSQ	J37
XaLSR	J38
XaLSX	N48
XaLSY	N64
XaLSe	M65
XaLTr	F14
XaLWk	H35
XaLWl	A56
XaLWn	G24
XaLWo	G24
XaLWp	G24
XaLWq	K25
XaLWr	K25
XaLWs	K26
XaLWt	K26
XaLWu	F10
XaMEH	E85
XaMeL	C62
XaMeN	D23
XaMgL	A63
XaMgM	A63
XaMhO	F11
XaMih	J09
XaMtJ	N50
XaMyl	M48
XaMym	K62
XaMzI	E13
XaN4a	J44
XaNDk	H11
XaNDl	H11
XaNWH	M92
XaNWb	G80
XaNWv	Q79
XaNWx	Q55
XaNWy	Q99
XaNXG	M10
XaNXa	L40
XaNXt	L40
XaNbn	N18
XaNbo	N18
XaNkV	J01
XaNms	G24
XaNz7	N62
XaNzH	O35
XaO3p	N18
XaO3q	N18
XaO3r	N18
XaO3s	N18
XaO3t	N18
XaO3u	N18
XaO3v	N18
XaO3w	N18
XaO3x	N18
XaO3y	N18
XaO3z	N18
XaO40	N18
XaO41	N18
XaO42	N18
XaO5l	J96
XaO5m	J96
XaO5n	I50
XaOPs	H91
XaORN	M48
XaOZG	G40
XaOb5	J30
XaOeb	Q75
XaOfa	I48
XaOft	I48
XaOgX	I49
XaOiT	Q24
XaOqX	C16
XaOrB	C16
XaOrV	C15
XaOzZ	G35
XaP0X	G35
XaP0r	G35
XaP1B	G35
XaP1V	G35
XaP4d	Q11
XaP5D	Q04
XaP6h	L82
XaP6k	Q87
XaPOv	P01
XaPlY	K90
XaPoF	L89
XaPoG	L89
XaPoH	L89
XaPoI	L89
XaPom	G93
XaPon	G93
XaPoo	G93
XaPws	G31
XaQ9m	L29
XaQGc	M25
XaQIT	K75
XaQIV	I80
XaQIm	H30
XaQIv	I89
XaQQp	J10
XaQZ3	F81
XaQZ4	F81
XaQZG	I67
XaQZd	G44
XaQbJ	G40
XaQbK	G46
XaQbM	G46
XaQbP	K62
XaQbQ	L57
XaQbS	L68
XaQbT	L94
XaQbU	M12
XaQbV	M34
XaQbW	N85
XaQj2	B02
XaQjM	H35
XaQke	Q87
XaQlI	L81
XaR2l	L03
XaR4d	I89
XaR4h	E78
XaR4i	E78
XaR4k	E78
XaR5Y	I89
XaR5Z	I89
XaR5a	I89
XaR6E	L08
XaR6u	I89
XaRA1	D37
XaRAP	K86
XaRAb	M60
XaRCI	I45
XaRCJ	I45
XaRCK	I44
XaRCL	I44
XaRD4	K52
XaRDZ	G93
XaRDd	D18
XaRE1	H90
XaREV	I89
XaREZ	E84
XaREd	E84
XaREr	A08
XaREs	D18
XaREt	F81
XaREu	F81
XaRG5	E78
XaRGS	G40
XaVyC	M79
XaW51	I71
XaWye	I42
XaWyf	O04
XaWyk	L89
XaWyn	M67
XaX00	Q87
XaX18	F88
XaX53	F32
XaX54	F33
XaX55	F43
XaX56	F43
XaX58	F43
XaX5I	M65
XaX6B	I71
XaX6C	K63
XaX8w	L89
XaX98	L89
XaXCZ	C44
XaXCe	M24
XaXCx	N39
XaXD1	K64
XaXD2	K64
XaXD3	K64
XaXD8	C44
XaXEE	L89
XaXGh	I44
XaXGu	E75
XaXNg	I42
XaXP0	L89
XaXQk	C78
XaXUx	N46
XaXXU	C44
XaXYe	N28
XaXbT	N46
XaXks	G96
XaXlE	J84
XaXpZ	G44
XaXrD	G44
XaXsF	G44
XaXsG	Q87
XaXsc	G44
XaXsm	K64
XaY1Y	F31
XaY2C	F32
XaY4A	L98
XaY4Z	L30
XaY4a	L30
XaY6b	N30
XaY6e	P77
XaY6g	P77
XaYAs	Q87
XaYLf	L89
XaYLg	L89
XaYLh	L89
XaYLl	L89
XaYLp	L89
XaYLq	L89
XaYLr	L89
XaYLs	L89
XaYME	H51
XaYMe	E74
XaYMg	Q64
XaYMi	K27
XaYMj	K13
XaYO5	L03
XaYOB	E74
XaYOq	L01
XaYOv	L40
XaYOx	L40
XaYOy	H53
XaYP0	G90
XaYP1	M87
XaYP3	G37
XaYPC	K90
XaYPK	Q03
XaYPO	Q13
XaYPS	D16
XaYQ0	Q93
XaYQ1	Q93
XaYQ2	Q93
XaYQ3	Q92
XaYQ7	N60
XaYQG	M65
XaYQT	N62
XaYQU	Q92
XaYQb	Q92
XaYQe	Q92
XaYQq	Q87
XaYQz	Q87
XaYRx	L00
XaYYK	M02
XaYYM	Q75
XaYYN	Q93
XaYYq	I20
XaYYr	I51
XaYYs	I51
XaYYt	J21
XaYYu	J12
XaYaK	K85
XaYaL	K35
XaYaN	K35
XaYaP	A22
XaYaf	A02
XaYbc	A42
XaYbl	A41
XaYbp	B19
XaYbq	B19
XaYbx	A26
XaYdH	A92
XaYdL	C93
XaYeq	C78
XaYfF	H54
XaYfG	H54
XaYfH	H54
XaYfI	H54
XaYfK	G80
XaYgm	C85
XaYgn	D89
XaYgo	D68
XaYgp	G80
XaYi5	C82
XaYiI	C84
XaYiK	C94
XaYiL	C84
XaYiN	C86
XaYiO	H54
XaYiP	H54
XaYiQ	H59
XaYiR	H59
XaYii	C88
XaYij	C82
XaYin	C82
XaYip	C96
XaYis	C92
XaYj4	C92
XaYj9	C92
XaYjI	C86
XaYje	C86
XaYjf	C86
XaYk0	C86
XaYnc	I72
XaYni	I72
XaYnj	I72
XaYnk	I72
XaYtp	B98
XaYv2	D46
XaYyc	K12
XaYyg	D29
XaYyh	D29
XaYzX	K51
XaZ0c	N39
XaZ2j	K51
XaZ3h	F19
XaZ43	I80
XaZ6K	N97
XaZ6v	N14
XaZ73	E72
XaZ9g	E29
XaZBf	O01
XaZDN	M31
XaZJa	M79
XaZQg	N39
XaZUY	N14
XaZUZ	N14
XaZUa	N14
XaZUz	I31
XaZV0	I77
XaZV1	I77
XaZWI	Q87
XaZYv	N14
XaZZ2	N14
XaZaA	K52
XaZat	K11
XaZd1	J44
XaZd4	Q87
XaZd5	E85
XaZdD	C82
XaZdF	C82
XaZdn	C83
XaZfN	D01
XaZfR	C91
XaZfW	E16
XaZhs	I89
XaZht	I82
XaZkZ	E72
XaZml	E85
XaZmm	E85
XaZmn	E85
XaZq0	E85
XaZqX	E70
XaZr7	E84
XaZsO	Q75
XaZuA	H90
XaZuB	H90
XaZuE	H90
XaZuF	H90
XaZuo	M67
XaZvR	D73
XaZxi	I45
XaZzd	E46
XaZzh	E67
XaZzo	I10
XaZzw	E67
XaZzx	E67
Xaa0I	E67
Xaa0L	E67
Xaa0k	E66
Xaa1N	C91
Xaa1O	C91
Xaa1P	C91
Xaa2K	I82
Xaa2L	I82
Xaa6R	M77
Xaa7B	J44
Xaa7C	J82
Xaa7b	E55
Xaa8O	N17
Xaa8P	N17
Xaa8Q	N17
Xaa9L	A63
XaaG8	E67
XaaG9	E63
XaaGF	E46
XaaGG	E67
XaaGH	E63
XaaGI	E67
XaaHT	B34
XaaJL	Q87
XaaJd	I67
XaaLb	Q92
XaaLf	H90
XaaLg	H90
XaaNI	A55
XaaNJ	A55
XaaPp	D89
XaaTt	L57
XaaUH	I48
XaaUM	Q99
Xaaa7	Q99
Xaaci	I95
Xaacj	I51
XaadE	G80
XaafL	L84
Xaagd	E14
XaaiS	F81
Xaajq	N01
Xaalk	E63
Xaan6	D76
Xaapw	I51
Xab3R	G80
Xab5R	G93
XabHJ	E63
XabHM	E63
XabHP	E63
XabHR	E63
XabHS	E63
XabHT	E58
XabHU	E61
XabHV	E63
XabHW	E60
XabHa	E63
XabHx	E66
XabHy	E66
XabHz	E66
XabRZ	M47
XabU1	M25
XabbG	M10
XabbR	F19
XabdG	F98
Xabgl	L60
XabhR	M79
XabhS	M79
Xabi7	F10
Xabi8	F10
Xabi9	F10
XabiP	K58
XabiQ	K58
Xabjy	H59
Xabk6	F29
XabmL	F90
XabmM	F81
Xabnc	A69
Xaboq	E55
Xabor	E67
Xabot	E67
Xabou	E67
XabrJ	Q87
Xabu2	M77
Xabv3	L67
Xabxu	G56
Xac0T	F93
Xac0U	F93
Xac33	J44
Xac9y	N18
Xac9z	N18
XacA2	N18
XacA4	N18
XacA6	N18
XacA9	N18
XacAM	N18
XacAN	N18
XacAO	N18
XacAV	N18
XacAW	N18
XacAX	N18
XacAb	N18
XacAd	N18
XacAe	N18
XacAf	N18
XacAh	N18
XacAi	N18
XacFn	F80
XacFo	F80
XacFp	F80
XacIU	C43
XacIV	C43
XacIW	C43
XacIX	C43
XacIY	C43
XacIZ	C43
XacIa	C43
XacIb	C43
XacId	C43
XacIe	C43
XacIf	C43
XacKv	F80
XacKx	F80
XacKz	F80
XacLl	J38
XacLm	J38
XacSD	F98
XacSE	F98
Xacmi	D68
Xacmj	D68
XacoB	E11
XacqH	K42
Xacvd	I80
Xacve	I80
XaeU2	A97
XaeU3	A97
XaeU4	A97
XaeU5	O96
XaeU6	O96
XaeUM	G23
XaeUN	G23
XaeUO	G83
XaeUP	I48
XaeUQ	I48
XaeUR	I48
XaeUS	P52
XaeUT	P91
XaeUU	K64
XaeV5	K43
XaeV6	K43
XaeVK	J09
XaeVL	J09
XaeVM	J10
XaeVN	J10
XaeVO	J15
XaeVd	I25
XaeX8	O72
XaeX9	O72
XaeYD	M10
XaeZV	E27
XaecH	L98
XaecJ	N28
XaerT	D21
XaesO	F84
XaetB	G71
XaevR	F11
Xaf65	E34
Xaf66	E34
XafHQ	L97
Xafdj	J46
XafeB	I50
Xaffn	F07
XafhL	I83
XafiN	K31
Xafis	I48
ZV400	F81
ZV401	F80
ZV402	F48
ZV403	F69
ZV40y	F68
ZV410	H54
ZV411	H57
ZV412	H91
ZV413	H93
ZV656	Q55