coding	meaning
A00..	A00
A000.	A00
A001.	A00
A00z.	A00
A01..	A01
A010.	A01
A011.	A01
A012.	A01
A013.	A01
A01z.	A01
A02..	A02
A020.	A02
A021.	A02
A022.	A02
A0220	A02
A022z	A02
A023.	A02
A02y.	A02
A02z.	A02
A03..	A03
A030.	A03
A031.	A03
A032.	A03
A033.	A03
A03y.	A03
A03z.	A03
A04..	A05
A040.	A05
A041.	A05
A042.	A05
A043.	A04
A044.	A05
A04y.	A05
A04y0	A05
A04z.	A05
A05..	A06
A050.	A06
A051.	A06
A052.	A06
A056.	A06
A05y.	A06
A05y0	A06
A05y2	A06
A05yz	A06
A05z.	A06
A06..	A07
A060.	A07
A061.	A07
A062.	A07
A063.	A07
A064.	A07
A06y.	A07
A06z.	A07
A07..	A08
A070.	A04
A0700	A04
A0701	A04
A0702	A04
A0703	A04
A071.	A02
A072.	A04
A073.	A04
A0730	A04
A0731	A04
A073z	A04
A074.	A04
A0740	A04
A0741	A04
A0743	A04
A0744	A04
A0745	A04
A074y	A08
A074z	A08
A075.	A04
A076.	A08
A0760	A08
A0761	A08
A0762	A08
A0763	A08
A076z	A08
A07y.	A08
A07y0	A08
A07y1	A08
A07z.	A08
A08..	A09
A080.	A09
A0801	A09
A0802	A09
A0803	A09
A0804	A09
A0805	A09
A080z	A09
A081.	A09
A0810	A09
A0811	A09
A0812	A09
A081z	A09
A082.	A09
A0820	A09
A0821	A09
A082z	A09
A083.	A09
A08z.	A09
A0y..	A08
A0z..	A09
A1...	A16
A10..	A16
A100.	A16
A101.	A16
A10y.	A16
A10z.	A16
A11..	A16
A110.	A16
A111.	A16
A112.	A16
A113.	A16
A114.	A16
A115.	A16
A116.	A16
A117.	A16
A11y.	A16
A11z.	A16
A12..	A16
A120.	A16
A1200	A16
A1201	A16
A1202	A16
A120z	A16
A121.	A16
A1210	A16
A1211	A16
A1212	A16
A121z	A16
A122.	A16
A1220	A16
A1221	A16
A122z	A16
A123.	A16
A124.	A15
A1240	A15
A1241	A15
A1242	A15
A1243	A15
A1244	A15
A1245	A15
A1246	A15
A1247	A15
A125.	A16
A1250	A16
A1251	A16
A1252	A16
A125X	A16
A12y.	A16
A12y0	A16
A12y1	A16
A12y2	A16
A12y3	A16
A12yz	A16
A13..	A17
A13y.	A17
A14..	A18
A14y.	A18
A14y3	A18
A14y5	A18
A14yz	A18
A14z.	A18
A15..	A18
A15z.	A18
A16..	A18
A163.	A18
A167.	A18
A167z	A18
A168.	A18
A16z.	A18
A17..	A18
A170.	A18
A1700	A18
A1701	A18
A1702	A18
A1703	A18
A1704	A18
A1705	A18
A1706	A18
A1707	A18
A1708	A18
A170z	A18
A171.	A18
A1710	A18
A1711	A18
A171z	A18
A172.	A18
A1720	A18
A1721	A18
A1722	A18
A172z	A18
A173.	A18
A173z	A18
A174.	A18
A17y.	A18
A17yz	A18
A17z.	A18
A18..	A19
A180.	A19
A1800	A19
A1801	A19
A18y.	A19
A18z.	A19
A19..	A19
A1A..	A16
A1A0.	A16
A1y..	A16
A1z..	A16
A20..	A20
A200.	A20
A201.	A20
A202.	A20
A203.	A20
A204.	A20
A205.	A20
A206.	A20
A20y.	A20
A20y0	A20
A20y1	A20
A20y2	A20
A20yz	A20
A20z.	A20
A21..	A21
A210.	A21
A211.	A21
A2110	A21
A2111	A21
A2112	A21
A211z	A21
A212.	A21
A213.	A21
A21y.	A21
A21y0	A21
A21y1	A21
A21yz	A21
A21z.	A21
A22..	A22
A220.	A22
A223.	A22
A224.	A22
A22y.	A22
A22z.	A22
A23..	A23
A230.	A23
A231.	A23
A232.	A23
A234.	A23
A23y.	A23
A23z.	A23
A24..	A24
A25..	A24
A250.	A24
A251.	A24
A26..	A25
A260.	A25
A261.	A25
A26z.	A25
A27..	A28
A270.	A32
A2700	A32
A2701	A32
A2702	A32
A2703	A32
A2704	A32
A2705	A32
A2706	A32
A270z	A32
A271.	A26
A2710	A26
A2711	A26
A2712	A26
A2713	A26
A271z	A26
A272.	A28
A2720	A28
A2721	A28
A272z	A28
A273.	A28
A27y.	A28
A27z.	A28
A2y..	A28
A2z..	A28
A30..	A30
A300.	A30
A3000	A30
A301.	A30
A3010	A30
A302.	A30
A303.	A30
A30y.	A30
A30z.	A30
A31..	A31
A310.	A31
A3100	A31
A311.	A31
A31y.	A31
A31z.	A31
A32..	A36
A320.	A36
A321.	A36
A322.	A36
A323.	A36
A32y.	A36
A32y4	A36
A32y5	A36
A32yz	A36
A32z.	A36
A33..	A37
A330.	A37
A331.	A37
A33y.	A37
A33y0	A37
A33yz	A37
A33z.	A37
A340.	J02
A3400	J02
A3401	J04
A3402	J02
A3403	J03
A340z	J02
A341.	A38
A34z.	J02
A35..	A46
A36..	A39
A362.	A39
A3620	A39
A3621	A39
A36y.	A39
A36yz	A39
A36z.	A39
A37..	A35
A370.	A34
A380.	A40
A3800	A40
A3801	A40
A3802	A40
A3803	A40
A3804	A40
A381.	A41
A3810	A41
A3811	A41
A382.	A40
A383.	A41
A384.	A41
A3840	A41
A3841	A41
A3842	A41
A3843	A41
A3844	A41
A384z	A41
A38y.	A41
A38z.	A41
A39..	A42
A390.	A42
A391.	A42
A392.	A42
A3921	A42
A3922	A42
A393.	A42
A394.	B47
A395.	A42
A396.	A42
A39y.	A42
A39y0	A43
A39y1	A43
A39z.	A42
A39z0	B47
A39z1	A43
A39zz	A42
A3A..	A48
A3A0.	A48
A3A00	A48
A3A01	A48
A3A02	A48
A3A03	A48
A3A04	A48
A3A05	A48
A3A06	A48
A3A07	A48
A3A08	A48
A3A09	A48
A3A0A	A48
A3A0B	A48
A3A0C	A48
A3A0D	A48
A3A0E	A48
A3A0F	A48
A3A0z	A48
A3A1.	A48
A3A3.	A48
A3A4.	A48
A3A40	A48
A3A5.	A48
A3A6.	M72
A3Ay.	A48
A3Ay0	M60
A3Ay1	A48
A3Ay2	A04
A3Ayz	A48
A3B0.	A49
A3B00	A49
A3B01	A49
A3B1.	A49
A3B12	A49
A3B2.	A49
A3B3.	A49
A3B4.	A49
A3B5.	A49
A3B6.	A49
A3B60	A49
A3B61	A49
A3B6z	A49
A3B7.	A49
A3BC.	A49
A3BD.	A49
A3BE.	A49
A3BX1	B95
A3BX2	B95
A3BX3	B95
A3BX4	B95
A3BX5	B95
A3BX6	B95
A3BX7	B95
A3BX8	B95
A3BX9	B95
A3BXA	B96
A3BXB	B96
A3BXC	B96
A3BXD	B96
A3BXE	B96
A3BXF	B96
A3BXG	B96
A3BXH	B96
A3BXJ	B98
A3BXL	B98
A3By.	A49
A3By0	A49
A3By1	A49
A3By2	A49
A3By3	A49
A3By4	A49
A3By5	A49
A3By6	A49
A3By7	A49
A3By8	A49
A3Byz	A49
A3Bz.	A49
A3C0.	A40
A3C00	A40
A3C01	A40
A3C02	A40
A3C03	A40
A3C0y	A40
A3C0z	A40
A3C1.	A41
A3C10	A41
A3C1y	A41
A3C1z	A41
A3C2.	A41
A3C3.	A41
A3C30	A41
A3C3y	A41
A3Cy.	A41
A3Cz.	A41
A3y..	A49
A40..	A80
A400.	A80
A401.	A80
A402.	A80
A403.	A80
A4030	A80
A4031	A80
A4032	A80
A40z.	A80
A41..	A81
A410.	A81
A411.	A81
A4110	A81
A412.	A81
A413.	A81
A41y.	A81
A41z.	A81
A42y.	A87
A42z.	A87
A4y..	A88
A4y0.	A85
A4y1.	A88
A4z..	A88
A4z0.	A87
A4zy.	A85
A4zy0	A85
A4zy1	A85
A4zy2	A86
A4zy3	A85
A4zy4	A85
A4zy5	A85
A4zyz	A88
A4zz.	A89
A50..	B03
A500.	B03
A501.	B03
A502.	B03
A50z.	B03
A51..	B08
A510.	B08
A511.	B08
A512.	B08
A51z.	B08
A52..	B01
A52x.	B01
A52y.	B01
A52z.	B01
A53..	B02
A531.	B02
A5310	B02
A5314	B02
A531z	B02
A532.	B02
A5323	B02
A532z	B02
A53x.	B02
A53x1	B02
A53xz	B02
A53y.	B02
A53z.	B02
A54..	B00
A540.	B00
A541.	A60
A5410	A60
A5413	A60
A5414	A60
A5415	A60
A5416	A60
A5417	A60
A5418	A60
A5419	A60
A541z	A60
A542.	B00
A544.	B00
A5440	B02
A544z	B00
A545.	B00
A548.	B00
A54x.	B00
A54x0	B00
A54x3	B00
A54xz	B00
A54y.	B00
A54z.	B00
A55..	B05
A553.	B05
A554.	B05
A55x.	B05
A55xz	B05
A55y.	B05
A55z.	B05
A56..	B06
A560.	B06
A5600	B06
A560z	B06
A56x.	B06
A56xz	B06
A56y.	B06
A56z.	B06
A57..	B08
A570.	B08
A57y.	B08
A57y0	B08
A57y1	B08
A57y2	B08
A57y3	B08
A57y4	B08
A57y5	B04
A57yz	B08
A57z.	B08
A5y..	B08
A5z..	B09
A60..	A95
A600.	A95
A601.	A95
A60z.	A95
A61..	A97
A610.	A97
A611.	A97
A612.	A97
A62..	A83
A620.	A83
A621.	A83
A622.	A83
A623.	A83
A624.	A83
A625.	A83
A626.	A83
A62y.	A83
A62z.	A83
A63..	A84
A630.	A84
A631.	A84
A632.	A84
A63y.	A84
A63y0	A84
A63y1	A84
A63yz	A84
A63z.	A84
A64..	A85
A650.	A98
A651.	A98
A652.	A98
A653.	A98
A654.	A92
A6540	A97
A65y.	A98
A65y0	A93
A65yz	A98
A65z.	A94
A66..	A93
A660.	A93
A6600	A93
A6601	A93
A660z	A93
A661.	A94
A6610	A93
A6611	A93
A6612	A93
A6613	A93
A6614	A93
A661z	A93
A662.	A92
A663.	A92
A6630	A92
A6631	A92
A6632	A92
A6633	A92
A6634	A92
A6635	A92
A6636	A92
A6637	A93
A6638	A92
A6639	A92
A663A	B33
A663B	A92
A663C	A92
A663D	A92
A663E	A92
A663z	A92
A66y.	A92
A66y0	A92
A66y1	A93
A66yz	A93
A66z.	A94
A6y..	A93
A6z..	A94
A70..	B19
A700.	B15
A701.	B15
A702.	B16
A7020	B16
A703.	B16
A7030	B16
A704.	B17
A7040	B18
A704z	B17
A705.	B17
A7050	B18
A7051	B17
A7052	B17
A7054	B17
A705z	B17
A706.	B19
A707.	B18
A7070	B18
A7071	B18
A7072	B18
A7073	B18
A707X	B18
A708.	B19
A709.	B19
A70A.	B18
A70B.	B18
A70C.	B18
A70D.	B18
A70E.	B18
A70F.	B18
A70G.	B17
A70z.	B19
A70z0	B18
A70z1	B17
A71..	A82
A710.	A82
A711.	A82
A72..	B26
A724.	B26
A72x.	B26
A72xz	B26
A72y.	B26
A72z.	B26
A73..	A70
A730.	A70
A73x.	A70
A73y.	A70
A73z.	A70
A74..	B97
A740.	B08
A741.	B33
A743.	B08
A74y.	B33
A74z.	B34
A75..	B27
A750.	B27
A751.	B27
A752.	B27
A76..	A71
A760.	A71
A761.	A71
A76z.	A71
A77X.	B30
A77z.	B30
A780.	B08
A781.	B07
A7810	B07
A7811	B07
A7812	A63
A7813	A63
A7814	B07
A7815	B07
A7816	B07
A7817	A63
A781z	B07
A782.	B34
A783.	A28
A784.	B08
A785.	B25
A7850	B25
A7851	B25
A7852	B25
A785X	B25
A786.	A98
A787.	A96
A7870	A96
A7871	A96
A788.	B24
A7880	B23
A7882	B23
A7883	B23
A7884	B22
A7885	B20
A7886	B21
A788U	B23
A788V	B22
A788W	B21
A788X	B20
A788y	B23
A788z	B24
A7890	B20
A7891	B20
A7892	B20
A7893	B20
A7894	B20
A7895	B21
A7896	B21
A7897	B21
A7898	B21
A7899	B22
A789A	B22
A789X	B21
A78A0	A56
A78A1	A56
A78A2	A56
A78A3	A56
A78A5	A56
A78AW	A74
A78X.	A99
A78y1	A08
A78y2	B33
A78y3	A98
A78y4	B08
A78y5	A96
A79..	B33
A790.	B34
A791.	B34
A792.	B34
A793.	B34
A794.	A98
A795.	B34
A796.	B34
A797.	B34
A798.	B33
A799.	B25
A79A.	B97
A79B.	B34
A79C.	B34
A79X.	B34
A79y.	B33
A79z.	B34
A7A..	B33
A7y0.	B97
A7y00	B97
A7y01	B97
A7y02	B97
A7y03	B97
A7y04	B97
A7y05	B97
A7y0X	B97
A80..	A75
A81..	A75
A810.	A75
A811.	A75
A812.	A75
A81z.	A75
A82..	A77
A820.	A77
A8200	A77
A8201	A77
A820z	A77
A821.	A77
A8210	A77
A8211	A77
A8212	A77
A8213	A77
A8214	A77
A821z	A77
A822.	A77
A8220	A77
A822z	A77
A823.	A77
A82y.	A77
A82z.	A77
A83..	A79
A830.	A78
A831.	A79
A832.	A79
A83y.	A79
A83z.	A79
A84..	B54
A840.	B50
A8400	B50
A841.	B51
A8410	B51
A841X	B51
A842.	B52
A843.	B53
A844.	B53
A8440	B53
A8441	B52
A845.	B53
A846.	B54
A847.	B54
A848.	B50
A849.	B54
A8490	B50
A849z	B54
A84W.	B52
A84X.	B50
A85..	B55
A850.	B55
A851.	B55
A8510	B55
A8511	B55
A8512	B55
A851z	B55
A852.	B55
A853.	B55
A854.	B55
A855.	B55
A85z.	B55
A861.	B57
A8610	B57
A862.	B57
A863.	B56
A864.	B56
A865.	B56
A86z.	B56
A87..	A68
A870.	A68
A871.	A68
A8710	A69
A8711	A69
A8713	A69
A871z	A68
A87z.	A68
A880.	A44
A8800	A44
A8801	A44
A90..	A50
A900.	A50
A901.	A50
A902.	A50
A904.	A50
A9040	A50
A904z	A50
A905.	A50
A9050	A50
A9051	A50
A9052	A50
A9053	A50
A905z	A50
A906.	A50
A907.	A50
A90z.	A50
A91..	A51
A910.	A51
A911.	A51
A912.	A51
A9120	A51
A9121	A51
A9122	A51
A9123	A51
A912z	A51
A913.	A51
A9130	A51
A9131	A51
A9132	A51
A9133	A51
A9134	A51
A9135	A51
A913z	A51
A914.	A51
A915.	A51
A9150	A51
A9151	A51
A9152	A51
A915z	A51
A916.	A51
A916z	A51
A917.	A51
A918.	A51
A918z	A51
A919.	A51
A91X.	A51
A92..	A51
A920.	A51
A92z.	A51
A93..	A52
A9321	A52
A9323	A52
A93y.	A52
A93yz	A52
A93z.	A52
A94..	A52
A940.	A52
A941.	A52
A943.	A52
A94y.	A52
A94y6	A52
A94yz	A52
A94z.	A52
A95..	A52
A954.	A52
A957.	A52
A957z	A52
A95y.	A52
A95z.	A52
A96..	A52
A97..	A53
A970.	A52
A971.	A53
A97z.	A53
A98..	A54
A980.	A54
A9800	A54
A9801	A54
A9802	A54
A980z	A54
A981.	A54
A9810	A54
A9811	A54
A9815	A54
A981z	A54
A982.	A54
A9820	A54
A9821	A54
A9822	A54
A982z	A54
A983.	A54
A9830	A54
A9831	A54
A9835	A54
A983z	A54
A984.	A54
A9842	A54
A9843	A54
A984z	A54
A986.	A54
A987.	A54
A9870	A54
A9871	A54
A987z	A54
A98y.	A54
A98y4	A54
A98yy	A54
A98yz	A54
A98z.	A54
A990.	A57
A991.	A55
A9910	A55
A9911	A55
A992.	A58
A993.	M02
A994.	N34
A995.	N34
A99z.	A64
AA0..	A27
AA00.	A27
AA0y.	A27
AA0y1	A27
AA0yz	A27
AA0z.	A27
AA1..	A69
AA10.	A69
AA11.	A69
AA12.	A69
AA1z.	A69
AA2..	A66
AA20.	A66
AA21.	A66
AA22.	A66
AA23.	A66
AA24.	A66
AA25.	A66
AA26.	A66
AA2x.	A66
AA2x0	A66
AA2x1	A66
AA2xz	A66
AA2y.	A66
AA2z.	A66
AA3..	A67
AA30.	A67
AA31.	A67
AA32.	A67
AA33.	A67
AA3z.	A67
AA4..	A69
AA40.	A65
AA41.	A69
AA4y.	A69
AA4z.	A69
AAz..	A69
AB0..	B35
AB00.	B35
AB000	B35
AB001	B35
AB00z	B35
AB01.	B35
AB02.	B35
AB03.	B35
AB030	B35
AB031	B35
AB032	B35
AB03z	B35
AB04.	B35
AB05.	B35
AB06.	B35
AB0y.	B35
AB0y0	B35
AB0y1	B35
AB0z.	B35
AB1..	B35
AB10.	B36
AB11.	B36
AB12.	B36
AB13.	B36
AB1X.	B36
AB1y.	B36
AB1z.	B36
AB2..	B37
AB20.	B37
AB200	B37
AB201	B37
AB202	B37
AB20z	B37
AB22.	B37
AB221	B37
AB22z	B37
AB23.	B37
AB230	B37
AB231	B37
AB232	B37
AB233	B37
AB23z	B37
AB24.	B37
AB25.	B37
AB2y.	B37
AB2y3	B37
AB2y4	B37
AB2y5	B37
AB2yz	B37
AB2z.	B37
AB3..	B38
AB31.	B38
AB33.	B38
AB330	B38
AB331	B38
AB332	B38
AB33z	B38
AB3z.	B38
AB4..	B39
AB40.	B39
AB400	B39
AB401	B39
AB402	B39
AB403	B39
AB404	B39
AB405	B39
AB406	B39
AB407	B39
AB408	B39
AB40z	B39
AB41.	B39
AB410	B39
AB411	B39
AB412	B39
AB413	B39
AB414	B39
AB415	B39
AB41z	B39
AB42.	B39
AB4z.	B39
AB4z0	B39
AB4z1	B39
AB4z2	B39
AB4z3	B39
AB4z4	B39
AB4z5	B39
AB4z6	B39
AB4zz	B39
AB5..	B40
AB50.	B40
AB500	B40
AB501	B40
AB502	B40
AB503	B40
AB504	B40
AB505	B40
AB506	B40
AB50z	B40
AB51.	B41
AB510	B41
AB511	B41
AB512	B41
AB513	B41
AB51z	B41
AB52.	B48
AB5z.	B40
AB6..	B48
AB60.	B48
AB61.	B42
AB610	B42
AB611	B42
AB612	B42
AB614	B42
AB61z	B42
AB62.	B43
AB620	B43
AB622	B43
AB62X	B43
AB63.	B44
AB630	B44
AB631	B44
AB632	B44
AB635	B44
AB63X	B44
AB64.	B47
AB640	B47
AB65.	B45
AB651	B45
AB653	B45
AB654	B45
AB655	B45
AB656	B45
AB65z	B45
AB66.	B48
AB67.	B46
AB670	B46
AB671	B46
AB672	B46
AB673	B46
AB674	B46
AB67X	B46
AB68.	B43
AB69.	B48
AB6A.	B48
AB6z.	B48
AB7..	B48
ABy..	B48
ABz..	B49
AC0..	B65
AC00.	B65
AC01.	B65
AC02.	B65
AC03.	B65
AC0y.	B65
AC0y0	B65
AC0y1	B65
AC0y2	B65
AC0y3	B65
AC0yz	B65
AC0z.	B65
AC1..	B66
AC10.	B66
AC11.	B66
AC12.	B66
AC13.	B66
AC14.	B66
AC15.	B66
AC16.	B66
AC1y.	B66
AC1y0	B66
AC1y1	B66
AC1y2	B66
AC1yz	B66
AC1z.	B66
AC2..	B67
AC20.	B67
AC21.	B67
AC22.	B67
AC23.	B67
AC230	B67
AC24.	B67
AC25.	B67
AC26.	B67
AC27.	B67
AC2y.	B67
AC2z.	B67
AC2z0	B67
AC2z1	B67
AC3..	B71
AC30.	B68
AC31.	B69
AC310	B69
AC311	B69
AC32.	B68
AC33.	B68
AC34.	B70
AC35.	B70
AC36.	B71
AC37.	B71
AC3y.	B71
AC3z.	B71
AC4..	B75
AC50.	B74
AC51.	B74
AC52.	B74
AC53.	B73
AC54.	B74
AC55.	B74
AC56.	B74
AC560	B74
AC57.	B72
AC5z.	B74
AC60.	B76
AC61.	B76
AC62.	B76
AC63.	B76
AC6y.	B76
AC6z.	B76
AC6z0	B76
AC7..	B81
AC70.	B77
AC700	B77
AC70X	B77
AC71.	B81
AC72.	B78
AC720	B78
AC721	B78
AC722	B78
AC72X	B78
AC73.	B79
AC74.	B80
AC75.	B81
AC76.	B81
AC7x.	B81
AC7x0	B83
AC7y.	B81
AC7z.	B82
AC80.	B83
AC81.	B83
AC8y.	B83
AC8y0	B83
AC8y1	B83
AC8y2	B81
AC8yz	B83
AC8z.	B83
ACz..	B82
AD0..	B58
AD01.	B58
AD0x.	B58
AD0y.	B58
AD0z.	B58
AD1..	A59
AD10.	A59
AD100	A59
AD102	A59
AD10z	A59
AD1y.	A59
AD1z.	A59
AD2..	B85
AD20.	B85
AD21.	B85
AD22.	B85
AD23.	B85
AD2X.	B85
AD2z.	B85
AD3..	B88
AD30.	B86
AD3y.	B88
AD3z.	B88
AD4..	B88
AD40.	B87
AD400	B87
AD401	B87
AD402	B87
AD403	B87
AD404	B87
AD40X	B87
AD41.	B88
AD410	B88
AD42.	B88
AD420	B83
AD4y.	B88
AD4z.	B88
AD5..	D86
AD50.	D86
AD51.	D86
AD52.	D86
AD53.	D86
AD530	D86
AD54.	D86
AD6..	B88
AD60.	L94
AD61.	M35
AD62.	B60
AD64.	B88
AD65.	A07
AD66.	B60
AD67.	B60
AD6z.	B99
AD6zW	B89
AD6zX	B64
AE0..	B90
AE00.	B90
AE01.	B90
AE02.	B90
AE03.	B90
AE04.	B90
AE0z.	B90
AE1..	B91
AE2..	B94
AE20.	B94
AE21.	B94
AE22.	B92
AE23.	B94
AE2z.	B94
AEy..	B94
AEz..	B94
Ayu00	A00
Ayu01	A01
Ayu02	A02
Ayu03	A02
Ayu04	A03
Ayu05	A03
Ayu06	A04
Ayu07	A04
Ayu08	A05
Ayu09	A05
Ayu0A	A06
Ayu0B	A06
Ayu0C	A07
Ayu0D	A07
Ayu0E	A08
Ayu0F	A08
Ayu0G	A08
Ayu0H	A09
Ayu10	A15
Ayu11	A15
Ayu12	A16
Ayu13	A16
Ayu14	A17
Ayu15	A17
Ayu16	A18
Ayu17	A19
Ayu18	A19
Ayu19	A19
Ayu20	A20
Ayu21	A20
Ayu22	A21
Ayu23	A21
Ayu24	A22
Ayu25	A22
Ayu26	A23
Ayu27	A23
Ayu28	A24
Ayu29	A24
Ayu2A	A25
Ayu2B	A26
Ayu2C	A26
Ayu2D	A27
Ayu2E	A27
Ayu2F	A28
Ayu2G	A28
Ayu30	A30
Ayu31	A30
Ayu32	A31
Ayu33	A31
Ayu34	A32
Ayu35	A32
Ayu36	A35
Ayu37	A36
Ayu38	A36
Ayu39	A37
Ayu3A	A37
Ayu3B	A39
Ayu3C	A39
Ayu3D	A39
Ayu3E	A40
Ayu3F	A40
Ayu3G	A41
Ayu3H	A41
Ayu3J	A41
Ayu3K	A42
Ayu3L	A42
Ayu3M	A43
Ayu3N	A43
Ayu3P	A44
Ayu3Q	A44
Ayu3R	A48
Ayu3S	A49
Ayu3T	A49
Ayu3U	A49
Ayu3V	A49
Ayu3W	A49
Ayu3X	A49
Ayu40	A50
Ayu41	A50
Ayu42	A50
Ayu43	A50
Ayu44	A51
Ayu45	A51
Ayu46	A51
Ayu47	A52
Ayu48	A52
Ayu49	A52
Ayu4A	A53
Ayu4B	A54
Ayu4C	A54
Ayu4D	A56
Ayu4E	A59
Ayu4F	A59
Ayu4G	A60
Ayu4H	A63
Ayu4J	A64
Ayu4L	A63
Ayu4M	A63
Ayu50	A66
Ayu51	A66
Ayu52	A66
Ayu53	A67
Ayu54	A68
Ayu55	A69
Ayu56	A69
Ayu57	A69
Ayu60	A71
Ayu61	A74
Ayu62	A74
Ayu70	A75
Ayu71	A77
Ayu72	A77
Ayu73	A79
Ayu74	A79
Ayu80	A80
Ayu81	A80
Ayu82	A81
Ayu83	A81
Ayu84	A82
Ayu85	A83
Ayu86	A83
Ayu87	A84
Ayu88	A84
Ayu89	A85
Ayu8A	A85
Ayu8B	A86
Ayu8C	A87
Ayu8D	A87
Ayu8E	A88
Ayu8F	A89
Ayu90	A92
Ayu91	A92
Ayu92	A93
Ayu93	A94
Ayu94	A95
Ayu95	A96
Ayu96	A96
Ayu97	A98
Ayu98	A99
AyuA0	B00
AyuA1	B00
AyuA2	B01
AyuA3	B01
AyuA4	B02
AyuA5	B02
AyuA6	B05
AyuA7	B05
AyuA8	B06
AyuA9	B06
AyuAA	B06
AyuAB	B08
AyuAC	B08
AyuAD	B08
AyuAE	B09
AyuB.	B19
AyuB0	B17
AyuB1	B18
AyuB2	B18
AyuB3	B19
AyuB4	B19
AyuC.	B24
AyuC0	B20
AyuC1	B20
AyuC2	B20
AyuC3	B20
AyuC4	B20
AyuC5	B20
AyuC6	B21
AyuC7	B21
AyuC8	B21
AyuC9	B21
AyuCA	B22
AyuCB	B23
AyuCC	B23
AyuCD	B24
AyuD0	B25
AyuD1	B25
AyuD2	B26
AyuD3	B26
AyuD4	B27
AyuD5	B27
AyuD6	B30
AyuD7	B30
AyuD8	B33
AyuD9	B33
AyuDA	B34
AyuDB	B34
AyuDC	B34
AyuDD	B34
AyuDE	B34
AyuDF	B34
AyuDG	B34
AyuE.	B49
AyuE0	B35
AyuE1	B35
AyuE2	B36
AyuE3	B36
AyuE4	B37
AyuE5	B37
AyuE6	B38
AyuE7	B38
AyuE8	B39
AyuE9	B40
AyuEA	B40
AyuEB	B41
AyuEC	B41
AyuED	B42
AyuEF	B42
AyuEG	B43
AyuEJ	B43
AyuEK	B44
AyuEL	B44
AyuEM	B45
AyuEN	B45
AyuEP	B46
AyuEQ	B46
AyuER	B47
AyuES	B49
AyuET	B39
AyuEU	B44
AyuEV	B46
AyuF0	B50
AyuF1	B50
AyuF2	B51
AyuF3	B51
AyuF4	B52
AyuF5	B52
AyuF6	B53
AyuF7	B54
AyuF8	B55
AyuF9	B56
AyuFA	B57
AyuFB	B58
AyuFC	B58
AyuFD	B60
AyuFE	B64
AyuG0	B65
AyuG1	B65
AyuG2	B66
AyuG3	B66
AyuG4	B67
AyuG5	B67
AyuG6	B68
AyuG7	B69
AyuG8	B69
AyuG9	B71
AyuGA	B71
AyuGB	B74
AyuGC	B74
AyuGD	B76
AyuGE	B76
AyuGF	B77
AyuGG	B77
AyuGH	B78
AyuGJ	B81
AyuGK	B82
AyuGL	B82
AyuGM	B83
AyuGN	B83
AyuH0	B85
AyuH1	B87
AyuH2	B87
AyuH3	B88
AyuH4	B88
AyuH5	B88
AyuH6	B88
AyuH7	B89
AyuJ0	B90
AyuJ1	B90
AyuJ2	B90
AyuJ3	B90
AyuJ4	B90
AyuJ5	B91
AyuJ6	B92
AyuJ7	B94
AyuJ8	B94
AyuJ9	B94
AyuJA	B94
AyuJB	B94
AyuK0	B95
AyuK1	B95
AyuK2	B95
AyuK3	B95
AyuK4	B95
AyuK5	B95
AyuK6	B95
AyuK7	B95
AyuK8	B95
AyuK9	B96
AyuKA	B96
AyuKB	B96
AyuKC	B96
AyuKD	B96
AyuKE	B96
AyuKF	B96
AyuKG	B96
AyuKH	B96
AyuKJ	B97
AyuKK	B97
AyuKL	B97
AyuKM	B97
AyuKN	B97
AyuKP	B97
AyuKQ	B97
AyuKR	B97
AyuKS	B97
AyuL.	B99
AyuL0	B99
B00..	C00
B000.	C00
B0000	C00
B0001	C00
B000z	C00
B001.	C00
B0010	C00
B0011	C00
B001z	C00
B002.	C00
B0020	C00
B0021	C00
B0022	C00
B0023	C00
B002z	C00
B003.	C00
B0030	C00
B0031	C00
B0032	C00
B0033	C00
B003z	C00
B004.	C00
B0040	C00
B0041	C00
B0042	C00
B0043	C00
B004z	C00
B005.	C00
B006.	C00
B007.	C00
B00y.	C00
B00z.	C00
B00z0	C00
B00z1	C00
B00zz	C00
B010.	C01
B0100	C01
B010z	C01
B011.	C02
B0110	C02
B0111	C02
B011z	C02
B012.	C02
B013.	C02
B0130	C02
B0131	C02
B013z	C02
B014.	C02
B015.	C02
B016.	C02
B017.	C02
B01y.	C02
B01z.	C02
B020.	C07
B021.	C08
B022.	C08
B023.	C08
B02y.	C08
B02z.	C08
B03..	C03
B030.	C03
B031.	C03
B03y.	C03
B03z.	C03
B04..	C04
B040.	C04
B041.	C04
B042.	C04
B04y.	C04
B04z.	C04
B05..	C06
B050.	C06
B051.	C06
B0510	C06
B0511	C06
B0512	C06
B0513	C06
B051z	C06
B052.	C05
B053.	C05
B054.	C05
B055.	C05
B0550	C05
B0551	C05
B055z	C05
B056.	C06
B057.	C06
B05y.	C06
B05z.	C06
B05z0	C46
B06..	C10
B060.	C09
B0600	C09
B0601	C09
B0602	C09
B060z	C09
B061.	C09
B062.	C09
B0620	C09
B0621	C09
B0622	C09
B0623	C09
B062z	C09
B063.	C10
B064.	C10
B0640	C10
B0641	C10
B064z	C10
B065.	C10
B066.	C10
B067.	C10
B06y.	C10
B06y0	C10
B06yz	C10
B06z.	C10
B07..	C11
B070.	C11
B071.	C11
B0710	C11
B0711	C11
B071z	C11
B072.	C11
B0720	C11
B0721	C11
B072z	C11
B073.	C11
B0730	C11
B0731	C11
B0732	C11
B073z	C11
B074.	C11
B07y.	C11
B07z.	C11
B08..	C13
B080.	C13
B081.	C12
B082.	C13
B083.	C13
B084.	C13
B08y.	C13
B08z.	C13
B0z..	C14
B0z0.	C14
B0z1.	C14
B0z2.	C13
B0zy.	C14
B0zz.	C14
B10..	C15
B100.	C15
B101.	C15
B102.	C15
B103.	C15
B104.	C15
B105.	C15
B106.	C15
B107.	C15
B10y.	C15
B10z.	C15
B11..	C16
B110.	C16
B1100	C16
B1101	C16
B110z	C16
B111.	C16
B1110	C16
B1111	C16
B111z	C16
B112.	C16
B113.	C16
B114.	C16
B115.	C16
B116.	C16
B117.	C16
B118.	C16
B119.	C16
B11y.	C16
B11y0	C16
B11y1	C16
B11yz	C16
B11z.	C16
B12..	C17
B120.	C17
B121.	C17
B122.	C17
B123.	C17
B124.	C17
B12y.	C17
B12z.	C17
B13..	C18
B130.	C18
B131.	C18
B132.	C18
B133.	C18
B134.	C18
B135.	C18
B136.	C18
B137.	C18
B138.	C18
B13y.	C18
B13z.	C18
B140.	C19
B141.	C20
B142.	C21
B1420	C21
B143.	C21
B14y.	C21
B14z.	C21
B15..	C22
B150.	C22
B1500	C22
B1501	C22
B1502	C22
B1503	C22
B150z	C22
B151.	C22
B1510	C22
B1511	C22
B1512	C22
B1513	C22
B1514	C22
B151z	C22
B152.	C22
B153.	C78
B15z.	C22
B160.	C23
B161.	C24
B1610	C24
B1611	C24
B1612	C24
B1613	C24
B161z	C24
B162.	C24
B163.	C24
B16y.	C24
B16z.	C24
B17..	C25
B170.	C25
B171.	C25
B172.	C25
B173.	C25
B174.	C25
B175.	C25
B176.	C25
B17y.	C25
B17y0	C25
B17yz	C25
B17z.	C25
B18..	C48
B180.	C48
B1800	C48
B1801	C48
B1802	C48
B180z	C48
B181.	C45
B182.	C48
B18y.	C48
B18y0	C48
B18y1	C48
B18y2	C48
B18y3	C48
B18y4	C48
B18y5	C48
B18y6	C48
B18y7	C48
B18yz	C48
B18z.	C48
B1z..	C26
B1z0.	C26
B1z1.	C26
B1z10	C26
B1z11	C26
B1z1z	C26
B1z2.	C26
B1zy.	C26
B1zz.	C26
B200.	C30
B2000	C30
B2001	C30
B2002	C30
B2003	C30
B200z	C30
B201.	C30
B2010	C30
B2011	C30
B2012	C30
B2013	C30
B201z	C30
B202.	C31
B203.	C31
B204.	C31
B205.	C31
B206.	C31
B20z.	C31
B21..	C32
B210.	C32
B211.	C32
B212.	C32
B213.	C32
B2130	C32
B2131	C32
B2132	C32
B2133	C32
B213z	C32
B214.	C32
B215.	C32
B21y.	C32
B21z.	C32
B220.	C33
B2200	C33
B2201	C33
B220z	C33
B221.	C34
B2210	C34
B2211	C34
B221z	C34
B222.	C34
B2220	C34
B2221	C34
B222z	C34
B223.	C34
B2230	C34
B2231	C34
B223z	C34
B224.	C34
B2240	C34
B2241	C34
B224z	C34
B225.	C34
B226.	C45
B22y.	C34
B22z.	C34
B23..	C38
B230.	C38
B231.	C38
B232.	C45
B23y.	C38
B23z.	C38
B240.	C37
B241.	C38
B2410	C38
B2411	C38
B2412	C38
B2413	C38
B2414	C45
B241z	C38
B242.	C38
B243.	C38
B24X.	C38
B25..	C38
B26..	C39
B2z..	C39
B2z0.	C39
B2zy.	C39
B2zz.	C39
B300.	C41
B3000	C41
B3001	C41
B3002	C41
B3003	C41
B3004	C41
B3005	C41
B3006	C41
B3007	C41
B3008	C41
B3009	C41
B300A	C41
B300B	C41
B300C	C41
B300z	C41
B301.	C41
B302.	C41
B3020	C41
B3021	C41
B3022	C41
B302z	C41
B303.	C41
B3030	C41
B3031	C41
B3032	C41
B3033	C41
B3034	C41
B3035	C41
B303z	C41
B304.	C40
B3040	C40
B3041	C40
B3042	C40
B3043	C40
B3044	C40
B304z	C40
B305.	C40
B3050	C40
B3051	C40
B3052	C40
B3053	C40
B3054	C40
B3055	C40
B3056	C40
B3057	C40
B3058	C40
B3059	C40
B305A	C40
B305B	C40
B305C	C40
B305D	C40
B305z	C40
B306.	C41
B3060	C41
B3061	C41
B3062	C41
B3063	C41
B3064	C41
B3065	C41
B306z	C41
B307.	C40
B3070	C40
B3071	C40
B3072	C40
B307z	C40
B308.	C40
B3080	C40
B3081	C40
B3082	C40
B3083	C40
B3084	C40
B3085	C40
B3086	C40
B3087	C40
B3088	C40
B3089	C40
B308A	C40
B308B	C40
B308C	C40
B308D	C40
B308z	C40
B309.	C40
B30W.	C41
B30X.	C40
B30z.	C41
B30z0	C41
B310.	C49
B3100	C49
B3101	C49
B3102	C49
B3103	C49
B3104	C49
B3105	C49
B310z	C49
B311.	C49
B3110	C49
B3111	C49
B3112	C49
B3113	C49
B3114	C49
B3115	C49
B311z	C49
B312.	C49
B3120	C49
B3121	C49
B3122	C49
B3123	C49
B3124	C49
B3125	C49
B3126	C49
B312z	C49
B313.	C49
B3130	C49
B3131	C49
B3132	C49
B3133	C49
B313z	C49
B314.	C49
B3140	C49
B3141	C49
B314z	C49
B315.	C49
B3150	C49
B3151	C49
B3152	C49
B3153	C49
B315z	C49
B316.	C49
B317.	C49
B31y.	C49
B31z.	C49
B31z0	C46
B32..	C43
B320.	C43
B321.	C43
B322.	C43
B3220	C43
B3221	C43
B322z	C43
B323.	C43
B3230	C43
B3231	C43
B3232	C43
B3233	C43
B3234	C43
B3235	C43
B323z	C43
B324.	C43
B3240	C43
B3241	C43
B324z	C43
B325.	C43
B3250	C43
B3251	C43
B3252	C43
B3253	C43
B3254	C43
B3255	C43
B3256	C43
B3257	C43
B3258	C43
B325z	C43
B326.	C43
B3260	C43
B3261	C43
B3262	C43
B3263	C43
B3264	C43
B3265	C43
B326z	C43
B327.	C43
B3270	C43
B3271	C43
B3272	C43
B3273	C43
B3274	C43
B3275	C43
B3276	C43
B3277	C43
B3278	C43
B3279	C43
B327z	C43
B328.	C43
B329.	C43
B32A.	C43
B32B.	C43
B32C.	C43
B32D.	C43
B32E.	C43
B32F.	C43
B32G.	C43
B32H.	C43
B32J.	C43
B32y.	C43
B32y0	C43
B32z.	C43
B33..	C44
B330.	C44
B331.	C44
B3310	C44
B3311	C44
B3312	C44
B332.	C44
B3320	C44
B3321	C44
B3322	C44
B332z	C44
B333.	C44
B3330	C44
B3331	C44
B3332	C44
B3333	C44
B3334	C44
B3335	C44
B333z	C44
B334.	C44
B3340	C44
B3341	C44
B334z	C44
B335.	C44
B3350	C44
B3351	C44
B3352	C44
B3353	C44
B3354	C44
B3355	C44
B3356	C44
B3357	C44
B3358	C44
B3359	C44
B335A	C44
B335z	C44
B336.	C44
B3360	C44
B3361	C44
B3362	C44
B3363	C44
B3364	C44
B3365	C44
B336z	C44
B337.	C44
B3370	C44
B3371	C44
B3372	C44
B3373	C44
B3374	C44
B3375	C44
B3376	C44
B3377	C44
B3378	C44
B3379	C44
B337z	C44
B338.	C44
B339.	C44
B33A.	C49
B33X.	C44
B33y.	C44
B33z.	C44
B33z0	C46
B33z1	C44
B34..	C50
B340.	C50
B3400	C50
B3401	C50
B340z	C50
B341.	C50
B342.	C50
B343.	C50
B344.	C50
B345.	C50
B346.	C50
B347.	C50
B34y.	C50
B34y0	C50
B34yz	C50
B34z.	C50
B35..	C50
B350.	C50
B3500	C50
B3501	C50
B350z	C50
B35z.	C50
B35z0	C50
B35zz	C50
B36..	C50
B40..	C55
B41..	C53
B410.	C53
B4100	C53
B4101	C53
B410z	C53
B411.	C53
B412.	C53
B41y.	C53
B41y0	C53
B41y1	C53
B41yz	C53
B41z.	C53
B42..	C58
B420.	C58
B43..	C54
B430.	C54
B4300	C54
B4301	C54
B4302	C54
B4303	C54
B430z	C54
B431.	C54
B4310	C54
B431z	C54
B432.	C54
B43y.	C54
B43z.	C54
B44..	C57
B440.	C56
B441.	C57
B442.	C57
B443.	C57
B444.	C57
B44y.	C57
B44z.	C57
B45..	C57
B450.	C52
B4500	C52
B4501	C52
B450z	C52
B451.	C51
B4510	C51
B451z	C51
B452.	C51
B453.	C51
B454.	C51
B45X.	C57
B45y.	C57
B45y0	C51
B45z.	C57
B46..	C61
B47..	C62
B470.	C62
B4700	C62
B4701	C62
B4702	C62
B4703	C62
B470z	C62
B471.	C62
B4710	C62
B4711	C62
B471z	C62
B47z.	C62
B480.	C60
B481.	C60
B482.	C60
B483.	C60
B484.	C63
B485.	C63
B486.	C63
B487.	C60
B48y.	C63
B48y0	C63
B48y1	C63
B48y2	C63
B48yz	C63
B48z.	C63
B49..	C67
B490.	C67
B491.	C67
B492.	C67
B493.	C67
B494.	C67
B495.	C67
B496.	C67
B497.	C67
B498.	C67
B49y.	C67
B49y0	C67
B49z.	C67
B4A..	C64
B4A0.	C64
B4A00	C64
B4A1.	C65
B4A10	C65
B4A11	C65
B4A1z	C65
B4A2.	C66
B4A3.	C68
B4A4.	C68
B4Ay.	C68
B4Ay0	C68
B4Az.	C68
B50..	C69
B500.	C69
B5000	C69
B5001	C69
B5002	C69
B5003	C69
B500z	C69
B501.	C69
B5010	C69
B5011	C69
B501z	C69
B502.	C69
B503.	C69
B504.	C69
B505.	C69
B506.	C69
B507.	C69
B5070	C69
B5071	C69
B507z	C69
B508.	C69
B509.	C69
B50y.	C69
B50z.	C69
B51..	C71
B510.	C71
B5100	C71
B5101	C71
B5102	C71
B5103	C71
B5104	C71
B5105	C71
B510z	C71
B511.	C71
B512.	C71
B5120	C71
B5121	C71
B512z	C71
B513.	C71
B514.	C71
B515.	C71
B5150	C71
B5151	C71
B515z	C71
B516.	C71
B517.	C71
B5170	C71
B5171	C71
B5172	C71
B5173	C71
B517z	C71
B51y.	C71
B51y0	C71
B51y1	C71
B51y2	C71
B51yz	C71
B51z.	C71
B52..	C72
B520.	C72
B5200	C72
B5201	C72
B5202	C72
B520z	C72
B521.	C70
B5210	C70
B5211	C70
B5212	C70
B521z	C70
B522.	C72
B523.	C70
B5230	C70
B5231	C70
B5232	C70
B523z	C70
B524.	C47
B5240	C47
B5241	C47
B5242	C47
B5243	C47
B5244	C47
B5245	C47
B5246	C47
B524W	C47
B524X	C47
B525.	C72
B52W.	C72
B52X.	C70
B52y.	C72
B52z.	C72
B53..	C73
B540.	C74
B5400	C74
B5401	C74
B540z	C74
B541.	C75
B542.	C75
B5420	C75
B5421	C75
B542z	C75
B543.	C75
B544.	C75
B545.	C75
B5450	C75
B5451	C75
B5452	C49
B545z	C75
B546.	C74
B54X.	C75
B54y.	C75
B54z.	C75
B55..	C76
B550.	C76
B5500	C76
B5501	C76
B5502	C76
B5503	C76
B5504	C76
B5505	C76
B550z	C76
B551.	C76
B5510	C76
B5511	C76
B5512	C76
B551z	C76
B552.	C76
B553.	C76
B5530	C76
B5531	C76
B5532	C76
B553z	C76
B554.	C76
B555.	C76
B55y.	C76
B55y0	C76
B55y1	C76
B55y2	C76
B55yz	C76
B55z.	C76
B56..	C77
B560.	C77
B5600	C77
B5601	C77
B5602	C77
B5603	C77
B5604	C77
B5605	C77
B5606	C77
B5607	C77
B5608	C77
B5609	C77
B560z	C77
B561.	C77
B5610	C77
B5611	C77
B5612	C77
B5613	C77
B5614	C77
B5615	C77
B5616	C77
B5617	C77
B5618	C77
B5619	C77
B561z	C77
B562.	C77
B5620	C77
B5621	C77
B5622	C77
B5623	C77
B5624	C77
B562z	C77
B563.	C77
B5630	C77
B5631	C77
B5632	C77
B5633	C77
B563z	C77
B564.	C77
B5640	C77
B5641	C77
B5642	C77
B564z	C77
B565.	C77
B5650	C77
B5651	C77
B5652	C77
B5653	C77
B5654	C77
B565z	C77
B56y.	C77
B56z.	C77
B57..	C78
B570.	C78
B571.	C78
B572.	C78
B573.	C78
B574.	C78
B5740	C78
B5741	C78
B5742	C78
B574z	C78
B575.	C78
B5750	C78
B5751	C78
B575z	C78
B576.	C78
B5760	C78
B5761	C78
B5762	C78
B576z	C78
B577.	C78
B5770	C78
B57y.	C78
B57z.	C78
B58..	C79
B580.	C79
B581.	C79
B5810	C79
B5811	C79
B5812	C79
B581z	C79
B582.	C79
B5820	C79
B5821	C79
B5822	C79
B5823	C79
B5824	C79
B5825	C79
B5826	C79
B582z	C79
B583.	C79
B5830	C79
B5831	C79
B5832	C79
B583z	C79
B584.	C79
B585.	C79
B586.	C79
B587.	C79
B58y.	C79
B58y0	C79
B58y1	C79
B58y2	C79
B58y3	C79
B58y4	C79
B58y5	C79
B58y6	C79
B58y7	C79
B58y8	C79
B58y9	C79
B58yz	C79
B58z.	C79
B59..	C80
B590.	C79
B591.	C80
B592.	C97
B592X	C46
B593.	C80
B594.	C79
B595.	C80
B59z.	C80
B59zX	C46
B5y..	C80
B5z..	C80
B600.	C83
B6000	C83
B6001	C83
B6002	C83
B6003	C83
B6004	C83
B6005	C83
B6006	C83
B6007	C83
B6008	C83
B600z	C83
B601.	C85
B6010	C85
B6011	C85
B6012	C85
B6013	C85
B6014	C85
B6015	C85
B6016	C85
B6017	C85
B6018	C85
B601z	C85
B602.	C83
B6020	C83
B6021	C83
B6022	C83
B6023	C83
B6024	C83
B6025	C83
B6026	C83
B6027	C83
B6028	C83
B602z	C83
B61..	C81
B610.	C81
B6100	C81
B6101	C81
B6102	C81
B6103	C81
B6104	C81
B6105	C81
B6106	C81
B6107	C81
B6108	C81
B610z	C81
B611.	C81
B6110	C81
B6111	C81
B6112	C81
B6113	C81
B6114	C81
B6115	C81
B6116	C81
B6117	C81
B6118	C81
B611z	C81
B612.	C81
B6120	C81
B6121	C81
B6122	C81
B6123	C81
B6124	C81
B6125	C81
B6126	C81
B6127	C81
B6128	C81
B612z	C81
B613.	C81
B6130	C81
B6131	C81
B6132	C81
B6133	C81
B6134	C81
B6135	C81
B6136	C81
B6137	C81
B6138	C81
B613z	C81
B614.	C81
B6140	C81
B6141	C81
B6142	C81
B6143	C81
B6144	C81
B6145	C81
B6146	C81
B6147	C81
B6148	C81
B614z	C81
B615.	C81
B6150	C81
B6151	C81
B6152	C81
B6153	C81
B6154	C81
B6155	C81
B6156	C81
B6157	C81
B6158	C81
B615z	C81
B616.	C81
B6160	C81
B6161	C81
B6162	C81
B6163	C81
B6164	C81
B6165	C81
B6166	C81
B6167	C81
B6168	C81
B616z	C81
B617.	C81
B618.	C81
B619.	C81
B61A.	C81
B61B.	C81
B61C.	C81
B61z.	C81
B61z0	C81
B61z1	C81
B61z2	C81
B61z3	C81
B61z4	C81
B61z5	C81
B61z6	C81
B61z7	C81
B61z8	C81
B61zz	C81
B620.	C82
B6200	C82
B6201	C82
B6202	C82
B6203	C82
B6204	C82
B6205	C82
B6206	C82
B6207	C82
B6208	C82
B620z	C82
B621.	C84
B6210	C84
B6211	C84
B6212	C84
B6213	C84
B6214	C84
B6215	C84
B6216	C84
B6217	C84
B6218	C84
B621z	C84
B622.	C84
B6220	C84
B6221	C84
B6222	C84
B6223	C84
B6224	C84
B6225	C84
B6226	C84
B6227	C84
B6228	C84
B622z	C84
B623.	C96
B6230	C96
B6231	C96
B6232	C96
B6233	C96
B6234	C96
B6235	C96
B6236	C96
B6237	C96
B6238	C96
B623z	C96
B624.	C91
B6240	C91
B6241	C91
B6242	C91
B6243	C91
B6244	C91
B6245	C91
B6246	C91
B6247	C91
B6248	C91
B624z	C91
B625.	C96
B6250	C96
B6251	C96
B6252	C96
B6253	C96
B6254	C96
B6255	C96
B6256	C96
B6257	C96
B6258	C96
B625z	C96
B626.	C96
B6260	C96
B6261	C96
B6262	C96
B6263	C96
B6264	C96
B6265	C96
B6266	C96
B6267	C96
B6268	C96
B626z	C96
B6270	C82
B6271	C82
B6272	C82
B6273	C83
B6274	C83
B6275	C85
B6276	C83
B6277	C83
B6278	C83
B6279	C88
B627A	C83
B627B	C82
B627C	C82
B627D	C83
B627E	C83
B627F	C88
B627G	C85
B627W	C85
B627X	C83
B628.	C82
B6280	C82
B6281	C82
B6282	C82
B6283	C82
B6284	C82
B6285	C82
B6286	C82
B6287	C82
B629.	C96
B62A.	C96
B62B.	C96
B62C.	C96
B62D.	C96
B62E0	C84
B62E1	C84
B62E2	C84
B62E3	C84
B62E4	C86
B62E5	C86
B62E6	C86
B62E7	C86
B62E8	C86
B62E9	C86
B62EA	C86
B62Ew	C84
B62F.	C83
B62F0	C83
B62F1	C83
B62F2	C83
B62Fy	C83
B62x0	C84
B62x1	C84
B62x2	C84
B62x3	C96
B62x4	C86
B62x5	C88
B62x6	C96
B62xX	C84
B62y.	C85
B62y0	C85
B62y1	C85
B62y2	C85
B62y3	C85
B62y4	C85
B62y5	C85
B62y6	C85
B62y7	C85
B62y8	C96
B62yz	C85
B62z.	C96
B62z0	C96
B62z1	C96
B62z2	C96
B62z3	C96
B62z4	C96
B62z5	C96
B62z6	C96
B62z7	C96
B62z8	C96
B62zz	C96
B630.	C90
B6300	C90
B6301	C90
B6302	C90
B6303	C90
B6304	C90
B631.	C90
B63y.	C88
B63z.	C88
B64..	C91
B640.	C91
B6400	C91
B641.	C91
B6410	C91
B6411	C91
B6412	C91
B6413	C91
B642.	C91
B64y.	C91
B64y0	C91
B64y1	C91
B64y2	C91
B64y3	C91
B64y4	C91
B64y5	C91
B64yz	C91
B64z.	C91
B65..	C92
B650.	C92
B6500	C92
B6501	C92
B651.	C92
B6510	D47
B6511	C92
B6512	D47
B6513	C92
B651z	C92
B652.	C92
B653.	C92
B6530	C92
B6531	C92
B653z	C92
B654.	C92
B65y.	C92
B65y0	C92
B65y1	C92
B65yz	C92
B65z.	C92
B66..	C93
B660.	C93
B661.	C93
B662.	C93
B663.	C93
B66y.	C93
B66y0	C93
B66yz	C93
B66z.	C93
B67..	C94
B670.	C94
B671.	D45
B672.	C94
B673.	C94
B674.	C94
B675.	C94
B676.	C94
B677.	C94
B67y.	C95
B67y0	C91
B67yz	C95
B67z.	C94
B68..	C95
B680.	C95
B681.	C95
B682.	C95
B68y.	C95
B68z.	C95
B690.	C92
B691.	C93
B692.	C92
B693.	C93
B6y..	C96
B6y0.	D47
B6y1.	D47
B6z..	C96
B6z0.	C46
B70..	D10
B700.	D10
B7001	D10
B7002	D10
B7003	D10
B7004	D10
B7005	D10
B7006	D10
B700z	D10
B701.	D10
B7010	D10
B7011	D10
B7012	D10
B7013	D10
B701z	D10
B702.	D11
B7020	D11
B7021	D11
B7022	D11
B7023	D11
B702z	D11
B703.	D10
B704.	D10
B7040	D10
B7041	D10
B7042	D10
B7043	D10
B7044	D10
B7045	D10
B7046	D10
B704z	D10
B705.	D10
B706.	D10
B7060	D10
B7061	D10
B7062	D10
B7063	D10
B7064	D10
B7065	D10
B706z	D10
B707.	D10
B7070	D10
B7071	D10
B7072	D10
B7073	D10
B707z	D10
B708.	D10
B7080	D10
B7081	D10
B7082	D10
B7083	D10
B708z	D10
B70X.	D10
B70z.	D10
B71..	D13
B710.	D13
B7101	D13
B7102	D13
B7103	D13
B710z	D13
B711.	D13
B7110	D13
B7111	D13
B7112	D13
B7113	D13
B7114	D13
B7115	D13
B711z	D13
B712.	D13
B7120	D13
B7121	D13
B7122	D13
B712z	D13
B713.	D12
B7130	D12
B7131	D12
B7132	D12
B7133	D12
B7134	D12
B7135	D12
B7136	D12
B7137	D12
B7138	D12
B7139	D12
B713z	D12
B714.	D12
B7140	D12
B7141	D12
B7142	D12
B7143	D12
B714z	D13
B715.	D13
B7150	D13
B7151	D13
B7152	D13
B7153	D13
B7154	D13
B7155	D13
B7156	D13
B7157	D13
B7158	K76
B715z	D13
B716.	D13
B7160	D13
B7161	D13
B7162	D13
B7163	D13
B716z	D13
B717.	D13
B7170	D13
B717z	D13
B7188	D19
B7189	D20
B718A	D20
B71z.	D13
B72..	D14
B720.	D14
B7200	D14
B7201	D14
B7202	D14
B7203	D14
B7204	D14
B7205	D14
B7206	D14
B720z	D14
B721.	D14
B7210	D14
B7211	D14
B7212	D14
B7213	D14
B7214	D14
B7215	D14
B7216	D14
B7217	D14
B7218	D14
B721z	D14
B722.	D14
B723.	D14
B7230	D14
B7231	D14
B7232	D14
B7233	D14
B7234	D14
B723z	D14
B724.	D15
B7240	D15
B7241	D15
B7242	D19
B724z	D15
B725.	D15
B7250	D15
B7251	D15
B7252	D15
B7253	D15
B725z	D15
B726.	D15
B727.	D15
B728.	D15
B72y.	D15
B73..	D16
B730.	D16
B7301	D16
B7302	D16
B7303	D16
B7304	D16
B7305	D16
B7306	D16
B7307	D16
B7308	D16
B7309	D16
B730A	D16
B730B	D16
B730C	D16
B730D	D16
B730E	D16
B730z	D16
B731.	D16
B7310	D16
B731z	D16
B732.	D16
B7320	D16
B7321	D16
B7322	D16
B732z	D16
B733.	D16
B7330	D16
B7331	D16
B7332	D16
B7333	D16
B7334	D16
B7335	D16
B733z	D16
B734.	D16
B7340	D16
B7341	D16
B7342	D16
B7343	D16
B734z	D16
B735.	D16
B7350	D16
B7351	D16
B7352	D16
B7353	D16
B7354	D16
B7355	D16
B7356	D16
B7357	D16
B7358	D16
B7359	D16
B735z	D16
B736.	D16
B7360	D16
B7361	D16
B7362	D16
B7363	D16
B7364	D16
B7365	D16
B736z	D16
B737.	D16
B7370	D16
B7371	D16
B7372	D16
B737z	D16
B738.	D16
B7380	D16
B7381	D16
B7382	D16
B7383	D16
B7384	D16
B7385	D16
B7386	D16
B7387	D16
B7388	D16
B7389	D16
B738z	D16
B73z.	D16
B74..	D17
B740.	D17
B7400	D17
B7401	D17
B7402	D17
B7403	D17
B7404	D17
B7405	D17
B7406	D17
B7407	D17
B740z	D17
B741.	D17
B7410	D17
B7411	D17
B7412	D17
B7413	D17
B7414	D17
B7415	D17
B7416	D17
B7417	D17
B7418	D17
B7419	D17
B741A	D17
B741B	D17
B741C	D17
B741D	D17
B741E	D17
B741F	D17
B741G	D17
B741H	D17
B741J	D17
B741K	D17
B741L	D17
B741z	D17
B742.	D17
B743.	D17
B744.	D17
B74y.	D17
B74y0	D17
B74y1	D17
B74y2	D17
B74y3	D17
B74z.	D17
B75..	D21
B750.	D21
B7500	D21
B7501	D21
B7502	D21
B7503	D21
B750z	D21
B751.	D21
B7510	D21
B7511	D21
B7512	D21
B7513	D21
B751z	D21
B752.	D21
B7520	D21
B7521	D21
B7522	D21
B7523	D21
B7524	D21
B752z	D21
B753.	D21
B7530	D21
B754.	D21
B7540	D21
B755.	D21
B7550	D21
B7551	D21
B7552	D21
B755z	D21
B756.	D21
B75y.	D21
B75z.	D21
B76..	D23
B760.	D23
B761.	D23
B7610	D23
B762.	D23
B7620	D23
B7621	D23
B762z	D23
B763.	D23
B7630	D23
B7631	D23
B7632	D23
B7633	D23
B7634	D23
B7635	D23
B763z	D23
B764.	D23
B7640	D23
B7641	D23
B764z	D23
B765.	D23
B7650	D23
B7651	D23
B7652	D23
B7653	D23
B7654	D23
B7655	D23
B7656	D23
B7657	D23
B7658	D23
B7659	D23
B765z	D23
B766.	D23
B7660	D23
B7661	D23
B7662	D23
B7663	D23
B766z	D23
B767.	D23
B7670	D23
B7671	D23
B7672	D23
B7673	D23
B7674	D23
B767z	D23
B768.	D22
B7680	D22
B7681	D22
B7682	D22
B7683	D22
B7684	D22
B7685	D22
B7686	D22
B7687	D22
B7688	D22
B7689	D22
B768X	D22
B769.	D76
B76A.	D76
B76B.	D76
B76C.	D23
B76D.	D23
B76y.	D23
B76z.	D23
B77..	D24
B770.	D24
B771.	D24
B77z.	D24
B78..	D25
B780.	D25
B781.	D25
B782.	D25
B78z.	D25
B79..	D26
B790.	D26
B791.	D26
B7910	D26
B7911	D26
B7912	D26
B791z	D26
B79y.	D26
B79z.	D26
B7A..	D27
B7A2.	D27
B7B..	D28
B7B0.	D28
B7B00	D28
B7B01	D28
B7B02	D28
B7B03	D28
B7B0z	D28
B7B1.	D28
B7B10	D28
B7B1z	D28
B7B2.	D28
B7B20	D28
B7B21	D28
B7B22	D28
B7B23	D28
B7B2z	D28
B7By.	D28
B7Bz.	D28
B7C..	D29
B7C0.	D29
B7C1.	D29
B7C10	D29
B7C11	D29
B7C12	D29
B7C13	D29
B7C1z	D29
B7C2.	D29
B7C20	D29
B7C21	D29
B7C22	D29
B7C3.	D29
B7C4.	D29
B7Cy.	D29
B7Cy0	D29
B7Cy1	D29
B7Cyz	D29
B7Cz.	D29
B7D..	D30
B7D0.	D30
B7D1.	D30
B7D2.	D30
B7D3.	D30
B7D30	D30
B7Dy.	D30
B7Dy0	D30
B7Dy1	D30
B7Dy2	D30
B7Dyz	D30
B7Dz.	D30
B7E..	D31
B7E0.	D31
B7E00	D31
B7E01	D31
B7E02	D31
B7E0z	D31
B7E1.	D31
B7E2.	D31
B7E3.	D31
B7E4.	D31
B7E5.	D31
B7E6.	D31
B7E7.	D31
B7E70	D31
B7E71	D31
B7E7z	D31
B7E8.	D31
B7Ey.	D31
B7Ez.	D31
B7F..	D33
B7F0.	D33
B7F00	D33
B7F1.	D33
B7F10	D33
B7F2.	D32
B7F20	D32
B7F2z	D32
B7F3.	D33
B7F4.	D32
B7F40	D32
B7F4z	D32
B7FX.	D32
B7Fy.	D33
B7Fy0	D36
B7Fy1	G57
B7Fz.	D33
B7G..	D34
B7H..	D35
B7H0.	D35
B7H00	D35
B7H1.	D35
B7H2.	D35
B7H20	D35
B7H21	D35
B7H22	D35
B7H23	D35
B7H2z	D35
B7H3.	D35
B7H4.	D35
B7H5.	D35
B7H50	D35
B7H51	D35
B7H52	D21
B7H53	D35
B7H5z	D35
B7Hy.	D35
B7Hz.	D35
B7J..	D18
B7J0.	D18
B7J00	D18
B7J01	D18
B7J02	D18
B7J03	D18
B7J04	D18
B7J0z	D18
B7J1.	D18
B7J10	D18
B7z..	D36
B7z0.	D36
B7zy.	D36
B7zy1	D36
B7zyX	D19
B7zz.	D36
B80..	D01
B800.	D00
B8000	D00
B8001	D00
B8002	D00
B8003	D00
B8004	D00
B8005	D00
B8006	D00
B8007	D00
B8008	D00
B8009	D00
B800z	D00
B801.	D00
B8010	D00
B8011	D00
B8012	D00
B801z	D00
B802.	D00
B8020	D00
B8021	D00
B8022	D00
B8023	D00
B8024	D00
B802z	D00
B803.	D01
B8030	D01
B8031	D01
B8032	D01
B8033	D01
B8034	D01
B8035	D01
B8036	D01
B8037	D01
B8038	D01
B803z	D01
B804.	D01
B8040	D01
B8041	D01
B804z	D01
B805.	D01
B8050	D01
B806.	D01
B807.	D01
B8070	D01
B8071	D01
B8072	D01
B8073	D01
B807z	D01
B808.	D01
B8080	D01
B8081	D01
B8082	D01
B8083	D01
B8084	D01
B8085	D01
B8086	D01
B8087	D01
B808z	D01
B80z.	D01
B80z0	D01
B80z1	D09
B80zz	D01
B81..	D02
B810.	D02
B8100	D02
B8101	D02
B8102	D02
B8103	D02
B8104	D02
B8105	D02
B8106	D00
B8107	D02
B8108	D02
B810z	D02
B811.	D02
B812.	D02
B8120	D02
B8121	D02
B8122	D02
B8123	D02
B8124	D02
B812z	D02
B81y.	D02
B81y0	D02
B81y1	D02
B81y2	D02
B81y3	D02
B81y4	D02
B81y5	D02
B81y6	D02
B81y7	D02
B81y8	D02
B81y9	D02
B81yz	D02
B81z.	D02
B82..	D04
B820.	D04
B821.	D04
B822.	D04
B8220	D04
B8221	D04
B822z	D04
B823.	D04
B8230	D04
B8231	D04
B8233	D04
B8234	D04
B8235	D04
B8236	D04
B823z	D04
B824.	D04
B8240	D04
B8241	D04
B824z	D04
B825.	D04
B8250	D04
B8251	D04
B8252	D04
B8253	D04
B8254	D04
B8255	D04
B8256	D04
B8257	D04
B8258	D04
B825z	D04
B826.	D04
B8260	D04
B8261	D04
B8262	D04
B8263	D04
B826z	D04
B827.	D04
B8270	D04
B8271	D04
B8272	D04
B8273	D04
B8274	D04
B827z	D04
B828.	D03
B8280	D03
B8281	D03
B8282	D03
B8283	D03
B8284	D03
B8285	D03
B8286	D03
B8287	D03
B8288	D03
B8289	D03
B828W	D03
B828X	D03
B829.	D04
B82y.	D04
B82z.	D04
B830.	D05
B8300	D05
B8301	D05
B831.	D06
B8310	D06
B8311	D06
B832.	D07
B8320	D07
B833.	D07
B8330	D07
B8331	D07
B8332	D07
B8333	D07
B8334	N90
B8335	N90
B8336	D07
B8337	N89
B8338	N89
B8339	D07
B833z	D07
B834.	D07
B8340	D07
B8341	D07
B835.	D07
B836.	D07
B8360	D07
B8361	D07
B8362	D07
B8363	D07
B836z	D07
B837.	D09
B83z.	D09
B8y..	D09
B8y0.	D09
B8yy.	D09
B8yy0	D09
B8yy1	D09
B8yy2	D09
B8yy3	D09
B8yyz	D09
B8z..	D09
B9...	D48
B900.	D37
B9000	D37
B9001	D37
B9002	D37
B900z	D37
B901.	D37
B9010	D37
B9011	D37
B9012	D37
B9013	D37
B9014	D37
B9015	D37
B9016	D37
B9017	D37
B9018	D37
B9019	D37
B901z	D37
B902.	D37
B9020	D37
B9021	D37
B9022	D37
B9023	D37
B9024	D37
B9025	D37
B9026	D37
B902z	D37
B903.	D37
B9030	D37
B9031	D37
B9032	D37
B9033	D37
B9034	D37
B9035	D37
B9036	D37
B9037	D37
B903z	D37
B9040	D48
B9041	D48
B904z	D48
B905.	D37
B9050	D37
B9051	D37
B9052	D37
B9053	D37
B9054	D37
B905z	D37
B906.	D38
B9060	D38
B9061	D38
B9062	D38
B9063	D38
B9064	D38
B9065	D38
B9066	D38
B9067	D38
B9068	D38
B906z	D38
B907.	D38
B9070	D38
B9071	D38
B9072	D38
B907z	D38
B9080	D38
B9081	D38
B9082	D38
B90z.	D38
B90z0	D38
B90z1	D38
B90z2	D38
B90z3	D38
B90z4	D38
B90z5	D38
B90z6	D38
B90z7	D38
B90z8	D38
B910.	D39
B911.	D39
B9110	D39
B9111	D39
B911z	D39
B912.	D39
B913.	D39
B9130	D39
B9131	D39
B913z	D39
B914.	D40
B915.	D40
B916.	D40
B9160	D40
B9161	D40
B9162	D40
B916z	D40
B917.	D41
B9170	D41
B91z.	D41
B91z0	D41
B91z1	D41
B91z2	D41
B91z3	D41
B91zz	D41
B92..	D43
B920.	D44
B9200	D44
B9201	D44
B920z	D44
B921.	D44
B922.	D44
B923.	D44
B9230	D44
B9231	D44
B9232	D44
B9233	D48
B923z	D44
B924.	D44
B9240	D44
B9241	D44
B924z	D44
B925.	D43
B9250	D43
B9251	D43
B9252	D43
B9253	D43
B925z	D43
B926.	D42
B9260	D42
B9261	D42
B926z	D42
B927.	Q85
B928.	D48
B929.	Q85
B92z.	D43
B92z0	D43
B92zz	D43
B93..	D48
B930.	D48
B9300	D48
B9301	D48
B930z	D48
B931.	D48
B932.	D48
B933.	D48
B934.	D45
B935.	D47
B936.	D47
B937.	D47
B9370	D46
B9371	D46
B9372	D46
B9373	C92
B9374	D47
B9375	D47
B9376	D46
B9377	D46
B9378	D46
B9379	D46
B937W	D46
B937X	D46
B93X.	D47
B93y.	D48
B93y0	D48
B93y1	D48
B93yz	D48
B93z.	D48
B9y..	D48
B9z..	D48
BA...	D48
BA0..	D48
BA00.	D37
BA01.	D38
BA020	D48
BA021	D48
BA022	D48
BA03.	D48
BA04.	D41
BA05.	D41
BA06.	D43
BA0y.	D48
BA0z.	D48
BAz..	D48
Byu10	C22
Byu11	C22
Byu12	C26
Byu13	C26
Byu20	C34
Byu21	C38
Byu22	C39
Byu23	C39
Byu24	C39
Byu25	C38
Byu30	C40
Byu31	C40
Byu32	C41
Byu33	C41
Byu40	C43
Byu41	C43
Byu42	C44
Byu43	C44
Byu50	C45
Byu51	C45
Byu52	C46
Byu53	C46
Byu54	C47
Byu55	C47
Byu56	C47
Byu57	C48
Byu58	C49
Byu59	C49
Byu5A	C44
Byu5B	C46
Byu6.	C50
Byu70	C57
Byu71	C57
Byu72	C57
Byu73	C57
Byu80	C63
Byu81	C63
Byu82	C63
Byu90	C68
ByuA0	C72
ByuA1	C72
ByuA2	C70
ByuA3	C72
ByuB0	C75
ByuB1	C75
ByuC0	C76
ByuC1	C76
ByuC2	C77
ByuC3	C78
ByuC4	C78
ByuC5	C79
ByuC6	C79
ByuC7	C79
ByuC8	C80
ByuD0	C81
ByuD1	C82
ByuD2	C83
ByuD3	C85
ByuD4	C88
ByuD5	C91
ByuD6	C92
ByuD7	C93
ByuD8	C94
ByuD9	C95
ByuDA	C96
ByuDB	C96
ByuDC	C83
ByuDD	C84
ByuDE	C85
ByuDF	C85
ByuE.	C97
ByuE0	C97
ByuF0	D01
ByuF1	D01
ByuF2	D01
ByuF3	D02
ByuF4	D02
ByuF5	D03
ByuF6	D03
ByuF7	D04
ByuF8	D04
ByuF9	D04
ByuFA	D06
ByuFB	D07
ByuFC	D07
ByuFD	D09
ByuFE	D09
ByuFF	D03
ByuFG	D05
ByuG0	D10
ByuG1	D10
ByuG2	D11
ByuG3	D13
ByuG4	D13
ByuG5	D15
ByuG6	D17
ByuG7	D17
ByuG8	D19
ByuG9	D22
ByuGA	D23
ByuGB	D26
ByuGC	D28
ByuGD	D29
ByuGE	D30
ByuGF	D33
ByuGG	D35
ByuGH	D36
ByuGJ	D10
ByuGK	D14
ByuGL	D15
ByuGM	D19
ByuGN	D22
ByuGP	D32
ByuH0	D37
ByuH1	D38
ByuH2	D39
ByuH3	D40
ByuH4	D41
ByuH5	D43
ByuH6	D46
ByuH7	D47
ByuH8	D47
ByuH9	D48
ByuHA	D48
ByuHB	D39
ByuHC	D46
ByuHD	D46
C00..	E04
C000.	E04
C00z.	E04
C01..	E04
C010.	E04
C011.	E04
C01z.	E04
C02..	E05
C020.	E05
C0200	E05
C0201	E05
C0202	E05
C020z	E05
C021.	E05
C0210	E05
C0211	E05
C021z	E05
C022.	E05
C0220	E05
C0221	E05
C022z	E05
C023.	E05
C0230	E05
C0231	E05
C023z	E05
C024.	E05
C0240	E05
C0241	E05
C024z	E05
C025.	E05
C02y.	E05
C02y0	E05
C02y1	E05
C02y2	E05
C02y3	E05
C02yz	E05
C02z.	E05
C02z0	E05
C02z1	E05
C02zz	E05
C03..	E03
C030.	E07
C031.	E00
C03y.	E00
C03y0	E03
C03y1	E03
C03z.	E03
C04..	E03
C040.	E89
C041.	E89
C0410	E89
C041z	E89
C042.	E01
C043.	E03
C0430	E03
C0431	E03
C0432	E03
C043z	E03
C044.	E03
C045.	E03
C046.	E03
C047.	E03
C04y.	E03
C04z.	E03
C04z0	E03
C04z1	E03
C05..	E06
C050.	E06
C0500	E06
C0501	E06
C0502	E06
C050z	E06
C051.	E06
C052.	E06
C053.	E06
C054.	E06
C05y.	E06
C05y4	E06
C05z.	E06
C06..	E07
C060.	E07
C061.	E07
C062.	E04
C063.	E07
C0630	E07
C0631	E07
C063z	E07
C06y.	E07
C06y0	E07
C06y1	E03
C06yz	E07
C06z.	E07
C0A..	E00
C0A0.	E00
C0A1.	E00
C0A2.	E00
C0A3.	E01
C0A4.	E01
C0A5.	E02
C0AX.	E01
C1000	E10
C1001	E11
C100z	E14
C101.	E14
C1010	E10
C1011	E11
C101y	E13
C101z	E14
C102.	E14
C1020	E10
C1021	E11
C102z	E14
C103.	E14
C1030	E10
C1031	E11
C103y	E13
C103z	E14
C104y	E13
C105.	E14
C1050	E10
C1051	E11
C105y	E13
C105z	E14
C106.	E14
C1060	E10
C1061	E11
C106y	E13
C106z	E14
C107.	E14
C1070	E10
C1071	E11
C1072	E11
C1073	E10
C1074	E11
C107y	E13
C107z	E14
C108.	E10
C1080	E10
C1081	E10
C1082	E10
C1083	E10
C1084	E10
C1085	E10
C1086	E10
C1088	E10
C1089	E10
C108A	E10
C108E	E10
C108y	E13
C108z	E14
C109.	E11
C1090	E11
C1091	E11
C1092	E11
C1093	E11
C1094	E11
C1095	E11
C1097	E11
C1099	E11
C109D	E11
C109J	E11
C109K	E11
C10A.	E12
C10A0	E12
C10A1	E12
C10A2	E12
C10A3	E12
C10A4	E12
C10A5	E12
C10A6	E12
C10A7	E12
C10AW	E12
C10AX	E12
C10B.	E13
C10B0	E13
C10C.	E13
C10D.	E13
C10E.	E10
C10E0	E10
C10E1	E10
C10E2	E10
C10E3	E10
C10E4	E10
C10E5	E10
C10E6	E10
C10E8	E10
C10E9	E10
C10EA	E10
C10EE	E10
C10EM	E10
C10EN	E10
C10ER	E10
C10F.	E11
C10F0	E11
C10F1	E11
C10F2	E11
C10F3	E11
C10F4	E11
C10F5	E11
C10F7	E11
C10F8	E11
C10F9	E11
C10FD	E11
C10FJ	E11
C10FK	E11
C10FN	E11
C10FP	E11
C10FS	E11
C10G.	E13
C10G0	E13
C10H.	E13
C10H0	E13
C10J.	E13
C10J0	E13
C10K.	E13
C10K0	E13
C10L.	E13
C10L0	E13
C10M.	E13
C10M0	E13
C10N.	E13
C10N0	E13
C10N1	E13
C10P0	E10
C10P1	E11
C10Q.	E11
C10y.	E14
C10y0	E10
C10y1	E11
C10yy	E13
C10yz	E14
C10z.	E14
C10z0	E10
C10z1	E11
C10zy	E13
C10zz	E14
C11..	E16
C110.	E15
C1100	E15
C1101	E15
C110z	E15
C111.	E16
C1110	E16
C1111	E16
C111z	E16
C112.	E16
C1120	E16
C1121	E16
C112z	E16
C113.	E89
C1130	E89
C113z	E89
C114.	E16
C1140	E16
C1141	E16
C114z	E16
C115.	E16
C1150	E16
C1151	E16
C115z	E16
C116.	E16
C1160	E16
C11y.	E16
C11y0	E13
C11y1	E16
C11y4	E16
C11yz	E16
C11z.	E16
C120.	E21
C1200	E21
C1201	E21
C1202	E21
C121.	E20
C1210	E21
C1211	E89
C1212	E20
C121z	E20
C12y.	E21
C12y0	E21
C12y1	E21
C12yz	E21
C12z.	E21
C130.	E22
C1301	E22
C1302	E22
C1303	E34
C130z	E22
C131.	E22
C1310	E22
C132.	E23
C1320	E23
C1321	E23
C1322	E23
C1323	E23
C132y	E23
C132z	E23
C133.	E23
C1330	E23
C133y	E23
C133z	E23
C134.	E23
C1340	E23
C1341	E23
C1342	E23
C1343	E23
C1344	E23
C134z	E23
C135.	E23
C1350	E23
C136.	E23
C1360	E22
C136z	E23
C137.	E23
C1370	E23
C1371	E89
C1372	E89
C137z	E89
C139.	E23
C13A.	E23
C13X.	E23
C13y.	E23
C13y0	E23
C13y1	E23
C13y2	E23
C13y3	D33
C13y4	E23
C13yz	E23
C13z.	E23
C14..	E32
C140.	E32
C141.	E32
C14y.	E32
C14y0	E32
C14y1	E32
C14yz	E32
C14z.	E32
C150.	E24
C1500	E24
C1501	E24
C1502	E24
C1503	E24
C1504	E24
C1505	E24
C150z	E24
C151.	E26
C1510	E26
C1511	E26
C1512	E26
C1513	E26
C151y	E26
C151z	E26
C152.	E25
C1520	E25
C1521	E25
C1522	E25
C1523	E25
C1524	E25
C1525	E25
C1526	E25
C1527	E25
C1528	E25
C1529	E25
C152A	E25
C152y	E25
C152z	E25
C153.	E27
C1530	E27
C154.	E27
C1540	E27
C1541	E27
C1542	E27
C1543	E27
C1544	E27
C1545	E89
C1546	E27
C1547	E27
C154z	E27
C155.	E27
C1550	E27
C155z	E27
C156.	E27
C15y.	E27
C15y0	E27
C15yz	E27
C15z.	E27
C16..	E28
C160.	E28
C161.	E28
C1610	E28
C1611	E28
C161y	E28
C161z	E28
C162.	E89
C1620	E89
C1621	E89
C1622	E89
C162y	E89
C162z	E89
C163.	E28
C1630	E28
C1631	E28
C1632	E28
C1633	E28
C1634	E28
C163y	E28
C163z	E28
C164.	E28
C165.	E28
C16y.	E28
C16z.	E28
C17..	E29
C170.	E29
C171.	E89
C1710	E89
C1711	E89
C1712	E89
C171y	E89
C171z	E89
C172.	E29
C1720	E29
C1721	E29
C172y	E29
C172z	E29
C17y.	E29
C17y0	E34
C17yz	E29
C17z.	E29
C18..	E31
C180.	D44
C181.	E31
C182.	E31
C183.	E31
C184.	D44
C18y.	E31
C18z.	E31
C1z..	E34
C1z0.	E30
C1z1.	E30
C1z10	E30
C1z11	E30
C1z12	E30
C1z1y	E30
C1z1z	E30
C1z2.	E34
C1z3.	E34
C1z30	E34
C1z31	E34
C1z3z	E34
C1z4.	E34
C1z40	E34
C1z41	E34
C1z4y	E34
C1z4z	E34
C1z5.	E34
C1zW.	E89
C1zX.	E30
C1zy.	E34
C1zy0	E34
C1zy1	E34
C1zy2	Q87
C1zy3	E34
C1zy4	E34
C1zy5	E34
C1zy6	E34
C1zyy	E34
C1zyz	E34
C1zz.	E34
C20..	E40
C201.	E42
C20z.	E46
C20zX	E43
C21..	E41
C22..	E46
C23..	E46
C230.	E46
C231.	E46
C232.	E45
C233.	E44
C234.	E44
C23y.	E46
C23z.	E46
C24..	E50
C240.	E50
C241.	E50
C242.	E50
C243.	E50
C244.	E50
C245.	E50
C246.	E50
C247.	E50
C2470	E50
C247z	E50
C24y.	E50
C24y0	E50
C24yz	E50
C24z.	E50
C250.	E51
C251.	E51
C252.	E52
C25X.	E51
C26..	E53
C260.	E53
C261.	E53
C262.	E53
C2620	E53
C2621	E53
C2623	E53
C262z	E53
C26z.	E53
C27..	E54
C28..	E55
C280.	E55
C281.	E64
C282.	E55
C283.	M83
C284.	M83
C285.	M83
C286.	M83
C287.	M83
C28B.	M83
C28X.	E64
C28z.	E55
C29..	E63
C290.	E56
C291.	E56
C2910	E56
C2911	E56
C291z	E56
C292.	E56
C293.	E61
C2930	E58
C2931	E61
C293z	E61
C294.	E23
C2940	E59
C2941	E60
C2942	E61
C2943	E61
C2944	E61
C2945	E61
C2946	E61
C2947	E61
C2948	E61
C2949	E61
C295.	E63
C296.	E63
C29y.	E63
C29z.	E63
C2A..	E64
C2A0.	E64
C2A1.	E64
C2A2.	E64
C2B..	E55
C2z..	E63
C300.	E72
C3000	E72
C3001	E72
C3002	E72
C3003	E72
C3004	E72
C3005	E72
C3006	E72
C3007	E72
C3008	E72
C3009	E72
C300A	E72
C300B	E72
C300C	E72
C300D	E72
C300E	E72
C300y	E72
C300z	E72
C301.	E70
C302.	E70
C3020	E70
C3021	E70
C3022	E70
C3023	E70
C3024	E70
C3025	E72
C3026	E70
C3027	E70
C3028	E70
C3029	E70
C302A	E70
C302y	E70
C302z	E70
C303.	E71
C3030	E71
C3031	E71
C3032	E71
C3033	E71
C3034	E71
C303y	E71
C303z	E71
C304.	E72
C3040	E72
C3041	E72
C3042	E72
C3043	E72
C3044	E72
C3045	E72
C304y	E72
C304z	E72
C305.	E70
C3050	E70
C3051	E70
C3052	E70
C305y	E70
C305z	E70
C306.	E72
C3060	E72
C3061	E72
C3062	E72
C3063	E72
C3064	E72
C306y	E72
C306z	E72
C307.	E72
C3070	E72
C3071	E72
C3072	E72
C3073	E72
C3074	E72
C3075	E72
C3076	E72
C3077	E72
C307y	E72
C307z	E72
C308.	E71
C3080	E71
C3081	E71
C3082	E71
C309.	E72
C30y.	E72
C30y0	E72
C30y1	E72
C30y2	E72
C30y3	E72
C30y4	E72
C30y5	E72
C30y6	E72
C30y7	E72
C30y8	E72
C30yy	E72
C30yz	E72
C30z.	E72
C31..	E74
C310.	E74
C3100	E74
C3101	E74
C3102	E74
C3103	E74
C3104	E74
C310y	E74
C310z	E74
C311.	E74
C3110	E74
C3111	E74
C311y	E74
C311z	E74
C312.	E74
C313.	E74
C3130	E74
C3131	E73
C3132	E74
C3133	E73
C3134	E73
C3135	E74
C3136	E74
C3137	E73
C3138	E74
C3139	E74
C313A	K90
C313z	E74
C314.	E74
C315.	E74
C3150	E74
C3151	E74
C3152	H49
C316.	E74
C31y.	E74
C31y0	E74
C31y1	E77
C31y2	E74
C31y3	E77
C31y4	E74
C31y5	E74
C31y6	E74
C31y7	E77
C31y8	E74
C31yX	E77
C31yz	E74
C31z.	E74
C32..	E78
C320.	E78
C3200	E78
C3201	E78
C3202	E78
C3203	E78
C3204	E78
C3205	E78
C3206	E78
C320y	E78
C320z	E78
C321.	E78
C3210	E78
C322.	E78
C3220	E78
C323.	E78
C324.	E78
C325.	E78
C3250	E78
C3251	E78
C3252	E78
C3253	E78
C325z	E78
C326.	E88
C3260	E88
C326z	E88
C327.	E75
C3270	E75
C3271	E75
C3272	E75
C3273	E75
C3274	E75
C327z	E75
C328.	E78
C329.	E78
C32y.	E78
C32y0	E88
C32y1	E88
C32y3	E88
C32y4	E88
C32y5	E88
C32y6	E88
C32yz	E78
C32z.	E78
C33..	E88
C330.	D89
C3300	D89
C3301	D89
C330z	D89
C331.	D47
C3310	D47
C332.	D89
C3320	D89
C3321	D89
C3322	D89
C332z	D89
C333.	C88
C3330	C88
C3331	C88
C3332	C88
C3333	C88
C333z	C88
C33y.	E88
C33y0	E77
C33yy	E88
C33yz	E88
C33z.	E88
C34..	M10
C340.	M10
C341.	M10
C342.	M10
C343.	M10
C344.	M10
C345.	M10
C346.	M10
C34y.	M10
C34y2	M10
C34y5	M10
C34y6	M10
C34yz	M10
C34z.	M10
C35..	E83
C350.	E83
C3500	E83
C3501	E83
C3502	E83
C3504	E83
C350y	E83
C350z	E83
C351.	E83
C3510	E83
C3511	E83
C351z	E83
C352.	E83
C3520	E83
C3521	E83
C3522	E83
C352z	E83
C353.	E83
C3530	E83
C3531	E55
C3533	E83
C3534	E83
C3535	E83
C3536	E83
C3537	E83
C3538	E83
C3539	E83
C353z	E83
C354.	E83
C3540	E83
C3541	E83
C3542	E83
C3543	E20
C3544	E83
C3545	E83
C3546	E83
C3548	E83
C3549	E58
C354A	E83
C354B	E83
C354D	E83
C354y	E83
C354z	E83
C355.	E83
C3550	E83
C356.	E83
C35y.	E83
C35z.	E83
C360.	E87
C361.	E87
C362.	E87
C3620	E87
C3621	E87
C3622	E87
C3623	E87
C3624	E87
C3625	E87
C3626	E87
C3627	E87
C3628	E87
C3629	E87
C362A	E87
C362y	E87
C362z	E87
C363.	E87
C3630	E87
C3631	E87
C3632	E87
C3633	E87
C3634	E87
C3635	E87
C3636	E87
C3637	E87
C363y	E87
C363z	E87
C364.	E87
C365.	E86
C3650	E86
C3651	E86
C3652	E86
C3653	E86
C365z	E86
C366.	E87
C3660	E87
C366z	E87
C367.	E87
C368.	E87
C369.	E87
C36A.	E87
C36B.	E87
C36z.	E87
C36z0	E87
C36z1	E87
C36z2	E87
C36zz	E87
C37..	E88
C370.	E84
C3700	E84
C3702	E84
C3703	E84
C3705	E84
C3706	E84
C3709	E84
C370y	E84
C370z	E84
C371.	E80
C3710	E80
C3711	E80
C3712	E80
C3713	E80
C3714	E80
C3715	E80
C3716	E80
C371z	E80
C372.	E79
C3720	E79
C3721	E79
C3722	E79
C3723	E79
C372z	E79
C373.	E85
C3730	E85
C3731	E85
C3732	E85
C3734	E85
C3735	E85
C3736	E85
C3737	E85
C3738	E85
C3739	E85
C373A	E85
C373B	E85
C373C	E85
C373D	E85
C373H	E85
C373J	E85
C373L	E85
C373M	E85
C373X	E85
C373y	E85
C373z	E85
C374.	E80
C3740	E80
C3741	E80
C3742	E80
C3743	E80
C374y	E80
C374z	E80
C375.	E76
C3750	E77
C3751	E76
C3752	E76
C3753	E76
C3754	E76
C3755	E76
C3756	E76
C3757	E76
C3758	E75
C375X	E76
C375y	E76
C375z	E76
C376.	E88
C3760	D84
C3761	E88
C3762	E88
C376y	E88
C376z	E88
C377.	E77
C3770	E77
C3771	E77
C378.	E88
C37X.	E80
C37y.	E88
C37y0	C96
C37y1	C96
C37y2	E88
C37y3	E88
C37y4	E80
C37y5	C96
C37y6	C96
C37y7	D76
C37y8	D76
C37y9	D76
C37yA	E88
C37yB	C96
C37yC	E88
C37yD	E88
C37yE	D76
C37yz	E88
C37z.	E88
C380.	E66
C3800	E66
C3801	E66
C3802	E66
C3803	E66
C3804	E66
C3805	E66
C3806	E66
C3807	E66
C3808	E66
C381.	E65
C382.	E67
C383.	E67
C384.	E67
C385.	E67
C386.	E68
C38y.	E67
C38y0	E66
C38z0	E66
C38z1	E66
C390.	D80
C3900	D80
C3901	D80
C3902	D80
C3903	D80
C3904	D80
C3905	D80
C3906	D80
C3907	D83
C3908	D80
C3909	D80
C390A	D80
C390B	D80
C390C	D80
C390y	D80
C390z	D80
C3911	D82
C3912	D82
C3913	D81
C391z	D84
C392.	D81
C3920	D80
C3921	D81
C3922	D82
C3923	D81
C3924	D81
C3925	D81
C3926	D81
C3927	D81
C3928	D81
C3929	D81
C392z	D81
C393.	D84
C394.	M35
C395.	D82
C396.	D82
C397.	D82
C398.	D83
C3980	D83
C3981	D83
C3982	D83
C399.	D84
C3990	D84
C39A.	D89
C39W.	D89
C39X.	D82
C39y.	D84
C39y0	D84
C39y1	D89
C39z.	D89
C3A..	E00
Cy0..	E90
Cyu00	D80
Cyu01	D81
Cyu02	D82
Cyu03	D82
Cyu04	D83
Cyu05	D84
Cyu06	D86
Cyu07	D89
Cyu08	D89
Cyu10	E01
Cyu11	E03
Cyu12	E04
Cyu13	E05
Cyu14	E06
Cyu15	E07
Cyu16	E01
Cyu20	E13
Cyu21	E12
Cyu22	E12
Cyu23	E14
Cyu30	E16
Cyu31	E16
Cyu40	E20
Cyu41	E21
Cyu42	E21
Cyu43	E22
Cyu44	E23
Cyu45	E24
Cyu46	E25
Cyu47	E26
Cyu48	E27
Cyu49	E27
Cyu4A	E27
Cyu4B	E28
Cyu4C	E29
Cyu4D	E30
Cyu4E	E31
Cyu4F	E32
Cyu4G	E34
Cyu4H	E34
Cyu4J	E35
Cyu4K	E35
Cyu4L	E35
Cyu4M	E22
Cyu4N	E23
Cyu4P	E30
Cyu50	E43
Cyu60	E50
Cyu61	E50
Cyu62	E51
Cyu63	E53
Cyu64	E56
Cyu65	E61
Cyu66	E63
Cyu67	E64
Cyu68	E51
Cyu69	E64
Cyu70	E66
Cyu71	E67
Cyu80	E70
Cyu81	E70
Cyu82	E71
Cyu83	E72
Cyu84	E73
Cyu85	E74
Cyu86	E74
Cyu87	E75
Cyu88	E75
Cyu89	E75
Cyu8A	E76
Cyu8B	E76
Cyu8C	E77
Cyu8D	E78
Cyu8E	E78
Cyu8F	E79
Cyu8H	E80
Cyu8J	E80
Cyu8K	E83
Cyu8L	E85
Cyu8M	E87
Cyu8N	E88
Cyu8P	E89
Cyu8Q	E90
Cyu8R	E76
Cyu8S	E77
Cyu8T	E80
Cyu8U	E85
Cyu8V	E89
D00..	D50
D000.	D50
D001.	D50
D00y.	D50
D00y0	D50
D00y1	D50
D00yz	D50
D00z.	D50
D00z0	D50
D00z1	D50
D00z2	D50
D00zz	D50
D010.	D51
D011.	D51
D0110	D51
D0111	D51
D0112	D51
D011X	D51
D011z	D51
D012.	D52
D0120	D52
D0121	D52
D0122	D52
D0123	D52
D0124	D52
D0125	D52
D012z	D52
D013.	D53
D0130	D53
D013z	D53
D014.	D53
D0140	D53
D0141	E79
D014z	D53
D01y.	D53
D01y0	D53
D01y1	D53
D01yy	D53
D01yz	D53
D01z.	D53
D01z0	D53
D0y..	D53
D0z..	D53
D100.	D58
D101.	D58
D102.	D55
D1020	D55
D1021	D55
D1022	D59
D102y	D55
D102z	D55
D103.	D55
D1030	D55
D1031	D55
D1032	D55
D1033	D55
D103z	D55
D104.	D56
D1040	D56
D1041	D56
D1042	D57
D1043	D56
D1044	D56
D1045	D56
D1046	D56
D1047	D56
D1048	D56
D1049	D56
D104A	D56
D104z	D56
D105.	D57
D106.	D57
D1060	D57
D1061	D57
D1062	D57
D1063	D57
D1064	D57
D1065	D57
D106z	D57
D107.	D58
D1070	D58
D1071	D56
D1072	D58
D1073	D58
D1074	D58
D1075	D58
D1076	D58
D1077	D56
D1078	D58
D1079	D58
D107A	D58
D107y	D58
D107z	D58
D10y.	D58
D10y0	D58
D10yz	D58
D10z.	D58
D11..	D59
D110.	D59
D1100	D59
D1101	D59
D1102	D59
D1103	D59
D1104	D59
D110z	D59
D111.	D59
D1110	D59
D1111	D59
D1112	D59
D1113	D59
D1114	D59
D1115	D59
D111y	D59
D111z	D59
D112.	D59
D1120	D59
D1121	D59
D1122	D59
D112y	D59
D112z	D59
D11z.	D59
D11z0	D59
D11z1	D59
D1y..	D59
D1z..	D59
D200.	D61
D2000	D61
D2001	D61
D2002	D61
D2003	D61
D2004	D61
D200y	D61
D200z	D61
D201.	D61
D2010	D61
D2011	D61
D2012	D61
D2013	D61
D2014	D61
D2015	D61
D2016	D61
D2017	D61
D2018	D60
D201z	D61
D202.	D60
D203.	D60
D2030	D60
D204.	D61
D20X.	D60
D20z.	D61
D21..	D61
D210.	D64
D2100	D64
D2101	D64
D2102	D64
D2103	D64
D2104	D64
D210z	D64
D211.	D62
D212.	D63
D213.	D46
D214.	D64
D21y.	D64
D21y0	D64
D21y1	D64
D21y2	D64
D21y3	D64
D21yy	D64
D21yz	D64
D21z.	D64
D2y..	D64
D2z..	D64
D300.	D66
D301.	D67
D302.	D68
D303.	D68
D3030	D68
D3031	D68
D3032	D68
D3033	D68
D3034	D68
D3035	D68
D3036	D68
D3037	D68
D3038	D68
D3039	D68
D303y	D68
D303z	D68
D304.	D68
D305.	D68
D3050	D68
D3051	D68
D3052	D68
D3053	D68
D3054	D68
D3055	D68
D305z	D68
D306.	D65
D307.	D68
D3070	D68
D3071	D68
D3072	D68
D307y	D68
D307z	D68
D308.	D66
D309.	D68
D30A.	D68
D30A0	D68
D30A1	D68
D30A2	D68
D30B.	D68
D30C.	D68
D30z.	D68
D31..	D69
D310.	D69
D3100	D69
D310z	D69
D311.	D69
D3110	D69
D311z	D69
D312.	D69
D3120	D69
D3121	D69
D312z	D69
D313.	D69
D3130	D69
D3131	D69
D3132	Q87
D3133	D69
D313y	D69
D313z	D69
D314.	D69
D3140	D69
D3141	D69
D3142	D69
D314y	D69
D314z	D69
D315.	D69
D31X.	D69
D31y.	D69
D31y0	D69
D31yz	D69
D31z.	D69
D3y0.	D47
D3y1.	D75
D400.	D70
D4000	D70
D4001	D70
D4002	D70
D4003	D70
D4004	D70
D4005	D70
D4006	D70
D4007	D70
D4008	D70
D4009	D70
D400A	D70
D400y	D70
D400z	D70
D401.	D71
D4010	D71
D4011	D76
D4012	D71
D401z	D71
D402.	D72
D403.	D72
D4030	D72
D4031	D72
D4032	D72
D4033	D72
D4034	D72
D4035	D47
D403z	D72
D40y.	D72
D40y0	D72
D40y1	D72
D40y2	D72
D40y3	D72
D40y4	D72
D40yy	D72
D40yz	D72
D40z.	D72
D41..	D75
D410.	D75
D4100	D75
D4101	D75
D4102	D75
D4103	D75
D4104	D75
D410z	D75
D411.	I88
D4110	I88
D412.	I88
D4120	I88
D4121	I88
D412z	I88
D413.	I88
D414.	D73
D415.	D73
D4150	D73
D4151	D73
D4152	D73
D4153	D73
D4154	D73
D4155	D73
D4156	D73
D4157	D73
D4158	D73
D4159	D73
D415A	D73
D415B	D73
D415z	D73
D416.	D75
D417.	D74
D4170	D74
D4171	D74
D4172	D74
D4173	D74
D4174	D74
D4175	D74
D417z	D74
D418.	I89
D41y.	D75
D41y0	D89
D41y1	D47
D41y2	E88
D41y3	D61
D41y4	D75
D41yy	D75
D41yz	D75
D41z.	D75
D4y..	D75
D4z..	D75
Dy...	D75
Dyu00	D50
Dyu01	D51
Dyu02	D51
Dyu03	D52
Dyu04	D53
Dyu05	D53
Dyu06	D51
Dyu10	D55
Dyu11	D56
Dyu12	D57
Dyu13	D58
Dyu14	D58
Dyu15	D59
Dyu16	D59
Dyu17	D59
Dyu20	D60
Dyu21	D61
Dyu22	D63
Dyu23	D64
Dyu24	D64
Dyu25	D60
Dyu30	D68
Dyu31	D69
Dyu32	D69
Dyu33	D69
Dyu34	D69
Dyu40	D72
Dyu41	D73
Dyu42	D74
Dyu43	D75
Dyu44	D76
Dyu45	D77
Dz...	D75
Eu...	F99
Eu01.	F01
Eu010	F01
Eu011	F01
Eu012	F01
Eu013	F01
Eu01y	F01
Eu01z	F01
Eu02.	F02
Eu02y	F02
Eu02z	F03
Eu03.	F04
Eu04.	F05
Eu040	F05
Eu041	F05
Eu04y	F05
Eu04z	F05
Eu05.	F06
Eu050	F06
Eu051	F06
Eu052	F06
Eu053	F06
Eu054	F06
Eu055	F06
Eu056	F06
Eu057	F06
Eu058	F06
Eu05y	F06
Eu05z	F06
Eu06.	F07
Eu060	F07
Eu061	F07
Eu062	F07
Eu06y	F07
Eu06z	F07
Eu0z.	F09
Eu10.	F10
Eu100	F10
Eu101	F10
Eu102	F10
Eu103	F10
Eu104	F10
Eu105	F10
Eu106	F10
Eu107	F10
Eu108	F10
Eu10y	F10
Eu10z	F10
Eu11.	F11
Eu110	F11
Eu111	F11
Eu112	F11
Eu113	F11
Eu114	F11
Eu115	F11
Eu116	F11
Eu117	F11
Eu11y	F11
Eu11z	F11
Eu12.	F12
Eu120	F12
Eu121	F12
Eu122	F12
Eu123	F12
Eu124	F12
Eu125	F12
Eu126	F12
Eu127	F12
Eu12y	F12
Eu12z	F12
Eu13.	F13
Eu130	F13
Eu131	F13
Eu132	F13
Eu133	F13
Eu134	F13
Eu135	F13
Eu136	F13
Eu137	F13
Eu13y	F13
Eu13z	F13
Eu14.	F14
Eu140	F14
Eu141	F14
Eu142	F14
Eu143	F14
Eu144	F14
Eu145	F14
Eu146	F14
Eu147	F14
Eu14y	F14
Eu14z	F14
Eu15.	F15
Eu150	F15
Eu151	F15
Eu152	F15
Eu153	F15
Eu154	F15
Eu155	F15
Eu156	F15
Eu157	F15
Eu15y	F15
Eu15z	F15
Eu16.	F16
Eu160	F16
Eu161	F16
Eu162	F16
Eu163	F16
Eu164	F16
Eu165	F16
Eu166	F16
Eu167	F16
Eu16y	F16
Eu16z	F16
Eu17.	F17
Eu170	F17
Eu171	F17
Eu172	F17
Eu173	F17
Eu174	F17
Eu175	F17
Eu176	F17
Eu177	F17
Eu17y	F17
Eu17z	F17
Eu18.	F18
Eu180	F18
Eu181	F18
Eu182	F18
Eu183	F18
Eu184	F18
Eu185	F18
Eu186	F18
Eu187	F18
Eu18y	F18
Eu18z	F18
Eu19.	F19
Eu190	F19
Eu191	F19
Eu192	F19
Eu193	F19
Eu194	F19
Eu195	F19
Eu196	F19
Eu197	F19
Eu19y	F19
Eu19z	F19
Eu1A.	F18
Eu1A0	F14
Eu1A1	F14
Eu1A2	F14
Eu1A3	F14
Eu1A4	F14
Eu1A5	F14
Eu1A6	F14
Eu1A7	F14
Eu1Ay	F14
Eu1Az	F14
Eu20.	F20
Eu200	F20
Eu201	F20
Eu202	F20
Eu203	F20
Eu204	F20
Eu205	F20
Eu206	F20
Eu20y	F20
Eu20z	F20
Eu21.	F21
Eu22.	F22
Eu220	F22
Eu221	F22
Eu222	F22
Eu223	F22
Eu22y	F22
Eu22z	F22
Eu23.	F23
Eu230	F23
Eu231	F23
Eu232	F23
Eu233	F23
Eu23y	F23
Eu23z	F23
Eu24.	F24
Eu25.	F25
Eu250	F25
Eu251	F25
Eu252	F25
Eu25y	F25
Eu25z	F25
Eu26.	F29
Eu2y.	F28
Eu2z.	F29
Eu30.	F30
Eu300	F30
Eu301	F30
Eu302	F30
Eu30y	F30
Eu30z	F30
Eu31.	F31
Eu310	F31
Eu311	F31
Eu312	F31
Eu313	F31
Eu314	F31
Eu315	F31
Eu316	F31
Eu317	F31
Eu318	F31
Eu319	F31
Eu31y	F31
Eu31z	F31
Eu32.	F32
Eu320	F32
Eu321	F32
Eu322	F32
Eu323	F32
Eu324	F32
Eu325	F32
Eu326	F32
Eu327	F32
Eu328	F32
Eu329	F32
Eu32A	F33
Eu32B	F32
Eu32y	F32
Eu32z	F32
Eu33.	F33
Eu330	F33
Eu331	F33
Eu332	F33
Eu333	F33
Eu334	F33
Eu33y	F33
Eu33z	F33
Eu34.	F34
Eu340	F34
Eu341	F34
Eu34y	F34
Eu34z	F34
Eu3y.	F38
Eu3y0	F38
Eu3y1	F38
Eu3y2	F38
Eu3yy	F38
Eu3z.	F39
Eu40.	F40
Eu400	F40
Eu401	F40
Eu402	F40
Eu403	F40
Eu40y	F40
Eu40z	F40
Eu41.	F41
Eu410	F41
Eu411	F41
Eu412	F41
Eu413	F41
Eu41y	F41
Eu41z	F41
Eu42.	F42
Eu420	F42
Eu421	F42
Eu422	F42
Eu42y	F42
Eu42z	F42
Eu43.	F43
Eu430	F43
Eu431	F43
Eu432	F43
Eu433	F43
Eu434	F43
Eu435	F43
Eu43y	F43
Eu43z	F43
Eu44.	F44
Eu440	F44
Eu441	F44
Eu442	F44
Eu443	F44
Eu444	F44
Eu445	F44
Eu446	F44
Eu447	F44
Eu44y	F44
Eu44z	F44
Eu45.	F45
Eu450	F45
Eu451	F45
Eu452	F45
Eu453	F45
Eu454	F45
Eu455	F45
Eu45y	F45
Eu45z	F45
Eu46.	F48
Eu460	F48
Eu461	F48
Eu46y	F48
Eu46z	F48
Eu50.	F50
Eu500	F50
Eu501	F50
Eu502	F50
Eu503	F50
Eu504	F50
Eu505	F50
Eu506	F98
Eu507	F98
Eu50y	F50
Eu50z	F50
Eu51.	F51
Eu510	F51
Eu511	F51
Eu512	F51
Eu513	F51
Eu514	F51
Eu515	F51
Eu51y	F51
Eu51z	F51
Eu52.	F52
Eu520	F52
Eu521	F52
Eu522	F52
Eu523	F52
Eu524	F52
Eu525	F52
Eu526	F52
Eu527	F52
Eu528	F52
Eu52y	F52
Eu52z	F52
Eu53.	F53
Eu530	F53
Eu531	F53
Eu53y	F53
Eu53z	F53
Eu54.	F54
Eu55.	F55
Eu5z.	F59
Eu60.	F60
Eu600	F60
Eu601	F60
Eu602	F60
Eu603	F60
Eu604	F60
Eu605	F60
Eu606	F60
Eu607	F60
Eu608	F60
Eu60y	F60
Eu60z	F60
Eu61.	F61
Eu62.	F62
Eu620	F62
Eu621	F62
Eu62y	F62
Eu62z	F62
Eu63.	F63
Eu630	F63
Eu631	F63
Eu632	F63
Eu633	F63
Eu63y	F63
Eu63z	F63
Eu64.	F64
Eu640	F64
Eu641	F64
Eu642	F64
Eu64y	F64
Eu64z	F64
Eu65.	F65
Eu650	F65
Eu651	F65
Eu652	F65
Eu653	F65
Eu654	F65
Eu655	F65
Eu656	F65
Eu65y	F65
Eu65z	F65
Eu66.	F66
Eu660	F66
Eu661	F66
Eu662	F66
Eu66y	F66
Eu66z	F66
Eu6y.	F68
Eu6y0	F68
Eu6y1	F68
Eu6y2	F68
Eu6y3	F68
Eu6yy	F68
Eu6z.	F69
Eu70.	F70
Eu700	F70
Eu701	F70
Eu70y	F70
Eu70z	F70
Eu71.	F71
Eu710	F71
Eu711	F71
Eu71y	F71
Eu71z	F71
Eu72.	F72
Eu720	F72
Eu721	F72
Eu72y	F72
Eu72z	F72
Eu73.	F73
Eu730	F73
Eu731	F73
Eu73y	F73
Eu73z	F73
Eu7y.	F78
Eu7y0	F78
Eu7y1	F78
Eu7yy	F78
Eu7yz	F78
Eu7z.	F79
Eu7z0	F79
Eu7z1	F79
Eu7zy	F79
Eu7zz	F79
Eu80.	F80
Eu800	F80
Eu801	F80
Eu802	F80
Eu803	F80
Eu804	F80
Eu805	F80
Eu806	F80
Eu807	F80
Eu808	F80
Eu809	F80
Eu80A	F80
Eu80y	F80
Eu80z	F80
Eu81.	F81
Eu810	F81
Eu811	F81
Eu812	F81
Eu813	F81
Eu814	F81
Eu815	F81
Eu816	F81
Eu817	F81
Eu818	F81
Eu81y	F81
Eu81z	F81
Eu82.	F82
Eu83.	F83
Eu84.	F84
Eu840	F84
Eu841	F84
Eu842	F84
Eu843	F84
Eu844	F84
Eu845	F84
Eu846	F84
Eu84y	F84
Eu84z	F84
Eu85.	F89
Eu86.	F88
Eu8y.	F88
Eu8z.	F89
Eu90.	F90
Eu900	F90
Eu901	F90
Eu90y	F90
Eu90z	F90
Eu91.	F91
Eu910	F91
Eu911	F91
Eu912	F91
Eu913	F91
Eu91y	F91
Eu91z	F91
Eu92.	F92
Eu920	F92
Eu92y	F92
Eu92z	F92
Eu93.	F93
Eu930	F93
Eu931	F93
Eu932	F93
Eu933	F93
Eu93y	F93
Eu93z	F93
Eu94.	F94
Eu940	F94
Eu941	F94
Eu942	F94
Eu94y	F94
Eu94z	F94
Eu95.	F95
Eu950	F95
Eu951	F95
Eu952	F95
Eu953	F95
Eu95y	F95
Eu95z	F95
Eu9y.	F98
Eu9y0	F98
Eu9y1	F98
Eu9y2	F98
Eu9y3	F98
Eu9y4	F98
Eu9y5	F98
Eu9y6	F98
Eu9y7	F98
Eu9yy	F98
Eu9yz	F98
Euz..	F99
F00..	G00
F000.	G00
F001.	G00
F002.	G00
F003.	G00
F007.	G01
F0077	G00
F0078	G00
F007z	G01
F00y.	G00
F00y0	G00
F00y1	G00
F00y3	G00
F00yz	G00
F00z.	G00
F01..	G02
F010.	G02
F010z	G02
F011.	G02
F011y	A87
F011z	A87
F013.	D86
F01y.	G03
F01yz	G03
F02..	G03
F020.	G03
F022.	G03
F023.	G03
F024.	G03
F02z.	G03
F03..	G04
F030.	G05
F0300	A81
F0301	A81
F0303	A85
F030z	A86
F031.	G05
F032.	G05
F0320	G05
F0321	G05
F032z	G05
F033.	G05
F033z	G05
F034.	G04
F034z	G04
F035.	G04
F0352	G04
F035z	G04
F036.	G92
F0360	G92
F0361	G92
F0362	G92
F036z	G92
F037.	G37
F038.	G04
F03X.	G04
F03y.	G04
F03z.	G04
F040.	G06
F0400	G06
F0401	G06
F0402	G06
F0403	G06
F0404	G06
F0405	G06
F040z	G06
F041.	G06
F0410	G06
F0411	G06
F0412	G06
F041z	G06
F04X.	G06
F04z0	G06
F05..	G08
F050.	G08
F0500	G08
F0501	G08
F0502	G08
F0503	G08
F050z	G08
F051.	G08
F0510	G08
F0511	G08
F0512	G08
F0513	G08
F051z	G08
F052.	G08
F0520	G08
F0521	G08
F0522	G08
F0523	G08
F052z	G08
F053.	G08
F0530	G08
F0531	G08
F0532	G08
F053z	G08
F05z.	G08
F06..	G09
F06X.	G09
F10..	G31
F100.	E75
F1000	E75
F1001	D70
F1002	E75
F1003	E75
F100z	E75
F101.	E75
F1010	E75
F1011	E75
F1012	E75
F1013	E75
F1014	E75
F1015	E75
F1016	E75
F101z	E75
F102.	E75
F1020	E75
F1021	E75
F102z	E75
F103.	G32
F1030	E76
F1031	E76
F103z	G32
F10y.	G31
F10y0	G31
F10y1	G31
F10y2	G31
F10yz	G31
F10z.	G31
F11..	G31
F110.	G30
F1100	G30
F1101	G30
F111.	G31
F112.	G31
F113.	G91
F1130	G91
F113z	G91
F114.	G91
F115.	G91
F117.	P91
F118.	G31
F11X.	G91
F11x.	G32
F11x0	G31
F11x2	I67
F11x3	Q03
F11x4	G32
F11x5	E03
F11x7	A81
F11x8	A81
F11xz	G31
F11y.	G31
F11y0	G93
F11y1	G11
F11y2	G31
F11yz	G31
F11z.	G31
F12..	G20
F120.	G20
F121.	G21
F122.	G21
F123.	G21
F124.	G21
F12W.	G21
F12X.	G21
F12z.	G20
F130.	G23
F1300	G23
F1301	G23
F1302	G23
F1303	G20
F1304	G23
F1305	G23
F1306	G23
F130z	G23
F131.	G25
F1310	G25
F1311	G25
F1312	G25
F131z	G25
F132.	G25
F1320	G25
F1321	G40
F1322	G40
F1323	G25
F132y	G25
F132z	G25
F133.	G25
F134.	G10
F135.	G25
F1350	G25
F1351	G25
F1352	G25
F135z	G25
F136.	G24
F1360	G24
F137.	G24
F1370	G80
F1371	G80
F1372	G24
F137y	G24
F137z	G24
F138.	G24
F1380	G24
F1381	G24
F1382	G24
F1383	G25
F138z	G24
F139.	G24
F1390	G24
F1391	G24
F13A.	G24
F13B.	G24
F13C.	G24
F13X.	G24
F13z.	G25
F13z0	G25
F13z1	G25
F13z2	G25
F13z3	G25
F13z4	G25
F13z5	G25
F13z6	G23
F13zz	G25
F14..	G11
F140.	G11
F141.	G11
F142.	G11
F1420	G11
F1421	G11
F1422	G11
F142z	G11
F143.	G11
F144.	G13
F1440	G31
F144z	G13
F145.	G11
F146.	G11
F14y.	G11
F14y0	G11
F14y1	G11
F14yz	G11
F14z.	G11
F15..	G12
F150.	G12
F151.	G12
F1510	G12
F1511	G12
F1512	G12
F1513	G12
F151z	G12
F152.	G12
F1520	G12
F1521	G12
F1522	G12
F1523	G12
F1524	G12
F152z	G12
F15y.	G12
F15z.	G12
F16..	G12
F160.	G95
F1600	G95
F1601	G95
F160z	G95
F161.	G95
F1610	G95
F1611	G95
F1612	G95
F1613	G95
F1614	G95
F1615	G95
F161z	G95
F163.	G99
F163z	G99
F164.	G83
F16y.	G95
F16y0	G95
F16y1	G95
F16yz	G95
F16z.	G95
F17..	G90
F170.	G90
F1700	G90
F1701	G90
F170z	G90
F171.	G99
F171z	G90
F172.	G90
F173.	M89
F174.	G23
F1740	G23
F1741	G23
F175.	G90
F17z.	G90
F18..	H35
F20..	G35
F200.	G35
F201.	G35
F202.	G35
F203.	G35
F204.	G35
F205.	G35
F206.	G35
F207.	G35
F208.	G35
F20z.	G35
F21..	G37
F210.	G36
F211.	G37
F212.	G36
F213.	G37
F21X.	G36
F21y.	G37
F21y0	G37
F21y1	G37
F21y2	I67
F21y3	G37
F21y4	G37
F21y5	G37
F21yz	G37
F21z.	G37
F22..	G81
F220.	G81
F221.	G81
F222.	G81
F223.	G81
F22z.	G81
F23..	G80
F230.	G80
F2300	G80
F2301	G80
F230z	G80
F231.	G80
F232.	G80
F233.	G80
F234.	G80
F23y.	G80
F23y0	G80
F23y1	G80
F23y2	G80
F23y3	G80
F23y4	G80
F23y5	G80
F23y6	G80
F23yz	G80
F23z.	G80
F240.	G82
F2400	G82
F2401	G82
F241.	G82
F2410	G82
F2411	G82
F242.	G83
F243.	G83
F244.	G83
F245.	G83
F246.	G83
F2460	G83
F2461	G83
F246z	G83
F24y.	G83
F24y0	G23
F24y1	G83
F24y2	G23
F24y3	G83
F24yz	G83
F24z.	G83
F25..	G40
F250.	G40
F2500	G40
F2501	G40
F2502	G40
F2503	G40
F2504	G40
F2505	G40
F250y	G40
F250z	G40
F251.	G40
F2510	G40
F2511	G40
F2512	G40
F2513	G40
F2514	G40
F2515	G40
F2516	G40
F251y	G40
F251z	G40
F252.	G41
F253.	G41
F254.	G40
F2540	G40
F2541	G40
F2542	G40
F2543	G40
F2544	G40
F2545	G40
F254z	G40
F255.	G40
F2550	G40
F2551	G40
F2552	G40
F2553	G40
F2554	G40
F2555	G40
F2556	G40
F255y	G40
F255z	G40
F256.	G40
F2560	G40
F2561	G40
F256z	G40
F257.	G40
F258.	G40
F259.	G40
F25A.	G40
F25B.	G40
F25C.	G40
F25D.	G40
F25E.	G40
F25F.	G40
F25G.	G40
F25X.	G41
F25y.	G40
F25y0	G40
F25y1	G40
F25y2	G40
F25y3	G41
F25y4	G40
F25y5	G40
F25yz	G40
F25z.	G40
F26..	G43
F260.	G43
F261.	G43
F2610	G43
F261z	G43
F262.	G43
F2620	G44
F2621	G43
F2622	G43
F2623	G43
F2624	G43
F2625	G44
F2626	G44
F2627	G44
F2629	G44
F262A	G44
F262B	G44
F262C	G50
F262D	G44
F262E	G44
F262z	G43
F26y.	G43
F26y0	G43
F26y1	G43
F26y2	G43
F26y3	G43
F26yz	G43
F26z.	G43
F27..	G47
F270.	G47
F271.	G47
F27z.	G47
F28..	G93
F280.	G93
F2800	G93
F2801	G93
F2802	G93
F280y	G93
F280z	G93
F281.	G93
F282.	G93
F283.	G93
F284.	G93
F2840	G93
F284z	G93
F285.	G93
F286.	G93
F2860	G93
F2861	G93
F2862	G93
F287.	I95
F288.	G93
F28y.	G93
F28y0	G93
F28y1	G93
F28y2	G93
F28y3	G93
F28y4	G93
F28yz	G93
F28z.	G93
F290.	G97
F2900	G97
F2901	G97
F2902	G97
F290y	G97
F290z	G97
F291.	G97
F2910	G97
F292.	G96
F2920	G96
F2921	G96
F2923	G96
F2924	G03
F292z	G96
F29X.	G96
F29y.	G98
F29y0	G96
F29y1	G14
F29y2	G96
F29y3	G92
F29y4	G95
F29y5	G44
F29y6	G96
F29y7	G96
F29yz	G98
F29z.	G98
F2A..	G81
F2Az.	G81
F2B..	G80
F2B0.	G80
F2B1.	G80
F2B2.	G80
F2By.	G80
F2Bz.	G80
F2W..	G44
F2W0.	G44
F2X..	G44
F2y..	G96
F2z..	G96
F30..	G50
F301.	G50
F3010	G50
F301z	G50
F302.	G50
F30y.	G50
F30z.	G50
F31..	G51
F310.	G51
F311.	G51
F312.	G51
F31y.	G51
F31y0	G51
F31y1	G51
F31yz	G51
F31z.	G51
F32..	G52
F320.	G52
F321.	G52
F322.	G52
F323.	G52
F3230	J38
F324.	G52
F325.	G52
F326.	G52
F3260	G52
F3261	G52
F3262	Q87
F3263	G53
F3264	G53
F3265	G52
F326z	G52
F32z.	G52
F33..	G54
F330.	G54
F3300	Q76
F3301	G54
F3302	G54
F3303	G54
F330z	G54
F331.	G54
F332.	G54
F333.	G54
F334.	G54
F335.	G54
F336.	G54
F3360	G54
F3361	G54
F337.	G55
F3370	G55
F3371	G55
F3372	G55
F3373	G55
F338.	G95
F33y.	G54
F33z.	G54
F34..	G56
F340.	G56
F341.	G56
F3410	G56
F3411	G56
F3412	G58
F341z	G56
F342.	G56
F3420	G56
F3421	G56
F3422	G56
F3423	G56
F3424	G56
F342z	G56
F343.	G56
F3430	G56
F3431	G56
F3432	G56
F3433	G56
F343z	G56
F344.	G56
F345.	G58
F346.	G56
F347.	G56
F34y.	G56
F34z.	G56
F35..	G57
F350.	G57
F351.	G57
F352.	G57
F353.	G57
F354.	G57
F355.	G57
F356.	G57
F3560	G57
F3561	G57
F356z	G57
F357.	G57
F358.	G57
F35x.	G57
F35y.	G57
F35z.	G58
F36..	G60
F360.	G60
F3600	G60
F360z	G60
F361.	G60
F3610	G60
F361z	G60
F362.	G60
F363.	G60
F364.	G60
F365.	G60
F366.	G62
F367.	G62
F368.	G60
F3680	G60
F3681	G60
F3682	G60
F3683	G60
F36y.	G60
F36y0	G23
F36yz	G60
F36z.	G60
F370.	G61
F3700	G61
F3701	G61
F3702	G61
F370z	G61
F374.	G63
F374z	G63
F375.	G62
F376.	G62
F377.	G62
F378.	G58
F37X.	G61
F37y.	G62
F37y0	G61
F37y1	G62
F37z.	G62
F38..	G70
F380.	G70
F3800	G70
F3801	G70
F380z	G70
F381.	G73
F3812	A05
F3814	E03
F381z	G73
F382.	G70
F383.	G70
F38y.	G70
F38z.	G70
F390.	G71
F3900	G71
F3901	G71
F3902	G71
F3903	G71
F3904	G71
F3905	G71
F390z	G71
F391.	G71
F3910	G71
F3911	G71
F3912	G71
F3913	G71
F3914	G71
F3915	G71
F3916	G71
F3917	G71
F3918	G71
F3919	G71
F391A	G71
F391y	G71
F391z	G71
F392.	G71
F3920	G71
F3921	G71
F3922	G71
F3923	G71
F3924	G71
F3925	G71
F392y	G71
F392z	G71
F393.	G72
F394.	G72
F3940	G72
F3941	G72
F395.	G73
F395z	G73
F396.	G73
F396z	G73
F397.	G72
F398.	G73
F39B.	G71
F39W.	G72
F39X.	G71
F39y.	G72
F39z.	G72
F3y..	G64
F3z..	G64
F40..	H44
F400.	H44
F4000	H44
F4001	H44
F4002	H44
F4003	H44
F4004	H44
F4005	H44
F400z	H44
F401.	H44
F4010	H44
F4011	H44
F4012	H44
F4013	H16
F4014	H44
F401z	H44
F402.	H44
F4020	H44
F4021	H44
F4022	H44
F4023	H44
F4024	H44
F4025	H44
F402z	H44
F403.	H44
F4030	H44
F4031	H44
F4032	H44
F4033	H44
F4034	Q11
F403z	H44
F404.	H44
F4040	H44
F4041	H44
F4042	H44
F4043	H44
F4044	H44
F4045	H44
F4046	H44
F404z	H44
F405.	H44
F4050	H44
F4051	H44
F4052	H44
F4053	H44
F4054	H44
F4055	H44
F405x	H44
F405y	H44
F405z	H44
F406.	H44
F4060	H44
F4061	H44
F4062	H44
F4063	H44
F4064	H44
F4065	H44
F406x	H44
F406y	H44
F406z	H44
F40y.	H44
F40y0	H44
F40yz	H44
F40z.	H44
F41..	H33
F410.	H33
F4100	H33
F4101	H33
F4102	H33
F4103	H33
F4104	H33
F4105	H33
F4106	H33
F4107	H33
F4108	H33
F4109	H33
F410z	H33
F411.	H33
F4110	H33
F4111	H33
F4112	H33
F4113	H33
F4114	H33
F4115	H33
F411z	H33
F412.	H33
F413.	H33
F4130	H33
F4131	H33
F4132	H33
F4133	H33
F4134	H33
F413z	H33
F41y.	H33
F41y0	H33
F41yz	H33
F41z.	H33
F42..	H35
F4205	H36
F421.	H35
F4210	H35
F4212	H35
F4213	H35
F4214	H35
F4215	H35
F4216	H35
F4217	H35
F4218	H35
F4219	H35
F421A	H35
F421B	H35
F421C	H35
F421D	H35
F421E	H35
F421F	H35
F421G	H35
F421H	H35
F421J	H35
F421z	H35
F422.	H35
F4220	H35
F422y	H35
F422z	H35
F423.	H34
F4230	H34
F4231	H34
F4232	H34
F4233	H34
F4234	H34
F4235	H34
F4236	G45
F4237	H34
F4238	H34
F4239	H34
F423A	H34
F423z	H34
F424.	H35
F4240	H35
F4241	H35
F4242	H35
F4243	H35
F4244	H35
F424z	H35
F425.	H35
F4250	H35
F4251	H35
F4252	H35
F4253	H35
F4254	H35
F4255	H35
F4256	H35
F4257	H35
F4258	H35
F4259	H35
F425A	H35
F425z	H35
F426.	H35
F4260	H35
F4261	H35
F4262	H35
F4263	H35
F4264	H35
F4265	H35
F4266	H35
F426z	H35
F427.	H35
F4270	H35
F4271	H35
F4272	H35
F4273	H33
F4274	H35
F4275	H35
F4276	H35
F4277	H35
F4278	H35
F4279	H35
F427A	H35
F427B	H35
F427C	H35
F427D	H35
F427E	H35
F427F	H35
F427G	H35
F427H	H35
F427J	H35
F427K	E75
F427L	H35
F427y	H35
F427z	H35
F42y.	H35
F42y0	H35
F42y1	H35
F42y3	H35
F42y4	H35
F42y5	H35
F42y6	H35
F42y7	H34
F42y8	H35
F42y9	H35
F42yA	H35
F42yB	H35
F42yC	H34
F42yD	H35
F42yz	H35
F42z.	H35
F430.	H30
F4300	H30
F4301	H30
F4302	H30
F4303	H30
F4304	H30
F4305	H30
F4306	H30
F4307	H30
F4308	H30
F430z	H30
F431.	H30
F4310	H30
F4311	H30
F4312	H30
F4313	H30
F4314	H30
F4315	H30
F4316	H31
F431z	H30
F432.	H30
F4320	H30
F4321	H30
F4322	H30
F4323	H30
F4324	H30
F432z	H30
F433.	H31
F4330	H31
F4331	H31
F4332	H31
F4333	H31
F4334	H31
F4335	H31
F433z	H31
F434.	H31
F4340	H31
F4341	H31
F4342	H31
F4343	H35
F434z	H31
F435.	H31
F4350	H31
F4351	H31
F4352	H31
F4353	H31
F4354	H31
F4355	H31
F4356	H31
F4357	H31
F4358	H31
F4359	H31
F435z	H31
F436.	H31
F4360	H31
F4361	H31
F4362	H31
F436z	H31
F437.	H31
F4370	H31
F4371	H31
F4372	H31
F437z	H31
F438.	H31
F439.	H31
F43y.	H31
F43z.	H31
F44..	H21
F440.	H20
F4400	H20
F4401	H20
F4402	H20
F4403	H20
F4404	H20
F4405	H20
F4406	H20
F440z	H20
F441.	H20
F4410	H20
F4411	H20
F4412	H20
F441z	H20
F442.	H20
F4420	H20
F4421	H40
F4422	H20
F4423	H20
F442z	H20
F443.	H20
F4430	H20
F4431	H20
F444.	H21
F4440	H21
F4441	H21
F444z	H21
F445.	H21
F4450	H21
F4451	H21
F4452	H21
F4453	H21
F4454	H21
F4455	H21
F4456	H21
F445z	H21
F446.	H21
F4460	H21
F4461	H21
F4462	H21
F4463	H21
F4464	H21
F4465	H21
F4466	H21
F4467	H21
F446z	H21
F447.	H21
F4470	H21
F4471	H21
F4472	H21
F4473	H21
F4474	H21
F4475	H21
F4476	H21
F4477	H21
F4478	H21
F4479	H21
F447A	H21
F447B	H21
F447C	H21
F447D	H21
F447z	H21
F448.	H21
F44y.	H21
F44y0	H21
F44yz	H21
F44z.	H21
F45..	H40
F450.	H40
F4500	H40
F4501	H40
F4502	H40
F4503	H40
F4504	H40
F450z	H40
F451.	H40
F4510	H40
F4511	H40
F4512	H40
F4513	H40
F4514	Q15
F4515	H40
F451z	H40
F452.	H40
F4520	H40
F4521	H40
F4522	H40
F4523	H40
F4524	H40
F452z	H40
F453.	H40
F4530	H40
F4531	H40
F453z	H40
F454.	H42
F4540	H40
F4541	H40
F4543	H42
F4544	H42
F454z	H42
F455.	H40
F4550	H40
F4551	H40
F455z	H40
F456.	H40
F4560	H40
F4561	H40
F4562	H40
F4563	H40
F4564	H40
F4565	H40
F4566	H40
F456z	H40
F45y.	H40
F45y0	H40
F45y1	H40
F45y2	H40
F45yz	H40
F45z.	H40
F46..	H26
F460.	H26
F4600	H26
F4601	H26
F4602	H26
F4603	H26
F4604	H26
F4605	H26
F4606	H26
F4607	H25
F460x	H26
F460y	H26
F460z	H26
F461.	H25
F4610	H25
F4611	H26
F4612	Q12
F4613	H26
F4614	H26
F4615	H26
F4616	H25
F4617	H25
F4618	H25
F4619	H25
F461A	H25
F461B	H25
F461x	H25
F461y	H25
F461z	H25
F462.	H26
F4620	H26
F4621	H26
F4622	H26
F4623	H26
F462z	H26
F463.	H26
F4630	H26
F4631	H26
F4632	H26
F4633	H26
F4634	H26
F463z	H26
F464.	H28
F4641	H26
F4643	H28
F4644	H26
F4645	H26
F4646	H26
F4647	H26
F464z	H28
F465.	H26
F4650	H26
F4651	H26
F4652	H26
F4653	H26
F4655	H26
F465z	H26
F466.	H26
F46y.	H26
F46y0	H26
F46yz	H26
F46z.	H26
F46z0	H26
F47..	H52
F470.	H52
F471.	H52
F4710	H52
F472.	H52
F4720	H52
F4721	H52
F4722	H52
F472z	H52
F473.	H52
F4730	H52
F4731	H52
F473z	H52
F474.	H52
F475.	H52
F4750	H52
F4751	H52
F4752	H52
F475z	H52
F476.	H52
F47y.	H52
F47y0	H52
F47y1	H52
F47yz	H52
F47z.	H52
F48..	H53
F480.	H53
F4800	H53
F4801	H53
F4802	H53
F4803	H53
F480z	H53
F481.	H53
F4810	H53
F4811	H53
F4812	H53
F4813	H53
F4814	H53
F4815	H53
F4816	H53
F4817	H53
F4818	H53
F4819	H53
F481A	H53
F481B	H53
F481C	H53
F481D	H53
F481E	H53
F481F	H53
F481G	H53
F481J	H53
F481L	H53
F481z	H53
F482.	H53
F483.	H53
F4830	H53
F4831	H53
F4832	H53
F4833	H53
F4834	H53
F4835	H51
F4836	H53
F483z	H53
F484.	H53
F4840	H53
F4841	H53
F4842	H53
F4843	H53
F4844	H53
F4845	H53
F4846	H53
F4847	H53
F4848	H53
F4849	H53
F484A	H53
F484B	H53
F484C	H53
F484D	H53
F484E	H53
F484F	H53
F484G	H53
F484H	H53
F484J	H53
F484K	H53
F484L	H53
F484M	H53
F484N	H53
F484z	H53
F485.	H53
F4850	H53
F4851	H53
F4852	H53
F4853	H53
F4854	H53
F485z	H53
F486.	H53
F4860	H53
F4861	H53
F4862	H53
F4863	H53
F4864	H53
F4865	H53
F4866	H53
F4867	H53
F486z	H53
F48y.	H53
F48y0	H53
F48yz	H53
F48z.	H53
F49..	H54
F490.	H54
F4900	H54
F4901	H54
F4902	H54
F4903	H54
F4904	H54
F4905	H54
F4906	H54
F4907	H54
F4908	H54
F4909	H54
F490z	H54
F491.	H54
F4910	H54
F4911	H54
F4912	H54
F4913	H54
F4914	H54
F4915	H54
F4916	H54
F4917	H54
F4918	H54
F491z	H54
F492.	H54
F4920	H54
F4921	H54
F4922	H54
F4923	H54
F4924	H54
F4925	H54
F492z	H54
F493.	H54
F494.	H54
F495.	H54
F4950	H54
F4951	H54
F4952	H54
F4953	H54
F4954	H54
F4955	H54
F4956	H54
F4957	H54
F4958	H54
F4959	H54
F495A	H54
F495z	H54
F496.	H54
F4960	H54
F4961	H54
F4962	H54
F4963	H54
F4964	H54
F4965	H54
F4966	H54
F496z	H54
F497.	H54
F498.	H54
F499.	H54
F49A.	H54
F49B.	H54
F49C.	H54
F49D.	H54
F49y.	H54
F49z.	H54
F4A..	H16
F4A0.	H16
F4A00	H16
F4A01	H16
F4A02	H16
F4A03	H16
F4A04	H16
F4A05	H16
F4A06	H16
F4A07	H16
F4A0z	H16
F4A2.	H16
F4A20	H16
F4A21	H16
F4A22	H16
F4A23	H16
F4A24	H16
F4A25	H16
F4A26	H16
F4A27	H16
F4A28	H16
F4A2z	H16
F4A3.	H16
F4A30	H16
F4A31	H10
F4A33	H16
F4A34	H16
F4A3z	H16
F4A4.	H16
F4A40	H16
F4A41	H16
F4A4z	H16
F4A5.	H16
F4A50	H16
F4A51	H16
F4A52	H16
F4A53	H16
F4A5z	H16
F4A6.	H16
F4A60	H16
F4A61	H16
F4A62	H16
F4A63	H16
F4A64	H16
F4A6z	H16
F4Ay.	H16
F4Az.	H16
F4B0.	H17
F4B00	H17
F4B01	H17
F4B02	H17
F4B03	H17
F4B04	H17
F4B05	H17
F4B0z	H17
F4B1.	H18
F4B10	H18
F4B11	H18
F4B12	H18
F4B13	H18
F4B14	H18
F4B15	H18
F4B16	H18
F4B1z	H18
F4B2.	H18
F4B20	H18
F4B21	H18
F4B22	H18
F4B23	H18
F4B24	H18
F4B2z	H18
F4B3.	H18
F4B30	H18
F4B31	H18
F4B32	H18
F4B33	H18
F4B3z	H18
F4B4.	H18
F4B40	H18
F4B41	H18
F4B42	H18
F4B43	H18
F4B44	H18
F4B45	H18
F4B46	H18
F4B47	H18
F4B48	H18
F4B49	H18
F4B4A	H18
F4B4B	H59
F4B4C	H59
F4B4z	H18
F4B5.	H18
F4B50	H18
F4B51	H18
F4B52	H18
F4B53	H18
F4B54	H18
F4B55	H18
F4B56	H18
F4B57	H18
F4B58	H18
F4B59	H18
F4B5A	H18
F4B5B	H18
F4B5C	H18
F4B5D	H18
F4B5z	H18
F4B6.	H18
F4B60	H18
F4B61	H18
F4B62	H18
F4B6z	H18
F4B7.	H18
F4B70	H18
F4B71	H18
F4B72	H18
F4B73	H18
F4B7z	H18
F4B8.	H18
F4By.	H18
F4By0	H18
F4By1	H18
F4Byz	H18
F4Bz.	H18
F4C..	H11
F4C0.	H10
F4C00	H10
F4C01	H10
F4C02	H10
F4C03	H10
F4C04	H10
F4C05	H10
F4C06	H10
F4C0z	H10
F4C1.	H10
F4C10	H10
F4C11	H10
F4C12	H10
F4C13	H10
F4C14	H10
F4C15	B89
F4C1z	H10
F4C2.	H10
F4C20	H10
F4C21	H10
F4C22	H10
F4C2z	H10
F4C3.	H10
F4C30	H10
F4C31	L71
F4C32	H10
F4C33	H10
F4C3z	H10
F4C4.	H11
F4C40	H11
F4C41	H11
F4C42	H11
F4C43	H11
F4C44	H11
F4C45	H11
F4C4z	H11
F4C5.	H11
F4C50	H11
F4C51	H11
F4C52	H11
F4C53	H11
F4C54	H11
F4C55	H11
F4C56	H11
F4C57	E85
F4C5z	H11
F4C6.	H11
F4C60	H10
F4C61	H11
F4C62	H11
F4C63	H11
F4C6z	H11
F4C7.	H11
F4C70	H11
F4C71	H11
F4C72	H11
F4C73	H11
F4C74	H11
F4C75	H11
F4C76	H11
F4C77	H11
F4C78	H11
F4C7z	H11
F4Cy.	H11
F4Cy0	H13
F4Cz.	H11
F4D0.	H01
F4D00	H01
F4D01	H01
F4D02	H01
F4D0z	H01
F4D1.	H00
F4D10	H00
F4D11	H00
F4D12	H00
F4D13	H00
F4D14	H00
F4D1z	H00
F4D2.	H00
F4D3.	H01
F4D30	H01
F4D31	H01
F4D32	H01
F4D33	H01
F4D3z	H01
F4D4.	H03
F4D5.	H03
F4D6.	H03
F4Dy.	H01
F4Dy0	H01
F4Dz.	H01
F4E..	H02
F4E0.	H02
F4E00	H02
F4E01	H02
F4E02	H02
F4E03	H02
F4E04	H02
F4E05	H02
F4E06	H02
F4E07	H02
F4E0z	H02
F4E1.	H02
F4E10	H02
F4E11	H02
F4E12	H02
F4E13	H02
F4E14	H02
F4E1z	H02
F4E2.	H02
F4E20	H02
F4E21	H02
F4E22	H02
F4E23	H02
F4E2z	H02
F4E3.	H02
F4E30	H02
F4E31	H02
F4E32	H02
F4E33	H02
F4E34	H02
F4E3z	H02
F4E4.	H02
F4E40	H02
F4E41	H02
F4E42	H02
F4E43	H02
F4E44	H02
F4E45	H02
F4E46	H02
F4E4z	H02
F4E5.	H02
F4E50	H02
F4E51	H02
F4E52	H02
F4E53	H02
F4E54	H02
F4E55	H02
F4E56	H02
F4E5z	H02
F4E6.	H02
F4Ey.	H02
F4Ey0	H02
F4Ey1	H02
F4Ey2	H02
F4Ey3	H02
F4Ey4	H02
F4Ey5	H02
F4Ey6	H02
F4Ey8	H02
F4Eyz	H02
F4Ez.	H02
F4F..	H04
F4F0.	H04
F4F00	H04
F4F01	H04
F4F02	H04
F4F03	H04
F4F0z	H04
F4F1.	H04
F4F10	H04
F4F11	H04
F4F12	H04
F4F13	H04
F4F14	H04
F4F15	H04
F4F1z	H04
F4F2.	H04
F4F20	H04
F4F21	H04
F4F22	H04
F4F2z	H04
F4F3.	H04
F4F30	H04
F4F31	H04
F4F32	H04
F4F33	H04
F4F3z	H04
F4F4.	H04
F4F40	H04
F4F41	H04
F4F42	H04
F4F4z	H04
F4F5.	H04
F4F50	H04
F4F51	H04
F4F52	H04
F4F53	H04
F4F54	H04
F4F55	H04
F4F56	H04
F4F5z	H04
F4F6.	H04
F4F60	H04
F4F6z	H04
F4Fy.	H04
F4Fy0	H04
F4Fyz	H04
F4Fz.	H04
F4G..	H05
F4G0.	H05
F4G00	H05
F4G01	H05
F4G02	H05
F4G03	H05
F4G04	H05
F4G05	H05
F4G0z	H05
F4G1.	H05
F4G10	H05
F4G11	H05
F4G12	H05
F4G13	H06
F4G1z	H05
F4G2.	H06
F4G21	H05
F4G2z	H06
F4G3.	H05
F4G30	H05
F4G31	H05
F4G32	H05
F4G33	H05
F4G34	H05
F4G35	H05
F4G36	H05
F4G3z	H05
F4G4.	H05
F4G40	H05
F4G41	H05
F4G42	H05
F4G43	H05
F4G44	H05
F4G45	H05
F4G46	H05
F4G47	H05
F4G48	H05
F4G4z	H05
F4G5.	H05
F4G50	H05
F4G51	H05
F4G52	H05
F4G53	H05
F4G5z	H05
F4G6.	H05
F4Gy.	H05
F4Gy0	H05
F4Gy1	H05
F4Gyz	H05
F4Gz.	H05
F4H0.	H47
F4H00	H47
F4H01	H47
F4H02	H47
F4H03	H47
F4H04	H47
F4H0z	H47
F4H1.	H47
F4H10	H47
F4H11	H47
F4H12	H47
F4H13	H47
F4H14	H47
F4H15	H47
F4H16	H47
F4H17	H47
F4H1z	H47
F4H2.	H47
F4H20	H47
F4H21	H47
F4H22	H47
F4H23	H47
F4H2z	H47
F4H3.	H46
F4H30	H46
F4H31	H46
F4H32	H46
F4H33	H46
F4H34	H46
F4H3z	H46
F4H4.	H47
F4H40	H47
F4H41	H47
F4H42	H47
F4H4z	H47
F4H5.	H47
F4H50	H47
F4H51	H47
F4H52	H47
F4H53	H47
F4H5z	H47
F4H6.	H47
F4H60	H48
F4H61	H48
F4H62	H47
F4H6z	H47
F4H7.	H47
F4H70	H48
F4H71	H47
F4H72	H47
F4H73	H47
F4H7z	H47
F4Hz.	H47
F4J0.	H50
F4J00	H50
F4J01	H50
F4J02	H50
F4J03	H50
F4J04	H50
F4J05	H50
F4J06	H50
F4J07	H50
F4J08	H50
F4J09	H50
F4J0A	H50
F4J0z	H50
F4J1.	H50
F4J10	H50
F4J11	H50
F4J12	H50
F4J13	H50
F4J14	H50
F4J15	H50
F4J16	H50
F4J17	H50
F4J18	H50
F4J19	H50
F4J1A	H50
F4J1z	H50
F4J2.	H50
F4J20	H50
F4J21	H50
F4J22	H50
F4J23	H50
F4J24	H50
F4J25	H50
F4J2z	H50
F4J3.	H50
F4J30	H50
F4J31	H50
F4J32	H50
F4J33	H50
F4J34	H50
F4J35	H50
F4J36	H50
F4J37	H50
F4J38	H50
F4J3z	H50
F4J4.	H50
F4J40	H50
F4J41	H50
F4J42	H50
F4J43	H50
F4J44	H50
F4J45	H50
F4J46	H50
F4J4z	H50
F4J5.	H49
F4J50	H49
F4J51	H49
F4J52	H49
F4J53	H49
F4J54	H49
F4J55	H49
F4J56	H49
F4J5z	H49
F4J6.	H50
F4J60	H50
F4J61	H50
F4J62	H50
F4J63	H50
F4J6z	H50
F4J7.	H50
F4J70	H50
F4J71	H49
F4J72	H50
F4J7z	H50
F4Jy.	H51
F4Jy0	H51
F4Jy1	H51
F4Jy2	H51
F4Jy3	H51
F4Jy4	H51
F4Jy5	H51
F4Jy6	H51
F4Jy7	H51
F4Jy8	H51
F4Jy9	H51
F4Jyz	H51
F4Jz.	H50
F4K00	H15
F4K01	H15
F4K02	H15
F4K03	H15
F4K04	H15
F4K05	H16
F4K06	H15
F4K07	H15
F4K08	H15
F4K0z	H15
F4K1.	H15
F4K10	H15
F4K11	H15
F4K12	H15
F4K13	H15
F4K14	H15
F4K15	H15
F4K1z	H15
F4K2.	H43
F4K20	H43
F4K21	H43
F4K22	H43
F4K23	H43
F4K24	H43
F4K25	H43
F4K26	H43
F4K27	H43
F4K28	H43
F4K29	H43
F4K2A	H43
F4K2B	H43
F4K2C	H43
F4K2D	H59
F4K2E	H43
F4K2F	E85
F4K2z	H43
F4K3.	H27
F4K30	H27
F4K31	H27
F4K32	H27
F4K33	H27
F4K34	H26
F4K3z	H27
F4K4.	H57
F4K40	H57
F4K41	H57
F4K42	H57
F4K43	H57
F4K45	H57
F4K46	H57
F4K47	H57
F4K48	H57
F4K49	H57
F4K4z	H57
F4K5.	H55
F4K50	H55
F4K51	H55
F4K52	H55
F4K53	H55
F4K55	H55
F4K56	H55
F4K57	H55
F4K58	H55
F4K59	H55
F4K5z	H55
F4K7.	H05
F4KX.	H59
F4Ky.	H57
F4Kz.	H57
F4Kz0	H57
F4Kz1	H57
F4Kz2	H57
F4Kz3	H57
F4Kz4	H57
F4Kz5	H57
F4Kzz	H57
F4y..	H57
F4z..	H57
F500.	H61
F5000	H61
F5001	H61
F5002	H61
F5003	H61
F500z	H61
F501.	H60
F5010	H60
F5011	H60
F5012	H60
F5013	H60
F5018	H60
F5019	H60
F501A	H60
F501E	H60
F501F	H60
F501G	H60
F501y	H60
F501z	H60
F502.	H60
F5020	H60
F5021	H60
F5022	H60
F5023	H60
F5024	H60
F5025	H60
F5026	H60
F5027	H60
F502z	H60
F503.	H61
F5030	H61
F5032	H61
F5033	H61
F503z	H61
F504.	H61
F505.	H61
F5050	H61
F5051	H61
F5052	H61
F5053	H61
F505z	H61
F506.	H60
F50y.	H61
F50y0	H61
F50yz	H61
F50z.	H61
F510.	H65
F5100	H65
F5101	H65
F5102	H65
F5103	H65
F5104	H65
F5105	H65
F5106	H65
F510z	H65
F511.	H65
F5110	H65
F5111	H65
F5112	H65
F5113	H65
F511z	H65
F512.	H65
F5120	H65
F5121	H65
F512z	H65
F513.	H65
F5130	H65
F5131	H66
F513z	H65
F514.	H65
F5140	H65
F5141	H65
F5142	H65
F5143	H65
F514z	H65
F515.	H68
F5150	H68
F5151	H68
F5152	H68
F515z	H68
F516.	H68
F5160	H68
F5161	H68
F5162	H68
F5163	H68
F516z	H68
F517.	H69
F518.	H65
F51y.	H69
F51y0	H69
F51yz	H69
F51z.	H69
F52..	H66
F520.	H66
F5200	H66
F5201	H66
F5203	H66
F520z	H66
F521.	H66
F522.	H66
F523.	H66
F524.	H66
F5240	H66
F525.	H66
F526.	H66
F527.	H66
F528.	H66
F52z.	H66
F53..	H70
F530.	H70
F5300	H70
F5301	H70
F5302	H66
F5303	H70
F530z	H70
F531.	H70
F5310	H70
F5311	H70
F531z	H70
F532.	H70
F5320	H70
F5321	H70
F5322	H70
F532z	H70
F533.	H95
F5330	H95
F5331	H95
F5332	H95
F5333	H95
F533z	H95
F53y.	H70
F53y0	H70
F53y1	H70
F53z.	H70
F54..	H73
F540.	H73
F5401	H73
F5402	H73
F540z	H73
F541.	H73
F542.	H72
F5420	H72
F5421	H72
F5422	H72
F5423	H72
F5424	H72
F5425	H72
F5426	H72
F542z	H72
F543.	H73
F54y.	H73
F54y0	H73
F54y1	H73
F54y2	H73
F54y3	H73
F54yz	H73
F54z.	H73
F55..	H74
F550.	H74
F5500	H74
F5501	H74
F5502	H74
F5503	H74
F550z	H74
F551.	H74
F5510	H74
F5511	H74
F5512	H74
F5513	H74
F551z	H74
F552.	H74
F5520	H74
F5521	H74
F5522	H74
F5523	H74
F552z	H74
F5530	H71
F5531	H71
F5532	H71
F5533	H71
F5534	H71
F5535	H74
F553z	H71
F55y.	H74
F55y0	H71
F55y1	H74
F55yz	H74
F55z.	H74
F56..	H81
F560.	H81
F5600	H81
F5601	H81
F5602	H81
F5603	H81
F5604	H81
F560z	H81
F561.	H81
F5610	H81
F5611	H81
F5612	H81
F5613	H81
F5614	H81
F5615	H81
F561z	H81
F562.	H81
F5620	H81
F5621	H81
F562z	H81
F563.	H83
F5630	H83
F5631	H83
F5632	H83
F5633	H83
F5634	H83
F5635	H83
F563z	H83
F564.	H83
F5640	H83
F5641	H83
F5642	H83
F5643	H83
F564y	H83
F564z	H83
F565.	H83
F5650	H83
F5651	H83
F5652	H83
F5653	H83
F5654	H83
F5655	H83
F5656	H83
F565z	H83
F56X.	H81
F56y.	H83
F56z.	H83
F57..	H80
F570.	H80
F571.	H80
F572.	H80
F57y.	H80
F57z.	H80
F580.	H93
F5800	H93
F5801	H91
F5802	H93
F580z	H93
F581.	H83
F5810	H83
F5811	H83
F5812	H83
F581z	H83
F582.	H91
F583.	H93
F5830	H93
F5831	H93
F5832	H93
F583z	H93
F584.	H93
F5840	H93
F5841	H93
F5842	H93
F5843	H93
F5844	H93
F584z	H93
F585.	H93
F5850	H93
F5851	H93
F585z	H93
F586.	H92
F5860	H92
F5861	G96
F5862	H92
F586z	H92
F587.	H92
F5870	H92
F5871	H92
F5872	H92
F587z	H92
F58z.	H93
F59..	H91
F590.	H90
F5900	H90
F5901	H90
F5902	H90
F5903	H90
F5904	H90
F5905	H90
F5906	H90
F590y	H90
F590z	H90
F591.	H90
F5910	H90
F5911	H90
F5912	H90
F5913	H90
F5914	H90
F5915	H91
F5916	H90
F5917	H90
F5918	H90
F5919	H90
F591A	H90
F591B	H90
F591C	H90
F591D	H90
F591E	H90
F591y	H90
F591z	H90
F592.	H90
F5920	H90
F5921	H90
F593.	H91
F594.	H91
F595.	H91
F596.	H91
F597.	H91
F598.	H91
F599.	H91
F59A.	H91
F59y.	H91
F59z.	H91
F5A..	H91
Fy0..	G47
Fy00.	G47
Fy01.	G47
Fy02.	G47
Fy03.	G47
Fy04.	G47
Fy05.	G47
Fy06.	G47
Fyu00	G00
Fyu01	G02
Fyu02	G02
Fyu03	G02
Fyu04	G03
Fyu05	G04
Fyu06	G04
Fyu07	G05
Fyu08	G05
Fyu09	G05
Fyu0A	G05
Fyu0B	G07
Fyu0C	G09
Fyu0D	G06
Fyu10	G11
Fyu11	G12
Fyu12	G12
Fyu13	G13
Fyu14	G13
Fyu15	G13
Fyu16	G13
Fyu20	G21
Fyu21	G21
Fyu22	G22
Fyu23	G23
Fyu24	G24
Fyu25	G25
Fyu26	G25
Fyu27	G25
Fyu28	G26
Fyu29	G21
Fyu2A	G24
Fyu2B	G21
Fyu30	G30
Fyu31	G31
Fyu32	G32
Fyu34	G32
Fyu40	G36
Fyu41	G37
Fyu42	G36
Fyu50	G40
Fyu51	G40
Fyu52	G41
Fyu53	G43
Fyu54	G44
Fyu55	G45
Fyu56	G46
Fyu57	G46
Fyu58	G47
Fyu59	G41
Fyu5A	G44
Fyu5B	G44
Fyu5C	G44
Fyu5D	G44
Fyu5E	G44
Fyu5F	G44
Fyu5G	G44
Fyu5H	G44
Fyu60	G50
Fyu61	G51
Fyu62	G53
Fyu63	G53
Fyu64	G53
Fyu65	G54
Fyu66	G55
Fyu67	G55
Fyu68	G55
Fyu69	G56
Fyu6A	G56
Fyu6B	G57
Fyu6C	G58
Fyu6D	G59
Fyu6E	G58
Fyu70	G60
Fyu71	G61
Fyu72	G62
Fyu73	G63
Fyu74	G63
Fyu75	G63
Fyu76	G63
Fyu77	G63
Fyu78	G63
Fyu79	G63
Fyu7A	G64
Fyu7B	G61
Fyu7C	G62
Fyu80	G70
Fyu81	G71
Fyu82	G72
Fyu83	G73
Fyu84	G73
Fyu85	G73
Fyu86	G73
Fyu87	G73
Fyu88	G73
Fyu89	G73
Fyu8A	G71
Fyu8B	G72
Fyu90	G80
Fyu91	G83
FyuA0	G90
FyuA1	G91
FyuA2	G93
FyuA3	G94
FyuA4	G94
FyuA5	G94
FyuA6	G94
FyuA7	G95
FyuA8	G96
FyuA9	G97
FyuAA	G97
FyuAB	G98
FyuAC	G99
FyuAD	G99
FyuAE	G99
FyuAF	G99
FyuAG	G91
FyuAH	G96
FyuB0	H01
FyuB1	H02
FyuB2	H02
FyuB3	H02
FyuB4	H03
FyuB5	H03
FyuB6	H03
FyuB7	H04
FyuB8	H04
FyuB9	H04
FyuBA	H05
FyuBB	H06
FyuBC	H06
FyuBD	H06
FyuBE	H06
FyuC0	H10
FyuC1	H10
FyuC2	H11
FyuC3	H11
FyuC4	H13
FyuC5	H13
FyuC6	H13
FyuC7	H13
FyuD0	H15
FyuD1	H16
FyuD2	H16
FyuD3	H17
FyuD4	H17
FyuD5	H18
FyuD6	H18
FyuD7	H18
FyuD8	H19
FyuD9	H19
FyuDA	H19
FyuDB	H19
FyuDC	H20
FyuDD	H21
FyuDE	H21
FyuDF	H21
FyuDG	H22
FyuDH	H22
FyuDJ	H22
FyuE0	H25
FyuE1	H26
FyuE2	H27
FyuE3	H28
FyuE4	H28
FyuE5	H28
FyuF0	H30
FyuF1	H31
FyuF2	H32
FyuF3	H32
FyuF4	H33
FyuF5	H34
FyuF6	H34
FyuF7	H35
FyuF8	H35
FyuF9	H36
FyuG0	H40
FyuG1	H42
FyuG2	H42
FyuH0	H43
FyuH1	H43
FyuH2	H44
FyuH3	H44
FyuH4	H45
FyuH5	H45
FyuH6	H45
FyuJ0	H48
FyuJ1	H48
FyuJ2	H48
FyuK0	H49
FyuK1	H50
FyuK2	H50
FyuK3	H51
FyuK4	H52
FyuL0	H53
FyuL1	H53
FyuM0	H57
FyuM1	H58
FyuM2	H58
FyuM3	H58
FyuM4	H59
FyuM5	H59
FyuN0	H60
FyuN1	H60
FyuN2	H61
FyuN3	H62
FyuN4	H62
FyuN5	H62
FyuN6	H62
FyuN7	H62
FyuN8	H62
FyuP0	H65
FyuP1	H65
FyuP2	H66
FyuP3	H67
FyuP4	H67
FyuP5	H67
FyuP6	H69
FyuP7	H70
FyuP8	H72
FyuP9	H72
FyuPA	H73
FyuPB	H74
FyuPC	H74
FyuPD	H75
FyuPE	H75
FyuQ0	H80
FyuQ1	H81
FyuQ2	H81
FyuQ3	H83
FyuQ4	H81
FyuQ5	H82
FyuU0	H91
FyuU1	H91
FyuU2	H93
FyuU3	H93
FyuU4	H94
FyuU5	H94
FyuU6	H95
FyuU7	H95
G0...	I00
G00..	I00
G01..	I01
G010.	I01
G011.	I01
G012.	I01
G01y.	I01
G01y0	I01
G01yz	I01
G01z.	I01
G02..	I02
G020.	I02
G021.	I02
G02z.	I01
G0y..	I00
G0z..	I00
G1...	I09
G10..	I09
G100.	I09
G101.	I09
G102.	I09
G10z.	I09
G11..	I05
G110.	I05
G111.	I05
G112.	I05
G113.	I34
G114.	I34
G11z.	I05
G12..	I06
G120.	I06
G121.	I06
G122.	I06
G12z.	I06
G13..	I08
G130.	I08
G131.	I08
G132.	I08
G133.	I08
G13y.	I08
G13z.	I08
G14..	I09
G140.	I07
G1400	I07
G1401	I07
G1402	I07
G1403	I07
G1404	I07
G1405	I07
G140z	I07
G141.	I09
G1410	I09
G1411	I09
G1412	I09
G141z	I09
G14z.	I09
G1y..	I09
G1y0.	I09
G1yz.	I09
G1yz0	I09
G1yz1	I09
G1yzz	I09
G1z..	I09
G2...	I10
G20..	I10
G200.	I10
G201.	I10
G202.	I10
G203.	I10
G20z.	I10
G21..	I11
G210.	I11
G2100	I11
G2101	I11
G210z	I11
G211.	I11
G2110	I11
G2111	I11
G211z	I11
G21z.	I11
G21z0	I11
G21z1	I11
G21zz	I11
G22..	I12
G220.	I12
G221.	I12
G222.	I12
G22z.	I12
G23..	I13
G230.	I13
G231.	I13
G232.	I13
G233.	I13
G234.	I13
G23z.	I13
G24..	I15
G240.	I15
G2400	I15
G240z	I15
G241.	I15
G2410	I15
G241z	I15
G244.	I15
G24z.	I15
G24z0	I15
G24z1	I15
G24zz	I15
G25..	I10
G250.	I10
G251.	I10
G26..	I10
G27..	I10
G28..	I10
G2y..	I10
G2z..	I10
G30..	I21
G300.	I21
G301.	I21
G3010	I21
G3011	I21
G301z	I21
G302.	I21
G303.	I21
G304.	I21
G305.	I21
G306.	I21
G307.	I21
G3070	I21
G3071	I21
G308.	I21
G309.	I21
G30A.	I21
G30B.	I21
G30X.	I21
G30X0	I21
G30y.	I21
G30y0	I21
G30y1	I21
G30y2	I21
G30yz	I21
G30z.	I21
G31..	I24
G310.	I24
G311.	I20
G3110	I24
G3111	I20
G3112	I20
G3113	I20
G3114	I20
G3115	I24
G311z	I20
G312.	I24
G31y.	I24
G31y0	I24
G31y1	I24
G31y2	I24
G31y3	I24
G31yz	I24
G32..	I25
G33..	I20
G330.	I20
G3300	I20
G330z	I20
G331.	I20
G332.	I20
G33z.	I20
G33z0	I20
G33z1	I20
G33z2	I20
G33z3	I20
G33z4	I20
G33z5	I20
G33z6	I20
G33z7	I20
G33zz	I20
G34..	I25
G340.	I25
G3400	I25
G3401	I25
G341.	I25
G3410	I25
G3411	I25
G3412	I25
G3413	I25
G341z	I25
G342.	I25
G343.	I25
G344.	I25
G34y.	I25
G34y0	I25
G34y1	I25
G34yz	I25
G34z.	I25
G34z0	I25
G35..	I22
G350.	I22
G351.	I22
G353.	I22
G35X.	I22
G36..	I23
G360.	I23
G361.	I23
G362.	I23
G363.	I23
G364.	I23
G365.	I23
G366.	I23
G37..	I20
G38..	I21
G380.	I21
G381.	I21
G382.	I21
G383.	I21
G384.	I21
G38z.	I21
G39..	I20
G3y..	I25
G3z..	I25
G40..	I26
G400.	I26
G401.	I26
G4010	I26
G4011	I26
G402.	I26
G40z.	I26
G41..	I27
G410.	I27
G411.	I27
G41y.	I27
G41y0	I27
G41y1	I27
G41yz	I27
G41z.	I27
G42..	I28
G420.	I28
G421.	I28
G42y.	I28
G42y0	I28
G42y1	I28
G42y2	I28
G42yz	I28
G42z.	I28
G4y..	I28
G4z..	I28
G50..	I30
G500.	I32
G500z	I32
G501.	I23
G50z.	I30
G50z0	I30
G50z1	I30
G50z2	I30
G50z3	I30
G50z4	I30
G50z5	I30
G50zz	I30
G51..	I33
G510.	I33
G5100	I33
G5101	I33
G5102	I33
G510z	I33
G511.	I33
G5115	I33
G511z	I33
G51z.	I33
G51z0	I33
G51z1	I33
G51z2	I33
G51z3	I33
G51z4	I33
G51z5	I33
G51zz	I33
G52..	I40
G520.	I41
G5205	B58
G520z	I41
G52y.	I40
G52y0	I40
G52y1	I40
G52y2	I40
G52y6	I40
G52y7	I40
G52yz	I40
G52z.	I40
G53..	I31
G530.	I31
G531.	I31
G5310	I31
G5311	I31
G531z	I31
G532.	I31
G5320	A19
G5321	I31
G532z	I31
G533.	I31
G534.	I30
G536.	I31
G5360	I31
G53y.	I31
G53y0	I31
G53y1	I31
G53yz	I31
G53z.	I31
G53z0	I31
G540.	I34
G5400	I34
G5401	I34
G5402	I34
G5403	I34
G540z	I34
G541.	I35
G5410	I35
G5411	I35
G5412	I35
G5413	I35
G5414	I35
G5415	I35
G5416	I35
G5417	I35
G541z	I35
G542.	I36
G5420	I36
G5421	I36
G5422	I36
G542X	I36
G542z	I36
G543.	I37
G5430	I37
G5431	I37
G5432	I37
G5433	I37
G5434	I37
G543z	I37
G544.	I08
G5440	I08
G5441	I08
G5442	I08
G544X	I08
G54z.	I38
G54z0	I38
G54z1	I38
G54z2	I38
G54z3	I38
G54z4	I39
G54z5	I38
G54zz	I38
G55..	I42
G550.	I42
G551.	I42
G552.	I42
G553.	I42
G554.	I42
G5540	I42
G5541	I42
G5542	I42
G5543	I42
G5544	I42
G5545	I42
G554z	I42
G555.	I42
G557.	I43
G5570	E85
G558.	I43
G5583	D86
G558z	I43
G559.	I42
G55A.	I42
G55y.	I42
G55y0	I42
G55z.	I42
G560.	I44
G561.	I44
G5610	I44
G5611	I44
G5612	I44
G5613	I44
G5614	I44
G561z	I44
G562.	I44
G5620	I44
G5621	I44
G562z	I44
G563.	I44
G564.	I45
G565.	I45
G5650	I45
G5651	I45
G5652	I45
G5653	I45
G5654	I45
G5655	I45
G565z	I45
G566.	I45
G5660	I45
G5661	I45
G5662	I45
G566z	I45
G567.	I45
G5670	I45
G5671	I45
G5672	I45
G5673	I45
G5674	I45
G567z	I45
G56y.	I45
G56y0	I45
G56y1	I45
G56y2	I45
G56y3	I45
G56y4	I45
G56y5	I49
G56yz	I45
G56z.	I45
G56z0	I45
G56zz	I45
G570.	I47
G5700	I47
G5701	I47
G5702	I47
G5703	I47
G570z	I47
G571.	I47
G572.	I47
G5720	I47
G5721	I47
G572z	I47
G573.	I48
G5730	I48
G5731	I48
G5732	I48
G5733	I48
G5734	I48
G5735	I48
G5736	I48
G5737	I48
G5738	I48
G5739	I48
G573z	I48
G574.	I49
G5740	I49
G5741	I49
G574z	I49
G575.	I46
G5750	I46
G5751	I46
G5752	I46
G5753	I46
G575z	I46
G576.	I49
G5760	I49
G5761	I49
G5762	I49
G5763	I49
G5764	I49
G5765	I49
G576z	I49
G577.	I49
G578.	I45
G57y.	I49
G57y2	I49
G57y3	I49
G57y4	I49
G57y5	I49
G57y6	I49
G57y9	I47
G57yA	I47
G57yz	I49
G57z.	I49
G58..	I50
G580.	I50
G5800	I50
G5801	I50
G5802	I50
G5803	I50
G5804	I50
G581.	I50
G5810	I50
G582.	I50
G583.	I50
G584.	I50
G58z.	I50
G5y..	I51
G5y0.	I51
G5y1.	I51
G5y2.	I25
G5y3.	I51
G5y30	I51
G5y31	I51
G5y32	I51
G5y33	I51
G5y34	I51
G5y35	I51
G5y36	I51
G5y3z	I51
G5y4.	I97
G5y40	I97
G5y4z	I97
G5y5.	I51
G5y6.	I51
G5y9.	I51
G5yA.	I52
G5yX.	I51
G5yy.	I51
G5yy0	I42
G5yy1	I42
G5yy2	I51
G5yy3	I42
G5yy4	I42
G5yy5	I51
G5yy6	I51
G5yy7	I51
G5yy8	I51
G5yy9	I51
G5yyA	I51
G5yyB	I51
G5yyC	I51
G5yyD	I51
G5yyE	I51
G5yyz	I51
G5yz.	I51
G5z..	I51
G6...	I67
G60..	I60
G600.	I60
G601.	I60
G602.	I60
G603.	I60
G604.	I60
G605.	I60
G606.	I60
G60X.	I60
G60z.	I60
G61..	I61
G610.	I61
G611.	I61
G612.	I61
G613.	I61
G614.	I61
G615.	I61
G616.	I61
G617.	I61
G618.	I61
G619.	I61
G61X.	I61
G61X0	I61
G61X1	I61
G61z.	I61
G62..	I62
G620.	I62
G621.	I62
G622.	I62
G62z.	I62
G63..	I65
G630.	I65
G631.	I65
G632.	I65
G633.	I65
G634.	I65
G63y.	I65
G63y0	I63
G63y1	I63
G63z.	I65
G640.	I66
G6400	I63
G641.	I66
G6410	I63
G64z.	I63
G64z0	I63
G64z2	I63
G64z3	I63
G64z4	I63
G65..	G45
G650.	G45
G651.	G45
G6510	G45
G652.	G45
G653.	G45
G654.	G45
G655.	G45
G656.	G45
G657.	G45
G65y.	G45
G65z.	G45
G65z0	I67
G65z1	I64
G65zz	G45
G66..	I64
G660.	G46
G661.	G46
G662.	G46
G663.	G46
G664.	G46
G665.	G46
G666.	G46
G667.	I64
G668.	I64
G669.	I64
G67..	I67
G670.	I67
G671.	I67
G6710	I67
G6711	I67
G671z	I67
G672.	I67
G673.	I67
G6730	I67
G6731	I67
G6732	I72
G6733	I72
G674.	I67
G6740	I68
G675.	I67
G676.	I67
G6760	I63
G677.	I66
G6770	I66
G6771	I66
G6772	I66
G6773	I66
G6774	I66
G678.	I67
G679.	I67
G67A.	I67
G67B.	I67
G67y.	I67
G67z.	I67
G68..	I69
G680.	I69
G681.	I69
G682.	I69
G683.	I69
G68W.	I69
G68X.	I69
G6W..	I63
G6X..	I63
G6y..	I67
G6z..	I67
G70..	I70
G700.	I70
G701.	I70
G7010	I70
G702.	I70
G7020	I70
G702z	I70
G703.	I70
G704.	I25
G70y.	I70
G70y0	I70
G70z.	I70
G71..	I71
G710.	I71
G711.	I71
G712.	I71
G713.	I71
G7130	I71
G714.	I71
G7140	I71
G7141	I71
G7142	I71
G7143	I71
G715.	I71
G7150	I71
G716.	I71
G7160	I71
G718.	I71
G719.	I71
G71A.	I71
G71z.	I71
G72..	I72
G720.	I72
G7200	I72
G7201	I72
G7202	I72
G720z	I72
G721.	I72
G7210	I72
G7211	Q27
G722.	I72
G7220	I72
G7221	I72
G7222	I72
G722z	I72
G723.	I72
G7230	I72
G7231	I72
G7232	I72
G7233	I72
G7234	I72
G7235	I72
G7236	I72
G723z	I72
G724.	I72
G725.	I72
G726.	I72
G727.	I72
G728.	I72
G729.	I72
G72A.	I72
G72B.	I72
G72B1	I25
G72C.	I72
G72D.	I72
G72D0	I72
G72D1	I72
G72D2	I72
G72E.	I72
G72y.	I72
G72y0	I72
G72y1	I72
G72y2	I72
G72y3	I72
G72y4	I72
G72y5	I72
G72y6	I72
G72y7	I72
G72y8	I72
G72y9	I72
G72yA	I72
G72yB	I72
G72yC	I72
G72yz	I72
G72z.	I72
G73..	I73
G730.	I73
G7300	I73
G7301	I73
G730z	I73
G731.	I73
G7310	I73
G7311	I73
G731z	I73
G733.	I73
G734.	I73
G73y.	I73
G73y1	I79
G73y2	I73
G73y4	I73
G73y5	I73
G73y6	I73
G73y7	I73
G73y8	I73
G73yz	I73
G73z.	I73
G73z0	I73
G73z1	I73
G73zz	I73
G74..	I74
G740.	I74
G741.	I74
G742.	I74
G7420	I74
G7421	I74
G7422	I74
G7423	I74
G7424	I74
G7425	I74
G7426	I74
G7427	I74
G7428	I74
G7429	I74
G742A	I74
G742B	I74
G742z	I74
G743.	I74
G74y.	I74
G74y0	I74
G74y1	I74
G74y2	I74
G74y3	I74
G74y5	I74
G74y6	I74
G74y7	I74
G74y8	I74
G74y9	I74
G74yz	I74
G74z.	I74
G75..	M30
G750.	M30
G751.	M30
G7510	M30
G751z	M30
G752.	M31
G7520	M31
G7521	M31
G752z	M31
G753.	M31
G754.	M31
G755.	M31
G7550	M31
G7551	M31
G7552	M31
G755z	M31
G756.	M31
G7560	M31
G7561	M31
G756z	M31
G757.	M31
G758.	M30
G759.	M30
G75A.	M31
G75X.	M31
G75z.	M30
G76..	I77
G760.	I77
G761.	I77
G762.	I77
G7620	I77
G763.	I77
G764.	I77
G765.	I77
G766.	I77
G767.	A52
G768.	I77
G7680	I77
G7681	I77
G768z	I77
G76A.	I77
G76B.	I77
G76z.	I77
G76z0	I77
G76z1	I77
G76z2	I77
G77..	I78
G770.	I78
G771.	I78
G7710	I78
G7711	I78
G7712	I78
G7713	I78
G771z	I78
G77z.	I78
G77z0	I78
G77z1	I78
G77z2	I78
G77z3	I78
G77zz	I78
G78..	I77
G783.	I77
G7830	I77
G7831	I77
G7832	I77
G784.	I77
G7840	I77
G7841	I77
G7842	I77
G80..	I80
G800.	I80
G8000	I80
G8001	I80
G8002	I80
G8003	I80
G8004	I80
G8005	I80
G800z	I80
G801.	I80
G8010	I80
G8011	I80
G8012	I80
G8013	I80
G8014	I80
G8015	I80
G8016	I80
G8017	I80
G8018	I80
G8019	I80
G801A	I80
G801B	I80
G801C	I80
G801D	I80
G801E	I80
G801F	I80
G801G	I80
G801H	I80
G801J	I80
G801z	I80
G802.	I80
G8020	I80
G80y.	I80
G80y0	I80
G80y1	I80
G80y2	I80
G80y3	I80
G80y4	I80
G80y5	I80
G80y6	I80
G80y7	I80
G80y8	I80
G80y9	I80
G80yz	I80
G80z.	I80
G80z0	I80
G80z1	I80
G80zz	I80
G81..	I81
G82..	I82
G820.	I82
G821.	I82
G822.	I82
G8220	I82
G823.	I82
G824.	I82
G825.	I82
G826.	I82
G827.	I82
G82y.	I82
G82z.	I82
G82z0	I82
G82z1	I82
G82zz	I82
G83..	I83
G830.	I83
G831.	I83
G832.	I83
G833.	I83
G834.	I83
G8340	I83
G8341	I83
G835.	I83
G836.	I83
G837.	I83
G83z.	I83
G84..	K64
G840.	K64
G841.	K64
G842.	K64
G8420	K64
G8421	K64
G8422	K64
G8423	K64
G8424	K64
G8425	K64
G8426	K64
G8427	K64
G842z	K64
G843.	K64
G844.	K64
G845.	K64
G8450	K64
G8451	K64
G8452	K64
G8453	K64
G845z	K64
G846.	K64
G847.	K64
G848.	K64
G8480	K64
G8481	K64
G8482	K64
G8483	K64
G848z	K64
G849.	K64
G8490	K64
G8491	K64
G849z	K64
G84A.	K64
G84z.	K64
G84z0	K64
G85..	I86
G850.	I85
G851.	I85
G852.	I98
G8520	I98
G8521	I98
G852z	I98
G853.	I86
G854.	I86
G855.	I86
G856.	I86
G857.	I86
G858.	I85
G85y.	I86
G85z.	I86
G86..	I89
G860.	I97
G861.	I89
G8610	I89
G8611	I89
G8612	I89
G8613	I89
G8614	I89
G8615	I89
G861z	I89
G862.	I89
G8620	I89
G8621	I89
G86y.	I89
G86y0	I89
G86y1	I89
G86y2	I89
G86y3	I89
G86y4	I89
G86y5	I89
G86y6	I89
G86y7	I89
G86y8	I89
G86y9	I89
G86yA	I89
G86yz	I89
G86z.	I89
G87..	I95
G870.	I95
G871.	I95
G872.	I95
G873.	I95
G87z.	I95
G8X..	I87
G8X0.	I87
G8y1.	I87
G8y2.	I87
G8y20	I87
G8y21	I87
G8y22	I87
G8y2z	I87
G8y3.	I87
G8y4.	I87
G8y5.	I87
G8y6.	I87
G8yy0	I87
G8yy1	I87
G8yy2	I87
G8yy3	I87
G8yy4	I87
G8yy5	I87
G8yyz	I99
G8yz.	I99
G9...	I70
GA...	I09
GA0..	I09
Gy0..	I98
Gyu00	I01
Gyu10	I05
Gyu11	I06
Gyu12	I07
Gyu13	I08
Gyu14	I09
Gyu15	I08
Gyu20	I15
Gyu21	I15
Gyu30	I20
Gyu31	I23
Gyu32	I24
Gyu33	I25
Gyu34	I21
Gyu35	I22
Gyu36	I22
Gyu40	I27
Gyu41	I28
Gyu50	I30
Gyu51	I31
Gyu52	I32
Gyu53	I32
Gyu54	I32
Gyu55	I34
Gyu56	I35
Gyu57	I36
Gyu58	I37
Gyu59	I39
Gyu5A	I39
Gyu5B	I39
Gyu5C	I39
Gyu5D	I39
Gyu5E	I39
Gyu5F	I40
Gyu5G	I40
Gyu5H	I41
Gyu5J	I41
Gyu5K	I41
Gyu5L	I41
Gyu5M	I42
Gyu5N	I42
Gyu5P	I42
Gyu5Q	I43
Gyu5R	I43
Gyu5S	I43
Gyu5T	I43
Gyu5U	I44
Gyu5V	I44
Gyu5W	I45
Gyu5X	I45
Gyu5Y	I45
Gyu5Z	I49
Gyu5a	I49
Gyu5b	I51
Gyu5c	I52
Gyu5d	I52
Gyu5e	I52
Gyu5f	I36
Gyu5g	I51
Gyu60	I60
Gyu61	I60
Gyu62	I61
Gyu63	I63
Gyu64	I63
Gyu65	I65
Gyu66	I66
Gyu67	I67
Gyu68	I68
Gyu69	I68
Gyu6A	I68
Gyu6B	I69
Gyu6C	I69
Gyu6D	I69
Gyu6E	I60
Gyu6F	I61
Gyu6G	I63
Gyu70	I70
Gyu71	I71
Gyu72	I71
Gyu73	I72
Gyu74	I73
Gyu75	I74
Gyu76	I77
Gyu77	I78
Gyu78	I79
Gyu79	I79
Gyu7A	I79
Gyu7B	I79
Gyu80	I80
Gyu81	I80
Gyu82	I82
Gyu83	K64
Gyu84	K64
Gyu85	K64
Gyu86	I86
Gyu87	I87
Gyu88	I88
Gyu89	I89
Gyu8A	I87
Gyu90	I95
Gyu91	I97
Gyu92	I97
Gyu93	I98
Gyu94	I98
Gyu95	I98
Gyu96	I99
Gz...	I99
H00..	J00
H01..	J01
H010.	J01
H011.	J01
H012.	J01
H013.	J01
H014.	J01
H01y.	J01
H01y0	J01
H01yz	J01
H01z.	J01
H02..	J02
H020.	J02
H021.	J02
H022.	J02
H023z	J02
H024.	J02
H025.	J02
H02z.	J02
H03..	J03
H030.	J03
H031.	J03
H032.	J03
H033.	J03
H034.	J03
H035z	J03
H036.	J03
H037.	J03
H03z.	J03
H04..	J04
H040.	J04
H0400	J04
H0401	J04
H0402	J04
H0403	J04
H0406	J04
H040w	J04
H040x	J04
H040z	J04
H041.	J04
H0410	J04
H0411	J04
H041z	J04
H042.	J04
H0420	J04
H0421	J04
H042z	J04
H043.	J05
H0430	J05
H0431	J05
H0432	J05
H043z	J05
H044.	J05
H04z.	J04
H05..	J06
H050.	J06
H051.	J06
H052.	J06
H053.	J06
H054.	J06
H055.	J06
H05y.	J06
H05z.	J06
H060.	J20
H0600	J20
H0601	J20
H0602	J20
H0603	J20
H0604	J20
H0605	J20
H0607	J20
H0608	J20
H0609	J20
H060A	J20
H060B	J20
H060C	J20
H060D	J20
H060E	J20
H060F	J20
H060v	J20
H060w	J20
H060x	J20
H060z	J20
H061.	J21
H0610	J21
H0611	J21
H0612	J21
H0613	J21
H0614	J44
H0615	J21
H0616	J21
H0617	J21
H061z	J21
H062.	J22
H06z0	J22
H06z1	J22
H06z2	J22
H07..	J00
H0z..	J22
H10..	J34
H11..	J33
H110.	J33
H1100	J33
H1101	J33
H110z	J33
H111.	J33
H1110	J33
H111z	J33
H11y.	J33
H11y0	J33
H11y1	J33
H11y2	J33
H11y3	J33
H11yz	J33
H11z.	J33
H12..	J31
H120.	J31
H1200	J31
H1201	J31
H1202	J31
H1203	J31
H1204	J00
H1205	J31
H1206	J31
H1207	J31
H120z	J31
H121.	J31
H1210	J31
H1211	J31
H1212	J31
H1213	J31
H1214	J31
H1215	J31
H1216	J31
H121z	J31
H122.	J31
H12z.	J31
H13..	J32
H130.	J32
H131.	J32
H132.	J32
H133.	J32
H134.	J32
H135.	J32
H13y.	J32
H13y0	J32
H13y1	J32
H13yz	J32
H13z.	J32
H14..	J35
H140.	J35
H141.	J35
H1410	J35
H1411	J35
H1412	J35
H141z	J35
H142.	J35
H143.	J35
H14y.	J35
H14y0	J35
H14y1	J35
H14y2	J35
H14y3	J35
H14y4	J35
H14y5	J35
H14y6	J03
H14y7	J35
H14yz	J35
H14z.	J35
H14z0	J35
H14z1	J35
H15..	J36
H16..	J37
H160.	J37
H1600	J37
H1601	J37
H1602	J37
H1603	J37
H1604	J37
H1605	J37
H160z	J37
H161.	J37
H16z.	J37
H17..	J30
H170.	J30
H171.	J30
H1710	J30
H1711	J30
H172.	J30
H17z.	J30
H18..	J30
H1y..	J39
H1y0.	J34
H1y1.	J34
H1y10	J34
H1y11	J34
H1y12	J34
H1y13	J34
H1y14	J34
H1y15	J34
H1y16	J34
H1y17	J34
H1y18	J34
H1y19	J34
H1y1A	J34
H1y1B	J34
H1y2.	J39
H1y20	J39
H1y21	J39
H1y22	J39
H1y23	J39
H1y24	J39
H1y25	J39
H1y26	J39
H1y27	J38
H1y28	J39
H1y2z	J39
H1y3.	J38
H1y30	J38
H1y31	J38
H1y32	J38
H1y33	J38
H1y34	J38
H1y35	J38
H1y3z	J38
H1y4.	J38
H1y40	J38
H1y41	J38
H1y4z	J38
H1y5.	J38
H1y50	J38
H1y51	J38
H1y52	J38
H1y53	J38
H1y54	J38
H1y55	J38
H1y56	J38
H1y57	J38
H1y58	J38
H1y59	J38
H1y5A	J38
H1y5B	J38
H1y5C	J38
H1y5x	J38
H1y5z	J38
H1y6.	J38
H1y60	J38
H1y61	J38
H1y62	J38
H1y63	J38
H1y6z	J38
H1y7.	J38
H1y70	J38
H1y71	J38
H1y72	J38
H1y73	J38
H1y74	J38
H1y75	J38
H1y76	J38
H1y77	J38
H1y78	J38
H1y79	J38
H1y7A	J38
H1y7B	J38
H1y7C	J38
H1y7D	J38
H1y7E	J38
H1y7z	J38
H1y8.	J39
H1y9.	J34
H1yz.	J39
H1yz0	J39
H1yz1	J39
H1yz2	J39
H1yzz	J39
H1z..	J39
H20..	J12
H200.	J12
H201.	J12
H202.	J12
H203.	J12
H20y.	J12
H20z.	J12
H21..	J13
H22..	J15
H220.	J15
H221.	J15
H222.	J14
H223.	J15
H2230	J15
H224.	J15
H22y.	J15
H22y0	J15
H22y1	J15
H22y3	J15
H22yX	J15
H22yz	J15
H22z.	J15
H23..	J16
H230.	J15
H231.	J15
H232.	J15
H233.	J16
H23z.	J16
H24..	J17
H247.	J17
H247z	J17
H24y.	J17
H24yz	J17
H24z.	J17
H25..	J18
H26..	J18
H260.	J18
H2600	J18
H261.	J18
H262.	J18
H263.	J18
H27..	J11
H270.	J11
H2700	J11
H2701	J11
H270z	J11
H271.	J11
H2710	J11
H2711	J11
H271z	J11
H27y.	J11
H27y1	J11
H27yz	J11
H27z.	J11
H28..	J18
H29..	J09
H2A..	J10
H2B..	J18
H2D..	J09
H2E..	J09
H2F..	J10
H2F0.	J10
H2Fy.	J10
H2Fz.	J10
H2y..	J11
H30..	J40
H300.	J40
H301.	J40
H302.	J40
H30z.	J40
H31..	J42
H310.	J41
H3100	J41
H3101	J41
H310z	J41
H311.	J41
H3110	J41
H3111	J41
H311z	J41
H312.	J44
H3120	J44
H3121	J44
H3122	J44
H3123	J44
H312z	J44
H313.	J41
H31y.	J42
H31y0	J42
H31y1	J42
H31yz	J42
H31z.	J42
H32..	J43
H320.	J43
H3200	J43
H3201	J43
H3202	J43
H3203	J43
H320z	J43
H321.	J43
H322.	J43
H32y.	J43
H32y0	J43
H32y1	J43
H32y2	J43
H32yz	J43
H32z.	J43
H33..	J45
H330.	J45
H3300	J45
H3301	J46
H330z	J45
H331.	J45
H3310	J45
H3311	J46
H331z	J45
H332.	J45
H333.	J45
H334.	J45
H335.	J44
H33z.	J45
H33z0	J46
H33z1	J45
H33z2	J45
H33zz	J45
H34..	J47
H340.	J47
H341.	J47
H34z.	J47
H35..	J67
H350.	J67
H351.	J67
H352.	J67
H3520	J67
H3521	J67
H352z	J67
H353.	J67
H354.	J67
H355.	J67
H356.	J67
H357.	J67
H35y.	J67
H35y0	J67
H35y1	J67
H35y2	J67
H35y3	J67
H35y4	J67
H35y5	J67
H35y6	J67
H35y7	J67
H35y8	J67
H35yz	J67
H35z.	J67
H35z0	J67
H35z1	J67
H35zz	J67
H36..	J44
H37..	J44
H38..	J44
H39..	J44
H3A..	J44
H3B..	J44
H3y..	J44
H3y0.	J44
H3y1.	J44
H3z..	J44
H40..	J60
H41..	J61
H410.	J92
H41z.	J61
H42..	J62
H420.	J62
H421.	J62
H422.	J62
H423.	J62
H42z.	J62
H43..	J63
H430.	J63
H431.	J63
H432.	J63
H433.	J63
H434.	J63
H435.	J63
H43z.	J63
H44..	J66
H440.	J66
H441.	J66
H442.	J66
H44z.	J66
H45..	J64
H450.	J65
H46..	J68
H460.	J68
H4600	J68
H4601	J68
H460z	J68
H461.	J68
H462.	J68
H463.	J68
H464.	J68
H4640	J68
H4641	J68
H4642	J68
H464z	J68
H465.	J68
H46z.	J68
H46z0	J68
H46zz	J68
H47..	J69
H470.	J69
H4700	J69
H4701	J69
H4702	J69
H4703	J69
H470z	J69
H471.	J69
H4710	J69
H471z	J69
H472.	O74
H47y.	J69
H47y0	J69
H47yz	J69
H47z.	J69
H48..	J84
H4y..	J70
H4y0.	J70
H4y00	J70
H4y0z	J70
H4y1.	J70
H4y10	J70
H4y1z	J70
H4y2.	J70
H4y20	J70
H4y21	J70
H4yy.	J70
H4yz.	J70
H4z..	J70
H50..	J86
H500.	J86
H5000	J86
H5001	J86
H5002	J86
H5003	J86
H5004	J86
H5005	J86
H500z	J86
H501.	J86
H5010	J86
H5011	J86
H5012	J86
H5013	J86
H5014	J86
H5015	J86
H5016	J86
H501z	J86
H50z.	J86
H5100	J94
H5101	J92
H5102	J94
H5109	J90
H510A	J86
H510B	J90
H510C	J92
H511.	J90
H5110	J90
H5111	J90
H5112	J90
H511z	J90
H51y.	J90
H51y0	J94
H51y1	J94
H51y2	J94
H51y3	J94
H51y4	J94
H51y5	J94
H51y6	J94
H51y7	C78
H51yz	J90
H51z.	J90
H51z0	J90
H51z1	J90
H51z2	J90
H51zz	J90
H52..	J93
H520.	J93
H52y.	J93
H52y0	J93
H52y1	J93
H52yz	J93
H52z.	J93
H53..	J85
H530.	J85
H5300	J85
H5301	J85
H5302	J85
H5303	J85
H530z	J85
H531.	J85
H53z.	J85
H54..	J81
H540.	J81
H5400	J18
H5401	J18
H540z	J81
H541.	J81
H5410	J81
H541z	J81
H54z.	J81
H55..	J84
H56..	J84
H560.	J84
H561.	E83
H562.	J84
H563.	J84
H5630	J84
H5631	J84
H5632	J84
H5633	J84
H563z	J84
H564.	J84
H56y.	J84
H56y0	J84
H56y1	J84
H56yz	J84
H56z.	J84
H57..	J99
H57y.	J99
H57y2	D86
H57yz	J99
H58..	J98
H580.	J98
H5800	J98
H581.	J98
H582.	J98
H583.	J82
H5830	J82
H5831	J82
H5832	J82
H583z	J82
H584.	J81
H5840	J81
H584z	J81
H5850	J80
H5851	J95
H5852	J80
H5853	J80
H585z	J80
H58y.	J98
H58y0	J98
H58y1	J98
H58y2	J98
H58y3	J84
H58y4	J98
H58y5	J84
H58yz	J98
H58z.	J98
H59..	J96
H590.	J96
H591.	J96
H592.	J96
H593.	J96
H5B..	G47
H5B0.	G47
H5C..	J98
H5X..	J94
H5y..	J98
H5y0.	J95
H5y00	J95
H5y01	J95
H5y02	J95
H5y03	J95
H5y04	J95
H5y0z	J95
H5y1.	J98
H5y10	J39
H5y11	J98
H5y12	J39
H5y13	J98
H5y14	J39
H5y15	J98
H5y16	J98
H5y1z	J98
H5y2.	J98
H5y3.	J98
H5y30	J98
H5y31	J98
H5y32	J98
H5y3z	J98
H5y4.	J98
H5y40	J98
H5y41	J98
H5y42	J98
H5y4z	J98
H5yy.	J98
H5yz.	J98
H5z..	J98
Hy...	J98
Hy0..	J95
Hy00.	J95
Hy01.	J95
Hy02.	J95
Hy03.	J95
Hy04.	J95
Hyu00	J01
Hyu01	J02
Hyu02	J03
Hyu03	J06
Hyu04	J10
Hyu05	J11
Hyu06	J11
Hyu07	J11
Hyu08	J12
Hyu09	J15
Hyu0A	J15
Hyu0B	J16
Hyu0C	J17
Hyu0D	J17
Hyu0E	J17
Hyu0F	J17
Hyu0G	J17
Hyu0H	J18
Hyu10	J20
Hyu11	J21
Hyu20	J30
Hyu21	J30
Hyu22	J32
Hyu23	J33
Hyu24	J34
Hyu25	J35
Hyu26	J38
Hyu27	J38
Hyu28	J39
Hyu29	J39
Hyu2A	J39
Hyu30	J43
Hyu31	J44
Hyu40	J62
Hyu41	J63
Hyu42	J66
Hyu43	J67
Hyu44	J68
Hyu45	J68
Hyu46	J68
Hyu47	J69
Hyu48	J70
Hyu49	J70
Hyu4A	J70
Hyu50	J84
Hyu51	J84
Hyu70	J91
Hyu71	J93
Hyu72	J93
Hyu73	J94
Hyu74	J94
Hyu80	J95
Hyu81	J98
Hyu82	J98
Hyu83	J99
Hyu84	J99
J000.	K00
J0000	K00
J0001	K00
J0002	K00
J0003	K00
J0004	K00
J0005	K00
J000z	K00
J001.	K00
J0010	K00
J0011	K00
J0012	K00
J0013	K00
J001z	K00
J002.	K00
J003.	K00
J0030	K00
J0031	K00
J003z	K00
J004.	K00
J0040	K00
J0041	K00
J0042	K00
J0043	K00
J0044	K00
J0045	K00
J0046	K00
J0047	K00
J0048	K00
J0049	K00
J004z	K00
J005.	K00
J0050	K00
J0051	K00
J0052	K00
J0053	K00
J0054	K00
J005z	K00
J006.	K00
J0060	K00
J0061	K00
J0062	K00
J0063	K00
J0064	K00
J006z	K00
J007.	K00
J00y.	K00
J00y0	K00
J00yz	K00
J00z.	K00
J010.	K02
J0100	K02
J0101	K02
J0102	K02
J0103	K02
J0104	K02
J0105	K02
J0106	K02
J0107	K02
J0108	K02
J0109	K02
J010A	K02
J010B	K02
J010C	K02
J010z	K02
J011.	K03
J0110	K03
J0111	K03
J011z	K03
J012.	K03
J0120	K03
J0121	K03
J0122	K03
J0123	K03
J0124	K03
J0125	K03
J012z	K03
J013.	K03
J0130	K03
J0131	K03
J0132	K03
J0133	K03
J013z	K03
J014.	K03
J0140	K03
J0141	K03
J014z	K03
J015.	K03
J016.	K03
J017.	K03
J0170	K03
J0171	K03
J0172	K03
J017z	K03
J01y.	K03
J01y0	K03
J01y1	K03
J01yz	K03
J01z.	K03
J02..	K04
J020.	K04
J0200	K04
J0201	K04
J0202	K04
J0203	K04
J0204	K04
J0205	K04
J0206	K04
J020z	K04
J021.	K04
J0210	K04
J0211	K04
J021z	K04
J022.	K04
J0220	K04
J022z	K04
J023.	K04
J0230	K04
J023z	K04
J024.	K04
J025.	K04
J0250	K04
J0251	K04
J025z	K04
J026.	K04
J0260	K04
J0261	K04
J026z	K04
J027.	K04
J0270	K04
J0271	K04
J027z	K04
J028.	K04
J0280	K04
J0281	K04
J0282	K04
J0283	K04
J028z	K04
J02z.	K04
J03..	K05
J030.	K05
J031.	K05
J0310	K05
J0311	K05
J0312	K05
J0313	K05
J0314	K05
J031z	K05
J032.	K06
J0320	K06
J0321	K06
J0322	K06
J0323	K06
J032z	K06
J033.	K05
J0330	K05
J0331	K05
J0332	K05
J0333	K05
J033z	K05
J034.	K05
J0340	K05
J0341	K05
J0342	K05
J0343	K05
J0344	K05
J034z	K05
J035.	K05
J036.	K03
J0360	K03
J0361	K03
J0362	K03
J0363	K03
J0364	K03
J036z	K03
J03X.	K06
J03y.	K05
J03y0	K06
J03y1	K06
J03y2	K09
J03y3	K06
J03y4	K06
J03y5	K06
J03y6	K05
J03y7	K06
J03y8	K06
J03y9	K04
J03yz	K05
J03z.	K05
J04..	K07
J040.	K07
J0400	K07
J0401	K07
J0402	K07
J0403	K07
J0404	K07
J0405	K07
J0406	K07
J0407	K07
J0408	K07
J0409	K07
J040A	K07
J040B	K07
J040z	K07
J041.	K07
J0410	K07
J0411	K07
J0412	K07
J0413	K07
J0414	K07
J0415	K07
J041z	K07
J042.	K07
J0420	K07
J0421	K07
J0422	K07
J0423	K07
J0424	K07
J0425	K07
J0426	K07
J0427	K07
J0428	K07
J0429	K07
J042A	K07
J042B	K07
J042C	K07
J042D	K07
J042E	K07
J042F	K07
J042G	K07
J042H	K07
J042J	K07
J042K	K07
J042L	K07
J042M	K07
J042z	K07
J043.	K07
J0430	K07
J0431	K07
J0432	K07
J0433	K07
J0434	K07
J0435	K07
J0436	K07
J0437	K07
J0438	K01
J0439	K01
J043A	K01
J043B	K01
J043C	K01
J043D	K01
J043E	K01
J043F	K01
J043z	K07
J044.	K07
J045.	K07
J0450	K07
J0451	K07
J0452	K07
J0453	K07
J0454	K07
J0455	K07
J045z	K07
J046.	K07
J0460	K07
J0461	K07
J0462	K07
J0463	K07
J0464	K07
J0465	K07
J046z	K07
J04y.	K07
J04z.	K07
J05..	K08
J050.	K08
J051.	K08
J0510	K08
J0511	K08
J0512	K08
J051z	K08
J052.	K08
J053.	K08
J054.	K12
J05y.	K08
J05y0	K08
J05y1	K08
J05yz	K08
J05z.	K08
J060.	K09
J0600	K09
J0601	K09
J0602	K09
J0603	K09
J060z	K09
J061.	K09
J0610	K09
J0611	K09
J0612	K09
J0613	K09
J061z	K09
J062.	K09
J0620	K09
J0621	K09
J0622	K09
J062z	K09
J063.	K10
J064.	K10
J0640	K10
J0641	K10
J0642	K10
J0643	K10
J0644	K10
J0645	K10
J0646	K10
J0647	K10
J064z	K10
J065.	K10
J0650	K10
J0651	K10
J065z	K10
J06y.	K10
J06y0	K10
J06y1	K10
J06y2	K10
J06y3	K10
J06y4	K10
J06y5	K10
J06y6	K10
J06y7	K10
J06y8	K10
J06yz	K10
J06z.	K10
J07..	K11
J070.	K11
J0700	K11
J0701	K11
J0702	K11
J070z	K11
J071.	K11
J0710	K11
J0711	K11
J0712	K11
J071z	K11
J072.	K11
J0720	K11
J0721	K11
J0722	K11
J0723	K11
J0724	K11
J0725	K11
J0726	K11
J0727	K11
J072z	K11
J073.	K11
J0730	K11
J0731	K11
J0732	K11
J073z	K11
J074.	K11
J0740	K11
J0741	K11
J0742	K11
J074z	K11
J075.	K11
J0750	K11
J0751	K11
J0752	K11
J0753	K11
J0754	K11
J0755	K11
J0756	K11
J075z	K11
J076.	K11
J0760	K11
J0761	K11
J0762	K11
J0763	K11
J0764	K11
J076z	K11
J077.	K11
J0770	K11
J0771	K11
J0772	K11
J077z	K11
J07y.	K11
J07y0	K11
J07y1	K11
J07y2	K11
J07y3	K11
J07y4	K11
J07y5	K11
J07y6	K11
J07y7	K11
J07y8	K11
J07y9	K11
J07yz	K11
J07z.	K11
J08..	K12
J080.	K12
J0800	K12
J0801	K12
J080z	K12
J081.	A69
J082.	K12
J0820	K12
J0821	K12
J0822	K12
J0823	K12
J0824	K12
J0825	K12
J082z	K12
J083.	K12
J0830	K12
J0831	K12
J0832	K12
J0833	K12
J0834	K12
J0835	J32
J0836	K12
J083z	K12
J084.	K09
J0840	K09
J0841	K09
J0842	K09
J0843	K09
J0844	K09
J084z	K09
J085.	K13
J0850	K13
J0851	K13
J0852	K13
J0853	K13
J0854	K13
J0855	K13
J0856	K13
J0857	K13
J0858	K13
J0859	K13
J085A	K13
J085D	K13
J085E	K13
J085F	K13
J085z	K13
J086.	K13
J0860	K13
J0861	K13
J0862	K13
J0863	K13
J0864	K13
J086z	K13
J087.	K13
J0870	K13
J0871	K13
J0872	K13
J0873	K13
J0874	K13
J087z	K13
J088.	K13
J08z.	K13
J08z0	K13
J08z1	K13
J08z2	K12
J08z3	K13
J08z4	K13
J08z5	K13
J08z6	K13
J08z7	K13
J08z8	K12
J08z9	K50
J08zA	K13
J08zB	K13
J08zC	K13
J08zD	K13
J08zE	K12
J08zF	K12
J08zz	K13
J09..	K14
J090.	K14
J0900	K14
J0901	K14
J090z	K14
J091.	K14
J092.	K14
J093.	K14
J0930	K14
J0931	K14
J093z	K14
J094.	K14
J0940	K14
J0941	D51
J0942	K14
J094z	K14
J095.	K14
J096.	K14
J09y.	K14
J09y0	K14
J09y1	K14
J09y2	K14
J09y3	K14
J09y4	K14
J09y5	K14
J09yz	K14
J09z.	K14
J0y..	K92
J0z..	K92
J100.	K22
J1000	K23
J101.	K20
J1010	K20
J1011	K21
J1012	K20
J1013	K20
J1014	K20
J1015	K20
J1016	K22
J101y	K20
J101z	K20
J102.	K22
J1020	K22
J1021	K22
J1023	K22
J1024	K22
J1025	K22
J102z	K22
J103.	K22
J1030	K22
J1031	K22
J1032	Q39
J1033	K22
J1034	K22
J103z	K22
J104.	K22
J105.	K22
J1050	K22
J106.	K22
J1060	K22
J1061	K22
J1062	K22
J1063	K22
J1064	K22
J1065	K22
J106z	K22
J107.	K22
J108.	K22
J10y.	K22
J10y0	K22
J10y1	K22
J10y2	J86
J10y3	K22
J10y4	K21
J10y5	K22
J10y6	K22
J10y7	K22
J10y8	K22
J10yz	K22
J10z.	K22
J11..	K25
J110.	K25
J1100	K25
J1101	K25
J1102	K25
J1103	K25
J1104	K25
J110y	K25
J110z	K25
J111.	K25
J1110	K25
J1111	K25
J1112	K25
J1113	K25
J1114	K25
J111y	K25
J111z	K25
J112.	K25
J112z	K25
J113.	K25
J113z	K25
J11y.	K25
J11y0	K25
J11y1	K25
J11y2	K25
J11y3	K25
J11y4	K25
J11yy	K25
J11yz	K25
J11z.	K25
J12..	K26
J120.	K26
J1200	K26
J1201	K26
J1202	K26
J1203	K26
J1204	K26
J120y	K26
J120z	K26
J121.	K26
J1210	K26
J1211	K26
J1212	K26
J1213	K26
J1214	K26
J121y	K26
J121z	K26
J122.	K26
J123.	K26
J124.	K26
J125.	K26
J125z	K26
J126.	K26
J126z	K26
J12y.	K26
J12y0	K26
J12y1	K26
J12y2	K26
J12y3	K26
J12y4	K26
J12yy	K26
J12yz	K26
J12z.	K26
J13..	K27
J130.	K27
J1300	K27
J1301	K27
J1302	K27
J1303	K27
J1304	K27
J130y	K27
J130z	K27
J131.	K27
J1310	K27
J1311	K27
J1312	K27
J1313	K27
J1314	K27
J131y	K27
J131z	K27
J13y.	K27
J13y0	K27
J13y1	K27
J13y2	K27
J13y3	K27
J13y4	K27
J13yy	K27
J13yz	K27
J13z.	K27
J14..	K28
J140.	K28
J1400	K28
J1401	K28
J1402	K28
J1403	K28
J1404	K28
J140y	K28
J140z	K28
J141.	K28
J1410	K28
J1411	K28
J1412	K28
J1413	K28
J1414	K28
J141y	K28
J141z	K28
J14y.	K28
J14y0	K28
J14y1	K28
J14y2	K28
J14y3	K28
J14y4	K28
J14yy	K28
J14yz	K28
J14z.	K28
J15..	K29
J150.	K29
J1500	K29
J151.	K29
J1510	K29
J1511	K29
J1512	K29
J151z	K29
J152.	K29
J153.	K29
J154.	K29
J1540	K29
J1541	K29
J1542	K29
J1543	K29
J154z	K29
J155.	K29
J156.	K29
J157.	K29
J15z.	K29
J16..	K31
J160.	K31
J161.	K31
J16y.	K31
J16y0	K31
J16y1	K31
J16y2	K31
J16y3	K31
J16y6	K31
J16y7	K31
J16y8	K31
J16y9	K31
J16yA	K30
J16yz	K31
J16z.	K31
J16z1	K92
J17..	K31
J170.	K31
J1700	K31
J1701	K31
J1702	K31
J170z	K31
J171.	K31
J172.	K31
J173.	K31
J1730	K31
J1731	K31
J1732	K31
J1733	K31
J173z	K31
J174.	K31
J1740	K31
J1741	K31
J1742	K31
J1743	K31
J1744	K31
J174z	K31
J175.	K31
J176.	K31
J177.	K31
J178.	K31
J179.	K31
J17A.	E85
J17y.	K31
J17y0	K31
J17y1	K31
J17y2	K31
J17y3	K31
J17y4	K31
J17y5	K31
J17y6	K31
J17y7	K31
J17y9	K31
J17yz	K31
J17z.	K31
J20..	K35
J200.	K35
J201.	K35
J202.	K35
J203.	K35
J204.	K35
J20z.	K35
J20z1	K35
J21..	K37
J22..	K36
J220.	K36
J221.	K36
J222.	K36
J223.	K36
J22z.	K36
J23..	K38
J230.	K38
J23z.	K38
J23z0	K38
J23z1	K38
J23z2	K38
J23z3	K38
J23z4	K38
J23z5	K38
J23z6	K38
J23zz	K38
J2y..	K38
J2z..	K38
J30..	K40
J300.	K40
J3000	K40
J3001	K40
J3002	K40
J3003	K40
J300z	K40
J301.	K40
J3010	K40
J3011	K40
J3012	K40
J3013	K40
J301z	K40
J302.	K40
J3020	K40
J3021	K40
J3022	K40
J3023	K40
J302z	K40
J303.	K40
J3030	K40
J3031	K40
J3032	K40
J3033	K40
J303z	K40
J304.	K40
J305.	K40
J30y.	K40
J30y0	K40
J30y1	K40
J30y2	K40
J30y3	K40
J30yz	K40
J30z.	K40
J31..	K41
J310.	K41
J3100	K41
J3101	K41
J3102	K41
J3103	K41
J310z	K41
J311.	K41
J3110	K41
J3111	K41
J3112	K41
J3113	K41
J311z	K41
J312.	K41
J3120	K41
J3121	K41
J3122	K41
J3123	K41
J312z	K41
J313.	K41
J3130	K41
J3131	K41
J3132	K41
J3133	K41
J313z	K41
J31y.	K41
J31y0	K41
J31y1	K41
J31y2	K41
J31y3	K41
J31yz	K41
J31z.	K41
J32..	K42
J320.	K42
J3200	Q79
J3201	K42
J320z	K42
J321.	K42
J3210	Q79
J3211	K42
J321z	K42
J322.	K42
J3220	Q79
J3221	K42
J322z	K42
J323.	K42
J3230	Q79
J3231	K42
J323z	K42
J32y.	K42
J32y0	Q79
J32y1	K42
J32yz	K42
J32z.	K42
J33..	K43
J330.	K43
J3300	K43
J3301	K43
J3302	K43
J330z	K43
J331.	K43
J3310	K43
J3311	K43
J3312	K43
J331z	K43
J332.	K43
J3320	K43
J3321	K43
J3322	K43
J332z	K43
J333.	K43
J3330	K43
J3331	K43
J3332	K43
J333z	K43
J33z.	K43
J33z0	K43
J33z1	K43
J33z2	K43
J34..	K44
J340.	K44
J341.	K44
J342.	K44
J343.	K44
J344.	K44
J345.	K44
J346.	K44
J347.	K44
J348.	K44
J34y.	K44
J34z.	K44
J34z0	K44
J35..	K45
J350.	K45
J351.	K45
J352.	K45
J353.	K45
J35y.	K45
J35z.	K45
J36..	K45
J360.	K45
J361.	K45
J362.	K45
J363.	K45
J36y.	K45
J36z.	K45
J37..	K45
J370.	K45
J371.	K45
J372.	K45
J373.	K45
J37y.	K45
J37z.	K45
J38..	K45
J380.	K45
J381.	K45
J382.	K45
J383.	K45
J38y.	K45
J38z.	K45
J39..	K45
J390.	K45
J391.	K45
J392.	K45
J393.	K45
J39y.	K45
J39z.	K45
J3A..	K45
J3A0.	K45
J3A1.	K45
J3A2.	K45
J3A3.	K45
J3Ay.	K45
J3Az.	K45
J3B..	K45
J3B0.	K45
J3B1.	K45
J3B2.	K45
J3B3.	K45
J3By.	K45
J3Bz.	K45
J3C..	K43
J3C0.	K43
J3C1.	K43
J3C2.	K43
J3C3.	K43
J3Cy.	K43
J3Cz.	K43
J3D..	K45
J3y..	K45
J3y0.	K45
J3y00	K43
J3y1.	K45
J3y10	K43
J3y2.	K45
J3y3.	K45
J3y4.	K43
J3yy.	K45
J3yz.	K45
J3z..	K46
J3z0.	K46
J3z1.	K46
J3z2.	K46
J3z3.	K46
J3zz.	K46
J40..	K50
J400.	K50
J4000	K50
J4001	K50
J4002	K50
J4003	K50
J4004	K50
J4005	K50
J400z	K50
J401.	K50
J4010	K50
J4011	K50
J4012	K50
J401z	K50
J402.	K50
J40z.	K50
J41..	K51
J410.	K51
J4100	K51
J4101	K51
J4102	K51
J4103	K51
J4104	K51
J410z	K51
J411.	K51
J412.	K51
J413.	K51
J41y.	K51
J41y0	K51
J41y1	K59
J41yz	K51
J41z.	K51
J42..	K55
J420.	K55
J4200	K55
J4201	K55
J4202	K55
J4203	K55
J420x	K55
J420y	K55
J420z	K55
J421.	K55
J4210	K55
J4211	K55
J4212	K55
J4213	K55
J421z	K55
J42z.	K55
J42z0	K55
J43..	K52
J430.	K52
J4300	K29
J4301	K52
J4302	K52
J4303	K52
J430z	K52
J431.	K52
J4310	K52
J4311	K52
J4312	K52
J4313	K52
J431z	K52
J432.	K52
J4320	K52
J4321	K52
J4322	K52
J4323	K52
J432z	K52
J433.	K52
J4330	K52
J4331	K52
J4332	K52
J4333	K52
J433z	K52
J434.	A04
J435.	K52
J436.	K52
J4360	K52
J4361	K52
J437.	A09
J438.	K51
J43z.	K52
J4z..	K52
J4z0.	K29
J4z1.	K52
J4z2.	K52
J4z3.	K52
J4z4.	K52
J4z5.	K52
J4z6.	K52
J4zz.	K52
J50..	K56
J500.	K56
J5000	K56
J5001	K56
J5002	K56
J5003	K56
J5004	K56
J5005	K56
J500t	K56
J500u	K56
J500v	K56
J500w	K56
J500x	K56
J500z	K56
J501.	K56
J5011	K59
J502.	K56
J5020	K31
J5021	K56
J5022	K56
J5023	K56
J502z	K56
J503.	K56
J5030	K56
J5031	K56
J5032	K56
J503y	K56
J503z	K56
J504.	E84
J50X.	K56
J50y.	K56
J50y0	K56
J50y1	K56
J50y2	K56
J50y3	K56
J50yz	K56
J50z.	K56
J50z0	K56
J50z1	K56
J50z2	K56
J50z3	K56
J50z4	K56
J50z5	K56
J50zz	K56
J51..	K57
J510.	K57
J5100	K57
J5101	K57
J5102	K57
J5103	K57
J5104	K57
J5105	K57
J5106	K57
J5107	K57
J5108	K57
J5109	K57
J510y	K57
J510z	K57
J511.	K57
J5110	K57
J5111	K57
J5112	K57
J5113	K57
J5114	K57
J5115	K57
J5116	K57
J5117	K57
J511y	K57
J511z	K57
J512.	K57
J5120	K57
J5121	K57
J5122	K57
J5123	K57
J5124	K57
J5125	K57
J5126	K57
J5127	K57
J5128	K57
J512y	K57
J512z	K57
J513.	K57
J51z.	K57
J520.	K59
J5200	K59
J5201	K59
J5202	K59
J5203	K59
J5204	K59
J520y	K59
J520z	K59
J521.	K58
J5210	K58
J5211	K58
J5212	K58
J522.	K91
J5220	K91
J5221	K91
J5222	K91
J522z	K91
J523.	K91
J524.	K91
J5240	K91
J5241	K91
J524z	K91
J525.	K59
J526.	K59
J5260	K59
J526z	K59
J527.	K59
J5270	K59
J5271	Q43
J5272	K59
J5273	K59
J5274	K93
J527z	K59
J528.	K59
J529.	K59
J52y.	K59
J52y0	K59
J52y1	K59
J52yz	K59
J52z.	K59
J53..	K60
J530.	K60
J5300	K60
J5301	K60
J531.	K60
J5310	K60
J5311	K60
J5312	K60
J5313	K60
J531z	K60
J53z.	K60
J54..	K61
J540.	K61
J541.	K61
J542.	K61
J543.	K61
J544.	K61
J545.	K61
J546.	K61
J54z.	K61
J55..	K65
J550.	K67
J5503	K65
J550z	K67
J552.	K65
J5520	K65
J5521	K65
J5522	K65
J5523	K65
J5524	K65
J5525	K65
J5526	K65
J5527	K65
J5528	K65
J5529	K65
J552A	K65
J552B	K65
J552C	M60
J552z	K65
J553.	K65
J554.	K65
J555.	K65
J55y.	K65
J55y0	K65
J55y1	K65
J55y2	K65
J55y3	K65
J55y4	K65
J55y5	K65
J55yz	K65
J55z.	K65
J56..	K66
J560.	K66
J5600	K66
J5601	K66
J5602	K66
J5603	K66
J5604	K66
J5605	K66
J5606	K66
J5607	K66
J5608	K66
J5609	K66
J560A	K66
J560B	K66
J560C	K66
J560D	K66
J560E	K66
J560F	N99
J560z	K66
J56y.	K66
J56y0	K66
J56y2	K66
J56y3	K66
J56yz	K66
J56z.	K66
J5700	K62
J5701	K62
J571.	K62
J5710	K62
J5711	K62
J5712	K62
J571z	K62
J572.	K62
J5720	K62
J5721	K62
J572z	K62
J573.	K62
J5730	K62
J5731	K62
J573z	K62
J574.	K62
J5740	K62
J5741	K62
J5742	K62
J5743	K62
J5744	K62
J5745	K62
J5746	K62
J5747	K62
J5748	K62
J5749	K62
J574A	K63
J574B	K62
J574C	K62
J574D	K62
J574E	K62
J574F	K62
J574G	K62
J574H	K62
J574J	K62
J574K	K62
J574L	K62
J574M	K62
J574z	K62
J575.	K63
J576.	K91
J5760	K91
J5761	K91
J5762	K91
J5763	K91
J576z	K91
J577.	K55
J5770	K55
J5771	K31
J578.	K63
J579.	K62
J57A.	K65
J57B.	E85
J57B0	E85
J57B1	E85
J57C.	D12
J57y.	K63
J57y0	K63
J57y1	K63
J57y2	K63
J57y3	K63
J57y4	K63
J57y5	K63
J57y6	K63
J57y7	K63
J57y8	K63
J57y9	K63
J57yA	K63
J57yB	K63
J57yC	K63
J57yD	K63
J57yE	K63
J57yF	K63
J57yG	K63
J57yH	K63
J57yJ	K59
J57yK	I89
J57yL	K63
J57yM	K63
J57yN	K63
J57yO	K63
J57yP	K63
J57yQ	K63
J57yR	K63
J57z.	K63
J5X..	K59
J5z..	K63
J60..	K72
J600.	K72
J6000	K72
J6001	K72
J6002	K72
J600z	K72
J601.	K72
J6010	K72
J6011	K72
J6012	K72
J601z	K72
J60z.	K72
J610.	K70
J611.	K70
J612.	K70
J6120	K70
J613.	K70
J6130	K70
J614.	K73
J6140	K73
J6141	K73
J6142	K73
J6143	K73
J6144	K73
J614y	K73
J614z	K73
J615.	K74
J6150	K74
J6151	K74
J6152	K74
J6153	K74
J6154	K74
J6155	K74
J6156	K74
J6157	K76
J6158	K74
J6159	K74
J615A	K74
J615B	K74
J615C	K74
J615D	K74
J615E	K74
J615F	K74
J615G	K74
J615H	K74
J615y	K74
J615z	K74
J616.	K74
J6160	K74
J6161	K74
J6162	K74
J616z	K74
J617.	K70
J6170	K70
J61y.	K76
J61y0	K72
J61y1	K76
J61y3	K74
J61y4	K74
J61y5	K74
J61y6	K74
J61y7	K76
J61y8	K75
J61y9	K76
J61yz	K76
J61z.	K76
J620.	K75
J6200	K75
J6201	K75
J6202	K75
J6203	K75
J6204	K75
J620z	K75
J621.	K75
J622.	K72
J623.	K76
J624.	K76
J625.	K72
J62y.	K76
J62z.	K76
J63..	K76
J630.	K76
J631.	K77
J6311	K77
J6312	B27
J6315	B33
J631z	K77
J632.	K77
J6322	A51
J632z	K77
J633.	K75
J6330	K71
J633z	K75
J634.	K76
J635.	K71
J6350	K71
J6351	K71
J6352	K71
J6353	K71
J6354	K71
J6355	K71
J6356	K71
J6357	K71
J635X	K71
J636.	K76
J637.	K76
J638.	K76
J63A.	K77
J63B.	K75
J63X.	K75
J63y.	K76
J63y0	K76
J63y1	K75
J63y2	K76
J63yz	K76
J63z.	K76
J64..	K80
J640.	K80
J6400	K80
J6401	K80
J640z	K80
J641.	K80
J6410	K80
J6411	K80
J641z	K80
J642.	K80
J6420	K80
J6421	K80
J6422	K80
J642z	K80
J643.	K80
J6430	K80
J6431	K80
J643z	K80
J644.	K80
J6440	K80
J6441	K80
J644z	K80
J645.	K80
J6450	K80
J6451	K80
J6452	K80
J645z	K80
J646.	K80
J64z.	K80
J64z0	K80
J64z1	K80
J64zz	K80
J650.	K81
J6500	K81
J6501	K81
J6502	K81
J6503	K81
J6504	K81
J650z	K81
J651.	K81
J6510	K81
J651y	K81
J651z	K81
J652.	K82
J6520	K82
J6521	K82
J6522	K82
J6523	K82
J652z	K82
J653.	K82
J654.	K82
J6540	K82
J6541	K82
J654z	K82
J655.	K82
J6550	K83
J6551	K82
J6552	K82
J6553	K82
J655z	K82
J656.	K82
J65y.	K82
J65y0	K82
J65y1	K82
J65y2	K82
J65y3	K82
J65y4	K82
J65y5	K82
J65y6	K82
J65y7	K82
J65y8	K82
J65y9	K82
J65yA	K82
J65yB	K82
J65yC	K82
J65yz	K82
J65z.	K82
J66..	K83
J660.	K91
J661.	K83
J6610	K83
J6611	K83
J6612	K83
J6613	K83
J6614	K83
J6615	K83
J6616	K83
J6617	K83
J6618	K83
J6619	K83
J661y	K83
J661z	K83
J662.	K83
J6620	K83
J6621	K83
J662z	K83
J663.	K83
J664.	K83
J6640	K83
J664z	K83
J665.	K83
J66y.	K83
J66y0	K83
J66y1	K83
J66y2	K83
J66y3	K83
J66y4	K83
J66y5	K83
J66y6	K83
J66y7	K83
J66yz	K83
J66z.	K83
J670.	K85
J6700	K85
J6701	K85
J6702	K85
J6703	K85
J6704	K85
J6705	K85
J6706	K85
J6707	K85
J6708	K85
J6709	K85
J670y	K85
J670z	K85
J671.	K86
J6710	K86
J6720	K86
J6721	K86
J672z	K86
J67y.	K86
J67y0	K86
J67y1	K86
J67y2	K86
J67y3	K86
J67y4	K86
J67y5	K86
J67y6	K86
J67yz	K86
J67z.	K86
J68..	K92
J680.	K92
J681.	K92
J68z.	K92
J68z0	K92
J68z1	K92
J68z2	K92
J68zz	K92
J69..	K90
J690.	K90
J6900	K90
J6901	K90
J690z	K90
J691.	K90
J692.	K90
J693.	K91
J6930	K91
J6931	K91
J693z	K91
J694.	K90
J695.	K90
J69y.	K90
J69y0	K90
J69y1	K90
J69y2	K90
J69y3	K90
J69y4	K90
J69y5	K90
J69y6	K90
J69y7	K90
J69yz	K90
J69z.	K90
J6A..	A09
J6y..	K92
J6z..	K92
Jy...	K92
Jyu00	K00
Jyu01	K02
Jyu02	K03
Jyu03	K04
Jyu04	K05
Jyu05	K06
Jyu06	K07
Jyu07	K08
Jyu08	K09
Jyu09	K09
Jyu0A	K10
Jyu0B	K11
Jyu0C	K12
Jyu0D	K13
Jyu0E	K14
Jyu0F	K06
Jyu10	K22
Jyu11	K23
Jyu12	K29
Jyu13	K29
Jyu14	K31
Jyu20	K36
Jyu21	K38
Jyu22	K38
Jyu30	K45
Jyu31	K45
Jyu32	K45
Jyu40	K50
Jyu41	K51
Jyu42	K52
Jyu50	K55
Jyu51	K56
Jyu52	K56
Jyu53	K59
Jyu54	K62
Jyu55	K63
Jyu56	K56
Jyu57	K59
Jyu60	K65
Jyu61	K66
Jyu62	K67
Jyu70	K71
Jyu71	K74
Jyu72	K75
Jyu73	K76
Jyu74	K77
Jyu75	K77
Jyu76	K71
Jyu77	K75
Jyu80	K80
Jyu81	K81
Jyu82	K82
Jyu83	K83
Jyu84	K86
Jyu85	K86
Jyu86	K87
Jyu87	K87
Jyu90	K90
Jyu91	K91
Jyu92	K92
Jyu93	K93
Jyu94	K93
Jz...	K92
K00..	N00
K000.	N00
K0000	N05
K0001	N05
K001.	N00
K00y.	N00
K00y0	N08
K00y1	N00
K00y2	N00
K00y3	N00
K00y4	N00
K00yz	N00
K00z.	N00
K01..	N04
K010.	N04
K011.	N04
K012.	N04
K013.	N04
K014.	N04
K015.	N04
K016.	N04
K017.	N04
K018.	N04
K019.	N04
K01A.	N04
K01B.	N04
K01w.	N04
K01w0	N04
K01w1	N04
K01w2	N07
K01wz	N04
K01x.	N08
K01xz	N08
K01y.	N04
K01z.	N04
K02..	N03
K020.	N03
K021.	N03
K022.	N03
K023.	N01
K024.	N05
K02y.	N03
K02y0	N08
K02y1	N03
K02y2	N03
K02y3	N03
K02yz	N03
K02z.	N03
K030.	N05
K031.	N05
K032.	N05
K0320	N05
K0321	N02
K0322	N05
K0323	N05
K0324	Q87
K0325	N07
K0326	N02
K032y	N05
K032z	N05
K033.	N01
K034.	N17
K035.	N17
K03T.	N12
K03U.	N05
K03V.	N05
K03W.	N05
K03X.	N05
K03y.	N05
K03y0	N08
K03y1	N05
K03y2	N05
K03yz	N05
K03z.	N05
K04..	N17
K040.	N17
K041.	N17
K042.	N17
K043.	N17
K044.	N17
K046.	N14
K0460	N14
K0461	N14
K047.	N14
K048.	N14
K04A.	N14
K04C.	N17
K04D.	N17
K04E.	N17
K04y.	N17
K04z.	N17
K05..	N18
K050.	N18
K051.	N18
K052.	N18
K053.	N18
K054.	N18
K055.	N18
K06..	N19
K060.	N19
K07..	N26
K070.	N26
K071.	N26
K072.	N26
K073.	N26
K07z.	N26
K08..	N25
K080.	N25
K0800	N25
K0801	N25
K0802	N25
K0803	N25
K080z	N25
K081.	N25
K0810	N25
K0811	N25
K08y.	N25
K08y0	N25
K08y1	E21
K08y2	N25
K08y3	N25
K08y4	N25
K08y5	N10
K08y6	N10
K08y7	N10
K08y9	N25
K08yB	N25
K08yC	N25
K08yD	N25
K08yE	N25
K08yG	N25
K08yH	E79
K08yJ	E27
K08yz	N25
K08z.	N25
K09..	N27
K090.	N27
K0900	N26
K0902	N27
K091.	N27
K09z.	N27
K0A0.	N00
K0A00	N00
K0A01	N00
K0A02	N00
K0A03	N00
K0A04	N00
K0A05	N00
K0A06	N00
K0A07	N00
K0A1.	N01
K0A10	N01
K0A11	N01
K0A12	N01
K0A13	N01
K0A14	N01
K0A15	N01
K0A16	N01
K0A17	N01
K0A2.	N02
K0A20	N02
K0A21	N02
K0A22	N02
K0A23	N02
K0A24	N02
K0A25	N02
K0A26	N02
K0A27	N02
K0A28	N02
K0A3.	N03
K0A30	N03
K0A31	N03
K0A32	N03
K0A33	N03
K0A34	N03
K0A35	N03
K0A36	N03
K0A37	N03
K0A4.	N06
K0A40	N06
K0A41	N06
K0A42	N06
K0A43	N06
K0A44	N06
K0A45	N06
K0A46	N06
K0A47	N06
K0A4W	N06
K0A4X	N06
K0A5.	N07
K0A50	N07
K0A51	N07
K0A52	N07
K0A53	N07
K0A54	N07
K0A55	N07
K0A56	N07
K0A57	N07
K0A5X	N07
K0A6.	N08
K0A7.	N08
K0A8.	N01
K0B..	N16
K0B0.	N16
K0B1.	N16
K0B2.	N16
K0B3.	N16
K0B4.	N16
K0B5.	N16
K0B6.	N15
K0C..	N14
K0C0.	N14
K0C1.	N14
K0C2.	N14
K0C3.	N14
K0C30	N14
K0C31	N14
K0C32	N14
K0C33	N14
K0C34	N14
K0C35	N14
K0C36	N14
K0C37	N14
K0C38	N14
K0C4.	N14
K0C5.	N14
K0C6.	N14
K0D..	N18
K0y..	N28
K0z..	N28
K100.	N11
K1000	N11
K1001	N11
K1002	N11
K1003	N13
K1004	N11
K1005	N11
K1006	N20
K100z	N11
K101.	N10
K1010	N10
K1011	N10
K1012	N10
K1013	N13
K1014	N11
K1015	N11
K101z	N10
K102.	N15
K1020	N15
K1021	N15
K1022	N15
K102z	N15
K103.	N28
K104.	N11
K105.	N11
K10y0	N12
K10y1	N12
K10y2	N13
K10yz	N12
K10z.	N15
K11..	N13
K110.	N13
K111.	N13
K112.	N13
K113.	N13
K11X.	N13
K11z.	N13
K12..	N20
K120.	N20
K1200	N20
K120z	N20
K121.	N20
K122.	N20
K12z.	N20
K13..	N28
K130.	N28
K131.	N28
K1310	N28
K132.	N28
K1320	N28
K1321	N28
K1322	N28
K1323	D41
K1324	N28
K132z	N28
K133.	N13
K1330	N13
K1331	N13
K133z	N13
K134.	N13
K1340	N13
K134z	N13
K135.	N13
K136.	N39
K137.	N13
K138.	I12
K1380	N28
K1381	N28
K1382	N28
K1385	N28
K1386	I12
K1387	N28
K138z	N28
K139.	N28
K13A.	N28
K13B.	N28
K13C.	N14
K13C0	N14
K13D.	N17
K13E.	N28
K13F.	N28
K13G.	N28
K13y.	N28
K13y0	N28
K13y1	N28
K13y2	N28
K13y3	N28
K13y4	N13
K13y5	N28
K13y6	N28
K13y7	N28
K13y9	N28
K13yA	N39
K13yB	N28
K13yz	N28
K13z.	N28
K13z0	N19
K14..	N21
K140.	N21
K1400	N21
K1401	N21
K140z	N21
K141.	N21
K14y.	N21
K14z.	N21
K15..	N30
K150.	N30
K151.	N30
K1510	N30
K1511	N30
K1512	N30
K151z	N30
K152.	N30
K1520	N30
K152y	N30
K152z	N30
K153.	N30
K1530	N30
K1531	N30
K1532	N30
K153z	N30
K154.	N33
K1540	A42
K1545	A54
K154z	N33
K155.	N30
K15y.	N30
K15y0	N30
K15y1	N30
K15y2	N30
K15y3	N32
K15yz	N30
K15z.	N30
K160.	N32
K161.	N32
K1610	N32
K1611	N32
K1612	N32
K1613	N32
K161z	N32
K162.	N32
K1620	N32
K1621	N32
K1622	N32
K162z	N32
K163.	N32
K1630	N32
K1631	N32
K1632	N32
K163z	N32
K164.	N31
K1640	N31
K1641	N31
K164z	N31
K165.	N31
K1650	N31
K1651	N31
K1652	N32
K1653	N31
K1654	N31
K165z	N31
K166.	N32
K167.	N32
K168.	E85
K16V.	N31
K16V0	N31
K16V1	N32
K16W.	N31
K16X.	N31
K16y.	N32
K16y0	N32
K16y1	N32
K16y2	N32
K16y3	N32
K16y4	N32
K16y5	N32
K16y6	N32
K16y7	N32
K16y8	N31
K16y9	N32
K16yA	N32
K16yz	N32
K16z.	N32
K17..	N34
K170.	N34
K1700	N34
K1701	N34
K1702	N34
K1703	N34
K1704	N34
K170z	N34
K171.	N34
K17y.	N34
K17y0	N34
K17y1	N34
K17y2	N34
K17y3	N34
K17y4	N34
K17y5	N34
K17y6	N34
K17y7	Q64
K17yz	N34
K17z.	N34
K18..	N35
K180.	N35
K1800	N35
K1801	N35
K180z	N35
K181.	N35
K182.	N99
K183.	N35
K18y.	N35
K18z.	N35
K190.	N39
K1900	N39
K1901	N39
K1902	N39
K1903	N39
K1904	N39
K1905	N39
K1906	N39
K190X	N39
K190z	N39
K191.	N36
K1910	N36
K1911	N36
K191z	N36
K192.	N36
K193.	N36
K194.	N36
K195.	N36
K196.	N13
K1975	N02
K198.	N39
K19C.	N13
K19W.	N36
K19X.	N13
K19y.	N39
K19y0	N36
K19y1	N36
K19y2	N36
K19y4	N36
K19yw	N39
K19yz	N39
K1A..	N22
K1z..	N39
K20..	N40
K200.	N40
K201.	N40
K202.	N40
K20z.	N40
K21..	N41
K210.	N41
K211.	N41
K212.	N41
K213.	N41
K214.	N51
K214z	N51
K21y.	N41
K21z.	N41
K22..	N42
K220.	N42
K221.	N42
K2210	N42
K2211	N42
K221z	N42
K222.	N42
K223.	N42
K224.	E85
K22y.	N42
K22y0	N42
K22y1	N42
K22y2	N42
K22y3	N42
K22yz	N42
K22z.	N42
K23..	N43
K230.	N43
K231.	N43
K23y.	N43
K23z.	N43
K24..	N45
K240.	N45
K2400	N45
K2401	N45
K2402	N45
K2403	N45
K240z	N45
K241.	N45
K2410	N45
K2411	N45
K2412	N45
K2413	N45
K2414	N45
K2415	N45
K241z	N45
K242.	N45
K2420	N45
K2421	N45
K2422	N45
K2423	N45
K242z	N45
K24z.	N45
K25..	N47
K250.	N47
K251.	N47
K252.	N47
K253.	N47
K254.	N47
K255.	N47
K25z.	N47
K26..	N46
K260.	N46
K261.	N46
K2610	N46
K262.	N46
K26y.	N46
K26y0	N46
K26y1	N46
K26y2	N46
K26y3	N46
K26y4	N46
K26yz	N46
K26z.	N46
K27..	N48
K270.	N48
K271.	N48
K2710	N48
K2711	N48
K2712	N48
K271z	N48
K272.	N48
K2720	N48
K2721	N48
K2722	N48
K2723	N48
K272z	N48
K273.	N48
K274.	N48
K275.	N48
K2750	N48
K2751	N48
K2752	N48
K2753	N48
K275z	N48
K276.	N48
K27y.	N48
K27y0	N48
K27y1	N48
K27y2	N48
K27y3	N48
K27y4	N48
K27y5	N48
K27y6	N48
K27yz	N48
K27z.	N48
K28..	N50
K280.	N49
K2800	N49
K2801	N49
K2802	N49
K280z	N49
K281.	N43
K282.	N44
K2820	N44
K2821	N44
K2822	N44
K2823	N44
K282z	N44
K283.	N50
K284.	N49
K2840	N49
K2841	N49
K2842	N49
K2843	N49
K2844	N49
K2845	N49
K2846	N49
K2847	N49
K2848	N49
K2849	N49
K284z	N49
K285.	N51
K286.	N50
K2860	N50
K2861	N50
K2862	N50
K2863	N50
K2864	N50
K2865	N50
K286v	N50
K286w	N50
K286x	N50
K286z	N50
K287.	N50
K288.	N50
K2880	N50
K2881	N50
K2882	N50
K288z	N50
K289.	N50
K28X.	N49
K28y.	N50
K28y0	N50
K28y1	N50
K28y2	N50
K28y3	N50
K28y4	N50
K28y5	N50
K28y6	N50
K28y7	N48
K28y8	N50
K28y9	N50
K28yF	L72
K28yG	N50
K28ys	N50
K28yt	N50
K28yu	N50
K28yv	N50
K28yw	N50
K28yx	N50
K28yz	N50
K28z.	N50
K2y..	N50
K2z..	N50
K30..	N60
K300.	N60
K301.	N60
K302.	N60
K3020	N60
K3021	N60
K3022	N60
K302z	N60
K303.	N60
K304.	N60
K30y.	N60
K30y0	N60
K30y1	N60
K30yz	N60
K30z.	N60
K31..	N61
K310.	N61
K3100	N61
K3101	N61
K3102	N61
K3103	N61
K3104	N61
K3105	N61
K3106	N61
K3107	N61
K3108	N61
K3109	N61
K310z	N61
K311.	N62
K3110	N62
K3111	N62
K3112	N62
K311z	N62
K312.	N64
K313.	N64
K314.	N64
K315.	N64
K316.	N64
K317.	N64
K3170	N64
K3171	N63
K3172	N64
K3173	N64
K3174	N64
K3175	N64
K3176	N64
K3177	N64
K317z	N64
K318.	N61
K31y.	N64
K31y0	N64
K31y1	N64
K31y2	N64
K31y3	N64
K31y4	N64
K31yz	N64
K31z.	N64
K3y..	N64
K3z..	N64
K400.	N70
K4000	N70
K4001	N70
K4002	N70
K4003	N70
K4004	N70
K4005	N70
K4006	N70
K4007	N70
K4008	N70
K4009	N70
K400z	N70
K401.	N70
K4010	N70
K4011	N70
K4012	N70
K4013	N70
K4014	N70
K4015	N70
K4016	N70
K4017	N70
K401z	N70
K402.	N70
K4020	N70
K4021	N70
K4022	N70
K4023	N70
K4024	N70
K4025	N70
K4026	N70
K4027	N70
K402z	N70
K403.	N73
K4030	N73
K4031	N73
K403z	N73
K404.	N73
K4040	N73
K4041	N73
K4042	N73
K4043	N73
K4044	N73
K4045	N73
K404z	N73
K405.	N73
K4050	N73
K4051	N73
K405z	N73
K406.	N73
K4060	N73
K4061	N73
K406z	N73
K407.	N73
K4070	N73
K4071	N73
K407z	N73
K408.	N73
K409.	N73
K40y.	N73
K40y0	N74
K40z.	N73
K41..	N71
K410.	N71
K4100	N71
K4101	N71
K4102	N71
K4103	N71
K4104	N71
K4105	N71
K4106	N71
K4107	N71
K4108	N71
K4109	N71
K410z	N71
K411.	N71
K4110	N71
K4111	N71
K4112	N71
K4113	N71
K4114	N71
K411z	N71
K41z.	N71
K41z0	N71
K41z1	N71
K41z2	N71
K41z3	N71
K41z4	N71
K41zz	N71
K420.	N72
K4200	N72
K4201	N72
K4202	N72
K4203	N72
K4205	N72
K4206	N72
K4207	N72
K4208	N72
K4209	A56
K420A	N88
K420B	N72
K420z	N72
K4210	N76
K4211	N76
K4212	N76
K4213	N76
K4214	N77
K4215	N77
K4216	N77
K4217	N76
K4218	N76
K4219	N76
K421A	N76
K421z	N76
K422.	N75
K423.	N75
K424.	N76
K4240	N76
K4241	N76
K4242	N76
K424z	N76
K425.	N76
K4250	N76
K4251	N76
K4252	N77
K425z	N76
K42X.	N75
K42y.	N94
K42y0	N76
K42y1	N76
K42y2	N76
K42y3	N75
K42y4	N90
K42y5	N76
K42z.	N73
K4y..	N73
K4z..	N73
K50..	N80
K500.	N80
K5000	N80
K5001	N80
K5002	N80
K500z	N80
K501.	N80
K502.	N80
K503.	N80
K5030	N80
K5031	N80
K5032	N80
K5033	N80
K503z	N80
K504.	N80
K5040	N80
K5041	N80
K504z	N80
K505.	N80
K5050	N80
K5051	N80
K5052	N80
K505z	N80
K506.	N80
K50y.	N80
K50y0	N80
K50y1	N80
K50y2	N80
K50y3	N80
K50yz	N80
K50z.	N80
K51..	N81
K510.	N81
K5100	N81
K5101	N81
K5102	N81
K5103	N81
K5104	N81
K510z	N81
K511.	N81
K5110	N81
K5111	N81
K5112	N81
K511z	N81
K512.	N81
K5120	N81
K5121	N81
K513.	N81
K5130	N81
K514.	N81
K5140	N81
K515.	N99
K516.	N81
K5160	N81
K5161	N81
K516z	N81
K517.	N81
K518.	N81
K51y.	N81
K51y0	N81
K51y1	N81
K51y2	N81
K51y3	N81
K51yz	N81
K51z.	N81
K52..	N82
K520.	N82
K5200	N82
K5201	N82
K5202	N82
K5203	N82
K5204	N82
K5205	N82
K5206	N82
K5207	N82
K520z	N82
K521.	N82
K5210	N82
K5211	N82
K5212	N82
K5213	N82
K5214	N82
K5215	N82
K5216	N82
K5217	N82
K521z	N82
K522.	N82
K5220	N82
K5221	N82
K522z	N82
K52y.	N82
K52z.	N82
K53..	N83
K530.	N83
K531.	N83
K5310	N83
K5311	N83
K5312	N83
K531z	N83
K532.	N83
K5320	N83
K5321	N83
K5322	N83
K5323	N83
K532z	N83
K533.	N83
K5330	N83
K5331	N83
K5332	N83
K533z	N83
K534.	N83
K5340	N83
K5341	N83
K5342	N83
K534z	N83
K535.	N83
K5350	N83
K5351	N83
K5352	N83
K5353	N83
K5354	N83
K5355	N83
K535z	N83
K536.	N83
K537.	N83
K53y.	N83
K53y0	N83
K53y1	N83
K53y2	N83
K53y3	N83
K53y4	N83
K53y5	N83
K53y6	N83
K53yz	N83
K53z.	N83
K54..	N85
K540.	N84
K541.	N85
K542.	N85
K5420	N85
K5421	N85
K5422	N85
K542z	N85
K543.	N85
K5430	N85
K5431	N85
K5432	N85
K543z	N85
K544.	N85
K545.	N85
K546.	N85
K5460	N85
K5461	N85
K546z	N85
K547.	N85
K54y.	N85
K54y0	N85
K54y1	N85
K54y2	N85
K54y3	N85
K54y4	N85
K54yz	N85
K54z.	N85
K550.	N86
K5500	N86
K5501	N86
K5502	N86
K550z	N86
K551.	N87
K5510	N87
K5511	N87
K5513	N87
K5514	N87
K551X	N87
K551z	N87
K552.	N88
K553.	N88
K5530	N88
K5531	N88
K5532	N88
K553z	N88
K554.	N88
K5540	N88
K5541	N88
K5542	N88
K5543	N88
K554z	N88
K555.	N88
K556.	N88
K557.	N84
K55y.	N88
K55y0	N88
K55y1	N88
K55y2	N88
K55y3	N88
K55y4	N88
K55yz	N88
K55z.	N88
K56..	N89
K560.	N89
K5600	N89
K5601	N89
K561.	N89
K562.	N89
K5620	N99
K5621	N99
K5622	N89
K5623	N89
K5624	N89
K562z	N89
K563.	N89
K564.	N89
K565.	N89
K566.	N89
K567.	N84
K56X.	N89
K56y.	N89
K56y0	N89
K56y1	N93
K56y2	N89
K56yz	N89
K56z.	N89
K57..	N90
K570.	N90
K5700	N90
K5701	N90
K570z	N90
K571.	N90
K572.	N90
K573.	N90
K574.	N90
K5740	N90
K5741	N90
K574z	N90
K575.	N90
K576.	N84
K5760	N84
K5761	N84
K576z	N84
K577.	N90
K5770	N90
K5771	N90
K577W	N90
K577X	N90
K578.	N90
K5780	N90
K5781	N90
K5782	N90
K5783	N90
K57y.	N90
K57y0	N90
K57y1	N90
K57y2	N90
K57y3	N81
K57y4	N90
K57yz	N90
K57z.	N90
K58..	N94
K580.	N94
K581.	N94
K582.	N94
K583.	N94
K5830	N94
K5831	N94
K584.	N94
K585.	N94
K586.	N39
K587.	N93
K58y.	N94
K58y0	N94
K58z.	N94
K590.	N91
K5900	N91
K5901	N91
K590z	N91
K591.	N91
K5910	N91
K5911	N91
K5912	N91
K5913	N91
K591z	N91
K592.	N92
K5920	N92
K5921	N92
K592z	N92
K593.	N92
K594.	N92
K5940	N92
K594z	N92
K595.	N92
K596.	N92
K597.	N93
K598.	N92
K599.	N92
K59A.	N93
K59B.	N93
K59y.	N92
K59y0	N94
K59y1	N94
K59y2	N94
K59y3	N92
K59yx	N93
K59yy	N93
K59yz	N92
K59z.	N92
K5A..	N95
K5A0.	N92
K5A1.	N95
K5A2.	N95
K5A20	N95
K5A21	N95
K5A22	N95
K5A23	N95
K5A2z	N95
K5A3.	N95
K5A30	N95
K5A4.	N95
K5A5.	N95
K5A6.	N92
K5Ay.	N95
K5Az.	N95
K5B..	N97
K5B0.	N97
K5B00	N97
K5B01	N97
K5B0z	N97
K5B1.	E23
K5B10	E23
K5B11	E23
K5B1z	E23
K5B2.	N97
K5B20	N97
K5B21	N97
K5B23	N97
K5B2z	N97
K5B3.	N97
K5B30	N97
K5B31	N97
K5B3z	N97
K5B4.	N97
K5B40	N97
K5B41	N97
K5B4z	N97
K5B5.	N97
K5B50	N97
K5B51	N97
K5B5z	N97
K5B6.	N97
K5B7.	N97
K5By.	N97
K5By0	N97
K5By1	N97
K5Byz	N97
K5Bz.	N97
K5C..	N94
K5C0.	N94
K5C1.	N94
K5C2.	N89
K5Cy.	N94
K5Cz.	N94
K5D..	N96
K5E..	N93
K5E0.	N93
K5E1.	N93
K5E2.	N93
K5Ez.	N93
K5X..	N84
K5y..	N94
K5z..	N94
Kyu00	N08
Kyu01	N08
Kyu02	N08
Kyu03	N08
Kyu04	N08
Kyu05	N08
Kyu06	N08
Kyu07	N01
Kyu08	N05
Kyu09	N05
Kyu0A	N05
Kyu0B	N05
Kyu0C	N05
Kyu0D	N06
Kyu0E	N06
Kyu0F	N07
Kyu10	N11
Kyu11	N13
Kyu12	N13
Kyu13	N13
Kyu14	N14
Kyu15	N14
Kyu16	N15
Kyu17	N16
Kyu18	N16
Kyu19	N16
Kyu1A	N16
Kyu1B	N16
Kyu1C	N16
Kyu1D	N16
Kyu1E	N12
Kyu1F	N13
Kyu20	N17
Kyu21	N18
Kyu30	N21
Kyu31	N22
Kyu40	N25
Kyu41	N28
Kyu42	N29
Kyu43	N29
Kyu50	N30
Kyu51	N30
Kyu52	N31
Kyu53	N32
Kyu54	N33
Kyu55	N34
Kyu56	N35
Kyu57	N36
Kyu58	N37
Kyu59	N37
Kyu5A	N39
Kyu5B	N39
Kyu5C	N31
Kyu5D	N31
Kyu5E	N31
Kyu5F	N36
Kyu5G	N39
Kyu60	N41
Kyu61	N42
Kyu62	N43
Kyu63	N48
Kyu64	N48
Kyu65	N49
Kyu66	N49
Kyu67	N50
Kyu68	N51
Kyu69	N51
Kyu6A	N51
Kyu6B	N51
Kyu70	N60
Kyu71	N64
Kyu72	N64
Kyu80	N73
Kyu81	N74
Kyu82	N75
Kyu83	N76
Kyu84	N77
Kyu85	N77
Kyu86	N77
Kyu87	N73
Kyu88	N75
Kyu90	N80
Kyu91	N81
Kyu92	N82
Kyu93	N82
Kyu94	N82
Kyu95	N83
Kyu96	N83
Kyu97	N84
Kyu98	N85
Kyu99	N88
Kyu9A	N89
Kyu9B	N90
Kyu9C	N92
Kyu9D	N93
Kyu9E	N94
Kyu9F	N95
Kyu9G	N97
Kyu9H	N98
Kyu9J	N84
Kyu9K	N87
Kyu9L	N89
Kyu9M	N90
Kyu9N	N90
Kyu9P	N98
KyuA.	N99
KyuA0	N99
KyuA1	N99
L0...	O06
L00..	O01
L000.	O01
L001.	O01
L002.	O01
L01..	O02
L010.	O02
L011.	O02
L01z.	O02
L02..	O02
L03..	O00
L030.	O00
L0300	O83
L031.	O00
L0310	O00
L0311	O00
L0312	O00
L031z	O00
L032.	O00
L03y.	O00
L03y0	O00
L03y1	O00
L03y2	O00
L03y3	O00
L03y4	O00
L03y5	O00
L03y6	O00
L03y7	O00
L03y8	O00
L03yz	O00
L03z.	O00
L04..	O03
L040.	O03
L0400	O03
L0401	O03
L0402	O03
L0403	O03
L0404	O03
L0405	O03
L0406	O03
L0409	O03
L040w	O03
L040x	O03
L040y	O03
L040z	O03
L041.	O03
L0410	O03
L0411	O03
L0412	O03
L0413	O03
L0414	O03
L0415	O03
L0416	O03
L041w	O03
L041x	O03
L041y	O03
L041z	O03
L042.	O03
L0420	O03
L0421	O03
L0422	O03
L0423	O03
L0424	O03
L0425	O03
L0426	O03
L042w	O03
L042x	O03
L042y	O03
L042z	O03
L043.	O03
L0430	O03
L0431	O03
L0432	O03
L043x	O03
L043y	O03
L043z	O03
L044.	O03
L0440	O03
L0441	O03
L0442	O03
L044x	O03
L044y	O03
L044z	O03
L045.	O03
L0450	O03
L0451	O03
L0452	O03
L045x	O03
L045y	O03
L045z	O03
L04z.	O03
L05..	O04
L050.	O04
L0500	O04
L0501	O04
L0502	O04
L0503	O04
L0504	O04
L0505	O04
L0506	O04
L050w	O04
L050x	O04
L050y	O04
L050z	O04
L051.	O04
L0510	O04
L0511	O04
L0512	O04
L0513	O04
L0514	O04
L0515	O04
L0516	O04
L0517	O04
L051w	O04
L051x	O04
L051y	O04
L051z	O04
L052.	O04
L0520	O04
L0521	O04
L0522	O04
L0523	O04
L0524	O04
L0525	O04
L0526	O04
L052w	O04
L052x	O04
L052y	O04
L052z	O04
L05z.	O04
L06..	O05
L060.	O05
L0600	O05
L0601	O05
L0602	O05
L0603	O05
L0604	O05
L0605	O05
L0606	O05
L060w	O05
L060x	O05
L060y	O05
L060z	O05
L061.	O05
L0610	O05
L0611	O05
L0612	O05
L0613	O05
L0614	O05
L0615	O05
L0616	O05
L061w	O05
L061x	O05
L061y	O05
L061z	O05
L062.	O05
L0620	O05
L0621	O05
L0622	O05
L0623	O05
L0624	O05
L0625	O05
L0626	O05
L062w	O05
L062x	O05
L062y	O05
L062z	O05
L06z.	O05
L07..	O06
L070.	O06
L0700	O06
L0701	O06
L0702	O06
L0703	O06
L0704	O06
L0705	O06
L0706	O06
L070w	O06
L070x	O06
L070y	O06
L070z	O06
L071.	O06
L0710	O06
L0711	O06
L0712	O06
L0713	O06
L0714	O06
L0715	O06
L0716	O06
L071w	O06
L071x	O06
L071y	O06
L071z	O06
L072.	O06
L0720	O06
L0721	O06
L0722	O06
L0723	O06
L0724	O06
L0725	O06
L0726	O06
L072w	O06
L072x	O06
L072y	O06
L072z	O06
L07z.	O06
L08..	O07
L080.	O07
L081.	O07
L082.	O07
L083.	O07
L084.	O07
L085.	O07
L086.	O07
L08w.	O07
L08x.	O07
L08y.	O07
L08z.	O07
L09..	O08
L090.	O08
L0900	O08
L0901	O08
L0902	O08
L0903	O08
L0904	O08
L090y	O08
L090z	O08
L091.	O08
L0910	O08
L0911	O08
L0912	O08
L091z	O08
L092.	O08
L0920	O08
L0921	O08
L0922	O08
L0923	O08
L0924	O08
L0925	O08
L0926	O08
L092z	O08
L093.	O08
L0930	O08
L0931	O08
L0932	O08
L0933	O08
L0934	O08
L093z	O08
L094.	O08
L095.	O08
L096.	O08
L0960	O08
L0961	O08
L0962	O08
L0963	O08
L0964	O08
L0965	O08
L0966	O08
L0967	O08
L096z	O08
L0970	O03
L0971	O04
L0972	O05
L0973	O06
L09y.	O08
L09y0	O08
L09y1	O08
L09y2	O08
L09y3	O08
L09y4	O08
L09yz	O08
L09z.	O08
L0A..	O07
L0A1.	O07
L0A2.	O07
L0A3.	O07
L0A4.	O07
L0y..	O05
L0z..	O06
L10..	O20
L100.	O20
L1000	O20
L1001	O20
L1002	O20
L100z	O20
L10y.	O20
L10y0	O20
L10y1	O20
L10y2	O20
L10yz	O20
L10z.	O20
L10z0	O20
L10z1	O20
L10z2	O20
L10zz	O20
L110.	O44
L1100	O44
L1101	O44
L1102	O44
L110z	O44
L111.	O44
L1110	O44
L1111	O44
L1112	O44
L111z	O44
L112.	O45
L1120	O45
L1121	O45
L1122	O45
L1123	O45
L112z	O45
L113.	O46
L1130	O46
L1131	O46
L1132	O46
L113z	O46
L114.	O46
L1140	O46
L1141	O46
L1142	O46
L114z	O46
L115.	O46
L1150	O46
L1151	O46
L1152	O46
L115z	O46
L116.	O44
L11y.	O46
L11y0	O46
L11y1	O46
L11y2	O46
L11yz	O46
L11z.	O46
L11z0	O46
L11z1	O46
L11z2	O46
L11zz	O46
L12..	O16
L120.	O10
L1200	O10
L1201	O10
L1202	O10
L1203	O10
L1204	O10
L120z	O10
L121.	O10
L1210	O10
L1211	O10
L1212	O10
L1213	O10
L1214	O10
L121z	O10
L122.	O10
L1220	O10
L1221	O10
L1222	O10
L1223	O10
L1224	O10
L122z	O10
L123.	O13
L1235	O13
L1236	O13
L123z	O13
L1245	O14
L1246	O14
L125.	O14
L1250	O14
L1251	O14
L1252	O14
L1253	O14
L1254	O14
L125z	O14
L126.	O15
L1260	O15
L1261	O15
L1262	O15
L1264	O15
L1265	O15
L1266	O15
L126z	O15
L127.	O11
L1270	O11
L1271	O11
L1272	O11
L1273	O11
L1274	O11
L127z	O11
L128.	O10
L1280	O10
L1281	O10
L1282	O10
L129.	O14
L12A.	O14
L12B.	O14
L12z.	O16
L12z0	O16
L12z1	O16
L12z2	O16
L12z3	O16
L12z4	O16
L12zz	O16
L13..	O21
L130.	O21
L1300	O21
L1301	O21
L1302	O21
L130z	O21
L131.	O21
L1310	O21
L1311	O21
L1312	O21
L131z	O21
L132.	O21
L1320	O21
L1321	O21
L1322	O21
L132z	O21
L13y.	O21
L13y0	O21
L13y1	O21
L13y2	O21
L13yz	O21
L13z.	O21
L13z0	O21
L13z1	O21
L13z2	O21
L13zz	O21
L14..	O60
L140.	O47
L1400	O47
L1401	O47
L1402	O47
L140z	O47
L141.	O47
L1410	O47
L1411	O47
L141z	O47
L142.	O60
L1420	O60
L1421	O60
L142z	O60
L143.	O60
L1430	O60
L1431	O60
L1432	O60
L1433	O60
L15..	O48
L150.	O48
L1500	O48
L1501	O48
L1502	O48
L150z	O48
L15z.	O48
L16..	O26
L160.	O31
L1600	O31
L1601	O31
L1602	O31
L160z	O31
L161.	O12
L1610	O12
L1611	O12
L1612	O12
L1613	O12
L1614	O12
L161z	O12
L162.	O26
L1620	O26
L1621	O26
L1622	O26
L1623	O26
L1624	O26
L162z	O26
L163.	O26
L1630	O26
L1631	O26
L1632	O26
L1633	O26
L163z	O26
L164.	O26
L1640	O26
L1641	O26
L1642	O26
L1643	O26
L1644	O26
L164z	O26
L165.	O23
L1650	O23
L1651	O23
L1652	O86
L1653	O23
L1654	O86
L165z	O23
L166.	O23
L1660	O23
L1661	O23
L1662	O86
L1663	O23
L1664	O86
L1665	O23
L1666	O86
L1667	O23
L1668	O23
L166z	O23
L167.	O26
L1670	O26
L1671	O26
L1672	O26
L167z	O26
L168.	O26
L1680	O26
L1681	O26
L1682	O26
L1683	O26
L1684	O26
L168z	O26
L169.	O26
L1690	O26
L1691	O26
L1692	O26
L1693	O26
L1694	O26
L169z	O26
L16A.	O26
L16A0	O26
L16A1	O26
L16A2	O26
L16A3	O26
L16A4	O26
L16Az	O26
L16B.	O47
L16C.	O12
L16C0	O12
L16C1	O12
L16D.	O26
L16E.	O26
L16y.	O26
L16y0	O26
L16y1	O26
L16y2	O26
L16y3	O26
L16y4	O26
L16yz	O26
L16z.	O26
L17..	O98
L170.	O98
L1700	O98
L1701	O98
L1702	O98
L1703	O98
L1704	O98
L170z	O98
L171.	O98
L1710	O98
L1711	O98
L1712	O98
L1713	O98
L1714	O98
L171z	O98
L172.	O98
L1720	O98
L1721	O98
L1722	O98
L1723	O98
L1724	O98
L172z	O98
L173.	O98
L1730	O98
L1731	O98
L1732	O98
L1733	O98
L1734	O98
L173z	O98
L174.	O98
L1740	O98
L1741	O98
L1742	O98
L1743	O98
L1744	O98
L174z	O98
L175.	O98
L1750	O98
L1751	O98
L1752	O98
L1753	O98
L1754	O98
L175z	O98
L176.	O98
L1760	O98
L1761	O98
L1762	O98
L1763	O98
L1764	O98
L1765	O98
L176z	O98
L177.	O23
L178.	O23
L179.	O98
L17y.	O98
L17y0	O98
L17y1	O98
L17y2	O98
L17y3	O98
L17y4	O98
L17yz	O98
L17z.	O98
L17z0	O98
L17z1	O98
L17z2	O98
L17z3	O98
L17z4	O98
L17zz	O98
L18..	O99
L180.	O24
L1800	O24
L1801	O24
L1802	O24
L1803	O24
L1804	O24
L1805	O24
L1806	O24
L1807	O24
L1808	O24
L1809	O24
L180A	O24
L180B	O24
L180X	O24
L180z	O24
L181.	O99
L1810	O99
L1811	O99
L1812	O99
L1813	O99
L1814	O99
L1815	O90
L181z	O99
L182.	O99
L1820	O99
L1821	O99
L1822	O99
L1823	O99
L1824	O99
L1825	O99
L182z	O99
L183.	O99
L1830	O99
L1831	O99
L1832	O99
L1833	O99
L1834	O99
L183z	O99
L184.	O99
L1840	O99
L1841	O99
L1842	O99
L1843	O99
L1844	O99
L184z	O99
L185.	O99
L1850	O99
L1851	O99
L1852	O99
L1853	O99
L1854	O99
L185z	O99
L186.	O99
L1860	O99
L1861	O99
L1862	O99
L1863	O99
L1864	O99
L1865	O90
L186z	O99
L187.	O99
L1870	O99
L1871	O99
L1872	O99
L1873	O99
L1874	O99
L187z	O99
L188.	O28
L1880	O28
L1881	O99
L1882	O99
L1883	O28
L1884	O99
L188z	O28
L189.	O99
L18A.	O99
L18A0	O26
L18B.	O99
L18C.	O99
L18D.	O99
L18z.	O99
L18z0	O99
L18z1	O99
L18z2	O99
L18z3	O99
L18z4	O99
L18zz	O99
L19..	O31
L191.	O31
L192.	O31
L1A..	O26
L1y..	O26
L1z..	O26
L2...	O26
L20..	O80
L20z.	O80
L21..	O30
L210.	O30
L2100	O30
L2101	O30
L2102	O30
L210z	O30
L211.	O30
L2110	O30
L2111	O30
L2112	O30
L211z	O30
L212.	O30
L2120	O30
L2121	O30
L2122	O30
L212z	O30
L213.	O84
L2130	O84
L2131	O84
L2132	O84
L21y.	O30
L21y0	O30
L21y1	O30
L21y2	O30
L21yz	O30
L21z.	O30
L21z0	O30
L21z1	O30
L21z2	O30
L21zz	O30
L22..	O32
L220.	O32
L2200	O32
L2201	O32
L2202	O32
L220z	O32
L221.	O32
L2210	O32
L2211	O32
L2212	O32
L221z	O32
L222.	O32
L2220	O32
L2221	O32
L2222	O32
L222z	O32
L223.	O32
L2230	O32
L2231	O32
L2232	O32
L223z	O32
L224.	O32
L2240	O32
L2241	O32
L2242	O32
L224z	O32
L225.	O32
L2250	O32
L2251	O32
L2252	O32
L225z	O32
L226.	O32
L2260	O32
L2261	O32
L2262	O32
L226z	O32
L227.	O32
L2270	O32
L2271	O32
L2272	O32
L227z	O32
L228.	O32
L2280	O32
L2281	O32
L2282	O32
L228z	O32
L229.	O32
L2290	O32
L2291	O32
L2292	O32
L229z	O32
L22y.	O32
L22y0	O32
L22y1	O32
L22y2	O32
L22yz	O32
L22z.	O32
L22z0	O32
L22z1	O32
L22z2	O32
L22zz	O32
L23..	O33
L230.	O33
L2300	O33
L2301	O33
L2302	O33
L230z	O33
L231.	O33
L2310	O33
L2311	O33
L2312	O33
L231z	O33
L232.	O33
L2320	O33
L2321	O33
L2322	O33
L232z	O33
L233.	O33
L2330	O33
L2331	O33
L2332	O33
L233z	O33
L234.	O33
L2340	O33
L2341	O33
L2342	O33
L234z	O33
L235.	O33
L2350	O33
L2351	O33
L2352	O33
L235z	O33
L236.	O33
L2360	O33
L2361	O33
L2362	O33
L236z	O33
L237.	O33
L2370	O33
L2371	O33
L2372	O33
L237z	O33
L23y.	O33
L23y0	O33
L23y1	O33
L23y2	O33
L23yz	O33
L23z.	O33
L23z0	O33
L23z1	O33
L23z2	O33
L23zz	O33
L24..	O34
L240.	O34
L2400	O34
L2401	O34
L2402	O34
L2403	O34
L2404	O34
L240z	O34
L241.	O34
L2410	O34
L2411	O34
L2412	O34
L2413	O34
L2414	O34
L241z	O34
L242.	O34
L2420	O34
L2421	O34
L2422	O34
L242z	O34
L243.	O34
L2430	O34
L2431	O34
L2432	O34
L2433	O34
L2434	O34
L243z	O34
L244.	O34
L2440	O34
L2441	O34
L2442	O34
L2443	O34
L2444	O34
L244z	O34
L245.	O34
L2450	O34
L2451	O34
L2452	O34
L2453	O34
L2454	O34
L245z	O34
L246.	O34
L2460	O34
L2461	O34
L2462	O34
L2463	O34
L2464	O34
L246z	O34
L247.	O34
L2470	O34
L2471	O34
L2472	O34
L2473	O34
L2474	O34
L247z	O34
L248.	O34
L2480	O34
L2481	O34
L2482	O34
L2483	O34
L2484	O34
L248z	O34
L24z.	O34
L24z0	O34
L24z1	O34
L24z2	O34
L24z3	O34
L24z4	O34
L24zz	O34
L25..	O35
L250.	O35
L2500	O35
L2501	O35
L2502	O35
L2503	O35
L2504	O35
L250z	O35
L251.	O35
L2510	O35
L2511	O35
L2512	O35
L2513	O35
L2514	O35
L251z	O35
L252.	O35
L2520	O35
L2521	O35
L2522	O35
L252z	O35
L253.	O35
L2530	O35
L2531	O35
L2532	O35
L2533	O35
L253z	O35
L254.	O35
L2540	O35
L2541	O35
L2542	O35
L254z	O35
L255.	O35
L2550	O35
L2551	O35
L2552	O35
L2553	O35
L255z	O35
L256.	O35
L2560	O35
L2561	O35
L2562	O35
L256z	O35
L257.	O35
L2570	O35
L2571	O35
L2572	O35
L257z	O35
L258.	O35
L25y.	O35
L25y0	O35
L25y1	O35
L25y2	O35
L25yz	O35
L25z.	O35
L25z0	O35
L25z1	O35
L25z2	O35
L25z3	O35
L25z4	O35
L25zz	O35
L260.	O43
L2600	O43
L2601	O43
L2602	O43
L260z	O43
L261.	O36
L2610	O36
L2611	O36
L2612	O36
L261z	O36
L262.	O36
L2620	O36
L2621	O36
L2622	O36
L262z	O36
L2633	O68
L2634	O68
L2635	O68
L2636	O68
L2637	O36
L2638	O36
L2639	O36
L263A	O36
L263B	O36
L264.	O36
L2640	O36
L2641	O36
L2642	O36
L264z	O36
L265.	O36
L2650	O36
L2651	O36
L2652	O36
L2653	O36
L265z	O36
L266.	O36
L2660	O36
L2661	O36
L2662	O36
L2663	O36
L266z	O36
L267.	O43
L2670	O43
L2671	O43
L2672	O43
L2673	O43
L2674	O43
L2676	O43
L2677	O43
L2678	O43
L2679	O43
L267A	O43
L267z	O43
L2680	O36
L26y.	O43
L26y0	O43
L26y1	O43
L26y2	O43
L26yz	O43
L26z.	O43
L26z0	O43
L26z1	O43
L26z2	O43
L26zz	O43
L27..	O40
L270.	O40
L2700	O40
L2701	O40
L2702	O40
L270z	O40
L27z.	O40
L28..	O41
L280.	O41
L2800	O41
L2801	O41
L2802	O41
L2803	O41
L280z	O41
L281.	O42
L2810	O42
L2811	O42
L2812	O42
L2813	O42
L2814	O42
L2815	O42
L281z	O42
L282.	O75
L2820	O75
L2821	O75
L2822	O75
L2823	O75
L282z	O75
L283.	O75
L2830	O75
L2831	O75
L2832	O75
L283z	O75
L284.	O41
L2840	O41
L2841	O41
L2842	O41
L284z	O41
L28y.	O41
L28y0	O41
L28y1	O41
L28y2	O41
L28y3	O41
L28yz	O41
L28z.	O41
L28z0	O41
L28z1	O41
L28z2	O41
L28zz	O41
L29..	O75
L290.	O61
L2900	O61
L2901	O61
L2902	O61
L290z	O61
L291.	O61
L2910	O61
L2911	O61
L2912	O61
L291z	O61
L292.	O75
L2920	O75
L2921	O75
L2922	O75
L292z	O75
L293.	O75
L2930	O75
L2931	O75
L2932	O75
L293z	O75
L296.	O75
L29y.	O75
L29y0	O75
L29y1	O75
L29y2	O75
L29yz	O75
L29z.	O75
L29z0	O75
L29z1	O75
L29z2	O75
L29zz	O75
L2A..	O28
L2A0.	O28
L2A1.	O28
L2A2.	O28
L2A3.	O28
L2A4.	O28
L2A5.	O28
L2AX.	O28
L2B..	O26
L2C..	O25
L2D..	O26
L30..	O66
L300.	O64
L3000	O64
L3001	O64
L3002	O64
L3003	O64
L3004	O64
L3005	O64
L3006	O64
L3007	O64
L300z	O64
L301.	O65
L3010	O65
L3011	O65
L3012	O65
L3013	O65
L3014	O65
L3015	O65
L3016	O65
L3017	O65
L301z	O65
L302.	O65
L3020	O65
L3021	O65
L3022	O65
L302z	O65
L303.	O64
L3030	O64
L3031	O64
L3032	O64
L303z	O64
L304.	O32
L3040	O32
L3041	O32
L3042	O32
L304z	O32
L305.	O66
L3050	O66
L3051	O66
L3052	O66
L305z	O66
L306.	O66
L3060	O66
L3061	O66
L3062	O66
L306z	O66
L307.	O66
L3070	O66
L3071	O66
L3072	O66
L307z	O66
L308.	O66
L3080	O66
L3081	O66
L3082	O66
L308z	O66
L309.	O66
L3090	O66
L3091	O66
L3092	O66
L309z	O66
L30A.	O66
L30y.	O66
L30y0	O66
L30y1	O66
L30y2	O66
L30yz	O66
L30z.	O66
L30z0	O66
L30z1	O66
L30z2	O66
L30zz	O66
L31..	O62
L310.	O62
L3100	O62
L3101	O62
L3102	O62
L310z	O62
L311.	O62
L3110	O62
L3111	O62
L3112	O62
L311z	O62
L312.	O62
L3120	O62
L3121	O62
L3122	O62
L312z	O62
L313.	O62
L3130	O62
L3131	O62
L3132	O62
L313z	O62
L314.	O62
L3140	O62
L3141	O62
L3142	O62
L314z	O62
L31z.	O62
L31z0	O62
L31z1	O62
L31z2	O62
L31zz	O62
L32..	O63
L320.	O63
L3200	O63
L3201	O63
L3202	O63
L320z	O63
L321.	O63
L3210	O63
L3211	O63
L3212	O63
L321z	O63
L322.	O63
L3220	O63
L3221	O63
L3222	O63
L322z	O63
L323.	O63
L3230	O63
L3231	O63
L3232	O63
L323z	O63
L32z.	O63
L33..	O69
L330.	O69
L3300	O69
L3301	O69
L3302	O69
L330z	O69
L331.	O69
L3310	O69
L3311	O69
L3312	O69
L331z	O69
L332.	O69
L3320	O69
L3321	O69
L3322	O69
L332z	O69
L333.	O69
L3330	O69
L3331	O69
L3332	O69
L333z	O69
L334.	O69
L3340	O69
L3341	O69
L3342	O69
L334z	O69
L335.	O69
L3350	O69
L3351	O69
L3352	O69
L335z	O69
L336.	O69
L3360	O69
L3361	O69
L3362	O69
L336z	O69
L33y.	O69
L33y0	O69
L33y1	O69
L33y2	O69
L33yz	O69
L33z.	O69
L33z0	O69
L33z1	O69
L33z2	O69
L33zz	O69
L34..	O70
L340.	O70
L3400	O70
L3401	O70
L3402	O70
L3403	O70
L3404	O70
L3405	O70
L3406	O70
L340z	O70
L341.	O70
L3410	O70
L3411	O70
L3412	O70
L341z	O70
L342.	O70
L3420	O70
L3421	O70
L3422	O70
L342z	O70
L343.	O70
L3430	O70
L3431	O70
L3432	O70
L343z	O70
L344.	O70
L3440	O70
L3441	O70
L3442	O70
L344z	O70
L345.	O71
L3450	O71
L3451	O71
L3452	O71
L345z	O71
L34y.	O71
L34y0	O71
L34y1	O71
L34y2	O71
L34yz	O71
L34z.	O71
L34z0	O71
L34z1	O71
L34z2	O71
L34zz	O71
L35..	O71
L350.	O71
L3500	O71
L3501	O71
L3502	O71
L350z	O71
L351.	O71
L3510	O71
L3511	O71
L3512	O71
L3513	O71
L351z	O71
L352.	O71
L3520	O71
L3521	O71
L3522	O71
L352z	O71
L353.	O71
L3530	O71
L3531	O71
L3532	O71
L353z	O71
L354.	O71
L3540	O71
L3541	O71
L3542	O71
L354z	O71
L355.	O71
L3550	O71
L3551	O71
L3552	O71
L355z	O71
L356.	O71
L3560	O71
L3561	O71
L3562	O71
L356z	O71
L357.	O71
L3570	O71
L3571	O71
L3572	O71
L3573	O71
L357z	O71
L35y.	O71
L35y0	O71
L35y1	O71
L35y2	O71
L35y3	O71
L35y4	O71
L35yz	O71
L35z.	O71
L35z0	O71
L35z1	O71
L35z2	O71
L35z3	O71
L35z4	O71
L35zz	O71
L36..	O72
L360.	O72
L3600	O72
L3601	O72
L3602	O72
L360z	O72
L361.	O72
L3610	O72
L3611	O72
L3612	O72
L361z	O72
L362.	O72
L3620	O72
L3621	O72
L3622	O72
L362z	O72
L363.	O72
L3630	O72
L3631	O72
L3632	O72
L363z	O72
L364.	O72
L365.	O72
L36z.	O72
L37..	O73
L370.	O73
L3700	O73
L3701	O73
L3702	O73
L370z	O73
L371.	O73
L3710	O73
L3711	O73
L3712	O73
L371z	O73
L37z.	O73
L38..	O29
L380.	O29
L3800	O29
L3801	O89
L3802	O89
L3803	O29
L3804	O89
L380z	O29
L381.	O29
L3810	O29
L3811	O89
L3812	O89
L3813	O29
L3814	O89
L381z	O29
L382.	O29
L3820	O29
L3821	O89
L3822	O89
L3823	O29
L3824	O89
L382z	O29
L3830	O29
L3831	O89
L3840	O29
L3841	O89
L385.	O29
L386.	O74
L387.	O74
L388.	O74
L389.	O74
L38A.	O74
L38B.	O89
L38X.	O74
L38y.	O29
L38y0	O29
L38y1	O89
L38y2	O89
L38y3	O29
L38y4	O89
L38yz	O29
L38z.	O29
L38z0	O29
L38z1	O89
L38z2	O89
L38z3	O29
L38z4	O89
L38zz	O29
L39..	O75
L390.	O75
L3900	O75
L3901	O75
L3902	O75
L3903	O75
L3904	O75
L390z	O75
L391.	O75
L3910	O75
L3911	O75
L3912	O75
L3913	O75
L3914	O75
L391z	O75
L392.	O26
L3920	O26
L3921	O26
L3922	O26
L3923	O26
L3924	O26
L392z	O26
L393.	O90
L3930	O90
L3931	O90
L3932	O90
L393z	O90
L394.	O75
L3940	O75
L3941	O75
L3942	O75
L3943	O75
L3945	O86
L3946	O90
L394z	O75
L395.	O81
L3950	O81
L3951	O81
L3952	O81
L3953	O81
L3954	O81
L3955	O81
L395z	O81
L396.	O81
L3960	O81
L3961	O81
L396z	O81
L397.	O83
L3970	O83
L3971	O83
L397z	O83
L398.	O82
L3980	O82
L3981	O82
L3982	O82
L3983	O82
L3984	O82
L3985	O82
L3986	O34
L398z	O82
L399.	O83
L39A.	O96
L39A0	O96
L39A1	O96
L39B.	O97
L39X.	O95
L39y.	O75
L39y0	O75
L39y1	O75
L39y2	O75
L39y3	O75
L39y4	O75
L39y5	O75
L39yz	O75
L39z.	O75
L39z0	O75
L39z1	O75
L39z2	O75
L39z3	O75
L39z4	O75
L39zz	O75
L3A..	O67
L3X..	O67
L3y..	O75
L3z..	O75
L40..	O85
L400.	O85
L4000	O85
L4001	O85
L4002	O85
L400z	O85
L401.	O85
L4010	O85
L4011	O85
L4012	O85
L401z	O85
L402.	O85
L4020	O85
L4021	O85
L4022	O85
L402z	O85
L403.	O85
L4030	O85
L4031	O85
L4032	O85
L403z	O85
L40z.	O85
L40z0	O85
L40z1	O85
L40z2	O85
L40zz	O85
L41..	O22
L4105	O22
L4106	O87
L4115	O22
L4116	O87
L4120	O22
L4125	O22
L4126	O87
L413.	O22
L4130	O22
L4131	O22
L4132	O22
L413z	O22
L414.	O87
L4140	O87
L4141	O87
L4142	O87
L414z	O87
L4155	O22
L4156	O87
L4165	O87
L4166	O22
L4170	O22
L4171	O87
L41z5	O22
L41z6	O87
L42..	O86
L420.	O86
L4200	O86
L4201	O86
L4202	O86
L420z	O86
L42z.	O86
L43..	O88
L430.	O88
L4300	O88
L4301	O88
L4302	O88
L4303	O88
L4304	O88
L430z	O88
L431.	O88
L4310	O88
L4311	O88
L4312	O88
L4313	O88
L4314	O88
L431z	O88
L432.	O88
L4320	O88
L4321	O88
L4322	O88
L4323	O88
L4324	O88
L432z	O88
L433.	O88
L4330	O88
L4331	O88
L4332	O88
L4333	O88
L4334	O88
L433z	O88
L43y.	O88
L43y0	O88
L43y1	O88
L43y2	O88
L43y3	O88
L43y4	O88
L43yz	O88
L43z.	O88
L43z0	O88
L43z1	O88
L43z2	O88
L43z3	O88
L43z4	O88
L43zz	O88
L44..	O90
L440.	O99
L4400	O99
L4401	O99
L4402	O99
L4403	O99
L4404	O99
L440z	O99
L441.	O90
L4410	O90
L4411	O90
L4412	O90
L441z	O90
L442.	O90
L4420	O90
L4421	O90
L4422	O90
L442z	O90
L443.	O90
L4430	O90
L4431	O90
L4432	O90
L443z	O90
L444.	O90
L4440	O90
L4441	O90
L4442	O90
L444z	O90
L44y.	O90
L44y0	O90
L44y1	O90
L44y2	O90
L44yz	O90
L44z.	O90
L44z0	O90
L44z1	O90
L44z2	O90
L44zz	O90
L45..	O91
L450.	O91
L4500	O91
L4501	O91
L4502	O91
L4503	O91
L4504	O91
L450z	O91
L451.	O91
L4510	O91
L4511	O91
L4512	O91
L4513	O91
L4514	O91
L451z	O91
L452.	O91
L4520	O91
L4521	O91
L4522	O91
L4523	O91
L4524	O91
L452z	O91
L45y.	O91
L45y0	O91
L45y1	O91
L45y2	O91
L45y3	O91
L45y4	O91
L45yz	O91
L45z.	O91
L45z0	O91
L45z1	O91
L45z2	O91
L45z3	O91
L45z4	O91
L45zz	O91
L46..	O92
L460.	O92
L4600	O92
L4601	O92
L4602	O92
L4603	O92
L4604	O92
L460z	O92
L461.	O92
L4610	O92
L4611	O92
L4612	O92
L4613	O92
L4614	O92
L461z	O92
L462.	O92
L4620	O92
L4621	O92
L4622	O92
L4623	O92
L4624	O92
L462z	O92
L463.	O92
L4630	O92
L4631	O92
L4632	O92
L4633	O92
L4634	O92
L4635	O92
L463z	O92
L464.	O92
L4640	O92
L4641	O92
L4642	O92
L4643	O92
L4644	O92
L464z	O92
L465.	O92
L4650	O92
L4651	O92
L4652	O92
L4653	O92
L4654	O92
L465z	O92
L466.	O92
L4660	O92
L4661	O92
L4662	O92
L4663	O92
L4664	O92
L466z	O92
L467.	O92
L46y.	O92
L46y0	O92
L46y1	O92
L46y2	O92
L46y3	O92
L46y4	O92
L46yz	O92
L46z.	O92
L46z0	O92
L46z1	O92
L46z2	O92
L46z3	O92
L46z4	O92
L46zz	O92
L4y..	O90
L4z..	O90
L50..	O32
L51..	O36
L510.	O36
L511.	O36
L512.	O36
L514.	O36
L51X.	O36
Ly0..	O80
Ly1..	O80
Ly2..	O94
Lyu00	O00
Lyu01	O02
Lyu02	O05
Lyu03	O07
Lyu04	O07
Lyu05	O07
Lyu06	O07
Lyu07	O07
Lyu08	O07
Lyu09	O08
Lyu0A	O08
Lyu0B	O08
Lyu20	O20
Lyu21	O21
Lyu22	O22
Lyu23	O23
Lyu24	O23
Lyu25	O26
Lyu26	O28
Lyu27	O29
Lyu28	O29
Lyu29	O24
Lyu2A	O28
Lyu30	O30
Lyu31	O31
Lyu32	O32
Lyu33	O34
Lyu34	O34
Lyu35	O34
Lyu36	O35
Lyu37	O35
Lyu38	O36
Lyu39	O36
Lyu3A	O36
Lyu3B	O41
Lyu3C	O43
Lyu3D	O45
Lyu3E	O46
Lyu40	O61
Lyu41	O62
Lyu42	O62
Lyu43	O64
Lyu44	O65
Lyu45	O66
Lyu46	O66
Lyu47	O67
Lyu48	O68
Lyu49	O69
Lyu4A	O69
Lyu4B	O71
Lyu4C	O71
Lyu4D	O72
Lyu4E	O74
Lyu4F	O74
Lyu4G	O74
Lyu4H	O75
Lyu4J	O75
Lyu4K	O75
Lyu4L	O65
Lyu4M	O67
Lyu4N	O68
Lyu4P	O74
Lyu50	O80
Lyu51	O81
Lyu52	O82
Lyu53	O83
Lyu54	O83
Lyu55	O83
Lyu56	O84
Lyu57	O83
Lyu58	O84
Lyu60	O86
Lyu61	O86
Lyu62	O86
Lyu63	O87
Lyu64	O88
Lyu65	O89
Lyu66	O89
Lyu67	O90
Lyu68	O92
Lyu69	O92
Lyu6A	O86
Lyu6B	O86
Lyu6C	O86
Lyu70	O98
Lyu71	O98
Lyu72	O98
Lyu73	O99
Lyu74	O99
Lyu75	O95
M00..	L02
M000.	L02
M0000	H60
M0001	L02
M0002	J34
M0003	L02
M000z	L02
M001.	L02
M002.	L02
M0020	L02
M0021	N61
M0022	L02
M0023	L02
M0024	L02
M0025	L02
M0026	L02
M0027	L02
M002z	L02
M003.	L02
M0030	L02
M0031	L02
M0032	L02
M0033	L02
M0034	L02
M003z	L02
M004.	L02
M0040	L02
M0041	L02
M0042	L02
M004z	L02
M005.	L02
M0050	K61
M0051	L02
M005z	L02
M006.	L02
M0060	L02
M0061	L02
M0062	L02
M0063	L02
M0064	L02
M006z	L02
M007.	L02
M0070	L02
M0071	L02
M0072	L02
M007z	L02
M00y.	L02
M00y0	L02
M00yz	L02
M00z.	L02
M01..	L02
M010.	L02
M0100	H60
M0101	L02
M0102	J34
M0103	L02
M0104	J34
M010z	L02
M011.	L02
M012.	L02
M0120	L02
M0121	N61
M0122	L02
M0123	L02
M0124	L02
M0125	L02
M0126	L02
M0127	L02
M012z	L02
M013.	L02
M0130	L02
M0131	L02
M0132	L02
M0133	L02
M0134	L02
M013z	L02
M014.	L02
M0140	L02
M0141	L02
M0142	L02
M014z	L02
M015.	L02
M0150	K61
M0151	L02
M015z	L02
M016.	L02
M0160	L02
M0161	L02
M0162	L02
M0163	L02
M0164	L02
M016z	L02
M017.	L02
M0170	L02
M0171	L02
M0172	L02
M017z	L02
M01y.	L02
M01y0	L02
M01yz	L02
M01z.	L02
M01z0	L02
M02..	L03
M020.	L03
M0200	L03
M0201	L02
M0202	L03
M0203	L03
M0204	L08
M0205	L08
M020z	L03
M021.	L03
M0210	L03
M0211	L03
M0212	L03
M0213	L03
M021z	L03
M02z.	L03
M03..	L03
M0301	J34
M0306	L03
M0328	L03
M0372	E14
M038.	H60
M03z0	L03
M03z1	L02
M04..	L04
M040.	L04
M041.	L04
M042.	L04
M043.	L04
M05..	L01
M050.	L01
M051.	L01
M052.	L01
M053.	L01
M054.	L01
M055.	L01
M056.	L01
M057.	L01
M05z.	L01
M06..	L05
M060.	L05
M061.	L05
M062.	L05
M063.	L05
M06z.	L05
M07..	L08
M070.	L08
M0700	L08
M0701	L08
M0702	L88
M0703	L08
M070z	L08
M071.	L98
M0710	L98
M0711	L98
M0712	L98
M0713	L92
M071z	L98
M072.	L08
M073.	L08
M07y.	L08
M07y0	L40
M07y1	L08
M07y2	L10
M07y3	K13
M07y4	A42
M07y5	L08
M07yz	L08
M07z.	L08
M07z0	L08
M07z1	L08
M07z2	L08
M08..	L03
M080.	L03
M081.	L03
M082.	L03
M083.	L03
M084.	L03
M085.	L03
M086.	L03
M087.	L03
M088.	L03
M089.	L03
M08A.	L03
M08B.	L03
M08C.	L03
M08y.	L03
M09..	L02
M090.	L02
M091.	L02
M092.	L02
M0920	L02
M0921	L02
M0922	L02
M093.	L02
M094.	L02
M0940	L02
M095.	L02
M09y.	L02
M0y..	L08
M0z..	L08
M10..	L98
M100.	L21
M101.	L21
M102.	L30
M104.	L30
M10z.	L98
M11..	L20
M110.	L22
M1100	L22
M111.	L20
M112.	L20
M113.	L20
M114.	L20
M115.	L20
M116.	L20
M117.	L20
M118.	L21
M1180	L21
M118z	L21
M119.	L30
M11A.	L30
M11z.	L20
M12..	L25
M120.	L24
M121.	L24
M122.	L24
M1220	L24
M1221	L24
M1222	L24
M1223	L24
M1224	L24
M1225	L24
M122z	L24
M123.	L25
M1230	L25
M1231	L25
M1232	L25
M1233	L25
M1234	L25
M1235	L25
M1236	L25
M1237	L25
M1238	L25
M123z	L25
M124.	L25
M1240	L24
M1241	L23
M1242	L24
M1243	L24
M1244	L23
M1245	L25
M1246	L23
M1247	L23
M1248	L23
M124z	L25
M125.	L25
M1250	L25
M1251	L25
M1252	L25
M1253	L25
M1254	L25
M1255	L25
M125z	L25
M126.	L25
M1260	L23
M1261	L23
M1262	L23
M1263	L23
M1264	L23
M1265	L23
M1266	L23
M126z	L25
M127.	L57
M1270	L57
M1271	L55
M1272	L56
M1273	L56
M1274	L56
M1275	L55
M1276	L55
M1277	L55
M1278	L56
M1279	L56
M127A	L57
M127B	L56
M127z	L57
M128.	L23
M1280	L23
M1281	L23
M1282	L23
M1283	L23
M1284	L23
M1285	L23
M1286	L23
M129.	L24
M1290	L24
M1291	L24
M1292	L24
M1293	L24
M1294	L24
M1295	L24
M12A.	L56
M12A0	L56
M12A1	L56
M12A2	L56
M12A3	L56
M12B.	L57
M12B0	L57
M12B1	L57
M12B2	L57
M12B3	L57
M12C.	L58
M12C0	L58
M12C1	L58
M12D.	L59
M12y.	L25
M12y0	L25
M12y1	L30
M12y2	L25
M12y3	L23
M12y4	L59
M12y5	L59
M12y6	L25
M12y7	L57
M12y8	L23
M12y9	L25
M12yA	L59
M12yB	L57
M12yC	L58
M12yD	L25
M12yz	L25
M12z.	L25
M12z0	L30
M12z1	L30
M12z2	L30
M12z3	L30
M12z4	L30
M12zz	L25
M13..	L27
M130.	L27
M1300	L27
M1301	L27
M1302	L27
M131.	L27
M13y.	L27
M13z.	L27
M140.	L13
M141.	L13
M142.	L12
M143.	L40
M144.	L10
M1440	L10
M1441	L10
M1442	L10
M1443	L10
M1444	L10
M1445	L10
M1446	L10
M1447	L10
M1448	L10
M144z	L10
M145.	L12
M1450	L12
M1451	L10
M1452	L13
M1453	L12
M145z	L12
M146.	L12
M1460	L12
M146z	L12
M147.	L13
M14y.	L13
M14z.	L13
M150.	L53
M151.	L51
M1510	L53
M1512	L53
M1513	L53
M1514	L53
M1515	L53
M1516	L53
M1517	L51
M1518	L51
M1519	L51
M151A	L53
M151y	L51
M151z	L51
M152.	L52
M153.	L71
M1530	L71
M1531	L71
M1532	L71
M1533	L71
M1534	L71
M1535	L71
M1536	L71
M153z	L71
M154.	L93
M1540	L93
M1541	L93
M1542	L93
M1543	L93
M1544	L93
M1545	L93
M1546	L93
M1547	L93
M154z	L93
M15y.	L53
M15y0	L00
M15y1	L30
M15y2	L26
M15y3	L21
M15y4	L53
M15y5	L92
M15y7	L53
M15yz	L53
M15z.	L53
M1601	M07
M161.	L40
M1610	L40
M1611	L40
M1612	L40
M1613	L40
M1614	L40
M1615	L40
M1616	L40
M1617	L40
M1618	L40
M1619	L40
M161A	L40
M161B	L40
M161C	L40
M161D	L40
M161E	L40
M161F	L40
M161G	L40
M161H	L40
M161J	L40
M161z	L40
M162.	L41
M1620	L41
M1621	L41
M1622	L41
M1623	L41
M1624	L41
M1625	L41
M1626	L41
M1627	L41
M1628	C86
M1629	L41
M162A	L41
M162B	L41
M162z	L41
M163.	L42
M164.	L44
M1650	L30
M1651	L21
M1652	L21
M166.	L40
M16y0	L40
M17..	L28
M170.	L43
M1700	L43
M1701	L43
M1702	L43
M1703	L43
M1704	L43
M1705	L43
M1707	L43
M1708	L43
M1709	L66
M170z	L43
M171.	L44
M172.	L43
M173.	L28
M17y.	L28
M17y0	L44
M17y1	L44
M17y2	L44
M17yz	L28
M17z.	L28
M18..	L29
M180.	L29
M181.	L29
M1810	L29
M1811	L29
M182.	L28
M1820	L56
M1821	L28
M1822	L28
M1823	L28
M182z	L28
M183.	L28
M1830	L28
M1831	L28
M1832	L28
M183z	L28
M184.	L98
M18y.	L29
M18y0	L29
M18y1	L29
M18y2	L29
M18y3	L29
M18yz	L29
M18z.	L29
M1B..	L98
M1W..	L59
M1X..	L56
M1y..	L98
M1y0.	L30
M1y1.	L30
M1y2.	I83
M1z..	L98
M2...	L98
M20..	L84
M200.	L84
M2000	L84
M2001	L84
M2002	L84
M2003	L84
M200z	L84
M201.	L84
M2010	L84
M2011	L84
M2012	L84
M2013	L84
M2014	L84
M20z.	L84
M210.	L94
M2100	L94
M2101	L94
M2102	L90
M2103	L94
M2104	L94
M2105	L94
M210z	L94
M211.	L85
M2110	L85
M2111	Q82
M2112	L85
M2113	L85
M2114	L85
M2115	L85
M2116	L85
M2117	L85
M2118	L85
M2119	L85
M211A	L87
M211z	L85
M212.	L83
M213.	L90
M2130	L90
M2131	L90
M2132	L90
M213z	L90
M214.	L91
M215.	L92
M2150	L92
M215z	L92
M216.	L90
M217.	L90
M218.	L91
M21A.	L85
M21X.	L91
M21y.	L98
M21y0	L90
M21y1	L90
M21y2	L90
M21y3	L57
M21y4	L57
M21y5	L66
M21y6	L83
M21y7	L11
M21y8	L94
M21y9	L94
M21yA	Q82
M21yB	Q82
M21yC	L91
M21yD	Q67
M21yz	L98
M21z0	L90
M21z1	L91
M21z2	L90
M21z3	L98
M220.	L85
M221.	L57
M222.	L57
M223.	L82
M224.	L85
M225.	L85
M226.	L57
M227.	L98
M228.	L98
M229.	L11
M22A.	D22
M22B.	L57
M22C.	L82
M22D.	L82
M22E.	L57
M22z.	L98
M23..	L60
M230.	L60
M2300	L60
M2301	L60
M2302	L60
M2303	L60
M2304	L60
M230z	L60
M231.	L60
M232.	L60
M23y.	L60
M23y0	L60
M23y1	L60
M23y2	L60
M23y3	L60
M23y4	L60
M23y5	L60
M23y6	L60
M23y7	L60
M23y8	L60
M23y9	L60
M23yA	L60
M23yB	L60
M23yC	L60
M23yD	L60
M23yE	L60
M23yF	L60
M23yG	L62
M23yH	L60
M23yJ	L60
M23yz	L60
M23z.	L60
M240.	L65
M2400	L65
M2401	L63
M2402	L64
M2403	L65
M2404	L65
M2405	L65
M2406	L65
M2407	L65
M2408	L65
M2409	L65
M240A	L65
M240B	L63
M240C	L65
M240D	L63
M240E	L65
M240F	L65
M240H	L65
M240J	L65
M240K	L63
M240L	L64
M240M	L65
M240N	L65
M240P	L65
M240Q	L66
M240R	L66
M240S	L66
M240T	L66
M240U	L63
M240V	L65
M240z	L65
M241.	L68
M2410	L68
M2411	L68
M2412	L68
M2413	L68
M2414	L68
M2415	L68
M2416	L68
M241z	L68
M242.	L67
M2420	L67
M2421	L67
M2422	L67
M2423	L67
M2424	L67
M242z	L67
M243.	L67
M2430	L67
M2431	L67
M2432	L67
M2433	L67
M243z	L67
M244.	L73
M2440	L66
M2441	L73
M2442	L73
M2443	L01
M2444	L08
M2445	L73
M2446	L73
M2447	L08
M2448	L66
M244z	L73
M245.	L73
M24X.	L66
M24y0	L73
M24z.	L73
M25..	L74
M250.	L74
M251.	L74
M2510	L74
M2511	L74
M2512	L74
M2513	L74
M2514	L74
M2515	L74
M251X	L74
M251z	L74
M252.	L30
M2520	L30
M2521	L30
M2522	L30
M2523	L30
M252z	L30
M25y.	L74
M25y0	L75
M25y1	L73
M25y2	L75
M25y3	L75
M25y4	L74
M25y5	L74
M25y6	L73
M25yX	L75
M25yz	L74
M25z.	L74
M26..	L73
M260.	L70
M2600	L70
M260z	L70
M261.	L70
M2610	L70
M2611	L70
M2612	L70
M2613	L70
M2614	L70
M2615	L70
M2616	L70
M2617	L70
M2618	L70
M2619	L70
M261A	L70
M261B	L70
M261C	L70
M261D	L70
M261E	L70
M261F	L70
M261G	A18
M261H	L73
M261J	L70
M261K	L73
M261L	L70
M261X	L70
M261z	L70
M262.	L72
M2620	L72
M2621	L72
M2622	L72
M263.	L21
M2630	L21
M2631	L21
M2632	L21
M2633	L21
M2634	L73
M263z	L21
M26y.	L73
M26y0	L85
M26y1	L85
M26y2	L70
M26y3	Q38
M26y4	L73
M26yz	L73
M26z.	L73
M27..	L98
M270.	L89
M2701	L89
M2704	L89
M2705	L89
M2706	L89
M2707	L89
M270z	L89
M271.	L97
M2710	E14
M2711	E14
M2712	E14
M2713	L97
M2714	L97
M2715	L97
M2716	L97
M2717	L97
M272.	L98
M273.	L97
M274.	L97
M27y.	L98
M27z.	L98
M28..	L50
M280.	L50
M281.	L50
M282.	L50
M2820	L50
M2821	L50
M282z	L50
M283.	L50
M284.	L50
M285.	L50
M286.	L50
M287.	L50
M28y.	L50
M28y0	L50
M28y1	L50
M28y2	L50
M28yz	L50
M28z.	L50
M29..	L81
M290.	L81
M2900	L81
M2901	L81
M2902	L81
M2903	L81
M2904	L81
M2905	L81
M2906	L81
M290z	L81
M291.	L81
M292.	L81
M2920	L81
M2921	L81
M2922	L81
M2923	L81
M2924	L81
M293.	L81
M294.	L81
M2940	L81
M2941	L81
M2942	L81
M2943	L81
M295.	L81
M2950	L81
M2951	L80
M295z	L81
M296.	L81
M297.	L81
M29z.	L81
M2B..	L72
M2V..	L94
M2W..	L72
M2X..	L44
M2y..	L98
M2y00	L81
M2y01	L81
M2y02	L95
M2y03	L95
M2y05	I83
M2y06	Q82
M2y09	L81
M2y0X	L95
M2y0z	L98
M2y1.	L90
M2y10	L90
M2y11	L91
M2y12	L90
M2y13	L90
M2y14	L90
M2y15	L90
M2y16	L90
M2y1z	L90
M2y2.	L98
M2y20	L94
M2y21	L94
M2y22	L57
M2y23	L94
M2y24	L92
M2y25	L94
M2y26	L94
M2y2z	L98
M2y3.	L92
M2y4.	L98
M2y40	L85
M2y41	L30
M2y43	L92
M2y44	L72
M2y45	L72
M2y46	D23
M2y48	L98
M2y49	L98
M2y4D	L98
M2y4z	L98
M2y6.	L87
M2y60	L87
M2y61	L87
M2y62	L87
M2y6z	L87
M2y7.	L98
M2y8.	L98
M2y9.	L99
M2yA.	L98
M2yB.	L98
M2yC.	L81
M2yD.	L29
M2yE.	L98
M2yF.	L98
M2yG.	L98
M2yz.	L98
M2z..	L98
M2z0.	L98
My...	L98
Myu00	L04
Myu01	L08
Myu02	L01
Myu10	L10
Myu11	L11
Myu12	L12
Myu13	L13
Myu14	L14
Myu15	L11
Myu20	L21
Myu21	L23
Myu22	L30
Myu23	L23
Myu24	L24
Myu25	L24
Myu26	L25
Myu27	L25
Myu28	L27
Myu29	L27
Myu2A	L28
Myu2B	L29
Myu2C	L30
Myu2D	L29
Myu30	L40
Myu31	L41
Myu32	L43
Myu33	L44
Myu34	L45
Myu35	L44
Myu36	L44
Myu40	L50
Myu41	L51
Myu42	L53
Myu43	L53
Myu44	L54
Myu50	L55
Myu51	L56
Myu52	L57
Myu53	L59
Myu54	L56
Myu55	L59
Myu60	L60
Myu61	L62
Myu62	L63
Myu63	L64
Myu64	L65
Myu65	L66
Myu66	L67
Myu67	L68
Myu68	L70
Myu69	L71
Myu6A	L72
Myu6B	L73
Myu6C	L74
Myu6D	L75
Myu6E	L66
Myu6F	L70
Myu6G	L72
Myu6H	L74
Myu6J	L75
Myu70	L81
Myu71	L81
Myu72	L85
Myu73	L86
Myu74	L87
Myu75	L90
Myu76	L91
Myu77	L92
Myu78	L93
Myu79	L94
Myu7A	L95
Myu7B	L98
Myu7C	L98
Myu7D	L99
Myu7E	L91
Myu7F	L94
Myu7G	L95
Mz...	L98
N000.	M32
N0000	M32
N0002	M32
N0003	M32
N0005	M32
N000z	M32
N001.	M34
N0010	M34
N0011	M34
N0012	M34
N002.	M35
N003.	M33
N0030	M33
N0031	M36
N003X	M33
N004.	M33
N005.	M06
N006.	D68
N00y.	M35
N00y0	M35
N00y1	M35
N00z.	M35
N010.	M00
N0100	M00
N0101	M00
N0102	M00
N0103	M00
N0104	M00
N0105	M00
N0106	M00
N0107	M00
N0108	M00
N0109	M00
N010x	M00
N010y	M00
N010z	M00
N011.	M02
N0110	M02
N0111	M02
N0112	M02
N0113	M02
N0114	M02
N0115	M02
N0116	M02
N0117	M02
N011x	M02
N011y	M02
N011z	M02
N012.	M35
N0120	M35
N0121	M35
N0122	M35
N0123	M35
N0124	M35
N0125	M35
N0126	M35
N0127	M35
N012x	M35
N012y	M35
N012z	M35
N013.	M02
N0130	M02
N0131	M02
N0132	M02
N0133	M02
N0134	M02
N0135	M02
N0136	M02
N0137	M02
N013x	M02
N013y	M02
N013z	M02
N014.	M01
N0140	M01
N0141	M01
N0142	M01
N0143	M01
N0144	M01
N0145	M01
N0146	M01
N0147	M01
N014x	M01
N014y	M01
N014z	M01
N015.	M01
N0150	M01
N0151	M01
N0152	M01
N0153	M01
N0154	M01
N0155	M01
N0156	M01
N0157	M01
N015x	M01
N015y	M01
N015z	M01
N016.	M01
N0160	M01
N0161	M01
N0162	M01
N0163	M01
N0164	M01
N0165	M01
N0166	M01
N0167	M01
N016x	M01
N016y	M01
N016z	M01
N017.	M01
N0170	M01
N0171	M01
N0172	M01
N0173	M01
N0174	M01
N0175	M01
N0176	M01
N0177	M01
N017x	M01
N017y	M01
N017z	M01
N01w.	M02
N01w0	M02
N01w1	M02
N01w2	M02
N01w3	M02
N01w4	M02
N01w5	M02
N01w6	M02
N01w7	M02
N01w8	M02
N01w9	M02
N01wA	M02
N01wB	M02
N01wC	M02
N01wD	M02
N01wE	M02
N01wF	M02
N01wG	M02
N01wH	M02
N01wJ	M02
N01wK	M02
N01y.	M01
N01y0	M01
N01y1	M01
N01y2	M01
N01y3	M01
N01y4	M01
N01y5	M01
N01y6	M01
N01y7	M01
N01yx	M01
N01yy	M01
N01yz	M01
N01z.	M00
N01z0	M01
N01z1	M01
N01z2	M01
N01z3	M01
N01z4	M01
N01z5	M01
N01z6	M01
N01z7	M01
N01z8	M00
N01z9	M00
N01zA	M00
N01zB	M00
N01zC	M00
N01zD	M00
N01zE	M00
N01zF	M00
N01zG	M00
N01zH	M00
N01zJ	M00
N01zK	M00
N01zL	M00
N01zM	M00
N01zN	M00
N01zP	M00
N01zQ	M00
N01zR	M00
N01zS	M00
N01zT	M00
N01zx	M01
N01zy	M01
N01zz	M01
N020.	M11
N0200	M11
N0201	M11
N0202	M11
N0203	M11
N0204	M11
N0205	M11
N0206	M11
N0207	M11
N020x	M11
N020y	M11
N020z	M11
N021.	M11
N0210	M11
N0211	M11
N0212	M11
N0213	M11
N0214	M11
N0215	M11
N0216	M11
N0217	M11
N021x	M11
N021y	M11
N021z	M11
N022.	M11
N0220	M11
N0221	M11
N0222	M11
N0223	M11
N0224	M11
N0225	M11
N0226	M11
N0227	M11
N022x	M11
N022y	M11
N022z	M11
N023.	M10
N0230	M10
N0231	M10
N0232	M10
N0233	M10
N0234	M10
N0235	M10
N0236	M10
N0237	M10
N0238	M10
N023x	M10
N023y	M10
N023z	M10
N024.	M11
N02y.	M11
N02y0	M11
N02y1	M11
N02y2	M11
N02y3	M11
N02y4	M11
N02y5	M11
N02y6	M11
N02y7	M11
N02y8	M11
N02yx	M11
N02yy	M11
N02yz	M11
N02z.	M11
N02z0	M11
N02z1	M11
N02z2	M11
N02z3	M11
N02z4	M11
N02z5	M11
N02z6	M11
N02z7	M11
N02z8	M11
N02z9	M11
N02zA	M11
N02zB	M11
N02zC	M11
N02zD	M11
N02zE	M11
N02zF	M11
N02zG	M11
N02zH	M11
N02zJ	M11
N02zK	M11
N02zL	M11
N02zM	M11
N02zN	M11
N02zP	M11
N02zQ	M11
N02zR	M11
N02zS	M11
N02zT	M11
N02zx	M11
N02zy	M11
N02zz	M11
N03..	M14
N030.	M14
N0302	M14
N031.	M14
N0313	M02
N032.	M36
N0320	D66
N036.	M36
N037.	M02
N038.	M02
N0381	M03
N03x.	M14
N03x0	M14
N03x1	M14
N03x2	M14
N03x3	M14
N03x4	M14
N03x5	M14
N03x6	M14
N03x7	M14
N03x8	M14
N03x9	M14
N03xA	M14
N03xB	M14
N03xC	M14
N03xD	M14
N03xE	M14
N03xF	M14
N03xG	M14
N03xH	M14
N03xJ	M14
N03xK	M14
N03y.	M14
N03z.	M14
N04..	M06
N040.	M06
N0400	M45
N0401	M45
N0402	M06
N0403	M06
N0404	M06
N0405	M06
N0406	M06
N0407	M06
N0408	M06
N0409	M06
N040A	M06
N040B	M06
N040C	M06
N040D	M06
N040E	M06
N040F	M06
N040G	M06
N040H	M06
N040J	M06
N040K	M06
N040L	M06
N040M	M06
N040N	M05
N040P	M06
N040Q	M06
N040R	M06
N040S	M06
N040T	M06
N041.	M05
N042.	M05
N0422	M06
N042z	M05
N043.	M08
N0430	M08
N0431	M08
N0432	M08
N0433	M08
N043z	M08
N044.	M12
N045.	M08
N0450	M08
N0451	M08
N0453	M09
N0454	M09
N0455	M08
N0456	M08
N047.	M05
N04X.	M05
N04y.	M12
N04y1	M12
N04y2	M06
N04y3	M65
N04yz	M12
N04z.	M12
N05..	M19
N050.	M15
N0500	M15
N0501	M15
N0502	M15
N0503	M15
N0504	M15
N0505	M15
N0506	M15
N0507	M15
N050z	M15
N051.	M19
N0510	M19
N0511	M19
N0512	M19
N0513	M19
N0514	M19
N0515	M16
N0516	M19
N0517	M19
N0518	M19
N0519	M16
N051A	M16
N051B	M17
N051C	M18
N051D	M19
N051E	M19
N051F	M19
N051G	M47
N051z	M19
N052.	M19
N0520	M19
N0521	M19
N0522	M19
N0523	M19
N0524	M19
N0525	M19
N0526	M19
N0527	M19
N0528	M19
N0529	M16
N052A	M17
N052B	M18
N052C	M17
N052z	M19
N053.	M19
N0530	M19
N0531	M19
N0532	M19
N0533	M19
N0534	M19
N0535	M19
N0536	M19
N0537	M19
N0538	M19
N0539	M18
N053z	M19
N054.	M19
N0540	M19
N0541	M19
N0542	M19
N0543	M19
N0544	M19
N0545	M16
N0546	M19
N0547	M19
N0548	M19
N0549	M19
N054z	M19
N05z.	M19
N05z0	M19
N05z1	M19
N05z2	M19
N05z3	M19
N05z4	M19
N05z5	M16
N05z6	M19
N05z7	M19
N05z8	M19
N05z9	M19
N05zA	M19
N05zB	M19
N05zC	M19
N05zD	M19
N05zE	M19
N05zF	M19
N05zG	M19
N05zH	M19
N05zJ	M16
N05zK	M19
N05zL	M17
N05zM	M19
N05zN	M19
N05zP	M19
N05zQ	M19
N05zR	M19
N05zS	M19
N05zT	M19
N05zU	M19
N05zz	M19
N06..	M19
N060.	M12
N0600	M12
N0601	M12
N0602	M12
N0603	M12
N0604	M12
N0605	M12
N0606	M12
N0607	M12
N0608	M12
N0609	M12
N060z	M12
N061.	M12
N0610	M12
N0611	M12
N0612	M12
N0613	M12
N0614	M12
N0615	M12
N0616	M12
N0617	M12
N0618	M12
N0619	M12
N061A	M12
N061B	M12
N061C	M12
N061D	M12
N061E	M12
N061F	M12
N061G	M12
N061H	M12
N061J	M12
N061K	M12
N061L	M12
N061M	M12
N061N	M12
N061P	M12
N061Q	M12
N061R	M12
N061S	M12
N061T	M12
N061U	M12
N061V	M12
N061z	M12
N062.	M13
N0620	M13
N0621	M13
N0622	M13
N0623	M13
N0624	M13
N0625	M13
N0626	M13
N0627	M13
N0628	M13
N0629	M13
N062z	M13
N063.	M13
N0630	M13
N0631	M13
N0632	M13
N0633	M13
N0634	M13
N0635	M13
N0636	M13
N0637	M13
N0638	M13
N0639	M13
N063z	M13
N064.	M12
N0640	M12
N0641	M12
N0642	M12
N0643	M12
N0644	M12
N0645	M12
N0646	M12
N0647	M12
N0648	M12
N0649	M12
N064A	M12
N064B	M12
N064C	M12
N064D	M12
N064E	M12
N064F	M12
N064G	M12
N064H	M12
N064J	M12
N064K	M12
N064L	M12
N064M	M12
N064N	M12
N064P	M12
N064Q	M12
N064R	M12
N064S	M12
N064T	M12
N064U	M12
N064V	M12
N064z	M12
N065.	M13
N0650	M13
N0651	M13
N0652	M13
N0653	M13
N0654	M13
N0655	M13
N0656	M13
N0657	M13
N0658	M13
N0659	M13
N065A	M13
N065z	M13
N066.	M13
N0660	M13
N0661	M13
N0662	M13
N0663	M13
N0664	M13
N0665	M13
N0666	M13
N0667	M13
N0668	M13
N066z	M13
N068.	M36
N069.	M36
N06y.	M12
N06y0	M12
N06y1	M12
N06y2	M12
N06y3	M12
N06y4	M12
N06y5	M12
N06y6	M12
N06y7	M12
N06y8	M12
N06y9	M12
N06yz	M12
N06z.	M13
N06z0	M13
N06z1	M13
N06z2	M13
N06z3	M13
N06z4	M13
N06z5	M13
N06z6	M13
N06z7	M13
N06z8	M13
N06z9	M13
N06zA	M13
N06zB	M13
N06zz	M13
N07..	M23
N070.	M23
N0700	M23
N0701	M23
N0702	M23
N0703	M23
N0704	M23
N0705	M23
N0706	M23
N0707	M23
N0708	M23
N0709	M23
N070A	M23
N070B	M23
N070z	M23
N071.	M23
N0710	M23
N0711	M23
N0712	M23
N0713	M23
N0714	M23
N0715	M23
N0716	M23
N0717	M23
N0718	M23
N0719	M23
N071A	M23
N071B	M23
N071C	M23
N072.	M23
N0720	M23
N0721	M23
N0722	M23
N073.	M23
N074.	M22
N07y.	M23
N07y0	M23
N07y1	M23
N07y2	M23
N07y3	M23
N07y4	M23
N07y5	M23
N07y6	M22
N07y7	M23
N07y8	M23
N07y9	M23
N07yA	M23
N07yB	M23
N07yC	M23
N07yD	M23
N07yE	M23
N07yF	M23
N07yG	M23
N07yH	M23
N07yJ	M23
N07yy	M23
N07yz	M23
N07z.	M23
N08..	M24
N080.	M24
N0800	M24
N0801	M24
N0802	M24
N0803	M24
N0804	M24
N0805	M24
N0806	M24
N0807	M24
N0808	M24
N0809	M24
N080A	M24
N080B	M24
N080C	M94
N080z	M24
N081.	M24
N0810	M24
N0811	M24
N0812	M24
N0813	M24
N0814	M24
N0815	M24
N0816	M24
N0817	M24
N0818	M24
N0819	M24
N081A	M24
N081B	M24
N081C	M24
N081D	M24
N081E	M24
N081F	M24
N081G	M24
N081z	M24
N082.	M24
N0820	M24
N0821	M24
N0822	M24
N0823	M24
N0824	M24
N0825	M24
N0826	M24
N0827	M24
N0828	M24
N0829	M24
N082A	M24
N082B	M24
N082C	M24
N082D	M24
N082E	M24
N082F	M24
N082G	M24
N082H	M24
N082J	M24
N082K	M24
N082L	M24
N082M	M24
N082N	M24
N082P	M24
N082Q	M24
N082R	M24
N082S	M24
N082T	M24
N082U	M24
N082V	M24
N082W	M24
N082X	M24
N082Y	M24
N082Z	M24
N082z	M24
N083.	M24
N0830	M24
N0831	M24
N0832	M24
N0833	M24
N0834	M24
N0835	M24
N0836	M24
N0837	M24
N0838	M24
N0839	M24
N083A	M24
N083B	M24
N083C	M24
N083D	M24
N083E	M24
N083F	M24
N083G	M24
N083H	M24
N083J	M24
N083K	M24
N083L	M24
N083M	M24
N083N	M24
N083P	M24
N083Q	M24
N083R	M24
N083S	M24
N083T	M24
N083U	M24
N083V	M24
N083W	M24
N083X	M24
N083Y	M24
N083Z	M25
N083a	M25
N083b	M25
N083c	M25
N083d	M24
N083e	M24
N083f	M24
N083g	M24
N083h	M24
N083j	M24
N083k	M24
N083l	M24
N083m	M24
N083n	M24
N083p	M22
N083q	M22
N083r	M22
N083s	M24
N083t	M24
N083u	M24
N083v	M24
N083w	M24
N083x	M24
N083z	M24
N084.	M24
N0840	M24
N0841	M24
N0842	M24
N0843	M24
N0844	M24
N0845	M24
N0846	M24
N0847	M24
N0848	M24
N0849	M24
N084A	M24
N084B	M24
N084C	M24
N084D	M24
N084E	M24
N084F	M24
N084G	M24
N084H	M24
N084J	M24
N084K	M24
N084L	M24
N084M	M24
N084N	M24
N084P	M24
N084Q	M24
N084R	M24
N084S	M24
N084T	M24
N084U	M24
N084V	M24
N084W	M24
N084X	M24
N084Y	M24
N084Z	M24
N084a	M24
N084b	M24
N084c	M24
N084d	M24
N084e	M24
N084f	M24
N084g	M24
N084z	M24
N085.	M24
N0850	M24
N0851	M24
N0852	M24
N0853	M24
N0854	M24
N0855	M24
N0856	M24
N0857	M24
N0858	M24
N0859	M24
N085A	M24
N085B	M24
N085C	M24
N085D	M24
N085E	M24
N085F	M24
N085G	M24
N085H	M24
N085J	M24
N085K	M24
N085L	M24
N085M	M24
N085N	M24
N085P	M24
N085Q	M24
N085R	M24
N085S	M24
N085T	M24
N085U	M24
N085z	M24
N086.	M24
N0860	M24
N0861	M24
N086z	M24
N087.	M24
N0870	M24
N0871	M24
N0872	M24
N0873	M24
N0874	M24
N0875	M24
N0876	M24
N0877	M24
N0878	M24
N08y.	M24
N08y0	M24
N08y1	M24
N08y2	M24
N08y3	M24
N08y4	M24
N08y5	M24
N08y6	M24
N08y7	M24
N08y8	M24
N08y9	M24
N08yA	M25
N08yB	M25
N08yz	M24
N08z.	M24
N08z0	M24
N08z1	M24
N08z2	M24
N08z3	M24
N08z4	M24
N08z5	M24
N08z6	M24
N08z7	M24
N08z8	M24
N08zz	M24
N09..	M25
N090.	M25
N0900	M25
N0901	M25
N0902	M25
N0903	M25
N0904	M25
N0905	M25
N0906	M25
N0907	M25
N0908	M25
N0909	M25
N090A	M25
N090B	M25
N090C	M25
N090D	M25
N090E	M25
N090F	M25
N090G	M25
N090H	M25
N090J	M25
N090K	M25
N090L	M25
N090M	M25
N090N	M25
N090P	M25
N090Q	M25
N090R	M25
N090S	M25
N090T	M25
N090U	M25
N090V	M25
N090W	M12
N090X	M25
N090Y	M25
N090z	M25
N091.	M25
N0910	M25
N0911	M25
N0912	M25
N0913	M25
N0914	M25
N0915	M25
N0916	M25
N0917	M25
N0918	M25
N0919	M25
N091A	M25
N091B	M25
N091C	M25
N091D	M25
N091E	M25
N091F	M25
N091G	M25
N091H	M25
N091J	M25
N091K	M25
N091L	M25
N091M	M25
N091N	M25
N091P	M25
N091Q	M25
N091R	M25
N091S	M25
N091T	M25
N091U	M25
N091V	M25
N091z	M25
N092.	M12
N0920	M12
N0921	M12
N0922	M12
N0923	M12
N0924	M12
N0925	M12
N0926	M12
N0927	M12
N0928	M12
N0929	M12
N092A	M12
N092B	M12
N092C	M12
N092D	M12
N092E	M12
N092F	M12
N092G	M12
N092H	M12
N092J	M12
N092K	M12
N092L	M12
N092M	M12
N092N	M12
N092P	M12
N092Q	M12
N092R	M12
N092S	M12
N092T	M12
N092U	M12
N092V	M12
N092z	M12
N093.	M12
N0930	M12
N0931	M12
N0932	M12
N0933	M12
N0934	M12
N0935	M12
N0936	M12
N0937	M12
N0938	M12
N0939	M12
N093z	M12
N094.	M25
N0940	M25
N0941	M25
N0942	M25
N0943	M25
N0944	M25
N0945	M25
N0946	M25
N0947	M25
N0948	M25
N0949	M25
N094A	M25
N094B	M25
N094C	M25
N094D	M25
N094E	M25
N094F	M25
N094G	M25
N094H	M25
N094J	M25
N094K	M25
N094L	M25
N094M	M25
N094N	M25
N094P	M25
N094Q	M25
N094R	M25
N094S	M25
N094T	M25
N094U	M25
N094V	M25
N094W	M25
N094z	M25
N095.	M25
N0950	M25
N0951	M25
N0952	M25
N0953	M25
N0954	M25
N0955	M25
N0956	M25
N0957	M25
N0958	M25
N0959	M25
N095A	M25
N095B	M25
N095C	M25
N095D	M25
N095E	M25
N095F	M25
N095G	M25
N095H	M25
N095J	M25
N095K	M25
N095L	M53
N095M	M25
N095N	M25
N095P	M25
N095Q	M25
N095R	M25
N095S	M25
N095T	M25
N095U	M25
N095V	M25
N095W	M25
N095z	M25
N096.	M25
N0960	M25
N0961	M25
N0962	M25
N0963	M25
N0964	M25
N0965	M24
N0966	M25
N0967	M25
N0968	M25
N0969	M25
N096A	M25
N096B	M25
N096C	M25
N096D	M25
N096E	M25
N096F	M25
N096G	M25
N096H	M25
N096J	M25
N096K	M25
N096L	M25
N096M	M25
N096N	M25
N096P	M25
N096Q	M25
N096R	M25
N096S	M25
N096T	M25
N096U	M25
N096V	M25
N096z	M25
N098.	D48
N0980	D48
N0981	D48
N0982	D48
N0983	D48
N0984	D48
N0985	D48
N0986	D48
N0987	D48
N0988	D48
N0989	D48
N098A	D48
N098B	D48
N098C	D48
N098D	D48
N098E	D48
N098F	D48
N098G	D48
N098H	D48
N098J	D48
N098K	D48
N099.	M25
N0990	M25
N0991	M25
N0992	M25
N0993	M25
N0994	M25
N0995	M25
N0996	M25
N0997	M25
N0998	M25
N099A	M25
N099B	M25
N099C	M25
N099D	M25
N099E	M25
N099F	M25
N099G	M25
N099H	M25
N099J	M25
N099K	M25
N099L	M25
N09A.	M22
N09AX	M22
N09B.	M25
N09C.	M25
N09y.	M25
N09y0	M25
N09y1	M25
N09y2	M25
N09y3	M25
N09y4	M25
N09y5	M25
N09y6	M25
N09y7	M25
N09y8	M25
N09y9	M25
N09yz	M25
N09z.	M25
N09z0	M25
N09z1	M25
N09z2	M25
N09z3	M25
N09z4	M25
N09z5	M25
N09z6	M25
N09z7	M25
N09z8	M25
N09z9	M25
N09zz	M25
N0y..	M12
N0z..	M13
N100.	M45
N101.	M46
N102.	M46
N10y.	M46
N10y0	M49
N10yz	M46
N10z.	M46
N11..	M47
N110.	M47
N1100	M47
N1101	M47
N1102	M47
N112.	M47
N1120	M47
N1121	M47
N1122	M47
N1123	M47
N114.	M47
N1140	M47
N1141	M47
N1142	M47
N116.	M48
N117.	M48
N118.	M48
N119.	M47
N1190	M47
N1191	M47
N1192	M47
N11B.	M47
N11B0	M47
N11B1	M47
N11B2	M47
N11C.	M47
N11C0	M47
N11C1	M47
N11C2	M47
N11D.	M47
N11D0	M47
N11D1	M47
N11D2	M47
N11D3	M47
N11E.	M47
N11F.	M47
N11y.	M47
N11y0	M49
N11y1	M49
N11y2	M49
N11z.	M47
N11z0	M47
N11zz	M47
N120.	M50
N121.	M51
N122.	M51
N123.	M51
N124.	M51
N1240	M51
N1241	M51
N1242	M51
N124z	M51
N125.	M50
N126.	M51
N127.	M51
N128.	M51
N12A.	M96
N12A0	M96
N12A1	M96
N12A2	M96
N12A3	M96
N12Az	M96
N12D.	M51
N12z.	M51
N12z0	M51
N12z1	M50
N12z2	M51
N12z3	M51
N12z4	M46
N12z5	M50
N12z6	M50
N12z7	M50
N12z8	M46
N12z9	M51
N12zA	M51
N12zB	M51
N12zC	M46
N12zD	M51
N12zE	M51
N12zF	M51
N12zG	M46
N12zH	M50
N12zz	M51
N13..	M50
N130.	M48
N1300	M48
N1301	M48
N1302	M48
N1303	M48
N131.	M54
N132.	M53
N133.	M53
N134.	M54
N135.	M43
N1350	M43
N1351	M43
N135z	M43
N136.	M54
N137.	M48
N138.	M54
N13y.	M53
N13y0	M53
N13y1	I67
N13y2	M54
N13y3	M53
N13yz	M53
N13z.	M53
N14..	M53
N140.	M48
N1400	M48
N1401	M48
N1402	M48
N1403	M48
N1404	M48
N1405	M48
N1406	M48
N1407	M48
N1408	M48
N1409	M48
N140A	M48
N140z	M48
N141.	M54
N142.	M54
N1420	M54
N143.	M54
N144.	M54
N1440	M54
N1441	M54
N144z	M54
N145.	M54
N146.	M53
N1460	M43
N1461	M43
N1462	M43
N1463	M53
N1464	M53
N1465	M53
N1466	M53
N146z	M53
N147.	M53
N1470	M53
N1471	M53
N1472	M53
N147z	M53
N1480	M43
N1481	M43
N1482	M43
N1483	M43
N1484	M43
N1485	M43
N1486	M43
N1487	M53
N1488	M53
N1489	M53
N148A	M53
N148B	M53
N148C	M53
N149.	M53
N14A.	M54
N14X.	M53
N14y.	M54
N14z.	M53
N1y..	M53
N1y0.	M43
N1y1.	M48
N1y2.	M48
N1z..	M53
N2...	M79
N20..	M35
N200.	M31
N210.	M75
N211.	M75
N2110	M75
N2111	M75
N2112	M75
N2113	M75
N2114	M75
N2115	M75
N2116	M75
N2117	M75
N2118	M75
N211z	M75
N212.	M75
N2120	M75
N2121	M75
N2122	M75
N2123	M75
N2124	M75
N2125	M75
N212z	M75
N213.	M77
N2130	M77
N2131	M77
N2132	M77
N2133	M70
N2134	M75
N2135	M75
N213z	M77
N214.	M77
N2140	M70
N2141	M70
N2142	M77
N2143	M77
N214z	M77
N215.	M76
N2150	M76
N2151	M70
N2152	M76
N2153	M76
N2154	M76
N2155	M70
N2156	M76
N2157	M70
N2158	M24
N2159	M76
N215A	M70
N215B	M24
N215z	M76
N216.	M76
N2160	M70
N2161	M71
N2162	M76
N2163	M71
N2164	M76
N2165	M70
N2166	M70
N2167	M70
N2168	M76
N2169	M76
N216z	M76
N217.	M77
N2170	M77
N2171	M77
N2172	M77
N2173	M76
N2174	M76
N2175	M76
N2176	M76
N2177	M77
N2178	M76
N2179	M72
N217A	M77
N217B	M76
N217C	M77
N217z	M77
N21y.	M77
N21z.	M77
N21z0	M77
N21z1	M77
N21z2	M77
N21z3	M89
N21z4	M89
N21z5	M89
N21z6	M89
N21z7	M89
N21zz	M77
N220.	M65
N2200	M65
N2201	M68
N2202	D48
N2203	M65
N2204	M65
N2205	M65
N2206	M65
N2207	M65
N2208	M12
N2209	M65
N220A	M65
N220B	M65
N220C	M65
N220D	M65
N220E	M65
N220F	M65
N220G	M65
N220H	M65
N220J	M65
N220K	M65
N220L	M65
N220M	M65
N220N	M65
N220P	M65
N220Q	M67
N220R	M70
N220S	M65
N220T	M65
N220V	M65
N220W	M65
N220X	M65
N220Y	M65
N220z	M65
N221.	M20
N2210	M20
N2220	M70
N2221	M70
N2222	M70
N2223	M70
N2224	M70
N2225	M70
N2226	M71
N222z	M71
N223.	M71
N2240	M71
N2241	M67
N2242	M67
N2243	M67
N2244	M71
N2245	M67
N2246	M67
N2247	M67
N2248	M67
N2249	M67
N224A	M71
N224B	M67
N224C	M67
N224D	M67
N224E	M67
N224z	M71
N225.	M66
N2250	M66
N2251	M66
N225z	M66
N226.	M66
N2260	M66
N2261	M75
N2262	M66
N2263	M66
N2264	M66
N2266	M66
N2267	M66
N2268	M66
N2269	M66
N226B	M67
N226C	M66
N226D	M66
N226E	M66
N226H	M67
N226J	M67
N226K	M67
N226L	M67
N226M	M66
N226N	M66
N226y	M66
N226z	M66
N227.	M67
N228.	E75
N22y.	M67
N22y0	M67
N22y1	M67
N22y2	M65
N22y3	M71
N22y4	M67
N22y5	M67
N22y6	M65
N22y7	M65
N22y8	M65
N22y9	M65
N22yA	M65
N22yB	M65
N22yC	M65
N22yE	M71
N22yF	M71
N22yG	M71
N22yH	M71
N22yJ	M71
N22yK	M71
N22yL	M71
N22yM	M67
N22yN	M67
N22yz	M67
N22z.	M67
N230.	M60
N2300	M60
N2301	M60
N2302	M60
N2303	M60
N2304	M60
N2305	M60
N2306	M60
N2307	M60
N2308	M60
N2309	M60
N230A	M60
N230B	M60
N230C	M60
N230D	M60
N230E	M60
N230F	M60
N230G	M60
N230H	M60
N230J	M60
N230K	M60
N230L	M60
N231.	M61
N2310	M61
N2311	M61
N2312	M61
N2313	M96
N2314	M61
N2315	M61
N2316	M61
N231z	M61
N232.	M62
N2320	G71
N2321	M62
N2322	M62
N232z	M62
N233.	M62
N2330	Q68
N2331	M62
N2332	M63
N2333	M62
N2334	M60
N233z	M62
N234.	M24
N235.	M35
N236.	M72
N2360	M72
N2361	M72
N2362	M72
N2363	M72
N2364	M72
N2365	M72
N2366	M72
N2367	M72
N2368	M72
N237.	M72
N2370	M72
N2371	M72
N2372	M72
N2373	M72
N237z	M72
N238.	M62
N2380	M62
N2381	M62
N2382	M62
N2383	M62
N2384	M62
N2385	M62
N2386	M62
N2387	M62
N2388	M62
N2389	M62
N238A	M62
N238B	M62
N238C	M62
N238D	M62
N238E	M62
N238F	M62
N238G	M62
N238H	M62
N238J	M62
N238K	M62
N238L	M62
N238M	M62
N238N	M62
N239.	M79
N23y.	M79
N23y0	M60
N23y1	M60
N23y2	M62
N23y3	M62
N23y5	M62
N23y6	M79
N23y7	M79
N23y8	M79
N23y9	M65
N23yA	M62
N23yB	M62
N23yC	M62
N23yD	M62
N23yz	M79
N240.	M79
N2400	M79
N2401	M79
N2402	M79
N2403	M79
N2405	M79
N2406	M79
N2407	M79
N240z	M79
N2410	M79
N2411	M60
N2412	M79
N2413	M79
N2420	M79
N2421	M79
N2422	M54
N2423	M79
N243.	M79
N2430	M79
N2431	M79
N2432	M35
N243z	M79
N244.	M72
N245.	M79
N2450	M79
N2451	M79
N2452	M79
N2453	M79
N2454	M79
N2455	M79
N2456	M79
N2457	M25
N246.	M79
N2470	M79
N248.	M79
N2480	M79
N2481	M79
N24z.	M79
N2y..	M79
N2z..	M79
N30..	M86
N300.	M86
N3000	M86
N3001	M86
N3002	M86
N3003	M86
N3004	M86
N3005	M86
N3006	M86
N3007	M86
N3008	M86
N3009	M86
N300A	M46
N300B	M46
N300C	M46
N300D	M46
N300E	M46
N300F	M86
N300G	M86
N300H	M86
N300J	M86
N300K	M86
N300L	M86
N300M	M86
N300N	M86
N300P	M86
N300Q	M86
N300R	M86
N300S	M86
N300T	M86
N300U	M86
N300V	M86
N300W	M86
N300X	M86
N300Y	M86
N300Z	M86
N300z	M86
N301.	M86
N3010	M86
N3011	M86
N3012	M86
N3013	M86
N3014	M86
N3015	M86
N3016	M86
N3017	M86
N3018	M86
N3019	M86
N301A	M46
N301B	M46
N301C	M46
N301D	M46
N301E	M46
N301F	M46
N301G	M46
N301H	M46
N301J	M46
N301K	M46
N301L	M86
N301M	M86
N301z	M86
N302.	M86
N3020	M86
N3021	M86
N3022	M86
N3023	M86
N3024	M86
N3025	M86
N3026	M86
N3027	M86
N3028	M86
N3029	M86
N302A	M46
N302B	M46
N302C	M46
N302D	M46
N302E	M46
N302F	M86
N302G	M86
N302H	M86
N302J	M86
N302K	M86
N302L	M86
N302M	M86
N302N	M86
N302P	M86
N302Q	M86
N302R	M86
N302S	M86
N302T	M86
N302U	M86
N302V	M86
N302W	M86
N302X	M86
N302Y	M86
N302Z	M86
N302a	M46
N302b	M86
N302z	M86
N303.	M86
N3030	M86
N3031	M86
N3032	M86
N3033	M86
N3034	M86
N3035	M86
N3036	M86
N3037	M86
N3038	M86
N3039	M86
N303A	M86
N303B	M86
N303C	M86
N303D	M86
N303E	M86
N303z	M86
N308.	M86
N3080	M46
N3081	M46
N3082	M46
N3083	M46
N3084	M46
N309.	M86
N30y.	M90
N30y0	M90
N30y1	M90
N30y2	M90
N30y3	M90
N30y4	M90
N30y5	M90
N30y6	M90
N30y7	M90
N30y8	M90
N30y9	M90
N30yz	M90
N30z.	M86
N30z0	M86
N30z1	M86
N30z2	M86
N30z3	M86
N30z4	M86
N30z5	M86
N30z6	M86
N30z7	M86
N30z8	M86
N30z9	M86
N30zz	M86
N310.	M88
N3100	M88
N3101	M88
N3102	M88
N3103	M88
N3104	M88
N3105	M88
N3106	M88
N3107	M88
N3108	M88
N3109	M88
N310A	M88
N310B	M88
N310C	M88
N310D	M88
N310E	M88
N310F	M88
N310G	M88
N310H	M88
N310J	M88
N310K	M88
N310L	M88
N310M	M88
N310N	M88
N310P	M88
N310x	M88
N310y	M88
N310z	M88
N311.	M90
N3110	M90
N312.	M89
N31y.	M90
N31z.	M90
N320.	M42
N3200	M24
N3201	M42
N3202	M42
N320z	M42
N321.	M91
N3210	M91
N3211	M91
N3212	M91
N3213	M91
N3214	M91
N3215	M91
N3216	M91
N3217	M91
N321z	M91
N322.	M93
N3220	M93
N3221	M93
N3222	M93
N323.	M92
N3230	M92
N3231	M92
N3232	M92
N3233	M92
N3234	M92
N3235	M92
N3236	M92
N3237	M92
N323z	M92
N324.	M92
N3240	M92
N3241	M92
N3242	M92
N3243	M92
N3244	M92
N324z	M92
N325.	M92
N3250	M92
N3251	M92
N3252	M92
N3253	M92
N3254	M92
N3255	M92
N3256	M92
N325z	M92
N326.	M92
N3260	M92
N3261	M92
N3262	M92
N3263	M92
N326z	M92
N327.	M93
N3270	M93
N3271	M93
N3272	M93
N3273	M93
N3274	M93
N3275	M93
N3276	M93
N3277	M93
N3278	M93
N3279	M93
N327y	M93
N328.	M42
N32y.	M93
N32y0	M42
N32y1	M93
N32yz	M93
N32z.	M93
N32z0	M93
N32z1	M93
N32z2	M93
N32z3	M93
N32zz	M93
N330.	M81
N3300	M81
N3301	M81
N3302	M81
N3303	M81
N3304	M81
N3305	M81
N3306	M81
N3307	M81
N3308	M81
N330A	M82
N330B	M81
N330C	M81
N330D	M81
N330z	M81
N3310	M84
N3311	M84
N3312	M80
N3313	M80
N3314	M80
N3315	M80
N3316	M80
N3317	M90
N3318	M80
N3319	M80
N331A	M80
N331B	M80
N331C	M84
N331D	M48
N331E	M48
N331F	M48
N331G	M48
N331H	M80
N331J	M80
N331K	M80
N331L	M80
N331M	M80
N331N	M84
N331y	M84
N331z	M84
N332.	M85
N3320	M85
N3321	M85
N3322	M85
N3323	M85
N3324	M85
N3325	E21
N332z	M85
N333.	M85
N3330	M85
N3331	M85
N333z	M85
N334.	M87
N3340	M87
N3341	M87
N3342	M87
N3343	M87
N3344	M87
N3345	M87
N3346	M87
N3347	M87
N3348	M87
N3349	M87
N334A	M87
N334B	M90
N334C	M90
N334z	M87
N335.	M85
N3350	M85
N336.	M94
N337.	M89
N3370	M81
N3371	M89
N3372	M89
N3373	M89
N3374	M89
N337z	M89
N338.	M84
N3380	M84
N3381	M84
N3382	M84
N3383	M84
N3384	M84
N3385	M84
N3386	M84
N338z	M84
N339.	M84
N33A.	M89
N33A0	M89
N33A1	M89
N33B.	M89
N33C.	M89
N33z.	M95
N33z0	M95
N33z1	M89
N33z2	M94
N33z3	M86
N33z4	M89
N33z5	M94
N33z6	M89
N33z7	M89
N33z8	M89
N33z9	M89
N33zA	M85
N33zB	M94
N33zC	M96
N33zD	M89
N33zE	M94
N33zF	M89
N33zG	M94
N33zH	M89
N33zJ	M94
N33zK	M89
N33zL	M86
N33zM	M89
N33zz	M95
N34..	M21
N340.	M21
N3400	M21
N3401	M21
N3402	Q66
N341.	M21
N34z.	M21
N35..	M20
N350.	M20
N351.	M20
N352.	M20
N353.	M20
N354.	M20
N355.	M20
N356.	Q66
N357.	M20
N358.	M20
N359.	M20
N35A.	M20
N35B.	M20
N35C.	M20
N35y.	M20
N35z.	M20
N36..	M21
N360.	M21
N3600	M21
N3601	M21
N3602	M21
N3603	M21
N3604	M21
N3605	M21
N3606	M21
N3607	M21
N360z	M21
N361.	M20
N362.	M20
N3620	M20
N3621	M20
N3622	M20
N3623	M21
N3624	M20
N3625	M20
N3626	M20
N362z	M20
N363.	M21
N3630	M21
N3631	M21
N3632	M21
N3633	M21
N3634	M21
N3635	M21
N363z	M21
N364.	M21
N3640	M21
N3641	M21
N364z	M21
N365.	M21
N366.	M21
N3660	M21
N367.	M21
N3670	M21
N3671	M21
N3672	M21
N3673	M21
N3674	M21
N3675	M21
N3676	M21
N3677	M21
N3678	M21
N3679	M21
N367A	M21
N367B	M24
N367C	M24
N367D	M24
N367E	M24
N367F	M21
N367G	M21
N367H	M21
N367J	M21
N367K	M21
N367L	M21
N367M	M21
N367N	M21
N367P	M21
N367Q	M21
N367z	M21
N368.	M21
N3680	M21
N3681	M21
N3682	M23
N369.	M21
N36A.	M21
N36y.	M21
N36y0	M21
N36y1	M21
N36y2	M95
N36y3	M21
N36y4	M21
N36y5	M21
N36y6	M21
N36y7	M21
N36y8	M21
N36y9	M21
N36yA	M20
N36yB	M95
N36yC	M21
N36yD	M22
N36yE	M21
N36yF	M21
N36yG	M21
N36yH	M21
N36yJ	M21
N36yK	M21
N36yL	M20
N36yN	M21
N36yz	M21
N36z.	M21
N37..	M43
N370.	M40
N371.	M40
N3710	M40
N3711	M96
N3712	M96
N3713	M40
N371z	M40
N372.	M40
N3720	M40
N3721	M96
N3722	M96
N372z	M40
N373.	M41
N3730	M41
N3731	M41
N3732	M41
N3733	M41
N3734	M96
N3735	M41
N3736	M41
N3737	M41
N3738	M96
N3739	M96
N373z	M41
N374.	M43
N3740	M43
N3741	M40
N3742	M40
N3743	M41
N3744	M40
N3745	M40
N3746	M40
N3747	M40
N3748	M40
N3749	M40
N374A	M41
N374B	M41
N374C	M41
N374D	M41
N374E	M40
N374W	M40
N374X	M40
N374z	M43
N37y.	M43
N37z.	M43
N37z0	M40
N37zz	M43
N38..	M95
N380.	M95
N381.	M95
N382.	M95
N383.	M95
N3830	M95
N3831	M95
N3832	M95
N3833	M95
N383z	M95
N384.	M43
N3840	M43
N3841	M43
N3842	M43
N3843	M43
N385.	M43
N386.	M95
N387.	M95
N388.	M43
N38y.	M95
N38y0	M21
N38yz	M95
N38z.	M95
N39..	M99
N390.	M99
N391.	M99
N392.	M99
N393.	M99
N394.	M99
N395.	M99
N396.	M99
N397.	M99
N398.	M99
N399.	M99
N39z.	M99
N3y..	M95
N3y0.	M99
N3y00	M99
N3y01	M99
N3y02	M99
N3y03	M99
N3y04	M99
N3y05	M99
N3y06	M99
N3y07	M99
N3z..	M95
Ny...	M95
Ny2..	M70
NyX..	M96
Nyu00	M00
Nyu01	M00
Nyu02	M01
Nyu03	M02
Nyu04	M03
Nyu05	M03
Nyu10	M05
Nyu11	M05
Nyu12	M06
Nyu13	M07
Nyu14	M07
Nyu15	M08
Nyu16	M09
Nyu17	M10
Nyu18	M11
Nyu19	M11
Nyu1A	M12
Nyu1B	M13
Nyu1C	M14
Nyu1D	M14
Nyu1E	M14
Nyu1F	M14
Nyu1G	M05
Nyu20	M15
Nyu21	M16
Nyu22	M16
Nyu23	M16
Nyu24	M16
Nyu25	M17
Nyu26	M17
Nyu27	M17
Nyu28	M17
Nyu29	M18
Nyu2A	M18
Nyu2B	M18
Nyu2C	M18
Nyu2D	M19
Nyu2E	M16
Nyu2F	M19
Nyu30	M20
Nyu31	M20
Nyu32	M20
Nyu33	M21
Nyu34	M21
Nyu35	M22
Nyu36	M22
Nyu37	M23
Nyu38	M23
Nyu39	M23
Nyu3A	M24
Nyu3B	M24
Nyu3C	M25
Nyu3D	M25
Nyu3E	M22
Nyu40	M30
Nyu41	M31
Nyu42	M31
Nyu43	M32
Nyu44	M33
Nyu45	M34
Nyu46	M35
Nyu47	M35
Nyu48	M36
Nyu49	M36
Nyu4A	M36
Nyu4B	M36
Nyu4C	M36
Nyu4D	M31
Nyu4E	M33
Nyu4F	M35
Nyu50	M40
Nyu51	M40
Nyu52	M40
Nyu53	M41
Nyu54	M41
Nyu55	M41
Nyu56	M43
Nyu57	M43
Nyu58	M43
Nyu59	M43
Nyu5A	M40
Nyu5B	M42
Nyu60	M46
Nyu61	M46
Nyu62	M47
Nyu63	M47
Nyu64	M47
Nyu65	M48
Nyu66	M49
Nyu67	M49
Nyu68	M49
Nyu69	M48
Nyu70	M50
Nyu71	M50
Nyu72	M50
Nyu73	M51
Nyu75	M51
Nyu76	M51
Nyu77	M51
Nyu78	M53
Nyu79	M53
Nyu7A	M54
Nyu7B	M50
Nyu80	M60
Nyu81	M61
Nyu82	M61
Nyu83	M62
Nyu84	M62
Nyu85	M62
Nyu86	M63
Nyu87	M63
Nyu88	M63
Nyu89	M63
Nyu8A	M63
Nyu8B	M62
Nyu90	M65
Nyu91	M65
Nyu92	M66
Nyu93	M67
Nyu94	M67
Nyu95	M68
Nyu96	M68
Nyu97	M67
NyuA0	M70
NyuA1	M70
NyuA2	M70
NyuA3	M70
NyuA4	M71
NyuA5	M71
NyuA6	M71
NyuA7	M71
NyuA8	M72
NyuA9	M72
NyuAA	M73
NyuAB	M75
NyuAC	M76
NyuAD	M77
NyuAE	M77
NyuAF	M79
NyuAG	M70
NyuAH	M72
NyuAJ	M76
NyuB0	M80
NyuB1	M81
NyuB2	M82
NyuB3	M83
NyuB4	M83
NyuB5	M84
NyuB6	M85
NyuB7	M85
NyuB8	M80
NyuB9	M83
NyuBA	M85
NyuBB	M85
NyuBC	M85
NyuC0	M86
NyuC1	M86
NyuC2	M86
NyuC3	M86
NyuC4	M87
NyuC5	M87
NyuC6	M89
NyuC7	M89
NyuC8	M89
NyuC9	M90
NyuCA	M90
NyuCB	M90
NyuCC	M90
NyuCD	M90
NyuCE	M90
NyuCF	M90
NyuD0	M91
NyuD1	M92
NyuD2	M92
NyuD3	M93
NyuD4	M94
NyuDE	M94
NyuE0	M95
NyuE1	M96
NyuE2	M96
NyuE3	M99
NyuE4	M96
Nz...	M95
P....	Q89
P0...	Q00
P00..	Q00
P000.	Q00
P001.	Q00
P002.	Q00
P00y.	Q00
P00z.	Q00
P01..	Q00
P02..	Q00
P020.	Q00
P021.	Q00
P02z.	Q00
P0z..	Q00
P1...	Q05
P10..	Q05
P100.	Q05
P1000	Q05
P1001	Q05
P1002	Q05
P1003	Q05
P100z	Q05
P101.	Q07
P1010	Q07
P1011	Q07
P1012	Q07
P1013	Q07
P102.	Q05
P1020	Q05
P1021	Q05
P1022	Q05
P1023	Q05
P1024	Q05
P102z	Q05
P103.	Q05
P1030	Q05
P1031	Q05
P1032	Q05
P1033	Q05
P1034	Q05
P103z	Q05
P104.	Q05
P105.	Q05
P10y.	Q05
P10y0	Q05
P10yz	Q05
P10z.	Q05
P11..	Q05
P110.	Q05
P1100	Q05
P1101	Q05
P1102	Q05
P1103	Q05
P110z	Q05
P111.	Q05
P1110	Q05
P1111	Q05
P1112	Q05
P111z	Q05
P112.	Q05
P1120	Q05
P1121	Q05
P1122	Q05
P1123	Q05
P112z	Q05
P113.	Q05
P1130	Q05
P1131	Q05
P1132	Q05
P1133	Q05
P113z	Q05
P114.	Q05
P1140	Q05
P1141	Q05
P1142	Q05
P1143	Q05
P114z	Q05
P115.	Q05
P1150	Q05
P1151	Q05
P1152	Q05
P1153	Q05
P115z	Q05
P116.	Q05
P1160	Q05
P1161	Q05
P1162	Q05
P1163	Q05
P116z	Q05
P117.	Q05
P1170	Q05
P1171	Q05
P1172	Q05
P1173	Q05
P1174	Q05
P117z	Q05
P118.	Q05
P1180	Q05
P1181	Q05
P1182	Q05
P1183	Q05
P1184	Q05
P118z	Q05
P11y.	Q05
P11z.	Q05
P1z..	Q05
P20..	Q01
P200.	Q01
P201.	Q01
P202.	Q01
P203.	Q01
P204.	Q01
P205.	Q01
P206.	Q01
P20z.	Q01
P20z0	Q01
P20z1	Q01
P21..	Q02
P210.	Q02
P211.	Q02
P21z.	Q02
P22..	Q04
P220.	Q04
P221.	Q04
P222.	Q04
P223.	Q04
P224.	Q04
P225.	Q04
P226.	Q04
P2260	Q04
P227.	Q04
P2270	Q04
P2271	Q04
P227z	Q04
P228.	Q04
P2280	Q04
P2281	Q04
P2282	Q04
P2283	Q04
P228z	Q04
P229.	Q04
P22A.	Q04
P22A0	Q04
P22A1	Q04
P22A2	Q04
P22Az	Q04
P22y.	Q04
P22y0	Q04
P22y1	Q04
P22y2	Q04
P22y3	Q04
P22yz	Q04
P22z.	Q04
P23..	Q03
P230.	Q03
P2300	Q03
P2301	Q03
P2302	Q03
P230z	Q03
P231.	Q03
P232.	Q03
P233.	Q03
P234.	Q04
P235.	Q03
P23y.	Q03
P23z.	Q03
P24..	Q04
P240.	Q04
P2400	Q04
P2401	Q04
P2402	Q04
P240z	Q04
P241.	Q75
P242.	Q04
P243.	Q04
P244.	Q04
P245.	Q04
P246.	Q04
P247.	Q04
P248.	Q04
P249.	Q04
P24A.	Q04
P24x.	Q04
P24z.	Q04
P25..	Q06
P250.	Q06
P251.	Q06
P252.	Q06
P25y.	Q06
P25y0	Q06
P25y1	Q06
P25y2	Q06
P25y3	Q06
P25y4	Q06
P25yz	Q06
P25z.	Q06
P26..	Q07
P2x..	Q07
P2x0.	Q07
P2x1.	Q07
P2x2.	G90
P2x3.	Q07
P2x4.	Q07
P2x5.	G90
P2x6.	Q07
P2x7.	Q07
P2x8.	Q07
P2xz.	Q07
P2xz0	Q07
P2xz1	Q15
P2y..	Q07
P2y0.	Q04
P2y1.	Q06
P2yz.	Q07
P2z..	Q07
P30..	Q11
P300.	Q11
P3001	Q11
P3002	Q11
P300z	Q11
P301.	Q11
P302.	Q87
P303.	Q11
P30z.	Q11
P31..	Q11
P310.	Q11
P3100	Q11
P3101	Q11
P3102	Q11
P310z	Q11
P311.	Q11
P312.	Q11
P313.	Q11
P31z.	Q11
P32..	Q15
P320.	Q15
P3200	Q15
P3201	Q15
P320z	Q15
P321.	Q15
P322.	Q15
P3220	Q15
P3221	Q15
P322z	Q15
P32z.	Q15
P33..	Q12
P330.	Q12
P331.	Q12
P3310	Q12
P3311	Q12
P331z	Q12
P332.	Q12
P3320	Q12
P3321	Q12
P332z	Q12
P333.	Q12
P334.	Q12
P3340	Q12
P3341	Q12
P334z	Q12
P335.	Q12
P336.	Q12
P3360	Q12
P3361	Q12
P3362	Q12
P336z	Q12
P337.	Q12
P33y.	Q12
P33y0	Q12
P33y1	Q12
P33yz	Q12
P33z.	Q12
P34..	Q13
P340.	Q13
P3400	Q13
P3401	Q13
P3402	Q13
P340z	Q13
P341.	Q13
P3410	Q13
P3411	Q13
P341z	Q13
P342.	Q13
P3420	Q15
P3421	Q13
P3422	Q13
P3423	Q13
P342z	Q13
P343.	Q13
P344.	Q13
P3440	Q13
P3441	Q13
P3442	Q13
P3443	Q13
P3444	Q13
P3445	Q13
P3446	Q13
P344z	Q13
P345.	Q13
P3450	Q13
P345z	Q13
P346.	Q13
P34y.	Q13
P34z.	Q13
P35..	Q14
P350.	Q14
P3500	Q14
P350z	Q14
P351.	Q14
P352.	Q14
P353.	Q14
P3530	Q14
P3531	Q14
P353z	Q14
P354.	Q14
P355.	Q14
P3550	Q14
P3551	Q14
P3552	Q14
P355z	Q14
P356.	Q14
P3560	Q14
P356z	Q14
P357.	Q14
P3570	Q14
P3571	Q14
P3572	Q14
P357z	Q14
P358.	Q14
P3580	Q14
P358z	Q14
P35y.	Q14
P35z.	Q14
P36..	Q10
P360.	Q10
P361.	Q10
P3610	Q10
P3611	Q10
P3612	Q10
P3613	Q10
P3614	Q10
P3615	Q10
P361z	Q10
P362.	Q10
P3620	Q10
P3621	Q10
P3622	Q10
P3623	Q10
P362z	Q10
P363.	Q10
P364.	Q10
P3640	Q10
P3641	Q10
P3642	Q10
P3643	Q10
P3644	Q10
P364y	Q10
P364z	Q10
P365.	Q10
P36z.	Q15
P36z0	Q10
P36z1	Q15
P36zz	Q15
P37..	Q11
P3y..	Q15
P3y0.	E70
P3yz.	Q15
P3z..	Q15
P40..	Q16
P400.	Q16
P401.	Q16
P4010	Q16
P4011	Q16
P4012	Q16
P4013	Q16
P401z	Q16
P402.	Q16
P4020	Q16
P4021	Q16
P402z	Q16
P403.	Q16
P4030	Q16
P4031	Q16
P403z	Q16
P404.	Q16
P4040	Q16
P404z	Q16
P405.	Q16
P4050	Q16
P4051	Q16
P405z	Q16
P40z.	Q16
P40z0	Q16
P40zz	Q16
P41..	Q17
P410.	Q17
P411.	Q17
P412.	Q17
P413.	Q17
P414.	Q17
P41z.	Q17
P42..	Q17
P420.	Q17
P421.	Q17
P422.	Q17
P423.	Q16
P4230	Q16
P4231	Q16
P423z	Q16
P42z.	Q17
P42z0	Q17
P42z1	Q17
P42z2	Q17
P42z3	Q17
P42z4	Q17
P42z5	Q17
P42z6	Q17
P42zz	Q17
P43..	Q17
P44..	Q18
P440.	Q18
P4400	Q18
P4401	Q18
P4402	Q18
P4403	Q18
P440z	Q18
P441.	Q18
P442.	Q18
P443.	Q18
P4430	Q18
P4431	Q18
P443z	Q18
P444.	Q18
P44y.	Q18
P44z.	Q18
P44z0	Q18
P44z1	Q18
P44zz	Q18
P45..	Q18
P450.	Q18
P451.	Q18
P45z.	Q18
P4y..	Q18
P4y0.	Q18
P4y1.	Q18
P4y2.	Q18
P4y3.	Q18
P4y4.	Q18
P4y5.	Q18
P4yz.	Q18
P4z..	Q18
P4z0.	Q18
P4z1.	Q18
P50..	Q20
P500.	Q21
P501.	Q21
P502.	Q20
P50z.	Q20
P51..	Q20
P510.	Q20
P511.	Q20
P5110	Q20
P5111	Q20
P5112	Q20
P5113	Q20
P511z	Q20
P512.	Q20
P51y.	Q20
P51z.	Q20
P52..	Q21
P520.	Q21
P521.	Q21
P52z.	Q21
P53..	Q20
P54..	Q21
P540.	Q21
P541.	Q21
P542.	Q20
P543.	I27
P544.	Q21
P545.	Q21
P54y.	Q21
P54z.	Q21
P55..	Q21
P550.	Q21
P551.	Q21
P552.	Q21
P553.	Q21
P55y.	Q21
P55z.	Q21
P56..	Q21
P560.	Q21
P561.	Q21
P56y.	Q21
P56z.	Q21
P56z0	Q21
P56z1	Q21
P56z2	Q21
P56zz	Q21
P57..	Q20
P58..	Q20
P59..	Q20
P5X..	Q20
P5y..	Q21
P5z..	Q21
P6...	Q24
P60..	Q22
P600.	Q22
P601.	Q22
P6010	Q22
P601z	Q22
P602.	Q22
P6020	Q22
P6021	Q22
P602z	Q22
P603.	Q22
P60z.	Q22
P60z0	Q22
P60z1	Q22
P60z2	Q22
P60zz	Q22
P61..	Q22
P610.	Q22
P611.	Q22
P61z.	Q22
P62..	Q22
P63..	Q23
P64..	Q23
P640.	Q23
P641.	Q23
P64z.	Q23
P65..	Q23
P650.	Q23
P651.	Q23
P652.	Q23
P653.	Q23
P65z.	Q23
P66..	Q23
P67..	Q23
P68..	Q24
P69..	Q24
P6W..	Q23
P6X..	Q22
P6y..	Q24
P6y0.	Q24
P6y1.	Q24
P6y2.	Q24
P6y3.	Q24
P6y30	Q24
P6y31	Q24
P6y3z	Q24
P6y4.	Q24
P6y40	Q24
P6y41	Q24
P6y42	Q24
P6y43	Q24
P6y44	Q24
P6y45	Q24
P6y46	Q24
P6y4z	Q24
P6y5.	Q24
P6y50	Q24
P6y51	Q24
P6y52	Q24
P6y5z	Q24
P6y6.	Q24
P6y60	Q24
P6y61	Q24
P6y62	Q24
P6y63	Q24
P6y64	Q24
P6y6z	Q24
P6y7.	Q24
P6y8.	Q24
P6yy.	Q24
P6yy0	Q24
P6yy1	Q24
P6yy2	Q24
P6yy3	Q24
P6yy4	Q24
P6yy5	Q24
P6yy6	Q24
P6yy7	Q24
P6yy8	Q20
P6yy9	Q24
P6yyA	Q24
P6yyB	Q24
P6yyC	Q23
P6yyD	Q24
P6yyz	Q24
P6z..	Q24
P6z0.	Q24
P6z1.	Q24
P6z10	Q20
P6z11	Q24
P6z1z	Q24
P6z2.	Q24
P6z3.	Q24
P6zz.	Q24
P70..	Q25
P71..	Q25
P710.	Q25
P711.	Q25
P712.	Q25
P713.	Q25
P71z.	Q25
P72..	Q25
P720.	Q25
P721.	Q25
P7210	Q25
P7211	Q20
P7212	Q25
P7213	Q25
P7214	Q25
P7215	Q25
P7216	Q25
P7217	Q25
P721z	Q25
P722.	Q25
P7220	Q25
P7221	Q25
P7222	Q25
P7223	Q25
P7224	Q25
P7225	Q25
P722z	Q25
P72z.	Q25
P72z0	Q25
P72z1	Q25
P72zz	Q25
P73..	Q25
P730.	Q25
P731.	Q25
P732.	Q25
P733.	Q25
P734.	Q25
P735.	Q25
P736.	Q25
P737.	Q25
P73y.	Q25
P73z.	Q25
P74..	Q26
P740.	Q26
P7400	Q26
P7401	Q26
P740z	Q26
P741.	Q26
P7410	Q26
P7411	Q26
P741z	Q26
P742.	Q26
P743.	Q26
P744.	Q26
P74z.	Q26
P74z0	Q26
P74z1	Q26
P74z2	Q26
P74z3	Q26
P74z4	Q26
P74z5	Q26
P74z6	Q26
P74z7	Q26
P74z8	Q26
P74zz	Q26
P75..	Q27
P750.	Q27
P751.	Q27
P752.	Q27
P753.	Q27
P75z.	Q27
P76..	Q27
P760.	Q27
P761.	Q27
P762.	Q27
P763.	Q27
P764.	Q27
P765.	Q27
P766.	Q27
P767.	Q27
P768.	Q27
P769.	Q27
P7690	Q27
P76A.	Q27
P76B.	Q27
P76C.	Q27
P76C0	Q27
P76Cz	Q27
P76D.	Q27
P76E.	Q27
P76y.	Q27
P76y0	Q27
P76y1	Q27
P76yz	Q27
P76z.	Q27
P77..	Q28
P7W..	Q28
P7X..	Q25
P7y..	Q28
P7y0.	Q28
P7y00	Q28
P7y01	Q28
P7y02	Q28
P7y03	Q28
P7y04	Q28
P7y0y	Q28
P7y0z	Q28
P7yz.	Q28
P7yz0	Q27
P7yz1	Q28
P7yzz	Q28
P7z..	Q28
P8...	Q34
P80..	Q30
P800.	Q30
P801.	Q30
P802.	Q30
P803.	Q30
P804.	Q30
P80z.	Q30
P81..	Q30
P810.	Q30
P811.	Q30
P8110	Q30
P8111	Q30
P811z	Q30
P812.	Q30
P813.	Q30
P814.	Q30
P815.	Q30
P816.	Q30
P817.	Q30
P818.	Q30
P819.	Q30
P81z.	Q30
P82..	Q31
P820.	Q31
P821.	Q31
P822.	Q31
P82z.	Q31
P830.	Q34
P8300	Q32
P8301	Q31
P8302	Q32
P830z	Q34
P831.	Q34
P8310	Q31
P8311	Q31
P8312	Q31
P8313	Q32
P8314	Q32
P8315	Q31
P8316	Q31
P8317	Q31
P831z	Q34
P832.	Q34
P8320	Q31
P8321	Q31
P8322	Q31
P8323	Q31
P832z	Q34
P833.	Q34
P8330	Q31
P8331	Q32
P8332	Q32
P8333	Q31
P8334	Q31
P833z	Q34
P83y.	Q34
P83y0	Q31
P83y1	Q32
P83y2	Q32
P83y3	Q31
P83y4	Q32
P83y5	Q32
P83y6	Q31
P83y7	Q31
P83y8	Q32
P83y9	P28
P83yA	Q31
P83yB	Q32
P83yX	Q31
P83yw	Q31
P83yx	Q32
P83yy	Q32
P83yz	Q34
P83z.	Q34
P84..	Q33
P840.	Q33
P841.	Q33
P842.	Q33
P843.	Q33
P844.	Q33
P84y.	Q33
P84z.	Q33
P85..	Q33
P850.	Q33
P851.	Q33
P852.	Q33
P853.	Q33
P8530	Q33
P8531	Q33
P853z	Q33
P85y.	Q33
P85y0	Q33
P85yz	Q33
P85z.	Q33
P86..	Q33
P860.	Q33
P861.	Q33
P86y.	Q33
P86y0	Q33
P86y1	Q33
P86y2	Q33
P86y3	Q33
P86yz	Q33
P86z.	Q33
P8y..	Q34
P8y0.	Q34
P8y1.	Q34
P8y2.	Q34
P8y3.	Q34
P8y4.	Q82
P8yz.	Q34
P8z..	Q34
P9...	Q37
P90..	Q35
P900.	Q35
P901.	Q35
P902.	Q35
P905.	Q35
P906.	Q35
P907.	Q35
P908.	Q35
P909.	Q35
P90C.	Q35
P90z.	Q35
P91..	Q36
P910.	Q36
P911.	Q36
P912.	Q36
P913.	Q36
P914.	Q36
P915.	Q36
P91z.	Q36
P92..	Q37
P920.	Q37
P921.	Q37
P922.	Q37
P923.	Q37
P924.	Q37
P925.	Q37
P926.	Q37
P928.	Q35
P92A.	Q37
P92B.	Q37
P92z.	Q37
P9z..	Q37
PA0..	Q38
PA1..	Q38
PA10.	Q38
PA11.	Q38
PA12.	Q38
PA13.	Q38
PA14.	Q38
PA15.	Q38
PA16.	Q38
PA17.	Q38
PA18.	Q38
PA1z.	Q38
PA2..	Q38
PA20.	Q38
PA21.	Q38
PA22.	Q38
PA23.	Q38
PA24.	Q38
PA25.	Q38
PA250	Q38
PA251	Q38
PA25y	Q38
PA25z	Q38
PA26.	Q38
PA27.	Q38
PA270	Q38
PA271	Q38
PA27z	Q38
PA28.	Q38
PA29.	Q38
PA2A.	Q38
PA2A0	Q38
PA2Az	Q38
PA2z.	Q38
PA3..	Q39
PA30.	Q39
PA31.	Q39
PA32.	Q39
PA320	Q39
PA321	Q39
PA32z	Q39
PA33.	Q39
PA34.	Q39
PA35.	Q39
PA36.	Q39
PA37.	Q39
PA3y.	Q39
PA3z.	Q39
PA4..	Q39
PA40.	Q39
PA41.	Q39
PA42.	Q39
PA43.	Q39
PA44.	Q39
PA45.	Q39
PA4z.	Q39
PA5..	Q40
PA50.	Q40
PA51.	Q40
PA52.	Q40
PA5y.	Q40
PA5z.	Q40
PA6..	Q40
PA7..	Q40
PA70.	Q39
PA71.	Q40
PA72.	Q40
PA73.	Q40
PA74.	Q40
PA75.	Q40
PA76.	Q40
PA77.	Q40
PA78.	Q40
PA7z.	Q40
PAy..	Q40
PAz..	Q40
PAz0.	Q40
PAz1.	Q39
PAz2.	Q40
PAzz.	Q40
PB0..	Q43
PB00.	Q43
PB01.	Q43
PB02.	Q43
PB03.	Q43
PB0z.	Q43
PB1..	Q41
PB10.	Q41
PB100	Q41
PB101	Q41
PB102	Q41
PB103	Q41
PB10z	Q41
PB11.	Q41
PB110	Q41
PB111	Q41
PB112	Q41
PB12.	Q41
PB13.	Q41
PB130	Q41
PB131	Q41
PB132	Q41
PB13z	Q41
PB14.	Q41
PB15.	Q41
PB1z.	Q41
PB2..	Q42
PB20.	Q42
PB200	Q42
PB201	Q42
PB202	Q42
PB203	Q42
PB204	Q42
PB20z	Q42
PB21.	Q42
PB210	Q42
PB211	Q42
PB212	Q42
PB213	Q42
PB214	Q42
PB215	Q42
PB21z	Q42
PB22.	Q42
PB23.	Q42
PB230	Q42
PB23z	Q42
PB24.	Q42
PB240	Q42
PB241	Q42
PB24z	Q42
PB25.	Q42
PB250	Q42
PB251	Q42
PB25z	Q42
PB26.	Q42
PB260	Q42
PB26z	Q42
PB27.	Q42
PB270	Q42
PB27z	Q42
PB28.	Q42
PB2z.	Q42
PB3..	Q43
PB30.	Q43
PB300	Q43
PB301	Q43
PB30z	Q43
PB31.	Q43
PB32.	Q43
PB33.	Q43
PB3z.	Q43
PB4..	Q43
PB40.	Q43
PB400	Q43
PB401	Q43
PB402	Q43
PB40z	Q43
PB41.	Q43
PB410	Q43
PB411	Q43
PB41z	Q43
PB42.	Q43
PB43.	Q43
PB4y.	Q43
PB4z.	Q43
PB5..	Q43
PB50.	Q43
PB51.	Q43
PB52.	Q43
PB520	Q43
PB521	Q43
PB522	Q43
PB523	Q43
PB52z	Q43
PB53.	Q43
PB530	Q43
PB531	Q43
PB532	Q43
PB533	Q43
PB53z	Q43
PB54.	Q43
PB55.	Q43
PB56.	Q43
PB57.	Q43
PB58.	Q43
PB59.	Q43
PB5A.	Q43
PB5B.	Q43
PB5X.	Q43
PB5z.	Q43
PB5z0	Q43
PB6..	Q44
PB60.	Q44
PB600	Q44
PB601	Q44
PB602	Q44
PB60z	Q44
PB61.	Q44
PB610	Q44
PB611	Q44
PB612	Q44
PB613	Q44
PB614	Q44
PB615	Q44
PB616	Q44
PB61z	Q44
PB62.	Q44
PB620	Q44
PB621	Q44
PB62z	Q44
PB630	Q44
PB631	Q44
PB632	Q44
PB633	Q44
PB634	Q44
PB635	Q44
PB640	Q44
PB641	Q44
PB642	Q44
PB643	Q44
PB644	Q44
PB6y.	Q44
PB6y0	Q44
PB6y1	Q44
PB6y2	Q44
PB6y3	Q44
PB6y4	Q44
PB6y5	Q44
PB6y6	Q44
PB6y7	Q44
PB6y8	Q44
PB6y9	Q44
PB6yw	Q44
PB6yx	Q44
PB6yy	Q44
PB6yz	Q44
PB7..	Q45
PB70.	Q45
PB71.	Q45
PB72.	Q45
PB73.	Q45
PB74.	Q45
PB75.	Q45
PB76.	Q45
PB77.	Q45
PB7y.	Q45
PB7z.	Q45
PBy..	Q45
PBy0.	Q45
PBy00	Q45
PBy01	Q45
PBy0z	Q45
PBy1.	Q45
PBy2.	Q45
PByz.	Q45
PBz..	Q45
PC0..	Q50
PC00.	Q50
PC01.	Q50
PC02.	Q50
PC03.	Q50
PC04.	Q50
PC05.	Q50
PC0y.	Q50
PC0z.	Q50
PC1..	Q50
PC10.	Q50
PC110	Q50
PC111	Q50
PC112	Q50
PC113	Q50
PC11z	Q50
PC1y.	Q50
PC1y0	Q50
PC1y1	Q50
PC1y2	Q50
PC1y3	Q50
PC1y4	Q50
PC1y5	Q50
PC1yz	Q50
PC1z.	Q50
PC2..	Q51
PC20.	Q51
PC21.	Q51
PC22.	Q51
PC2z.	Q51
PC3..	Q51
PC30.	Q51
PC31.	Q51
PC32.	Q51
PC33.	Q51
PC34.	Q51
PC35.	Q51
PC36.	Q51
PC360	Q51
PC361	Q51
PC36z	Q51
PC3y.	Q51
PC3z.	Q51
PC410	Q52
PC411	Q52
PC412	Q52
PC413	Q51
PC41z	Q52
PC42.	Q52
PC43.	Q52
PC4y.	Q52
PC4y0	Q51
PC4y1	Q51
PC4y2	Q52
PC4y3	Q52
PC4y4	Q52
PC4y5	Q52
PC4y6	Q52
PC4y7	Q52
PC4y8	Q51
PC4y9	Q52
PC4yA	Q51
PC4yB	Q52
PC4yC	Q52
PC4yD	Q52
PC4yE	Q52
PC4yF	Q52
PC4yv	Q51
PC4yw	Q52
PC4yx	Q52
PC4yy	Q52
PC4yz	Q52
PC4z.	Q52
PC5..	Q53
PC50.	Q53
PC500	Q53
PC501	Q53
PC50z	Q53
PC51.	Q53
PC5z.	Q53
PC5z0	Q53
PC5z1	Q53
PC60.	Q54
PC600	Q54
PC601	Q54
PC602	Q54
PC603	Q54
PC61.	Q64
PC62.	Q54
PC7..	Q56
PC70.	Q56
PC71.	Q56
PC72.	Q56
PC73.	Q99
PC7z.	Q56
PC7z0	Q56
PC7z1	Q56
PC8..	Q55
PC80.	Q55
PCy0.	Q56
PCy00	Q55
PCy01	Q55
PCy02	Q55
PCy03	Q55
PCy0z	Q55
PCy1.	Q55
PCy10	Q55
PCy11	Q52
PCy12	Q55
PCy13	Q55
PCy14	Q55
PCy1z	Q55
PCy2.	Q55
PCy20	Q55
PCy21	Q55
PCy22	Q55
PCy30	Q55
PCy31	Q55
PCy4.	Q55
PCy5.	Q55
PCy6.	Q55
PCy7.	Q55
PCy8.	Q55
PCy9.	Q54
PCyA2	Q55
PCyA3	Q50
PCyA4	Q55
PCyA5	Q50
PCyA6	Q55
PCyA7	Q52
PCyB.	Q52
PCyw.	Q55
PCyx.	Q55
PCyy.	Q55
PCyy0	Q55
PCyy1	Q55
PCyyz	Q55
PCyz.	Q55
PCz..	Q55
PD0..	Q60
PD00.	Q60
PD000	Q60
PD001	Q60
PD00z	Q60
PD01.	Q60
PD02.	Q60
PD020	Q60
PD021	Q60
PD02z	Q60
PD03.	Q60
PD030	Q60
PD031	Q60
PD032	Q60
PD04.	Q61
PD040	Q61
PD041	Q61
PD04z	Q61
PD0z.	Q60
PD1..	Q61
PD10.	Q61
PD11.	Q61
PD110	Q61
PD111	Q61
PD11z	Q61
PD12.	Q61
PD120	Q61
PD121	Q61
PD122	Q61
PD12y	Q61
PD12z	Q61
PD13.	Q61
PD1y.	Q61
PD1y0	Q61
PD1y1	Q61
PD1yz	Q61
PD1z.	Q61
PD2..	Q62
PD20.	Q62
PD21.	Q62
PD22.	Q62
PD220	Q62
PD221	Q62
PD222	Q62
PD22z	Q62
PD23.	Q62
PD24.	Q62
PD25.	Q62
PD26.	Q62
PD27.	Q62
PD28.	Q62
PD2y.	Q62
PD2z.	Q62
PD3..	Q63
PD30.	Q63
PD31.	Q63
PD32.	Q63
PD33.	Q63
PD34.	Q63
PD35.	Q63
PD350	Q63
PD36.	Q63
PD37.	Q63
PD38.	Q63
PD39.	Q63
PD3A.	Q63
PD3B.	Q63
PD3C.	Q63
PD3D.	Q63
PD3E.	Q63
PD3F.	Q63
PD3z.	Q63
PD4..	Q62
PD40.	Q62
PD41.	Q62
PD42.	Q62
PD43.	Q62
PD44.	Q62
PD45.	Q62
PD46.	Q62
PD47.	Q62
PD4z.	Q62
PD5..	Q64
PD50.	Q64
PD5z.	Q64
PD6..	Q64
PD60.	Q64
PD600	Q64
PD601	Q64
PD60z	Q64
PD61.	Q64
PD610	Q64
PD611	Q64
PD61z	Q64
PD62.	Q64
PD63.	Q64
PD630	Q64
PD631	Q64
PD63z	Q64
PD64.	Q64
PD65.	Q64
PD66.	Q64
PD67.	Q64
PD6y.	Q64
PD6z.	Q64
PD7..	Q64
PD70.	Q64
PD71.	Q64
PD72.	Q64
PD73.	Q64
PD7y.	Q64
PD7z.	Q64
PD8..	Q63
PD80.	Q63
PDy..	Q64
PDy0.	Q64
PDy1.	Q64
PDy2.	Q64
PDy3.	Q64
PDy4.	Q64
PDy5.	Q64
PDy6.	Q64
PDy7.	Q64
PDy8.	Q64
PDy9.	Q64
PDyA.	Q64
PDyB.	Q64
PDyz.	Q64
PDyz0	Q64
PDyz1	Q54
PDz..	Q64
PDz0.	Q63
PDz1.	Q62
PDz2.	Q64
PDz3.	Q64
PE0..	Q75
PE00.	Q67
PE000	Q87
PE001	Q67
PE01.	Q67
PE02.	Q60
PE03.	Q67
PE04.	Q67
PE05.	Q67
PE06.	Q67
PE07.	Q67
PE0z.	Q67
PE1..	Q68
PE2..	Q67
PE20.	Q67
PE21.	Q76
PE22.	Q67
PE23.	Q76
PE2z.	Q67
PE3..	Q65
PE30.	Q65
PE300	Q65
PE301	Q65
PE30z	Q65
PE31.	Q65
PE310	Q65
PE311	Q65
PE31z	Q65
PE32.	Q65
PE34.	Q65
PE340	Q65
PE341	Q65
PE35.	Q65
PE350	Q65
PE351	Q65
PE3z.	Q65
PE40.	Q68
PE41.	Q68
PE410	Q68
PE411	Q68
PE412	Q68
PE413	Q74
PE42.	Q68
PE43.	Q68
PE430	Q68
PE431	Q68
PE44.	Q68
PE4z.	Q68
PE5..	Q66
PE50.	Q66
PE51.	Q66
PE52.	Q66
PE53.	Q66
PE54.	Q66
PE5x.	Q66
PE5y.	Q66
PE5y0	Q66
PE5yz	Q66
PE5z.	Q66
PE6..	Q66
PE60.	Q66
PE61.	Q66
PE610	Q66
PE62.	Q66
PE6y.	Q66
PE6y0	Q66
PE6y1	Q66
PE6yz	Q66
PE6z.	Q66
PE7..	Q66
PE70.	Q66
PE71.	Q66
PE72.	Q66
PE73.	Q66
PE74.	Q66
PE7y.	Q66
PE7y0	Q66
PE7y1	Q66
PE7y2	Q66
PE7y3	Q66
PE7yz	Q66
PE7z.	Q66
PE80.	Q67
PE81.	Q67
PE8y0	Q71
PE8y1	Q67
PE8y2	Q68
PE8y3	Q68
PE8y4	Q68
PE8y5	Q74
PE8y6	Q65
PE8y7	Q65
PE8y8	Q68
PE8y9	Q79
PE8yA	Q68
PE8yB	M23
PE8yz	Q89
PE9..	Q79
PEz..	Q79
PF0..	Q69
PF00.	Q69
PF01.	Q69
PF010	Q69
PF011	Q69
PF012	Q69
PF013	Q69
PF014	Q69
PF015	Q69
PF016	Q69
PF017	Q69
PF018	Q69
PF02.	Q69
PF020	Q69
PF021	Q69
PF022	Q69
PF03.	Q69
PF0z.	Q69
PF1..	Q70
PF10.	Q70
PF11.	Q70
PF110	Q70
PF111	Q70
PF12.	Q70
PF120	Q70
PF121	Q70
PF13.	Q70
PF130	Q70
PF131	Q70
PF14.	Q70
PF140	Q70
PF141	Q70
PF15.	Q70
PF1z.	Q70
PF2..	Q71
PF20.	Q71
PF201	Q71
PF202	Q71
PF20z	Q71
PF21.	Q71
PF210	Q71
PF211	Q71
PF212	Q71
PF213	Q71
PF214	Q71
PF215	Q71
PF216	Q71
PF217	Q71
PF218	Q71
PF21z	Q71
PF22.	Q71
PF220	Q71
PF221	Q71
PF22z	Q71
PF23.	Q71
PF24.	Q71
PF25.	Q71
PF26.	Q71
PF260	Q71
PF261	Q71
PF262	Q71
PF263	Q71
PF264	Q71
PF265	Q71
PF266	Q71
PF267	Q71
PF268	Q71
PF27.	Q71
PF270	Q71
PF271	Q71
PF272	Q78
PF28.	Q71
PF280	Q71
PF281	Q71
PF282	Q71
PF29.	Q71
PF290	Q71
PF291	Q71
PF292	Q71
PF293	Q71
PF294	Q71
PF29z	Q71
PF2y.	Q71
PF2z.	Q71
PF3..	Q72
PF30.	Q72
PF300	Q72
PF301	Q72
PF30z	Q72
PF31.	Q72
PF310	Q72
PF311	Q72
PF312	Q72
PF313	Q72
PF314	Q72
PF315	Q72
PF316	Q72
PF317	Q72
PF318	Q74
PF31z	Q72
PF32.	Q72
PF33.	Q72
PF34.	Q72
PF340	Q72
PF341	Q72
PF35.	Q72
PF36.	Q72
PF360	Q72
PF361	Q72
PF362	Q72
PF37.	Q72
PF370	Q72
PF371	Q72
PF372	Q72
PF38.	Q72
PF380	Q72
PF381	Q72
PF382	Q72
PF383	Q72
PF384	Q72
PF385	Q72
PF386	Q72
PF387	Q72
PF388	Q72
PF39.	Q72
PF390	Q72
PF391	Q72
PF392	Q72
PF393	Q72
PF394	Q72
PF3A.	Q72
PF3y.	Q72
PF3z.	Q72
PF4..	Q73
PF40.	Q73
PF41.	Q73
PF42.	Q73
PF43.	Q73
PF44.	Q73
PF45.	Q73
PF46.	Q73
PF47.	Q73
PF4y.	Q73
PF4y0	Q73
PF4yz	Q73
PF4z.	Q73
PF5..	Q74
PF50.	Q74
PF51.	Q68
PF52.	Q74
PF520	Q74
PF53.	Q74
PF530	Q74
PF531	Q74
PF532	Q74
PF54.	Q74
PF55.	Q87
PF550	Q87
PF551	Q87
PF552	Q87
PF553	Q87
PF56.	Q74
PF57.	Q74
PF570	Q74
PF571	Q74
PF58.	Q71
PF580	Q71
PF581	Q71
PF582	Q71
PF583	Q71
PF59.	Q74
PF590	Q68
PF591	Q74
PF592	Q74
PF593	Q74
PF594	Q79
PF595	Q74
PF596	Q74
PF5A.	Q79
PF5A0	Q78
PF5A1	Q78
PF5A2	Q78
PF5A3	Q74
PF5A4	Q70
PF5A5	Q70
PF5Az	Q74
PF5B.	Q74
PF5B0	Q74
PF5B1	Q74
PF5B2	Q74
PF5B3	Q74
PF5B4	Q74
PF5B5	Q74
PF5Bz	Q74
PF5C.	Q74
PF5C0	Q74
PF5C1	Q74
PF5Cz	Q74
PF5D.	Q74
PF5D0	Q74
PF5D1	Q71
PF5D2	Q74
PF5Dz	Q74
PF5E.	Q79
PF5E0	Q79
PF5E1	Q79
PF5E2	Q70
PF5E3	Q71
PF5E4	Q79
PF5F.	Q71
PF5G.	Q71
PF5r.	Q74
PF5r0	Q74
PF5r1	Q74
PF5r2	Q68
PF5r3	Q68
PF5r4	Q68
PF5r5	Q74
PF5r6	Q74
PF5r7	Q70
PF5r8	Q74
PF5r9	Q74
PF5rA	Q68
PF5rB	Q68
PF5rC	Q71
PF5rD	Q74
PF5rz	Q74
PF5s.	Q74
PF5t.	Q74
PF5u.	Q74
PF5u0	Q74
PF5uz	Q74
PF5v.	Q74
PF5w.	Q74
PF5x.	Q74
PF5y.	Q74
PF5y0	Q74
PF5y1	Q68
PF5y2	Q68
PF5y3	Q74
PF5y4	Q78
PF5y5	Q78
PF5y6	Q78
PF5yz	Q74
PF5z.	Q74
PF6..	Q74
PF60.	Q74
PF61.	Q65
PF62.	Q65
PF63.	Q65
PF630	Q65
PF631	Q65
PF632	Q65
PF63X	Q65
PF63z	Q65
PF64.	Q68
PF640	Q74
PF641	Q74
PF642	Q74
PF643	Q74
PF644	Q74
PF645	Q74
PF64z	Q68
PF65.	Q74
PF650	Q74
PF651	Q74
PF66.	Q74
PF660	Q66
PF661	Q66
PF662	Q66
PF663	Q72
PF664	Q66
PF665	Q66
PF666	Q66
PF667	Q66
PF668	Q66
PF669	Q66
PF66A	Q66
PF66B	Q66
PF66z	Q66
PF67.	Q66
PF670	Q74
PF671	Q66
PF672	Q66
PF673	Q78
PF674	Q66
PF675	Q72
PF676	Q66
PF677	Q74
PF678	Q66
PF679	Q66
PF67A	Q66
PF67z	Q66
PF68.	Q79
PF680	Q79
PF69.	Q78
PF690	Q78
PF6A.	Q74
PF6B.	Q74
PF6B0	Q74
PF6B1	Q74
PF6B2	Q66
PF6B3	Q74
PF6C.	Q72
PF6C0	Q74
PF6C1	Q74
PF6C2	Q72
PF6C3	Q66
PF6C4	Q66
PF6C5	Q66
PF6C6	Q74
PF6D.	Q79
PF6D0	Q79
PF6D1	Q79
PF6D2	Q72
PF6D3	Q79
PF6E.	Q72
PF6v.	Q74
PF6w.	Q74
PF6x.	Q74
PF6x0	Q74
PF6xz	Q74
PF6y.	Q74
PF6y0	Q74
PF6y1	Q68
PF6y2	Q74
PF6y3	Q74
PF6y4	Q68
PF6y5	Q68
PF6y6	Q74
PF6y7	Q74
PF6yz	Q74
PFy..	Q74
PFy0.	Q74
PFy1.	Q74
PFy2.	Q74
PFy3.	Q74
PFy4.	Q74
PFyz.	Q74
PFz..	Q74
PG...	Q79
PG0..	Q75
PG00.	Q75
PG01.	Q75
PG02.	Q75
PG03.	Q75
PG030	Q75
PG031	Q75
PG04.	Q75
PG05.	Q75
PG06.	Q75
PG07.	Q75
PG08.	Q75
PG09.	Q75
PG090	Q75
PG0A.	Q75
PG0B.	Q75
PG0C.	Q87
PG0D.	Q75
PG0E.	Q75
PG0F.	Q87
PG0G.	Q75
PG0H.	Q75
PG0J.	Q87
PG0y.	Q75
PG0y0	Q75
PG0yz	Q75
PG0z.	Q75
PG1..	Q76
PG10.	Q67
PG11.	Q76
PG12.	Q76
PG13.	Q76
PG130	Q76
PG131	Q76
PG132	Q76
PG133	Q76
PG13z	Q76
PG14.	Q76
PG140	Q76
PG141	Q76
PG142	Q76
PG143	Q76
PG144	Q76
PG145	Q76
PG146	Q76
PG147	Q76
PG148	Q76
PG14z	Q76
PG15.	Q76
PG150	Q76
PG151	Q76
PG152	Q76
PG153	Q76
PG154	Q76
PG16.	Q76
PG160	Q76
PG16z	Q76
PG17.	Q76
PG18.	Q76
PG1u.	Q76
PG1u0	Q76
PG1uz	Q76
PG1v.	Q76
PG1v0	Q76
PG1vz	Q76
PG1w.	Q76
PG1w0	Q76
PG1wz	Q76
PG1x.	Q76
PG1x0	Q76
PG1x1	Q76
PG1xz	Q76
PG1y.	Q76
PG1y0	Q76
PG1y1	Q76
PG1y2	Q76
PG1y3	Q76
PG1y4	Q76
PG1yz	Q76
PG1z.	Q76
PG2..	Q76
PG3..	Q76
PG30.	Q76
PG31.	Q76
PG32.	Q76
PG33.	Q76
PG34.	Q76
PG35.	Q76
PG36.	Q76
PG37.	Q76
PG3x.	Q76
PG3y.	Q76
PG3z.	Q76
PG4..	Q78
PG40.	Q78
PG41.	Q77
PG410	Q77
PG42.	Q78
PG421	Q78
PG42z	Q78
PG43.	Q77
PG44.	Q77
PG440	Q77
PG441	Q77
PG442	Q77
PG443	Q77
PG444	Q77
PG445	Q77
PG446	Q77
PG44z	Q77
PG45.	Q78
PG46.	Q77
PG460	Q77
PG461	Q77
PG47.	Q78
PG48.	Q78
PG49.	Q77
PG4A.	Q77
PG4B.	Q77
PG4B0	Q77
PG4B1	Q77
PG4B2	Q77
PG4B3	Q77
PG4B4	Q77
PG4By	Q77
PG4C.	Q77
PG4D.	Q77
PG4E.	Q77
PG4F.	Q77
PG4G.	Q78
PG4y.	Q78
PG4z.	Q78
PG5..	Q78
PG50.	Q78
PG51.	Q78
PG510	Q78
PG511	Q78
PG512	Q78
PG513	Q78
PG514	Q78
PG515	Q78
PG516	Q78
PG51z	Q78
PG52.	Q78
PG520	Q78
PG521	Q78
PG522	Q78
PG53.	Q78
PG54.	Q78
PG55.	Q77
PG56.	Q77
PG560	Q77
PG56z	Q77
PG57.	M89
PG58.	Q78
PG59.	Q78
PG5A.	Q78
PG5B.	Q78
PG5C.	Q78
PG5D.	Q78
PG5E.	Q78
PG5F.	Q78
PG5y.	Q78
PG5y0	Q78
PG5yz	Q78
PG5z.	Q78
PG6..	Q79
PG60.	Q79
PG61.	Q79
PG62.	Q79
PG63.	Q79
PG6y.	Q79
PG6z.	Q79
PG7..	Q79
PG70.	Q79
PG71.	Q79
PG72.	Q79
PG73.	K42
PG7y.	Q79
PG7z.	Q79
PG8..	Q79
PGW..	Q77
PGX..	Q76
PGy..	Q79
PGy0.	Q79
PGy00	Q79
PGy01	Q79
PGy02	Q79
PGy0z	Q79
PGy1.	Q79
PGy2.	Q79
PGy20	Q79
PGy21	Q79
PGy22	Q79
PGy23	Q79
PGy24	Q79
PGy25	Q79
PGy26	Q79
PGy27	Q79
PGy3.	Q87
PGy4.	M61
PGyy.	Q79
PGyy0	Q79
PGyy1	Q79
PGyy2	Q79
PGyy3	Q87
PGyy4	Q79
PGyyz	Q79
PGyz.	Q79
PGz..	Q79
PGz0.	Q79
PGz1.	Q79
PGz2.	Q79
PGz3.	Q79
PGz4.	Q79
PH...	Q82
PH0..	Q82
PH00.	Q82
PH01.	Q82
PH02.	Q82
PH03.	Q82
PH0z.	Q82
PH1..	Q80
PH10.	Q80
PH11.	Q80
PH12.	Q80
PH13.	Q80
PH14.	Q80
PH15.	Q80
PH1y.	Q80
PH1z.	Q80
PH2..	Q82
PH20.	Q82
PH2z.	Q82
PH3..	Q82
PH30.	Q82
PH31.	Q82
PH310	Q82
PH311	Q82
PH312	Q82
PH313	Q82
PH31z	Q82
PH32.	Q82
PH320	Q82
PH321	Q82
PH322	Q82
PH323	Q82
PH32z	Q82
PH33.	Q82
PH330	Q82
PH331	Q82
PH332	Q82
PH333	Q82
PH334	Q82
PH335	Q82
PH336	Q82
PH337	Q82
PH33z	Q82
PH34.	Q82
PH340	D22
PH35.	D22
PH3y.	Q82
PH3y0	Q82
PH3y1	Q82
PH3y2	Q81
PH3y3	Q82
PH3y4	Q82
PH3y5	Q82
PH3y6	Q82
PH3y7	Q81
PH3y8	Q81
PH3y9	Q81
PH3yA	Q82
PH3yz	Q82
PH3z.	Q84
PH4..	Q84
PH40.	Q84
PH400	Q84
PH401	Q84
PH402	Q84
PH40z	Q84
PH41.	Q84
PH42.	Q84
PH43.	Q84
PH44.	Q84
PH45.	Q84
PH4z.	Q84
PH5..	Q84
PH50.	Q84
PH51.	Q84
PH52.	Q84
PH53.	Q84
PH54.	Q84
PH55.	Q84
PH5z.	Q84
PH6..	Q83
PH60.	Q83
PH61.	Q83
PH62.	Q83
PH63.	Q83
PH64.	Q83
PH65.	Q83
PH66.	Q83
PH67.	Q83
PH68.	Q83
PH6X.	Q83
PH6z.	Q83
PH7..	Q84
PHy..	Q84
PHz..	Q84
PHz0.	Q82
PHz1.	Q84
PHz2.	Q84
PJ...	Q99
PJ0..	Q90
PJ00.	Q90
PJ01.	Q90
PJ02.	Q90
PJ0z.	Q90
PJ1..	Q91
PJ10.	Q91
PJ11.	Q91
PJ12.	Q91
PJ1z.	Q91
PJ2..	Q91
PJ20.	Q91
PJ21.	Q91
PJ22.	Q91
PJ2z.	Q91
PJ3..	Q93
PJ30.	Q93
PJ31.	Q93
PJ32.	Q93
PJ33.	Q93
PJ330	Q93
PJ331	Q93
PJ332	Q93
PJ333	Q93
PJ334	Q93
PJ335	Q93
PJ336	Q93
PJ337	Q93
PJ338	Q93
PJ339	Q93
PJ33A	Q93
PJ33z	Q93
PJ34.	Q93
PJ35.	Q93
PJ36.	Q93
PJ37.	Q93
PJ370	Q93
PJ37z	Q93
PJ38.	Q93
PJ3y.	Q93
PJ3y0	Q93
PJ3z.	Q93
PJ4..	Q95
PJ50.	Q92
PJ500	Q92
PJ501	Q92
PJ502	Q92
PJ503	Q92
PJ504	Q92
PJ505	Q92
PJ506	Q92
PJ507	Q92
PJ508	Q92
PJ50w	Q92
PJ50x	Q92
PJ50y	Q92
PJ50z	Q92
PJ51.	Q92
PJ510	Q92
PJ511	Q92
PJ512	Q92
PJ513	Q92
PJ514	Q92
PJ515	Q92
PJ51z	Q92
PJ52.	Q92
PJ520	Q92
PJ521	Q92
PJ522	Q92
PJ523	Q92
PJ524	Q92
PJ52z	Q92
PJ53.	Q95
PJ530	Q95
PJ531	Q95
PJ532	Q95
PJ533	Q95
PJ534	Q95
PJ535	Q95
PJ53z	Q95
PJ54.	Q99
PJ5y.	Q99
PJ5z.	Q99
PJ6..	Q99
PJ60.	Q96
PJ62.	Q96
PJ63.	Q96
PJ630	Q96
PJ631	Q96
PJ632	Q96
PJ633	Q96
PJ634	Q96
PJ635	Q96
PJ636	Q96
PJ63z	Q96
PJ64.	Q99
PJ640	Q97
PJ64z	Q99
PJ6z.	Q97
PJ7..	Q98
PJ70.	Q98
PJ71.	Q98
PJ72.	Q98
PJ73.	Q98
PJ74.	Q98
PJ7z.	Q98
PJ8..	Q95
PJ9..	Q99
PJX..	Q98
PJy..	Q99
PJy0.	Q98
PJy1.	Q98
PJy10	Q98
PJy11	Q98
PJy12	Q98
PJy13	Q98
PJy1z	Q98
PJy2.	Q97
PJy3.	Q98
PJy4.	Q97
PJy5.	Q97
PJy6.	Q98
PJyy.	Q99
PJyy0	Q99
PJyy1	Q99
PJyy2	Q99
PJyy3	Q98
PJyy4	Q99
PJyyz	Q99
PJz..	Q99
PJz0.	Q98
PJz1.	Q98
PJz2.	Q98
PJz3.	Q98
PJz30	Q92
PJz31	Q92
PJzz.	Q99
PK0..	Q89
PK00.	Q89
PK01.	Q89
PK02.	Q89
PK03.	Q89
PK04.	Q89
PK05.	Q89
PK06.	Q89
PK07.	Q89
PK0y.	Q89
PK0z.	Q89
PK1..	Q89
PK10.	Q89
PK11.	Q89
PK12.	Q89
PK13.	Q89
PK14.	Q89
PK15.	Q89
PK1y.	Q89
PK1y0	Q89
PK1yz	Q89
PK1z.	Q89
PK2..	Q89
PK20.	Q89
PK21.	Q89
PK22.	Q89
PK23.	Q89
PK24.	Q89
PK240	Q89
PK241	Q89
PK242	Q89
PK24z	Q89
PK25.	Q89
PK250	Q89
PK251	E03
PK25z	Q89
PK26.	Q89
PK27.	Q89
PK270	Q89
PK271	Q89
PK27z	Q89
PK28.	Q89
PK280	Q89
PK281	Q89
PK282	Q89
PK28z	Q89
PK2y.	Q89
PK2z.	Q89
PK3..	Q89
PK30.	Q89
PK31.	Q89
PK32.	Q89
PK33.	Q89
PK34.	Q89
PK35.	Q89
PK3z.	Q89
PK4..	Q89
PK40.	Q89
PK400	Q89
PK401	Q89
PK402	Q89
PK403	Q89
PK40z	Q89
PK41.	Q89
PK42.	Q89
PK43.	Q89
PK44.	Q89
PK45.	Q89
PK4y.	Q89
PK4z.	Q89
PK5..	Q85
PK6..	Q85
PK60.	Q85
PK61.	Q85
PK62.	Q85
PK63.	Q85
PK64.	Q85
PK6y.	Q85
PK6z.	Q85
PK7..	Q89
PK70.	Q89
PK7z.	Q89
PK8..	Q86
PK80.	Q86
PK81.	Q86
PK82.	Q86
PK83.	P04
PK84.	Q86
PKy..	Q89
PKy0.	Q87
PKy00	Q87
PKy01	Q87
PKy02	Q87
PKy03	Q87
PKy04	Q87
PKy05	Q85
PKy06	Q87
PKy1.	Q87
PKy2.	Q87
PKy3.	Q89
PKy4.	Q87
PKy5.	Q87
PKy50	Q87
PKy51	Q87
PKy52	Q87
PKy53	Q87
PKy54	E70
PKy55	Q87
PKy56	Q87
PKy57	Q87
PKy58	Q87
PKy59	Q87
PKy5A	Q87
PKy5B	Q87
PKy5C	Q75
PKy5D	Q87
PKy5E	Q87
PKy5F	Q87
PKy5G	Q87
PKy5H	Q87
PKy5J	Q87
PKy5K	Q87
PKy5L	Q87
PKy5M	Q87
PKy5z	Q87
PKy6.	Q87
PKy60	Q87
PKy61	Q87
PKy62	Q87
PKy63	Q87
PKy64	Q87
PKy65	Q87
PKy66	Q87
PKy67	Q87
PKy68	Q87
PKy69	Q87
PKy6z	Q87
PKy7.	Q87
PKy70	Q87
PKy71	Q87
PKy72	Q87
PKy73	Q87
PKy74	Q87
PKy75	Q87
PKy76	Q87
PKy77	Q87
PKy78	Q89
PKy79	Q89
PKy7A	Q87
PKy7B	Q87
PKy7z	Q87
PKy8.	Q87
PKy80	Q87
PKy8z	Q87
PKy9.	Q87
PKy90	Q87
PKy91	Q87
PKy92	E83
PKy93	Q87
PKy94	Q87
PKy95	Q87
PKy96	Q87
PKy9z	Q87
PKyA.	Q87
PKyB.	Q87
PKyC.	Q87
PKyD.	Q87
PKyE.	Q89
PKyF.	Q87
PKyG.	Q87
PKyH.	Q87
PKyJ.	Q87
PKyK.	Q87
PKyL.	Q87
PKyM.	Q89
PKyN.	Q87
PKyQ.	C18
PKyz.	Q89
PKyz0	Q87
PKyz1	Q89
PKyz2	Q89
PKyz3	Q89
PKyz4	Q89
PKyz5	Q89
PKyz6	Q89
PKyz7	Q93
PKyz8	Q89
PKz..	Q89
PKz0.	Q79
PKz1.	Q89
PKzz.	Q89
Py...	Q89
Pyu00	Q01
Pyu01	Q03
Pyu02	Q04
Pyu03	Q04
Pyu04	Q05
Pyu05	Q06
Pyu06	Q06
Pyu07	Q07
Pyu10	Q10
Pyu11	Q10
Pyu12	Q11
Pyu13	Q12
Pyu14	Q13
Pyu15	Q13
Pyu16	Q13
Pyu17	Q14
Pyu18	Q15
Pyu19	Q16
Pyu1A	Q16
Pyu1B	Q16
Pyu1C	Q17
Pyu1D	Q17
Pyu1E	Q18
Pyu1F	Q18
Pyu20	Q20
Pyu21	Q21
Pyu22	Q22
Pyu23	Q22
Pyu24	Q23
Pyu25	Q24
Pyu26	Q25
Pyu27	Q25
Pyu28	Q25
Pyu29	Q26
Pyu2A	Q27
Pyu2B	Q27
Pyu2C	Q28
Pyu2D	Q28
Pyu2E	Q28
Pyu2F	Q20
Pyu2G	Q22
Pyu2H	Q23
Pyu2J	Q25
Pyu2K	Q28
Pyu30	Q30
Pyu31	Q31
Pyu32	Q32
Pyu33	Q32
Pyu34	Q33
Pyu35	Q34
Pyu36	Q31
Pyu41	Q37
Pyu50	Q38
Pyu51	Q38
Pyu52	Q38
Pyu53	Q38
Pyu54	Q39
Pyu55	Q40
Pyu56	Q40
Pyu57	Q41
Pyu58	Q42
Pyu59	Q42
Pyu5A	Q43
Pyu5B	Q43
Pyu5C	Q44
Pyu5D	Q44
Pyu5E	Q44
Pyu5F	Q45
Pyu5G	Q45
Pyu5H	Q43
Pyu60	Q50
Pyu61	Q50
Pyu62	Q51
Pyu63	Q51
Pyu64	Q52
Pyu65	Q52
Pyu66	Q52
Pyu67	Q54
Pyu68	Q55
Pyu69	Q55
Pyu6A	Q55
Pyu6B	Q55
Pyu70	Q61
Pyu71	Q62
Pyu72	Q62
Pyu73	Q63
Pyu74	Q64
Pyu75	Q64
Pyu76	Q64
Pyu80	Q65
Pyu81	Q66
Pyu82	Q66
Pyu83	Q66
Pyu84	Q67
Pyu85	Q67
Pyu86	Q68
Pyu87	Q71
Pyu88	Q72
Pyu89	Q73
Pyu8A	Q74
Pyu8B	Q74
Pyu8C	Q74
Pyu8D	Q75
Pyu8E	Q76
Pyu8F	Q76
Pyu8G	Q76
Pyu8H	Q77
Pyu8J	Q78
Pyu8K	Q79
Pyu8L	Q79
Pyu8M	Q79
Pyu8N	Q65
Pyu8P	Q76
Pyu8Q	Q77
Pyu90	Q80
Pyu91	Q81
Pyu92	Q82
Pyu93	Q83
Pyu94	Q84
Pyu95	Q84
Pyu96	Q84
Pyu97	Q85
Pyu98	Q86
Pyu99	Q87
Pyu9A	Q87
Pyu9B	Q89
Pyu9C	Q83
Pyu9D	Q87
PyuA0	Q92
PyuA1	Q93
PyuA2	Q93
PyuA3	Q95
PyuA4	Q95
PyuA5	Q96
PyuA6	Q97
PyuA7	Q98
PyuA8	Q98
PyuA9	Q99
PyuAA	Q98
PyuAB	Q99
PyuAC	Q99
PyuAD	Q99
Pz...	Q89
Q00..	P00
Q000.	P00
Q001.	P00
Q002.	P00
Q003.	P00
Q0030	P00
Q0031	P00
Q003z	P00
Q004.	P00
Q005.	P00
Q006.	P00
Q007.	P04
Q0070	P04
Q0071	P04
Q0072	P04
Q0073	P04
Q0074	P04
Q0075	P04
Q0076	P04
Q0077	P04
Q0078	P04
Q0079	P04
Q007A	P04
Q007B	P04
Q007C	P04
Q007w	P04
Q007x	P04
Q007y	P04
Q007z	P04
Q00y.	P00
Q00z.	P00
Q01..	P01
Q010.	P01
Q011.	P01
Q012.	P01
Q013.	P01
Q014.	P01
Q0140	P01
Q0141	P01
Q0142	P01
Q0143	P01
Q014z	P01
Q015.	P01
Q0150	P01
Q0151	P01
Q0152	P01
Q015z	P01
Q016.	P01
Q017.	P01
Q0170	P01
Q0171	P01
Q0172	P01
Q0173	P01
Q0174	P01
Q0175	P01
Q0176	P01
Q017y	P01
Q017z	P01
Q018.	P01
Q01y.	P01
Q01z.	P01
Q02..	P02
Q020.	P02
Q021.	P02
Q0210	P02
Q0211	P02
Q0212	P02
Q0213	P02
Q0214	P02
Q0215	P02
Q0216	P02
Q021y	P02
Q021z	P02
Q022.	P02
Q0220	P02
Q0221	P02
Q0222	P02
Q022y	P02
Q022z	P02
Q023.	P02
Q0230	P02
Q0231	P02
Q0232	P02
Q023z	P02
Q024.	P02
Q025.	P02
Q0250	P02
Q0251	P02
Q0252	P02
Q0253	P02
Q025z	P02
Q026.	P02
Q0260	P02
Q0261	P02
Q0262	P02
Q0263	P02
Q0264	P02
Q0265	P02
Q026z	P02
Q027.	P02
Q0270	P02
Q0271	P02
Q0272	P02
Q027z	P02
Q02y.	P02
Q02z.	P02
Q03..	P03
Q030.	P03
Q031.	P03
Q0310	P03
Q0311	P03
Q0312	P03
Q0313	P03
Q0314	P03
Q0315	P03
Q0316	P03
Q031y	P03
Q031z	P03
Q032.	P03
Q033.	P03
Q034.	P03
Q035.	P04
Q0350	P04
Q0351	P04
Q0352	P04
Q0353	P04
Q0354	P04
Q0355	P04
Q0356	P04
Q035y	P04
Q035z	P04
Q036.	P03
Q037.	P03
Q0370	P03
Q0371	P03
Q0372	P03
Q0373	P03
Q037y	P03
Q037z	P03
Q03y.	P03
Q03y0	P03
Q03y1	P03
Q03y2	P03
Q03y3	P03
Q03y4	P03
Q03y5	P03
Q03yy	P03
Q03yz	P03
Q03z.	P03
Q04..	P04
Q040.	P04
Q041.	P04
Q042.	P04
Q043.	P04
Q04X.	P04
Q0z..	P00
Q10..	P05
Q100.	P05
Q101.	P05
Q102.	P05
Q10z.	P05
Q11..	P07
Q110.	P07
Q111.	P07
Q112.	P07
Q113.	P05
Q114.	P07
Q1140	P07
Q115.	P07
Q1150	P07
Q116.	P07
Q11z.	P07
Q12..	P08
Q120.	P08
Q121.	P08
Q122.	P08
Q12z.	P08
Q13..	P05
Q20..	P15
Q200.	P10
Q2000	P10
Q2001	P10
Q2002	P10
Q2003	P10
Q2004	P11
Q2005	P52
Q2006	P10
Q2007	P10
Q200y	P10
Q200z	P10
Q201.	P12
Q2010	P12
Q2011	P12
Q2012	P12
Q2013	P12
Q2014	P12
Q2015	P12
Q2016	P12
Q2017	P12
Q201y	P12
Q201z	P12
Q202.	P13
Q203.	P13
Q2030	P13
Q2031	P13
Q2032	P13
Q2033	P13
Q2034	P13
Q2035	P13
Q2036	P13
Q203y	P13
Q203z	P13
Q204.	P11
Q2040	P11
Q2041	P11
Q2042	P11
Q2043	P11
Q204z	P11
Q205.	P11
Q206.	P14
Q2060	P14
Q2061	P14
Q2062	P14
Q2063	P14
Q206y	P14
Q206z	P14
Q2070	P14
Q2071	P11
Q2072	P14
Q208.	P11
Q20X.	P11
Q20y.	P15
Q20y0	P15
Q20y1	P15
Q20y2	P15
Q20y3	P15
Q20y4	P15
Q20y5	P15
Q20y6	P15
Q20y7	P15
Q20y8	P15
Q20y9	P15
Q20yA	P15
Q20yB	P15
Q20yC	P15
Q20yD	P15
Q20yz	P15
Q20z.	P15
Q210.	P20
Q211.	P95
Q212.	P20
Q2120	P20
Q2121	P20
Q2122	P20
Q212z	P20
Q213.	P20
Q2130	P20
Q2131	P20
Q2132	P20
Q213z	P20
Q214.	P20
Q2140	P20
Q2141	P20
Q2142	P20
Q214z	P20
Q215.	P21
Q216.	P21
Q21z.	P21
Q30..	P22
Q310.	P23
Q3100	P23
Q3101	P23
Q3102	P23
Q3103	P23
Q3104	P23
Q3105	P23
Q3106	P23
Q310y	P23
Q310z	P23
Q311.	P24
Q3110	P24
Q3111	P24
Q3112	P24
Q3113	P24
Q3114	P24
Q311y	P24
Q311z	P24
Q312.	P25
Q3120	P25
Q3121	P25
Q3122	P25
Q3123	P25
Q312y	P25
Q313.	P26
Q3130	P26
Q3131	P26
Q3132	P26
Q3133	P26
Q3134	P26
Q313y	P26
Q313z	P26
Q314.	P28
Q315.	P28
Q3150	P28
Q3151	P28
Q3152	P28
Q315z	P28
Q316.	P22
Q317.	P27
Q3170	P27
Q3171	P27
Q3172	P27
Q317y	P27
Q317z	P27
Q318.	P28
Q319.	P28
Q31y.	P28
Q31y0	P28
Q31y1	P28
Q31y2	P22
Q31y3	P28
Q31y4	P28
Q31y5	P28
Q31y6	P28
Q31yz	P28
Q31z.	P28
Q32..	P22
Q3y..	P28
Q3z..	P28
Q40..	P39
Q400.	P35
Q401.	P35
Q402.	P35
Q4020	P35
Q4021	P37
Q4022	P37
Q4023	P37
Q4024	P37
Q4025	P37
Q402z	P37
Q403.	A33
Q4030	A33
Q4031	A33
Q403z	A33
Q404.	P38
Q4040	P39
Q4041	P38
Q404y	P36
Q404z	P36
Q405.	P39
Q406.	P39
Q4060	P39
Q4061	P39
Q4062	P39
Q406y	P39
Q406z	P39
Q407.	P37
Q4070	P37
Q4071	P37
Q4072	P37
Q4073	P37
Q4074	P37
Q4075	P36
Q407y	P37
Q407z	P37
Q408.	P39
Q4080	P39
Q4081	P39
Q4083	P39
Q4084	P39
Q4085	P36
Q4086	P36
Q408z	P39
Q409.	P35
Q4090	P35
Q4091	P35
Q409y	P35
Q409z	P35
Q40A.	P36
Q40A0	P36
Q40A1	P36
Q40A2	P36
Q40A3	P36
Q40V.	P37
Q40W.	P36
Q40X.	P35
Q40y.	P39
Q40y0	P36
Q40y1	P39
Q40y2	P36
Q40yz	P39
Q40z.	P39
Q41..	P50
Q410.	P50
Q4100	P50
Q4101	P50
Q4102	P50
Q4103	P50
Q4104	P50
Q4105	P50
Q4106	P50
Q4107	P50
Q410y	P50
Q410z	P50
Q411.	P52
Q4110	P52
Q4111	P52
Q4112	P52
Q4113	P10
Q4114	P52
Q412.	P52
Q4120	P10
Q413.	P51
Q4130	P51
Q4131	P51
Q4132	P51
Q413y	P51
Q413z	P51
Q414.	P54
Q4140	P54
Q4141	P54
Q4142	P54
Q4143	P54
Q414y	P54
Q414z	P54
Q415.	P54
Q416.	P54
Q4160	P54
Q4161	P54
Q4162	P54
Q4163	P54
Q4164	P54
Q4165	P54
Q416y	P54
Q416z	P54
Q417.	P52
Q4170	P52
Q4171	P52
Q41y.	P54
Q41y0	P54
Q41y1	P54
Q41y2	P54
Q41y3	P54
Q41y4	P54
Q41yy	P54
Q41yz	P54
Q41z.	P54
Q42..	P55
Q420.	P55
Q421.	P55
Q422.	P55
Q423.	P56
Q424.	P57
Q425.	P55
Q42X.	P56
Q42z.	P55
Q43..	P59
Q430.	D58
Q4300	P58
Q430z	D58
Q431.	P58
Q4310	P58
Q4311	P58
Q4312	P58
Q4313	P58
Q4314	P58
Q4315	P58
Q431y	P58
Q431z	P58
Q432.	P59
Q433.	P59
Q4330	P59
Q4331	P59
Q4332	P59
Q4333	P59
Q4334	E80
Q4335	E80
Q4336	E80
Q4337	E03
Q4338	E80
Q4339	E80
Q433A	P59
Q433y	P59
Q433z	P59
Q434.	P59
Q4340	P59
Q4341	P59
Q4342	P59
Q434z	P59
Q435.	P59
Q4350	P59
Q4351	E74
Q4352	E84
Q435z	P59
Q436.	P59
Q4360	P59
Q4361	P59
Q4362	P59
Q436z	P59
Q437.	P57
Q4370	P57
Q437z	P57
Q43z.	P59
Q440.	P70
Q441.	P70
Q442.	P94
Q443.	P72
Q444.	P71
Q4440	P71
Q4441	P71
Q4442	P71
Q444z	P71
Q445.	P71
Q446.	P74
Q4460	P74
Q4461	P74
Q4462	P74
Q4463	P74
Q4464	P74
Q4465	P74
Q4466	P74
Q446y	P74
Q446z	P74
Q447.	P70
Q4470	P70
Q448.	P74
Q449.	P71
Q44A.	P71
Q44B.	P70
Q44T.	P74
Q44U.	P72
Q44V.	P72
Q44W.	P71
Q44X.	P70
Q44y0	P74
Q44y1	P74
Q45..	P61
Q450.	P53
Q451.	P61
Q4510	P61
Q4511	P61
Q4512	P61
Q451y	P61
Q451z	P61
Q452.	P60
Q453.	P61
Q454.	P61
Q4540	P61
Q4541	P61
Q454z	P61
Q455.	P61
Q4550	P61
Q456.	P61
Q457.	P61
Q4570	P61
Q4571	P61
Q457z	P61
Q45y.	P61
Q45z.	P61
Q46..	P78
Q461.	P76
Q462.	P78
Q463.	P76
Q464.	P77
Q465.	P78
Q466.	P76
Q4660	P76
Q4661	P76
Q466z	P76
Q46X.	P76
Q46y.	P78
Q46y0	P78
Q46y1	P78
Q46yz	P78
Q46z.	P78
Q470.	P83
Q471.	P83
Q4710	P83
Q4711	P83
Q471z	P83
Q472.	P80
Q473.	P80
Q474.	P81
Q4740	P74
Q4741	P81
Q4742	P81
Q4743	P81
Q474z	P81
Q475.	P83
Q476.	P83
Q477.	P83
Q478.	P83
Q479.	P83
Q47y.	P83
Q47y0	P83
Q47y1	P83
Q47y2	P39
Q47yy	P83
Q47yz	P83
Q48..	P96
Q480.	P90
Q481.	P91
Q482.	P91
Q4820	P91
Q4821	P91
Q482y	P91
Q482z	P91
Q483.	P92
Q4830	P92
Q4831	P92
Q4832	P92
Q4833	P92
Q4834	P92
Q4835	P92
Q4836	P92
Q4837	P92
Q483z	P92
Q484.	P93
Q4840	P93
Q484z	P93
Q485.	P96
Q4850	P96
Q4851	P96
Q4852	P96
Q486.	P96
Q487.	P83
Q488.	P91
Q489.	P91
Q48A.	P91
Q48C.	P29
Q48D.	P95
Q48D0	P95
Q48D1	P95
Q48E.	P91
Q48F.	P91
Q48G.	P96
Q48H.	P91
Q48y.	P96
Q48y0	P96
Q48y1	P29
Q48y2	P94
Q48y3	P94
Q48y4	P96
Q48y5	Q04
Q48y6	P96
Q48y7	P96
Q48yz	P96
Q48z.	P96
Q49..	P29
Q490.	P29
Q491.	P29
Q492.	P29
Q493.	P29
Q494.	P29
Q49X.	P29
Q4y..	P96
Q4z..	P96
Qy...	P96
Qyu00	P00
Qyu01	P00
Qyu02	P00
Qyu03	P01
Qyu04	P02
Qyu05	P02
Qyu06	P02
Qyu07	P02
Qyu08	P02
Qyu09	P03
Qyu0A	P03
Qyu0B	P04
Qyu0C	P04
Qyu10	P07
Qyu11	P07
Qyu12	P08
Qyu20	P10
Qyu21	P11
Qyu22	P12
Qyu23	P13
Qyu24	P14
Qyu25	P15
Qyu26	P11
Qyu27	P14
Qyu30	P22
Qyu31	P23
Qyu32	P23
Qyu33	P24
Qyu34	P25
Qyu35	P26
Qyu36	P27
Qyu37	P28
Qyu38	P28
Qyu39	P28
Qyu3A	P29
Qyu3B	P29
Qyu40	P35
Qyu41	P36
Qyu42	P36
Qyu43	P37
Qyu44	P37
Qyu45	P39
Qyu46	P39
Qyu47	P35
Qyu48	P36
Qyu49	P37
Qyu50	P50
Qyu51	P51
Qyu52	P52
Qyu53	P54
Qyu54	P54
Qyu55	P55
Qyu56	P56
Qyu57	P57
Qyu58	P58
Qyu59	P58
Qyu5A	P59
Qyu5B	P59
Qyu5C	P61
Qyu5D	P61
Qyu5E	P61
Qyu5F	P52
Qyu60	P70
Qyu61	P70
Qyu62	P71
Qyu63	P71
Qyu64	P72
Qyu65	P72
Qyu66	P74
Qyu67	P74
Qyu68	P70
Qyu69	P71
Qyu6A	P72
Qyu6B	P72
Qyu6C	P74
Qyu70	P76
Qyu71	P78
Qyu72	P78
Qyu73	P76
Qyu80	P80
Qyu81	P81
Qyu82	P83
Qyu83	P83
Qyu84	P80
QyuA0	P91
QyuA1	P92
QyuA2	P94
QyuA3	P96
QyuA4	P94
QyuA5	P96
Qz...	P96
R005.	G47
R0050	G47
R0052	G47
R0054	G47
R0055	G47
R0056	G47
R0057	G47
R0058	G47
R0059	G47
R005z	G47
R0085	G50
R0346	E34
R04z4	J34
R0542	E14
R0543	E14
R0562	D47
R080.	N23
R0800	N23
R0801	N23
R080z	N23
R0832	N39
R08z3	N50
R090C	M54
R090D	G43
R106.	A49
R107.	B34
R12A8	A04
R2y1.	J96
R2y1z	J96
S3z2.	M84
S46D.	M22
S57z0	M62
S5yz1	M62
SN510	D84
SN511	D84
SP07N	I77
SP07T	H59
SP08A	D47
SP0D.	N98
SP0D0	N98
SP0D1	N98
SP0D2	N98
SP0D3	N98
SP0DX	N98
SP10.	G97
SP100	G97
SP101	G97
SP102	G97
SP10z	G97
SP122	I80
SP13.	J95
SP130	J95
SP131	J69
SP132	J22
SP13z	J95
SP14.	K91
SP140	K91
SP141	K91
SP142	K91
SP143	K91
SP144	K91
SP14z	K91
SP15.	N99
SP150	N99
SP151	N99
SP152	N99
SP153	N99
SP154	N99
SP155	N99
SP15z	N99
SP1z0	H59
SP224	M96
SP22X	M96
SP30.	B08
ZV400	F81
ZV401	F80
ZV403	F69
ZV405	F90
ZV410	H54
ZV412	H91
ZV417	F52
ZV62A	F66
ZV656	Q55