coefficient,hazard_ratio,pvalue,covar,disease,disease_field
1.5601339826193887,4.759458887189003,1.1793955412044603e-224,PC1,p130070,p130070
-1.19911290736371,0.3014615176246178,0.1910374612177936,PC2,p130070,p130070
1.8993406930129688,6.681487838170985,0.0409776593076596,PC3,p130070,p130070
2.2061727254483525,9.080894722222205,3.4855679063908646e-09,PC4,p130070,p130070
1.6737077366606647,5.331900475652135,0.0348151290657384,PC5,p130070,p130070
-3.021050686878536,0.0487499704896715,2.824948090076659e-24,PC6,p130070,p130070
3.268426118067526,26.26996097253092,9.817809406925606e-57,PC7,p130070,p130070
2.730136856301945,15.33498556571922,4.2190767376215614e-10,PC8,p130070,p130070
1.9040593475982917,6.713089972536511,0.0069580985510272,PC9,p130070,p130070
-3.084417179811349,0.0457566940554866,7.0256040648083675e-09,PC10,p130070,p130070
2.014898463356711,7.499965821186225,0.1532908686721406,PC11,p130070,p130070
-1.7787169406745602,0.1688546588849951,0.2659382096944628,PC12,p130070,p130070
2.399949530437984,11.0226200597964,0.0006874816761068937,PC13,p130070,p130070
-2.4432712477192373,0.0868761925741442,0.0487072624944815,PC14,p130070,p130070
-1.0154189344163576,0.36225063877953,0.7952589383509956,PC15,p130070,p130070
2.729745110971859,15.328979333270478,0.0014395663584926,PC16,p130070,p130070
0.9099683952572368,2.48424401825094,0.7733003889075357,PC17,p130070,p130070
2.763694356697614,15.858321157048184,0.0025340046068923,PC18,p130070,p130070
-0.7012341236840043,0.4959728341162737,0.8411656414894957,PC19,p130070,p130070
-2.171008060233514,0.1140625769889983,0.020023370341869,PC20,p130070,p130070
-3.3340715248986728,0.0356476688237275,1.5181989789904485e-11,PC21,p130070,p130070
-2.9914836318565685,0.0502128839985577,1.862721863173864e-06,PC22,p130070,p130070
1.0003381455463227,2.719201158777955,0.7674344465468581,PC23,p130070,p130070
2.3571992534919928,10.561330382054368,0.055534984247109,PC24,p130070,p130070
-1.0272238576236208,0.3579994397153365,0.7903807084661136,PC25,p130070,p130070
2.4727973812304294,11.855565043073687,0.155042356835563,PC26,p130070,p130070
-3.4264568908922284,0.0325018947647427,4.209722046321858e-07,PC27,p130070,p130070
3.1233798091742826,22.72304957674605,1.783781912078391e-09,PC28,p130070,p130070
2.4062593699234363,11.092390913036851,0.0285925195730065,PC29,p130070,p130070
1.8112219406697256,6.117918600190641,0.3525009036110771,PC30,p130070,p130070
-1.51980594020554,0.2187543342545668,0.5916613899911433,PC31,p130070,p130070
-0.7173153408204963,0.4880607755507261,0.8553461623724173,PC32,p130070,p130070
2.224713671146674,9.250833644069928,0.1490888728401828,PC33,p130070,p130070
1.5961516840994787,4.934008220012923,3.679013467709721e-88,PC1,p130340,p130340
2.457109157856434,11.671023638773324,0.0313330360101117,PC2,p130340,p130340
3.275263047170467,26.450182211137506,8.602408837503812e-14,PC3,p130340,p130340
-2.6332605213972946,0.0718438315873453,0.000409451911053216,PC4,p130340,p130340
-1.4739068981023566,0.2290289422363315,0.8037555628415382,PC5,p130340,p130340
-2.3726824280555867,0.0932303069712766,0.0595727097342,PC6,p130340,p130340
3.6370902695100913,37.98116084324363,1.834982003221156e-16,PC7,p130340,p130340
-1.65351942380839,0.1913751916039611,0.8092495477661149,PC8,p130340,p130340
-2.1377696610800703,0.11791754604678,0.0008401999911226277,PC9,p130340,p130340
3.260105407275874,26.05228309798562,6.566325040623049e-14,PC10,p130340,p130340
-0.0985201168428655,0.9061774630012788,0.9968408051641524,PC11,p130340,p130340
2.710484832600053,15.036563964296358,0.045615946179241,PC12,p130340,p130340
-2.427548309873443,0.088252936417161,0.498194053395267,PC13,p130340,p130340
-3.0388809864548936,0.0478884473438619,0.0423285818341562,PC14,p130340,p130340
3.517340336429104,33.694692636653855,0.1316608429880953,PC15,p130340,p130340
3.348799659927461,28.468541195785928,0.0210990980728419,PC16,p130340,p130340
-2.199574098733087,0.1108503596186823,0.6532861221284394,PC17,p130340,p130340
2.316133586370774,10.136406901182358,0.3917809291032278,PC18,p130340,p130340
3.7367462484123215,41.961236364756665,0.0045143787989968,PC19,p130340,p130340
-3.5953146220704046,0.0274520447980039,0.0018313142166579,PC20,p130340,p130340
-4.263308450387409,0.0140756566783767,0.0005937723321059024,PC21,p130340,p130340
-3.132696911223689,0.0436000530788231,8.436652405705825e-08,PC22,p130340,p130340
3.038493648772538,20.87377630236167,0.098850300498308,PC23,p130340,p130340
-2.353219529476088,0.095062612125005,0.6642992864305511,PC24,p130340,p130340
-1.865522704032388,0.1548152661680451,0.7618265433585611,PC25,p130340,p130340
-2.4983913093402235,0.082217154264765,0.5795322890455176,PC26,p130340,p130340
5.420585504282594,226.01141442057,4.7355755357136073e-11,PC27,p130340,p130340
-2.050349801781751,0.1286898797643216,0.8458252500057065,PC28,p130340,p130340
-4.239159175668932,0.0144197111912935,3.635477843781827e-12,PC29,p130340,p130340
4.452031375232229,85.80106124431033,0.00018289413003642763,PC30,p130340,p130340
1.2695774780715037,3.559348341869231,0.9432095449081676,PC31,p130340,p130340
-0.2210861087314435,0.8016476484560429,0.9941686621558428,PC32,p130340,p130340
-3.494535339743475,0.0303628535706497,4.054829730831837e-05,PC33,p130340,p130340
1.7236925720895528,5.605187857892298,4.8522059157773717e-219,PC1,p130708,p130708
1.2215293810218826,3.392371997605661,0.0005463520437821954,PC2,p130708,p130708
0.8276160470936917,2.287858087943403,0.2543821357172195,PC3,p130708,p130708
2.1975411523136668,9.002849625833344,1.3580676014655216e-11,PC4,p130708,p130708
-0.8525018414032572,0.4263469441007784,0.1713484694991799,PC5,p130708,p130708
1.8666956495243816,6.466892176995406,0.0003946915490378276,PC6,p130708,p130708
-1.3294910234587145,0.2646119082847006,0.0813645581412286,PC7,p130708,p130708
1.625578223067874,5.081356345343539,0.00042694737094699166,PC8,p130708,p130708
0.5912623897143375,1.8062671898663376,0.5148710990480322,PC9,p130708,p130708
-1.0911879467247414,0.3358173235676031,0.0146378446806089,PC10,p130708,p130708
1.305448580359198,3.6893436896851655,0.0542576672104672,PC11,p130708,p130708
-1.145293745244258,0.318130454755792,0.3099712135788849,PC12,p130708,p130708
1.497886605427558,4.472227494524553,0.0294666296658144,PC13,p130708,p130708
-0.2758472725388323,0.7589288311840211,0.836007453510672,PC14,p130708,p130708
-0.28332050158968,0.753278322266973,0.8377851199873425,PC15,p130708,p130708
2.037731712312644,7.67318445436268,5.819969030975658e-06,PC16,p130708,p130708
1.0768210046290216,2.9353332921317303,0.3345035348928913,PC17,p130708,p130708
0.8599609213376447,2.363068346351372,0.4595934544409214,PC18,p130708,p130708
-1.972830869972572,0.1390626302528133,0.0011669008539721,PC19,p130708,p130708
1.1463870612482974,3.1468031398010283,0.3152007371330989,PC20,p130708,p130708
1.5100484919433397,4.526950309609762,0.03890852371422,PC21,p130708,p130708
-2.373874126137627,0.0931192707672273,1.116746547656988e-05,PC22,p130708,p130708
0.9995912892772096,2.717171064534213,0.4070558394030368,PC23,p130708,p130708
2.651777697899086,14.179222628263783,1.2803198036778381e-19,PC24,p130708,p130708
-0.7738262228330698,0.4612448620700011,0.6244144257872526,PC25,p130708,p130708
-0.9829499294249682,0.3742055889871062,0.5064644769892395,PC26,p130708,p130708
0.1647270175269843,1.1790712090010405,0.9185150538257671,PC27,p130708,p130708
-1.452902180853206,0.2338905095921649,0.2081503534166725,PC28,p130708,p130708
-1.162072857674728,0.3128370416656773,0.2346486266928568,PC29,p130708,p130708
1.3200144727558307,3.743475555276479,0.2836640790469412,PC30,p130708,p130708
-0.1684668095434943,0.8449593075386812,0.9248983986350732,PC31,p130708,p130708
-1.411630920343655,0.2437454294282301,0.3507145305190625,PC32,p130708,p130708
1.2317338431674387,3.4271665571896417,0.2934611725632853,PC33,p130708,p130708
1.654956531844901,5.232852454792195,1.572248198598203e-39,PC1,p130718,p130718
1.9177564319381548,6.805672338866899,0.0221438007184001,PC2,p130718,p130718
3.153075943525629,23.407955507236203,1.1845218941410192e-05,PC3,p130718,p130718
-3.531876448319151,0.0292499782668228,2.5736264999911547e-06,PC4,p130718,p130718
-2.483217476746824,0.0834742167081321,0.429868923265376,PC5,p130718,p130718
2.512226839937796,12.33236170180243,0.0035368186985268,PC6,p130718,p130718
2.977374954166778,19.6362029974473,1.6162852371373418e-10,PC7,p130718,p130718
4.049115508044938,57.34671190159251,6.943717960466751e-24,PC8,p130718,p130718
-1.7552611378558218,0.1728620955602251,0.7617584237797527,PC9,p130718,p130718
-2.826357458397242,0.0592282024143115,3.2510557848013235e-09,PC10,p130718,p130718
-2.778750667031553,0.0621160625659775,9.274302106317633e-05,PC11,p130718,p130718
-3.7982516338155694,0.0224099183684457,0.0016628504761205,PC12,p130718,p130718
-2.806844893078876,0.0603952455572695,0.1500934752382265,PC13,p130718,p130718
2.921084241404359,18.56140159361875,0.0007101024109804493,PC14,p130718,p130718
-0.9032250320332534,0.4052605716243749,0.9634508719043148,PC15,p130718,p130718
4.726426213249165,112.8913908106252,2.7088834054120143e-08,PC16,p130718,p130718
-3.913393305033847,0.0199726127765222,6.423220182436479e-05,PC17,p130718,p130718
3.0533358378628384,21.18589940251212,0.2197441486870662,PC18,p130718,p130718
-2.642062423681672,0.0712142440506567,1.4368227342575351e-08,PC19,p130718,p130718
-2.0137377341246525,0.1334887954170172,0.7861192747040997,PC20,p130718,p130718
-4.183536059385597,0.0152445066669205,0.0001964729284364497,PC21,p130718,p130718
-3.4063426953468525,0.0331622633589292,0.0311438524468946,PC22,p130718,p130718
4.2388768206897725,69.32993813932103,0.0007247045318469452,PC23,p130718,p130718
-3.3227438351171594,0.0360537703109777,0.1188401301428203,PC24,p130718,p130718
2.6294359677555432,13.865946854985747,0.5631364829814938,PC25,p130718,p130718
-2.7538539851989907,0.0636819583332015,0.1410951630607312,PC26,p130718,p130718
-2.67436021768969,0.0689509278700569,0.7022931104527184,PC27,p130718,p130718
-4.409712348861422,0.0121586752837284,2.628741569685459e-07,PC28,p130718,p130718
3.9069052211933855,49.744764465547,0.045549978267326,PC29,p130718,p130718
2.9938423422267006,19.962237069367266,0.0132748922627899,PC30,p130718,p130718
-3.4950578579334874,0.0303469925715495,0.0087644354740031,PC31,p130718,p130718
-3.472916471513537,0.0310264109367071,0.4242551656857775,PC32,p130718,p130718
3.758008782737234,42.86299141915906,0.1197999067778749,PC33,p130718,p130718
1.6027429091676524,4.966636791682116,7.942920398952097e-29,PC1,p130722,p130722
3.174798551613519,23.92200033457898,3.206924277370341e-09,PC2,p130722,p130722
3.710908202820725,40.890926923188175,1.5550861786951388e-06,PC3,p130722,p130722
3.577667942499958,35.78997916027729,2.3322095450996976e-17,PC4,p130722,p130722
-4.277524332918352,0.0138769743646934,0.00027310729362636294,PC5,p130722,p130722
3.5966110978743315,36.47441653107022,0.0226239676941061,PC6,p130722,p130722
-2.070839862654043,0.1260798474708439,0.1229340314938782,PC7,p130722,p130722
-4.788155947659699,0.0083278001304798,0.0343527632651259,PC8,p130722,p130722
3.9807942527768176,53.55955716527868,1.3427356555884338e-11,PC9,p130722,p130722
-2.518006343088448,0.0806201756070516,0.0963186353305315,PC10,p130722,p130722
2.9784976601944204,19.658261060956008,0.0013208575689998,PC11,p130722,p130722
-2.814929349473647,0.0599089511895328,0.5423804994376062,PC12,p130722,p130722
-4.23128389990114,0.0145337187245709,4.9761286788846414e-09,PC13,p130722,p130722
-3.4129117300186627,0.0329451332495404,0.1880675999348924,PC14,p130722,p130722
-3.5557654895675053,0.0285595045437967,5.725357104227632e-06,PC15,p130722,p130722
5.110947696232166,165.82743446493694,5.495174017377596e-29,PC16,p130722,p130722
4.343950081706904,77.011139614406,0.0296153955203557,PC17,p130722,p130722
-3.787329611771901,0.0226560215163891,0.3536570738504168,PC18,p130722,p130722
-2.870611638674516,0.0566642579269723,0.3664069540815439,PC19,p130722,p130722
-3.5922965204671207,0.0275350230137783,0.0015159936565705,PC20,p130722,p130722
4.324218317665119,75.50646771347836,0.0242469470168984,PC21,p130722,p130722
-4.6330864266991805,0.0097246981677044,0.0052700212632856,PC22,p130722,p130722
-4.491524511955847,0.0112035508364805,0.2965058356469736,PC23,p130722,p130722
5.20528504317505,182.23280958495403,0.0107427099183498,PC24,p130722,p130722
-2.429576738403839,0.088074103079681,0.7420160248838593,PC25,p130722,p130722
5.471184819628227,237.7417069973366,0.0019354460255361,PC26,p130722,p130722
-4.0280921925043405,0.0178082723210317,0.4199267209484175,PC27,p130722,p130722
-5.519182850483168,0.0040091226565842,0.0098701647073359,PC28,p130722,p130722
-4.7512927226439166,0.0086405181867708,0.0540114316976898,PC29,p130722,p130722
5.497369958965859,244.04922798143207,0.0188289940152755,PC30,p130722,p130722
1.959583827527604,7.096373135374341,0.912956473300278,PC31,p130722,p130722
5.255437827868828,191.6053576577302,0.3702839771673175,PC32,p130722,p130722
-5.8751939775526445,0.002808249404342,0.000770153844027362,PC33,p130722,p130722
1.851806058989398,6.371316110454485,2.8943796021034963e-53,PC1,p130770,p130770
-2.599735853671296,0.0742931998987228,0.0076152123320458,PC2,p130770,p130770
-1.853792358995588,0.1566419957949636,0.16088124312476,PC3,p130770,p130770
1.4725081278280645,4.360157270073034,0.7823510848786971,PC4,p130770,p130770
2.737710214394327,15.45156378986642,0.0174903813899141,PC5,p130770,p130770
-2.064990956696967,0.1268194374294125,0.00021597303725115236,PC6,p130770,p130770
3.9202307419712654,50.412075617856125,5.2247821761347984e-09,PC7,p130770,p130770
1.9386306548933407,6.949228560268154,0.655818213070325,PC8,p130770,p130770
2.138846569353075,8.489639768705699,0.343717749455677,PC9,p130770,p130770
4.102105235050999,60.4674518942006,1.5408780911136354e-31,PC10,p130770,p130770
-3.738543427606299,0.0237887279127919,6.685440011758975e-08,PC11,p130770,p130770
1.0237164910238767,2.783520493266993,0.9354549887447514,PC12,p130770,p130770
2.6494304174969137,14.145979048136068,0.00021733107430816435,PC13,p130770,p130770
-2.289874960928674,0.1012791249099019,0.421645636780215,PC14,p130770,p130770
4.170922641870105,64.77518884673086,2.3655666174555704e-05,PC15,p130770,p130770
2.111116396426846,8.257454733698468,0.7480992572322507,PC16,p130770,p130770
4.098643691493442,60.258503027097085,3.2306997027814564e-12,PC17,p130770,p130770
-3.48426999006962,0.0306761441471665,0.00021696146447241943,PC18,p130770,p130770
3.706559340939201,40.71348404673128,2.763948482718233e-05,PC19,p130770,p130770
-1.333803192868541,0.2634733135792773,0.946123070262324,PC20,p130770,p130770
3.264135424707066,26.157486095566068,0.00040198680367193153,PC21,p130770,p130770
2.9138124458135186,18.426916442235516,0.4116294700419834,PC22,p130770,p130770
-3.078780351023574,0.0460153450064745,0.1749839757755212,PC23,p130770,p130770
-2.617392253659464,0.0729929619840161,0.3214523301813263,PC24,p130770,p130770
-3.842568184024236,0.0214384726421197,0.003606753131867,PC25,p130770,p130770
3.0699977309819566,21.541853796092013,0.1845286407391331,PC26,p130770,p130770
2.083338555673413,8.03123693780829,0.2860353778039199,PC27,p130770,p130770
-4.458447935348176,0.0115803227563417,4.2348560284196516e-10,PC28,p130770,p130770
-5.837521288323516,0.0029160617513634,5.516448956956222e-07,PC29,p130770,p130770
-3.677837826721004,0.0252775702785676,0.0321680407629157,PC30,p130770,p130770
-1.7727824919101114,0.1698596974320762,0.9129659017158273,PC31,p130770,p130770
1.2948100865030168,3.650302666564668,0.9503287095203627,PC32,p130770,p130770
4.8972569918193285,133.92192646352376,0.0055052659608786,PC33,p130770,p130770
1.746746143082002,5.735908452935497,2.6603922309614498e-138,PC1,p130774,p130774
1.936657487645328,6.935530089205756,0.1137879992102768,PC2,p130774,p130774
1.552075805034037,4.721260433924492,0.4559920189464149,PC3,p130774,p130774
3.795368620885992,44.49463503469281,5.139664595486252e-09,PC4,p130774,p130774
1.9312356638827064,6.898028622400242,0.5052689854022485,PC5,p130774,p130774
3.3726280531285027,29.155047477626205,9.366201342253223e-18,PC6,p130774,p130774
2.432394030737779,11.386108169892225,0.1966849217967418,PC7,p130774,p130774
3.305564827399269,27.263936659050025,1.791146004273826e-07,PC8,p130774,p130774
4.03674825430696,56.64185810123077,4.3199305031220835e-25,PC9,p130774,p130774
-3.8053349164720767,0.0222517434425281,5.072433583364364e-09,PC10,p130774,p130774
-2.4760693946668484,0.0840730349118393,0.016394760211799,PC11,p130774,p130774
2.600446836106252,13.4697554635829,0.3326899247496088,PC12,p130774,p130774
-1.85059929571032,0.1571429629849978,0.7561244440403792,PC13,p130774,p130774
4.243930098444844,69.68116825774699,2.3851893496907783e-09,PC14,p130774,p130774
3.27378755582573,26.411183974074053,0.1133795617666847,PC15,p130774,p130774
-3.0905574275253542,0.0454765974307731,0.0446729790782052,PC16,p130774,p130774
3.513353689691209,33.560631205510234,0.0047962805759132,PC17,p130774,p130774
3.945622108294757,51.70849639261864,0.0246946676610365,PC18,p130774,p130774
3.4575640819554567,31.739567286996955,0.014798343762962,PC19,p130774,p130774
-2.708886191507956,0.0666109572624585,0.2030105293614866,PC20,p130774,p130774
-0.0688399516804989,0.93347606939933,0.9968328331474644,PC21,p130774,p130774
2.4869107172432097,12.024072923286589,0.1491537366109195,PC22,p130774,p130774
2.776117502024158,16.056560212124616,0.3919744628497621,PC23,p130774,p130774
-2.7836914986881283,0.061809914493516,0.5981256173223113,PC24,p130774,p130774
2.4261656664129534,11.31541173010096,0.4208495397847062,PC25,p130774,p130774
-2.448518127592673,0.0864215573789728,0.6604820047426587,PC26,p130774,p130774
-1.8234098814009223,0.1614742032298467,0.8033358201529143,PC27,p130774,p130774
3.751698531600313,42.5933667731265,0.094236368225163,PC28,p130774,p130774
-3.605364107139127,0.0271775474722578,0.0811518612577236,PC29,p130774,p130774
-2.536233646367453,0.0791639986214341,0.2556601720505181,PC30,p130774,p130774
-3.8484835935371575,0.0213120296468667,0.021193311496539,PC31,p130774,p130774
3.432170334210567,30.94372815628764,6.436992530592129e-10,PC32,p130774,p130774
-3.264141818563303,0.038229729053883,0.6208297182462952,PC33,p130774,p130774
1.583438921747028,4.871680365091237,4.656065321849111e-118,PC1,p130820,p130820
-0.9846568549719172,0.3735673927391467,0.7104828030321038,PC2,p130820,p130820
3.041909954007835,20.945209442854257,1.1630431612162839e-10,PC3,p130820,p130820
3.189207919969866,24.26919668190991,1.3440647350361672e-47,PC4,p130820,p130820
-3.323193961937957,0.036037545193924,6.897108982640611e-17,PC5,p130820,p130820
1.1026421209984767,3.0121138890683383,0.7188128659358245,PC6,p130820,p130820
-2.6203831282238887,0.0727749753384896,3.1631934402058794e-08,PC7,p130820,p130820
-3.039552549694289,0.0478562980193945,4.005364502503415e-14,PC8,p130820,p130820
3.6616335284018966,38.924875855988375,3.983081179695956e-09,PC9,p130820,p130820
4.018142149116419,55.597717547859546,2.2841411719730508e-14,PC10,p130820,p130820
-2.397134533019985,0.0909782753831164,0.0742559325801014,PC11,p130820,p130820
2.1836859008587424,8.878973032818092,0.1200890608158699,PC12,p130820,p130820
-1.651324073999809,0.1917957886040635,0.6055995834351755,PC13,p130820,p130820
-2.703374847794174,0.0669790866550184,0.004484304134494,PC14,p130820,p130820
-2.923957970747611,0.0537206412368772,0.044036741820409,PC15,p130820,p130820
2.940099852518044,18.917735201443847,0.0865522468667571,PC16,p130820,p130820
2.0671020577052044,7.901890682244042,0.5044827090387547,PC17,p130820,p130820
-2.789600454719135,0.0614457593743495,0.0691413161101701,PC18,p130820,p130820
2.5821071461528877,13.224975777224916,0.0255974488120583,PC19,p130820,p130820
2.4592973922984,11.696590537655055,0.0582533006626617,PC20,p130820,p130820
2.763092417476703,15.84877828396888,0.0147418496632745,PC21,p130820,p130820
2.299039062882817,9.96460249628638,0.3285762194046502,PC22,p130820,p130820
-2.933689402435542,0.0532003979480749,0.1094017000766005,PC23,p130820,p130820
-3.7690777857131903,0.0230733320349936,1.406218306886426e-07,PC24,p130820,p130820
0.2482206925506007,1.281742772064128,0.9773042765787292,PC25,p130820,p130820
2.763639948715502,15.857458361266042,0.0015959328662969,PC26,p130820,p130820
-2.3005085829179635,0.1002078667516187,0.4647122347998789,PC27,p130820,p130820
1.3535971739540338,3.871326348185609,0.8084767419284061,PC28,p130820,p130820
1.804796205647275,6.078732510922932,0.6526492219031903,PC29,p130820,p130820
3.431367171553944,30.91888528714365,3.625678632722827e-05,PC30,p130820,p130820
2.207867022531296,9.096293497026496,0.2297076586392341,PC31,p130820,p130820
3.7269945556544783,41.55403197298481,1.6702606021721688e-11,PC32,p130820,p130820
-0.3313159354385971,0.717978298415609,0.9718144256935344,PC33,p130820,p130820
1.4731609431202706,4.363004576696897,2.345097160945832e-143,PC1,p130826,p130826
1.1890611429339597,3.283996556214772,0.3670782870191165,PC2,p130826,p130826
2.9967301920705305,20.01996833205784,1.886139801060916e-21,PC3,p130826,p130826
1.5172843262712574,4.559825367861017,0.0867121020504151,PC4,p130826,p130826
-2.201260608502944,0.110663566962288,0.0007963815403226012,PC5,p130826,p130826
-2.99172153165961,0.0502009397841637,1.7053129083289648e-33,PC6,p130826,p130826
-1.8670633000515395,0.1545769420130422,0.2566576625967393,PC7,p130826,p130826
-1.971601668221656,0.1392336713818988,0.0003447668757603168,PC8,p130826,p130826
4.560943346740332,95.67369073758638,2.5504038940736783e-67,PC9,p130826,p130826
2.087658462375348,8.066006177946734,0.0506213396831985,PC10,p130826,p130826
0.0902615408461877,1.094460492399248,0.985906407386963,PC11,p130826,p130826
2.508001805785661,12.2803669695417,0.00030101011236912805,PC12,p130826,p130826
-0.2424399215473413,0.7847108903786534,0.9633294188395224,PC13,p130826,p130826
-2.527801773312238,0.0798343214754972,0.0345220484077709,PC14,p130826,p130826
2.2075763319293333,9.093649674280048,0.0969224787661687,PC15,p130826,p130826
1.83638689515352,6.273829257829052,0.1797825888098661,PC16,p130826,p130826
-2.2862777932651115,0.10164409894587,0.2259751540268333,PC17,p130826,p130826
-2.6744559091848763,0.0689443301683515,0.0370989861518119,PC18,p130826,p130826
1.7158218732697272,5.5612442726473805,0.5160536981868942,PC19,p130826,p130826
-2.949167900229196,0.0523832759305281,0.0010782984230195,PC20,p130826,p130826
1.0938228168652564,2.9856659382844346,0.790611782381033,PC21,p130826,p130826
-1.3116473394714832,0.2693759370636852,0.714076784033373,PC22,p130826,p130826
1.954588153018836,7.0610103689775565,0.1646456533591129,PC23,p130826,p130826
-0.4897227306526036,0.6127962802559411,0.939470864234139,PC24,p130826,p130826
2.206680967350867,9.085511186473273,0.0399224554564908,PC25,p130826,p130826
2.5677469675921776,13.036419852218392,0.1743057548563467,PC26,p130826,p130826
2.0105371001959456,7.467326973217881,0.1991102845819637,PC27,p130826,p130826
-2.7155000992170595,0.0661718522394328,0.0613373339350408,PC28,p130826,p130826
2.270122701069076,9.680588559768085,0.4088813265859934,PC29,p130826,p130826
2.77746217749478,16.07816559764491,0.0919655511518927,PC30,p130826,p130826
2.7110139294917683,15.044521868617526,0.0095531522102491,PC31,p130826,p130826
2.287014570205962,9.845500710873424,0.2406567511842522,PC32,p130826,p130826
2.0695439562597637,7.921209875834933,0.4856971515035919,PC33,p130826,p130826
1.484404114414705,4.412335382206003,4.334730642300098e-292,PC1,p130828,p130828
0.8564911226097262,2.3548831834552257,0.2199886573881963,PC2,p130828,p130828
1.7334319711386696,5.660045726892164,0.0002906476617852616,PC3,p130828,p130828
2.352214221330155,10.508812820053311,3.9181966335561766e-31,PC4,p130828,p130828
-1.1465572082297624,0.3177287625167206,0.1086281681987509,PC5,p130828,p130828
1.912725746533416,6.771521116414814,4.166252510652458e-07,PC6,p130828,p130828
3.0726218679315807,21.598456805144355,1.1377336568174503e-68,PC7,p130828,p130828
2.7224862804319683,15.218111741278523,8.818017879113107e-25,PC8,p130828,p130828
-1.0970761306165748,0.3338457795155709,0.3650572976201145,PC9,p130828,p130828
-1.5423912338306511,0.2138690785118307,0.065767161492729,PC10,p130828,p130828
0.7409064239178654,2.0978361818500484,0.5968022639251424,PC11,p130828,p130828
1.0494978730168394,2.856216574519977,0.4215344711346168,PC12,p130828,p130828
-1.3713104814990758,0.2537741751850245,0.1979742967779718,PC13,p130828,p130828
0.3803562713139569,1.462805652300646,0.8289145177347483,PC14,p130828,p130828
-1.0903435125785927,0.3361010189466665,0.3957687252142531,PC15,p130828,p130828
-0.7258539760712289,0.483911143915437,0.6746159242510333,PC16,p130828,p130828
1.0024211093452793,2.7248710594026253,0.497551536870161,PC17,p130828,p130828
-1.2036721140927134,0.3000902206335187,0.423370897973755,PC18,p130828,p130828
-1.0059838991548655,0.3656846609152307,0.473401608798367,PC19,p130828,p130828
-0.3443409360243202,0.7086872698365919,0.8617267744962902,PC20,p130828,p130828
-0.8062632084677989,0.4465235178626505,0.6393775853506528,PC21,p130828,p130828
1.679939080010482,5.3652291114647,0.1260880933698641,PC22,p130828,p130828
2.034555379865351,7.648850536371781,0.0015476594523909,PC23,p130828,p130828
-1.6854529050143912,0.1853604622594307,0.1295839202244998,PC24,p130828,p130828
0.8559344113618955,2.353572558353387,0.6322334373629073,PC25,p130828,p130828
-2.105247500405783,0.1218155211468647,0.0510901175458211,PC26,p130828,p130828
-2.939060892140936,0.052915398678749,3.992519007740736e-10,PC27,p130828,p130828
0.8284725871457184,2.2898185695247166,0.6597662860922066,PC28,p130828,p130828
-0.97819429889868,0.3759894107458944,0.5931666282376017,PC29,p130828,p130828
-1.5937365399225394,0.2031650573505369,0.2690771174042609,PC30,p130828,p130828
-2.4869700869029585,0.0831615575256571,0.0029786259266718,PC31,p130828,p130828
-1.726155343749876,0.1779673195197573,0.1526731916265346,PC32,p130828,p130828
0.5174856695513648,1.6778037886802075,0.8091774634540199,PC33,p130828,p130828
1.7631555507150662,5.830807804515547,7.588084610357054e-87,PC1,p130842,p130842
-0.2245770616698013,0.7988540133036706,0.9874311636511404,PC2,p130842,p130842
-3.4950458613901145,0.0303473566327459,0.0012153636745878,PC3,p130842,p130842
1.886948607080684,6.5992011714656655,0.0524784868228022,PC4,p130842,p130842
-4.309844589291453,0.0134356374739412,5.524587449655982e-18,PC5,p130842,p130842
-3.9834468720741545,0.0186213432032451,1.8651622803154876e-08,PC6,p130842,p130842
-1.6248757574850907,0.1969361415257836,0.7997460419908657,PC7,p130842,p130842
-3.3769812777419355,0.0341503898321042,6.515141360197772e-15,PC8,p130842,p130842
3.809805015046768,45.14163606834244,0.0015956596936918,PC9,p130842,p130842
-3.555679419032198,0.0285619627814303,1.299086400023743e-16,PC10,p130842,p130842
4.268309956867811,71.40086305430633,3.5324708235789515e-10,PC11,p130842,p130842
-4.186280853153206,0.0152027210127664,3.231009900526273e-13,PC12,p130842,p130842
2.9110959254419937,18.37692727736933,0.3516859471802216,PC13,p130842,p130842
2.1450575114143247,8.542532516293809,0.4189365522769082,PC14,p130842,p130842
-4.28530168558741,0.0137694668449296,7.980006658593811e-05,PC15,p130842,p130842
1.3614159960481078,3.901714203978586,0.8880500354812771,PC16,p130842,p130842
-2.3267502878829305,0.0976124445668934,0.4185348626345967,PC17,p130842,p130842
-4.75301195378571,0.0086256759011386,2.838444711416645e-13,PC18,p130842,p130842
3.622380813061717,37.42656749496952,0.1545333778369516,PC19,p130842,p130842
1.6607989722489362,5.263514566965336,0.0849406681454487,PC20,p130842,p130842
0.8944476491026213,2.445984374604778,0.9634020597761443,PC21,p130842,p130842
1.8275618397460616,6.21870595785714,0.8579962967912133,PC22,p130842,p130842
-2.4421116843448583,0.0869769894540496,0.7407067708044994,PC23,p130842,p130842
3.619363014900773,37.31379192096093,0.0307940792889299,PC24,p130842,p130842
-3.586287401164689,0.0277009823875089,0.0347684636093129,PC25,p130842,p130842
4.474454131530725,87.74668918342206,6.633410565175264e-05,PC26,p130842,p130842
2.9015852431798845,18.202978657288494,0.4645394749190564,PC27,p130842,p130842
-3.448373601998256,0.0317973094267185,0.3416279653021418,PC28,p130842,p130842
-4.89304872576217,0.007498526639821,0.0899742077403498,PC29,p130842,p130842
1.8285903015178453,6.225104949199711,0.921400222823566,PC30,p130842,p130842
4.053366035674529,57.59098446085527,0.0321148698782181,PC31,p130842,p130842
1.465103090415841,4.327989391529549,0.9138551840818354,PC32,p130842,p130842
3.85425645275587,47.19351328553451,0.0066703230199578,PC33,p130842,p130842
1.5286149697341234,4.611784935128121,2.683012869071748e-94,PC1,p130846,p130846
0.6129693532858024,1.8459044114356349,0.904526726920137,PC2,p130846,p130846
3.654456738607142,38.64652024877846,7.942413775166289e-36,PC3,p130846,p130846
1.1221803100563317,3.071543825809188,0.6636027433337149,PC4,p130846,p130846
-1.0999548770123595,0.3328861041747569,0.8156983567927817,PC5,p130846,p130846
1.8326980512304192,6.250728714241835,0.4397361129471964,PC6,p130846,p130846
3.413395878653667,30.36819606330863,4.114798138889709e-25,PC7,p130846,p130846
2.5783399094283688,13.17524788996944,0.0011712887508173,PC8,p130846,p130846
4.6662272333186605,106.29595514624954,4.308346394612981e-57,PC9,p130846,p130846
-3.3787893864927407,0.0340886980029806,1.898513670667988e-06,PC10,p130846,p130846
2.9825325155097517,19.737739534332203,0.0010885545646098,PC11,p130846,p130846
3.1422505793417157,23.1559224998912,1.4347258404249114e-05,PC12,p130846,p130846
2.868936777252811,17.618276086181027,0.0100738129113439,PC13,p130846,p130846
2.0213188540736367,7.548273443083151,0.5397477873933317,PC14,p130846,p130846
-2.777548231964802,0.0621907980210766,0.1097935816578642,PC15,p130846,p130846
2.165434769648896,8.718391585023554,0.2761154238772488,PC16,p130846,p130846
2.5866936391473767,13.285771348636452,0.4079172712561191,PC17,p130846,p130846
1.0976430313830785,2.997093636879254,0.8574526901093982,PC18,p130846,p130846
0.6322893341197232,1.8819139813100445,0.939691110020703,PC19,p130846,p130846
-3.945449857006466,0.0193425130471821,2.511229934389021e-08,PC20,p130846,p130846
-2.473259865349956,0.0843095726925072,0.2366159493730797,PC21,p130846,p130846
1.918843432618295,6.813074131476048,0.6269926428982817,PC22,p130846,p130846
2.578941640932306,13.18317823742768,0.0312107205951695,PC23,p130846,p130846
-1.8978529434572016,0.1498900964965796,0.6268047728635386,PC24,p130846,p130846
-2.2062137745752564,0.1101167872003364,0.4181389381278295,PC25,p130846,p130846
-2.148441120511234,0.1166658841457722,0.3402349899585383,PC26,p130846,p130846
-2.393272426737505,0.0913303225362131,0.515706328524829,PC27,p130846,p130846
1.5143752790683782,4.546579895821594,0.7973543868814515,PC28,p130846,p130846
-3.2964162939517534,0.0370155829588344,0.0330797705160835,PC29,p130846,p130846
0.801662067969212,2.2292430044826075,0.9276039601863696,PC30,p130846,p130846
-3.0814653275011943,0.0458919606037562,0.3706065180841484,PC31,p130846,p130846
1.8120575240181411,6.123032767458867,0.6686041668344064,PC32,p130846,p130846
4.832534318409906,125.52868753796211,6.747011242698768e-09,PC33,p130846,p130846
2.224409297488036,9.248018362458742,4.631837710463903e-65,PC1,p131022,p131022
-2.0402779705499547,0.1299925717491926,0.1897341450335082,PC2,p131022,p131022
-1.8331232483441948,0.159913337942862,0.420875833719823,PC3,p131022,p131022
5.002590641456182,148.7981428472995,5.024429253378465e-07,PC4,p131022,p131022
-2.438594136672103,0.087283473881665,0.0089614765988665,PC5,p131022,p131022
-4.239256814926809,0.0144183033301263,0.0037492915015304,PC6,p131022,p131022
4.565364688179348,96.09763329786146,1.7237411408364589e-06,PC7,p131022,p131022
-3.650151463415094,0.0259871923717467,0.00012341686958485584,PC8,p131022,p131022
2.6544840048395564,14.217647928749274,3.156178732308024e-05,PC9,p131022,p131022
-0.504327450863698,0.6039115991006785,0.986807466946122,PC10,p131022,p131022
1.1230869934548746,3.0743300065049666,0.9310534355458724,PC11,p131022,p131022
-2.552319995331609,0.0779007268706721,0.224733385779739,PC12,p131022,p131022
3.1927678496575345,24.355747281292476,2.9219230585776506e-05,PC13,p131022,p131022
5.3828119263842895,217.6333848819297,3.213027190707415e-09,PC14,p131022,p131022
1.1426121292243796,3.1349465648177177,0.9528509580608516,PC15,p131022,p131022
-2.277505987881536,0.1025396231400495,9.052630517664798e-07,PC16,p131022,p131022
-3.025643512463596,0.0485265837587595,0.006503836605942,PC17,p131022,p131022
4.230658433290852,68.76249278607669,0.0007558743211156021,PC18,p131022,p131022
4.506983956553533,90.64800747621838,0.0008334581315765336,PC19,p131022,p131022
1.980913581051096,7.249362841337368,0.913322820754422,PC20,p131022,p131022
2.8542594725655204,17.361575722974223,0.0168639377921409,PC21,p131022,p131022
3.6553717373630272,38.68189794953323,4.515933217951625e-05,PC22,p131022,p131022
3.880515835357929,48.44920043727248,0.1426136600168964,PC23,p131022,p131022
-4.579996670657903,0.0102549304385187,6.126713285283664e-11,PC24,p131022,p131022
-2.6005808100872123,0.0742304518962062,0.8616552707209978,PC25,p131022,p131022
5.327142714846816,205.8489638835788,4.361431734643019e-06,PC26,p131022,p131022
-5.748361802842109,0.0031879990920961,0.000328793540363599,PC27,p131022,p131022
0.5882957472399896,1.800916581496097,0.991178993899658,PC28,p131022,p131022
-2.4964300481651094,0.0823785618067872,0.7471071550245808,PC29,p131022,p131022
3.508064735872027,33.38359914678999,0.6082643345006857,PC30,p131022,p131022
2.415771862653378,11.198410657525036,0.747079473403966,PC31,p131022,p131022
-5.555290780617752,0.0038669438737608,0.0013594806347924,PC32,p131022,p131022
-4.426115297192409,0.0119608639410784,0.0027219602031603,PC33,p131022,p131022
2.032613713298803,7.634013428032801,1.9952896348343148e-122,PC1,p131036,p131036
1.993331691859127,7.339947513555698,0.3236510874988861,PC2,p131036,p131036
4.223670745936571,68.28367684113984,7.118848910793665e-20,PC3,p131036,p131036
0.6590313581038927,1.932919120869681,0.9631272695495848,PC4,p131036,p131036
4.189680140451038,66.00167631731227,6.393444776974208e-12,PC5,p131036,p131036
4.218539697627852,67.93420733575402,4.841184783436443e-11,PC6,p131036,p131036
2.938800870299233,18.89317735335416,0.0083867198963008,PC7,p131036,p131036
3.649819455855916,38.46772030040736,6.602645168144448e-14,PC8,p131036,p131036
-3.282266787080052,0.0375430581608776,1.7273858469147285e-07,PC9,p131036,p131036
-2.4731690502789605,0.0843172296200138,0.0840278644901401,PC10,p131036,p131036
-3.972502586852651,0.0188262597818502,0.0032758732764936,PC11,p131036,p131036
3.157809072626147,23.519010995285527,0.0180216023662845,PC12,p131036,p131036
2.5837653725883776,13.246923974178356,0.3029714100752823,PC13,p131036,p131036
-3.336347792930478,0.0355666174570896,0.0099114901373108,PC14,p131036,p131036
4.219374272829528,67.99092720574822,4.4083707209027315e-14,PC15,p131036,p131036
-3.160672923313045,0.0423972014138455,0.2020455880784015,PC16,p131036,p131036
-1.1345556735847246,0.3215649694065898,0.9513650134384942,PC17,p131036,p131036
2.534048698529374,12.604434525781311,0.6170285233447779,PC18,p131036,p131036
-3.972475608887731,0.0188267676828772,0.00014421588502333636,PC19,p131036,p131036
3.059523568248166,21.317398456762884,0.2942110185396734,PC20,p131036,p131036
-2.214569885511041,0.1092004728545276,0.6347493263737257,PC21,p131036,p131036
-5.199511396354662,0.0055192604928481,9.8561629811155e-12,PC22,p131036,p131036
4.042058099568389,56.94341751144584,0.0016507084157361,PC23,p131036,p131036
-3.1511554127569865,0.0428026435653179,0.3484552536233671,PC24,p131036,p131036
1.89284836559572,6.638249940659097,0.7821924355871214,PC25,p131036,p131036
-2.7391901259606684,0.0646226619222604,0.8507090108854849,PC26,p131036,p131036
-1.800775313124188,0.1651707794927413,0.9071790784905704,PC27,p131036,p131036
3.5512742627693448,34.85770707794856,0.4617410978451316,PC28,p131036,p131036
4.581523492557992,97.66306988531356,0.0053159274893194,PC29,p131036,p131036
4.892115680082828,133.23515904669347,0.0025177066769606,PC30,p131036,p131036
3.847230474718004,46.86309481336542,0.0772976707091596,PC31,p131036,p131036
4.648669193087868,104.44589572679796,5.6147251976066847e-08,PC32,p131036,p131036
-3.0857709165950067,0.045694793443666,0.3245267744624169,PC33,p131036,p131036
1.6021245283576024,4.963566468212048,1.8715849330205386e-63,PC1,p131038,p131038
3.6849227712469865,39.84204537956161,1.021315024985762e-38,PC2,p131038,p131038
-2.6779402484569275,0.0687045227589653,0.0006800148148764346,PC3,p131038,p131038
3.1557974184906654,23.47174643546703,2.308786979077759e-09,PC4,p131038,p131038
4.077831542732609,59.01735438261317,4.073463539124808e-36,PC5,p131038,p131038
2.08148788462496,8.016387505070105,0.710213899408373,PC6,p131038,p131038
-2.3169283694741725,0.0985759098262405,0.7065185924719893,PC7,p131038,p131038
2.69289323301405,14.774359809010823,0.570494632295749,PC8,p131038,p131038
-2.541460936378888,0.0787512651208406,0.0682318938353373,PC9,p131038,p131038
2.0956481889875347,8.130709498885052,2.586152029608161e-06,PC10,p131038,p131038
-2.585240387894864,0.0753779574745286,0.00018997674059558544,PC11,p131038,p131038
2.198892406107672,9.015022983342607,0.7874617937367212,PC12,p131038,p131038
-3.6344843046214863,0.0263975439693523,3.6101632175690775e-05,PC13,p131038,p131038
-2.0264803398706634,0.131798591993797,0.3998505561694949,PC14,p131038,p131038
1.0666886522419388,2.9057416305810797,0.943252365068526,PC15,p131038,p131038
-1.520775609744907,0.21854231764967,0.8600516143447924,PC16,p131038,p131038
-1.211578432282892,0.2977269664935723,0.951278277424081,PC17,p131038,p131038
4.114775681605807,61.23847580535976,0.0020450679512009,PC18,p131038,p131038
-2.631150859213609,0.0719955577912198,0.040846005718991,PC19,p131038,p131038
-4.00612309221485,0.0182038331904653,7.445907796836702e-11,PC20,p131038,p131038
-1.8714144693588977,0.1539058127247657,0.8752839925420792,PC21,p131038,p131038
-4.304957335927083,0.0135014615568549,0.0173094770025742,PC22,p131038,p131038
4.470718383824472,87.4195012169358,7.813056998520998e-07,PC23,p131038,p131038
3.864676476498985,47.68784179920228,0.1583201218761603,PC24,p131038,p131038
-3.589717633418301,0.0276061243697947,0.0541595623596407,PC25,p131038,p131038
-3.600155571090139,0.0273194719966369,0.2573975976182722,PC26,p131038,p131038
-5.993313045296624,0.0024953830230797,1.1358121459875435e-07,PC27,p131038,p131038
-5.015061657835874,0.0066372227878018,5.703697909077075e-09,PC28,p131038,p131038
-4.2512348070915325,0.0142466312020234,2.1028065072016506e-06,PC29,p131038,p131038
-1.93495733230873,0.1444304312051224,0.9413649819415796,PC30,p131038,p131038
1.3343071771052155,3.797364134022717,0.967190834802186,PC31,p131038,p131038
3.3837959585536987,29.482473217275125,0.4466910684946193,PC32,p131038,p131038
-3.3813221508176667,0.0340024686102563,0.1525737286558697,PC33,p131038,p131038
1.7353820386458796,5.671093967059426,6.006770388335062e-88,PC1,p131056,p131056
-2.1175273275334723,0.1203287946602577,0.0160499142589702,PC2,p131056,p131056
3.2840182575421863,26.68277583807201,0.0286337619424465,PC3,p131056,p131056
2.901327040306052,18.19827920261933,1.260150982631713e-07,PC4,p131056,p131056
3.049682292702512,21.108636989085284,1.787535538206725e-05,PC5,p131056,p131056
3.5515025949553056,34.86566712313593,0.00014336825826305482,PC6,p131056,p131056
2.6275750445442485,13.84016738688161,0.0447267067778702,PC7,p131056,p131056
0.3351782086136552,1.398189532439921,0.9751392991110048,PC8,p131056,p131056
-2.578072237624878,0.0759202191855765,0.4312766159404181,PC9,p131056,p131056
-3.11965052233786,0.0441726030605529,3.2379859452755296e-06,PC10,p131056,p131056
-3.4424104387008314,0.0319874884459698,5.4014772057953744e-05,PC11,p131056,p131056
4.231702331103591,68.83431128095756,3.747769922566222e-13,PC12,p131056,p131056
-3.6436735264932913,0.0261560822029396,7.948101623421481e-10,PC13,p131056,p131056
3.010977422143817,20.307238973151257,0.0463612606388338,PC14,p131056,p131056
-4.446786214984155,0.0117161597491297,1.3429138727557672e-11,PC15,p131056,p131056
1.77653899335675,5.909368620786239,0.73246804014274,PC16,p131056,p131056
-3.141983774465153,0.0431970197031385,5.253943445763753e-08,PC17,p131056,p131056
-3.438224567968719,0.0321216645636776,6.067632726967764e-15,PC18,p131056,p131056
3.906954515577038,49.74721666349053,2.477360168298363e-06,PC19,p131056,p131056
-1.4560616936492254,0.2331526957142053,0.8775131793225981,PC20,p131056,p131056
-2.340537096987838,0.0962759148376365,0.3678125689718411,PC21,p131056,p131056
-2.411852370088149,0.0896490774025084,0.637952825470931,PC22,p131056,p131056
-3.4765037102535383,0.0309153111832401,2.750051356869161e-09,PC23,p131056,p131056
0.28897541150667,1.3350589010380374,0.9817291545485533,PC24,p131056,p131056
-0.4842327246087434,0.6161697873522072,0.966167042564174,PC25,p131056,p131056
4.174890149579437,65.03269539968412,7.90091429411138e-08,PC26,p131056,p131056
0.1545017709574201,1.1670763448981774,0.9914039422722908,PC27,p131056,p131056
-5.434492150716039,0.0043634504337354,7.02987018983314e-10,PC28,p131056,p131056
3.51745750049598,33.6986406751549,0.0937458894886494,PC29,p131056,p131056
-2.595262588642992,0.0746262774884279,0.6953308152481198,PC30,p131056,p131056
-0.8204909305018219,0.4402154862389739,0.9579199177391942,PC31,p131056,p131056
-2.646428080891054,0.0709040247210374,0.4736035089926552,PC32,p131056,p131056
-4.920897832660783,0.0072925803897661,0.0006137396881242922,PC33,p131056,p131056
1.85769593854603,6.408953124898855,1.7575749066032138e-72,PC1,p131086,p131086
1.008089856179629,2.7403615278849487,0.8863162818338994,PC2,p131086,p131086
2.398280011960654,11.004232945022764,0.442992714268324,PC3,p131086,p131086
2.4624112082705536,11.733068331185416,0.0007130233407641142,PC4,p131086,p131086
3.489815140171292,32.77988746172001,4.448274493749792e-23,PC5,p131086,p131086
1.9538777347432783,7.055995879570894,0.3953383067671357,PC6,p131086,p131086
-3.4186233753661224,0.0327574986936116,7.36729675643733e-05,PC7,p131086,p131086
-3.8712149392892257,0.020833043160743,0.0277510896505729,PC8,p131086,p131086
3.067253685906977,21.482823006890865,0.0027166481451558,PC9,p131086,p131086
-2.418205213540788,0.0890813560798102,0.2194514710229743,PC10,p131086,p131086
3.3109173426508214,27.41025854155256,1.26390313856199e-09,PC11,p131086,p131086
3.362121693789909,28.850337571087778,3.2582503374238314e-09,PC12,p131086,p131086
3.241750127939989,25.578448154244427,0.019093565558913,PC13,p131086,p131086
-2.960132754093516,0.0518120384559486,0.2760696929595125,PC14,p131086,p131086
3.707878891376864,40.767243003450886,0.0507961155954135,PC15,p131086,p131086
1.8208732379078576,6.177250304487213,0.7856504577319194,PC16,p131086,p131086
5.026018139457284,152.32526555186564,2.61941830867768e-13,PC17,p131086,p131086
2.312003614281054,10.094630151376776,0.1487964693051428,PC18,p131086,p131086
0.8054374582722418,2.237675174255115,0.9589856965567092,PC19,p131086,p131086
-4.687483137831614,0.0092098369004794,1.2690134691470116e-05,PC20,p131086,p131086
-4.793632082645049,0.0082823206124775,0.00012185869337242668,PC21,p131086,p131086
-0.0009503473702237,0.9990501040668196,0.9999707929306532,PC22,p131086,p131086
-2.1694460833155707,0.1142408793172654,0.7223885150112697,PC23,p131086,p131086
4.158565616397235,63.97968533919149,0.0087486913614684,PC24,p131086,p131086
2.9811096256495024,19.70967487607841,0.4605365415017209,PC25,p131086,p131086
0.2472645950175325,1.2805178866100178,0.9923488761051086,PC26,p131086,p131086
-2.84210879823232,0.0583025878424668,0.1487248735956541,PC27,p131086,p131086
2.952627508919308,19.15622080173696,0.2626424499509116,PC28,p131086,p131086
2.2544239410889864,9.52980200127688,0.6539383347479678,PC29,p131086,p131086
-2.983926145321392,0.0505938047820737,0.7204217774661137,PC30,p131086,p131086
-3.521184788304071,0.0295643868698046,0.3077908237282987,PC31,p131086,p131086
-1.932682117348537,0.1447594155960929,0.8395453462076237,PC32,p131086,p131086
4.54880727213784,94.51960489013028,0.0034499471629272,PC33,p131086,p131086
1.928880407215844,6.881801111976664,3.0083924349609004e-69,PC1,p131126,p131126
3.059482777779584,21.316528927825253,0.0920288211531146,PC2,p131126,p131126
-3.7084294360872256,0.0245159969911864,0.0005970504275256693,PC3,p131126,p131126
1.3871375941293569,4.0033743545214815,0.9068178503358127,PC4,p131126,p131126
-1.9250197730818064,0.1458728724714701,0.7924837377527021,PC5,p131126,p131126
3.106464949804737,22.341924811612664,0.1321105613217142,PC6,p131126,p131126
-2.830746462420645,0.0589688192289208,0.1621240567039199,PC7,p131126,p131126
3.562554438671375,35.25313419613938,0.0381611082126803,PC8,p131126,p131126
-2.216452039785469,0.108995134018077,0.169212781396567,PC9,p131126,p131126
3.6908598821617633,40.07929561562663,3.663373792244825e-09,PC10,p131126,p131126
2.6638442037153904,14.351352716418605,0.0076868464328036,PC11,p131126,p131126
2.3282957189369906,10.26043994996649,0.2244132255831343,PC12,p131126,p131126
-3.431536788383546,0.0323372071233841,6.733121937731369e-05,PC13,p131126,p131126
-3.651340222408742,0.0259563182176951,0.1753420099137266,PC14,p131126,p131126
-2.8414867537413917,0.058338865928163,0.542177834933406,PC15,p131126,p131126
-3.66898101928831,0.0255024432090379,3.393661519185561e-09,PC16,p131126,p131126
4.635268754736009,103.0556109572723,6.715860464269077e-06,PC17,p131126,p131126
4.402551516290144,81.65895724101682,8.643383204232223e-13,PC18,p131126,p131126
-3.40269778345016,0.0332833574417339,0.0054221592913121,PC19,p131126,p131126
-4.748854417615596,0.008661612111974,0.0024941120878003,PC20,p131126,p131126
-4.331915769903727,0.0131423456470664,0.3110691707711237,PC21,p131126,p131126
4.793941927919716,120.77652388566972,0.1346815338876356,PC22,p131126,p131126
5.723289683928029,305.90961543582046,9.954331605057405e-18,PC23,p131126,p131126
4.5708530640461005,96.62650322020184,0.0484235707779452,PC24,p131126,p131126
-3.98906771109396,0.0185169692401869,1.2939217398220897e-13,PC25,p131126,p131126
-5.804199748066849,0.0030148664406777,1.9662785219967842e-13,PC26,p131126,p131126
-3.8268804569303376,0.0217774454548545,0.0211026476920126,PC27,p131126,p131126
-4.896124359666723,0.007475499346967,0.1148544711671951,PC28,p131126,p131126
3.754288125577274,42.703809238032775,0.3025458294803818,PC29,p131126,p131126
-6.286988811586975,0.0018603533957542,0.0049335598893283,PC30,p131126,p131126
-4.698882773847757,0.0091054442615866,5.025687531567997e-06,PC31,p131126,p131126
5.090842723633279,162.52676950751766,0.1452660477395212,PC32,p131126,p131126
-5.631957052656614,0.0035815591641938,1.1381233261844333e-13,PC33,p131126,p131126
1.5230182158192478,4.586046004155635,2.961474469970611e-278,PC1,p131164,p131164
0.9970404610485116,2.710248860310973,0.0688574305367676,PC2,p131164,p131164
0.8637531521664221,2.372046660144322,0.112056041663595,PC3,p131164,p131164
2.7572182588850587,15.7559529491312,1.5073747320317303e-67,PC4,p131164,p131164
2.796718294510996,16.390768737796105,1.1802439110079536e-45,PC5,p131164,p131164
0.8059941956728772,2.2389213185704824,0.306376867969076,PC6,p131164,p131164
0.4338017047137379,1.5431128457726084,0.7150344426887568,PC7,p131164,p131164
-2.62921609683776,0.0721349869252901,1.3703172147083396e-21,PC8,p131164,p131164
1.927934632578688,6.875295555906899,0.0008600079723463407,PC9,p131164,p131164
1.9020352556173097,6.6995158032734565,0.0012784215060034,PC10,p131164,p131164
-1.1055387839863786,0.3310324791871848,0.2768079832071929,PC11,p131164,p131164
-2.043274820826125,0.1296035866308521,0.0060349970129523,PC12,p131164,p131164
1.921774120075973,6.833070409489767,9.129397864211768e-06,PC13,p131164,p131164
-0.8323341507581047,0.4350326684805158,0.5148586070288469,PC14,p131164,p131164
-2.071536324107142,0.1259920682880246,3.617829438620283e-05,PC15,p131164,p131164
2.424092425109759,11.291976453026033,1.0948328247459171e-09,PC16,p131164,p131164
0.2696397782587299,1.3094926580378972,0.8508412809169947,PC17,p131164,p131164
2.016913053118386,7.515090405343345,0.0007043772956267957,PC18,p131164,p131164
-2.474114656340515,0.0842375364217156,6.3424798274836166e-09,PC19,p131164,p131164
-0.1424895789524552,0.8671965913420762,0.9307234388469878,PC20,p131164,p131164
-0.0213256310110431,0.9789001524183728,0.9894276656094112,PC21,p131164,p131164
1.4701571826575226,4.349918819130164,0.1969884611456023,PC22,p131164,p131164
-1.6142123079515138,0.1990473967583775,0.0637278213596804,PC23,p131164,p131164
-1.263228120016212,0.2827398336152039,0.1988697704587284,PC24,p131164,p131164
2.63710738350293,13.972727353164778,2.058161369789145e-06,PC25,p131164,p131164
2.126634018870223,8.386590144604204,0.020021622297575,PC26,p131164,p131164
-1.5298714937208748,0.2165634952969085,0.1766181371751366,PC27,p131164,p131164
0.6843899409357732,1.982561986624703,0.6544644572923317,PC28,p131164,p131164
1.6407282913299417,5.15892534499903,0.0717610542586394,PC29,p131164,p131164
-1.83036104331876,0.160355661982168,0.0487841960192028,PC30,p131164,p131164
2.161755494081308,8.686373158303311,0.0055553450517218,PC31,p131164,p131164
1.678400854378575,5.35698252270754,0.0589929596699702,PC32,p131164,p131164
1.3222586478985086,3.7518860037947936,0.3077563739111447,PC33,p131164,p131164
1.4688204423244466,4.344107991847893,1.3310391301207862e-206,PC1,p131166,p131166
1.0804679032242184,2.9460576985164315,0.0005663104798846606,PC2,p131166,p131166
0.5122687944781863,1.6690736876403125,0.2595823875304102,PC3,p131166,p131166
2.0548501413126243,7.805668037816896,8.538576481377218e-25,PC4,p131166,p131166
-2.38215791790018,0.0923510762935018,2.0951705434410565e-21,PC5,p131166,p131166
-2.298775716158481,0.1003816641733484,2.486882834685809e-21,PC6,p131166,p131166
2.2844196888425428,9.819985922806062,6.858350302247039e-80,PC7,p131166,p131166
1.3764213978175937,3.960702457599276,1.3123507864156237e-08,PC8,p131166,p131166
-0.6441894615213563,0.5250879736763105,0.2968071630197765,PC9,p131166,p131166
0.8096294023818073,2.247075071678383,0.1767895582266615,PC10,p131166,p131166
-0.3682059131612239,0.6919746803238683,0.6528395197804052,PC11,p131166,p131166
-0.6085607032628892,0.5441334752736372,0.370942416742283,PC12,p131166,p131166
0.0665951596748391,1.0688626718601588,0.9371747120816888,PC13,p131166,p131166
-1.2927088036862735,0.27452613758237,0.0388620728551585,PC14,p131166,p131166
1.1905151846903783,3.2887750975928784,0.0462777846982841,PC15,p131166,p131166
0.4852951641692014,1.6246544778689098,0.562427932210349,PC16,p131166,p131166
-0.9209033560712486,0.398159199046458,0.2816334592798966,PC17,p131166,p131166
1.66814098255535,5.302301558173946,7.129709442218992e-05,PC18,p131166,p131166
-1.757275689148825,0.1725142065398974,0.0055971344507262,PC19,p131166,p131166
-1.0750044261534162,0.3412962446681112,0.1532320442927413,PC20,p131166,p131166
0.2543789872044008,1.2896604764803048,0.7936513782034333,PC21,p131166,p131166
-1.6107036590311825,0.199747010824454,0.0234085925420006,PC22,p131166,p131166
1.4912030288628293,4.44243668512448,0.0428065433875918,PC23,p131166,p131166
-0.5478529886062621,0.57818985891981,0.5823062720772239,PC24,p131166,p131166
-0.4416060954413565,0.6430028673383258,0.6636851332563728,PC25,p131166,p131166
1.1886481102144428,3.282640438266096,0.1043478043454698,PC26,p131166,p131166
1.0202092664901137,2.7737751614257062,0.2133764612138155,PC27,p131166,p131166
-2.6988645336338988,0.0672818656789761,3.736163989345433e-09,PC28,p131166,p131166
0.6927540381642264,1.9992138697492527,0.4501716711709698,PC29,p131166,p131166
-1.7876772430169283,0.1673484283077029,0.0005427616413477081,PC30,p131166,p131166
-0.5179788774360184,0.595723361972256,0.6464798093261537,PC31,p131166,p131166
0.2848432198901947,1.3295535642266132,0.7997619251563303,PC32,p131166,p131166
1.004745497436687,2.731212083889695,0.3046478594792501,PC33,p131166,p131166
2.52287082545646,12.464328260315604,1.3666593561258104e-63,PC1,p131180,p131180
2.8675975175470008,17.594696432097663,3.6926189723251656e-06,PC2,p131180,p131180
1.6788233270338515,5.359246179471051,0.837227755530425,PC3,p131180,p131180
-2.7434643885025185,0.0643470371649622,0.4348910376147444,PC4,p131180,p131180
2.612928215332389,13.638930160146982,0.7674849871523728,PC5,p131180,p131180
3.684643180635452,39.8309074748285,1.7446237137299998e-12,PC6,p131180,p131180
2.941323260733033,18.940893477222243,0.6022118387763734,PC7,p131180,p131180
-3.5980918395844887,0.0273759102684031,0.0039695993688539,PC8,p131180,p131180
-3.6380561603180928,0.0263034239431912,0.0185007282989141,PC9,p131180,p131180
-2.3619460842094897,0.0942366521711558,0.0049923756187715,PC10,p131180,p131180
4.513150214427105,91.20869335633716,9.195928901488744e-12,PC11,p131180,p131180
2.187630765724612,8.914068559622663,0.8420647410474228,PC12,p131180,p131180
-3.4109157261673406,0.0330109575332969,0.2740362039862558,PC13,p131180,p131180
-2.4545156849189858,0.0859047903533316,0.5315297308906763,PC14,p131180,p131180
-4.962848424842607,0.0069929804575139,0.0009031785630934296,PC15,p131180,p131180
-3.9112057947405447,0.0200163508939046,0.0333494965850184,PC16,p131180,p131180
-5.263622819104091,0.0051765171220993,5.861158281876442e-06,PC17,p131180,p131180
1.7478165725168051,5.742051625508648,0.9443775461849954,PC18,p131180,p131180
2.155996012656555,8.636487947818889,0.8609727061568079,PC19,p131180,p131180
-4.885015596501383,0.0075590058670767,4.780900254947195e-05,PC20,p131180,p131180
-2.858185170388104,0.0573727876748931,0.8633322032637466,PC21,p131180,p131180
4.096223761528373,60.112857966470365,0.0004640440030818375,PC22,p131180,p131180
5.271908613600126,194.7873817305965,0.0058919217327262,PC23,p131180,p131180
4.27089315818982,71.58554428984966,2.7100662802411383e-05,PC24,p131180,p131180
4.7843356440915255,119.6218651864146,1.9157837408829068e-11,PC25,p131180,p131180
-4.668701197841353,0.0093844501593026,3.9627316800989556e-15,PC26,p131180,p131180
-3.687071359605816,0.0250452432524153,0.4423050891582248,PC27,p131180,p131180
-3.972033980887859,0.0188350839468454,0.5570229046100478,PC28,p131180,p131180
5.986607997810697,398.0620898681032,3.198828269217526e-09,PC29,p131180,p131180
3.124185379860533,22.741361974362324,0.6943967446097514,PC30,p131180,p131180
5.354247649784993,211.5047908039254,0.0001901757619159635,PC31,p131180,p131180
1.6325333409387923,5.116820965011877,0.959188849065744,PC32,p131180,p131180
-1.983344631999833,0.13760821792146,0.9531465058633039,PC33,p131180,p131180
1.9163023688360936,6.795783652963189,1.2967926982245742e-206,PC1,p131182,p131182
1.9957041308194083,7.357381763673048,6.26428640393671e-05,PC2,p131182,p131182
1.8089104641924,6.103793506456165,5.3177579376994946e-08,PC3,p131182,p131182
3.796217895147607,44.53243923380212,7.026871413415746e-50,PC4,p131182,p131182
2.9959615073364727,20.00458520117106,4.997320225036746e-16,PC5,p131182,p131182
1.554047887391274,4.730580335116001,0.4131315691721604,PC6,p131182,p131182
3.9450256966522512,51.67766603805868,7.580037083119171e-10,PC7,p131182,p131182
2.607166116431308,13.560567279808112,2.110301249824896e-09,PC8,p131182,p131182
1.0005609587137492,2.7198071001043584,0.7554354651239268,PC9,p131182,p131182
3.1060512938006557,22.332684851485848,1.0724239110803693e-13,PC10,p131182,p131182
3.0234647861771333,20.562412766894884,7.62292879665079e-08,PC11,p131182,p131182
3.0141351489199386,20.371465036217643,2.261374156887464e-09,PC12,p131182,p131182
-2.7558812032837063,0.063552991881327,0.029515661355193,PC13,p131182,p131182
-0.7023695419364332,0.4954100170845386,0.853341308926645,PC14,p131182,p131182
-2.049741108262187,0.1287682363053076,0.1876099208703268,PC15,p131182,p131182
2.084214927791219,8.038278374941,0.1445886677489508,PC16,p131182,p131182
-1.5958346022427583,0.2027392512389989,0.5741765132204113,PC17,p131182,p131182
-2.618490683804207,0.0729128283328848,0.048210438871274,PC18,p131182,p131182
0.138692185763217,1.1487704376797352,0.9772379056884654,PC19,p131182,p131182
-2.022500699373328,0.1323241480764964,0.3048896528323243,PC20,p131182,p131182
1.0200313520358546,2.77328171062894,0.8050615622634798,PC21,p131182,p131182
-1.9470509995175131,0.1426942571514688,0.4023840801772035,PC22,p131182,p131182
0.8854695044832076,2.4241222606165214,0.8159760429716443,PC23,p131182,p131182
0.6402114731185766,1.8968819764399552,0.8879135869592129,PC24,p131182,p131182
3.0857031289689307,21.882847898288464,5.537594939706816e-07,PC25,p131182,p131182
1.178583942507874,3.249769083244098,0.7735600894808318,PC26,p131182,p131182
2.4314700738603827,11.37559275558464,0.1057686776952223,PC27,p131182,p131182
-0.4681631610933042,0.6261513517834144,0.9288566226434972,PC28,p131182,p131182
-1.383107410188543,0.2507980086646405,0.7045641538367917,PC29,p131182,p131182
-2.582890774072561,0.0755552747973479,0.0543356967510324,PC30,p131182,p131182
-3.3212448625754787,0.0361078544478892,1.078012119553358e-05,PC31,p131182,p131182
-3.531310681044093,0.0292665316295562,0.0009059755085032793,PC32,p131182,p131182
-0.6941768326882218,0.4994854388907931,0.8833543233795549,PC33,p131182,p131182
2.073276801368752,7.950833781704674,2.4207802125381962e-54,PC1,p131190,p131190
2.5214100962893182,12.446134543758184,4.166326329070731e-31,PC2,p131190,p131190
-1.8442426631812243,0.1581450446133259,0.6344211615593472,PC3,p131190,p131190
1.6503932931975298,5.209028099684973,0.3713954156273467,PC4,p131190,p131190
4.50620301275493,90.57724411162584,1.043709987303239e-21,PC5,p131190,p131190
-2.5501733003134244,0.078068135596408,0.1577342506318636,PC6,p131190,p131190
2.573998775070021,13.118176335944794,0.2240494435737561,PC7,p131190,p131190
-3.740813363757559,0.0237347902599841,3.0544857574653565e-18,PC8,p131190,p131190
-1.0592256038410683,0.3467242082885777,0.8040792429502679,PC9,p131190,p131190
-2.074885536680919,0.1255707999211622,0.2251655840005184,PC10,p131190,p131190
2.91174563873566,18.388870890860264,1.469061036418475e-05,PC11,p131190,p131190
1.8238284365530464,6.19553230638662,0.499453993048119,PC12,p131190,p131190
3.7934078232868944,44.40747554013328,2.173070421236093e-12,PC13,p131190,p131190
0.3938070725066832,1.4826144839848183,0.9635101376466352,PC14,p131190,p131190
3.626925142226702,37.597033169895184,2.774184967079402e-05,PC15,p131190,p131190
-3.6526687949666536,0.0259218562632791,1.543803342332268e-06,PC16,p131190,p131190
-3.7244590932766273,0.0241261468931016,0.0003093186786130456,PC17,p131190,p131190
3.470421426224238,32.15028856492561,0.0018080076373121,PC18,p131190,p131190
-5.193105725238908,0.0055547285374029,4.605371064463834e-06,PC19,p131190,p131190
-4.133468438336346,0.0160271929764085,4.879136859071983e-06,PC20,p131190,p131190
2.316320974980425,10.138306526356924,0.4280356328062105,PC21,p131190,p131190
2.4049066461281186,11.077396116097669,0.5718407441895896,PC22,p131190,p131190
1.1071104714550453,3.025603184545488,0.8847944346896115,PC23,p131190,p131190
-1.8673004064129823,0.1545402951815286,0.6882155688908995,PC24,p131190,p131190
2.9236157993912704,18.608450386317674,0.2363133025551841,PC25,p131190,p131190
4.532234234566176,92.96603715438968,2.462136282758818e-13,PC26,p131190,p131190
3.044186603768395,20.99294867104853,0.0888608310680581,PC27,p131190,p131190
-3.4573570187991103,0.031512940159243,0.0774325158841717,PC28,p131190,p131190
2.445545753735327,11.536844156835826,0.5669548992775116,PC29,p131190,p131190
-0.8783697626595138,0.4154596577508755,0.9273838844156752,PC30,p131190,p131190
3.3323839052890216,28.005023513770336,0.1449273453795915,PC31,p131190,p131190
-0.7286831110699326,0.4825440287504696,0.9385197013802408,PC32,p131190,p131190
-4.447123712684171,0.0117122062393492,4.489749510651939e-05,PC33,p131190,p131190
1.6221904668028797,5.0641710747401305,1.7169738825190648e-54,PC1,p131282,p131282
1.778586647637427,5.921481361859464,0.2505522241941174,PC2,p131282,p131282
2.977087823214675,19.63056564515285,4.3469177580596686e-08,PC3,p131282,p131282
2.546946658120315,12.76805895526353,0.00015554688015136138,PC4,p131282,p131282
3.2436564204991565,25.62725466459964,4.5770927408633046e-26,PC5,p131282,p131282
3.6154887773157416,37.16950909929628,6.5911955831047575e-18,PC6,p131282,p131282
-3.671640779975749,0.0254347029395444,1.8072449492564087e-10,PC7,p131282,p131282
-2.1980728072056848,0.1110169033084217,0.1578576255811025,PC8,p131282,p131282
3.347811512254665,28.44042396733022,1.6013699785690672e-09,PC9,p131282,p131282
-0.652020494762868,0.520992050885377,0.926298853899704,PC10,p131282,p131282
3.0113310494532386,20.314421437314007,1.3647410677029705e-06,PC11,p131282,p131282
-2.7187874113786887,0.065954681853803,0.0026355949907114,PC12,p131282,p131282
-1.509377764509909,0.2210474787622831,0.7700353437223652,PC13,p131282,p131282
-1.4167463532786966,0.2425017497228437,0.8100434054212309,PC14,p131282,p131282
-2.9960151224913982,0.0499858595530291,0.00011732487734714936,PC15,p131282,p131282
-0.5718652528355559,0.5644715739390879,0.9468488250606516,PC16,p131282,p131282
3.574450736172309,35.67502043498153,1.5807251753875847e-05,PC17,p131282,p131282
3.242179695158727,25.589438177385524,0.0023590190272029,PC18,p131282,p131282
-1.753301056436631,0.1732012516199764,0.6957895684312662,PC19,p131282,p131282
-4.086205461513559,0.0168028718872377,0.0006399047940591338,PC20,p131282,p131282
-0.7313112482525549,0.4812775018784435,0.9437562647760296,PC21,p131282,p131282
2.778590862345363,16.09632302465893,0.0598740373701788,PC22,p131282,p131282
2.2633770973378717,9.615506899788215,0.4091647038823937,PC23,p131282,p131282
3.1197290351976568,22.64024410268689,0.0182470008522599,PC24,p131282,p131282
1.7616998913888675,5.822326309337062,0.7467765338029654,PC25,p131282,p131282
4.084182131500892,59.39334193803246,0.0060075095026705,PC26,p131282,p131282
-2.733075613287264,0.0650190085058185,0.2052174158105665,PC27,p131282,p131282
3.0923991922792413,22.02986851356611,0.0035478475070464,PC28,p131282,p131282
2.4907786340942555,12.070671098402745,0.5181821989058836,PC29,p131282,p131282
2.9017953956643523,18.20680446046498,0.2696178998465774,PC30,p131282,p131282
-3.668726481194236,0.0255089353785437,0.0707837829886958,PC31,p131282,p131282
2.0951762612169755,8.126873296554583,0.6877696261024129,PC32,p131282,p131282
2.5715585680884074,13.08620429552699,0.4310459957086065,PC33,p131282,p131282
1.852692000238277,6.37696322334214,3.0612689250505805e-43,PC1,p131304,p131304
2.776132667992922,16.056803727261816,0.0580658715343163,PC2,p131304,p131304
-2.4896651041572246,0.0829377374282154,0.3072186559886034,PC3,p131304,p131304
-3.9661384164246014,0.0189464553745564,2.1970224471498047e-25,PC4,p131304,p131304
3.104105097689633,22.28926333417882,1.865480878668745e-07,PC5,p131304,p131304
-4.077611990981065,0.0169478890797155,3.935661399262906e-18,PC6,p131304,p131304
4.404020306045675,81.77898520720488,7.172512346983155e-13,PC7,p131304,p131304
3.981895773292659,53.6185866214255,0.0015443555544368,PC8,p131304,p131304
-1.9922340207423064,0.1363903858889157,0.0396168528441583,PC9,p131304,p131304
2.057645700717732,7.827519776198316,0.6729807758289165,PC10,p131304,p131304
-3.303829280709036,0.0367422014711338,4.27235765515333e-07,PC11,p131304,p131304
-2.4384660395496813,0.0872946553596465,0.6171781512209512,PC12,p131304,p131304
2.981374466168928,19.71489548789456,0.3289379578950016,PC13,p131304,p131304
0.9543158193495702,2.596893230874118,0.8706255414549824,PC14,p131304,p131304
-4.133129734982198,0.0160326223598505,0.0001841984386556069,PC15,p131304,p131304
0.8479093265170123,2.3347605239311084,0.9451610124615804,PC16,p131304,p131304
-4.461735023102747,0.0115423197131028,4.2981388020110935e-11,PC17,p131304,p131304
2.6961861993351004,14.82309147010069,0.4617967483675463,PC18,p131304,p131304
-3.6862041234259446,0.0250669728144667,6.3303405382542425e-06,PC19,p131304,p131304
-2.9926756458253583,0.0501530651989236,0.0609549640869923,PC20,p131304,p131304
-4.05260407448784,0.017377064499272,0.0006570657687138632,PC21,p131304,p131304
-0.1456814008952676,0.8644330669182152,0.9959132829323012,PC22,p131304,p131304
-3.5755144126598517,0.0280010179906232,0.0002867273298466164,PC23,p131304,p131304
3.8419380227130056,46.615729295718,0.03489979951486,PC24,p131304,p131304
-0.4931100671324954,0.6107240447220081,0.9844749199599312,PC25,p131304,p131304
0.9500600398501536,2.585864909596888,0.9647080098199502,PC26,p131304,p131304
-4.571444564988568,0.01034300777378,2.90892098736404e-05,PC27,p131304,p131304
2.282164069658146,9.797860736546111,0.7845188183398448,PC28,p131304,p131304
-4.78104473274042,0.0083872319728621,0.0032937051687716,PC29,p131304,p131304
-3.951495943602048,0.0192259193612583,1.142803310084278e-05,PC30,p131304,p131304
4.881962926169435,131.88929891836358,0.0022334790387365,PC31,p131304,p131304
-3.7528720733740064,0.0234502980681808,2.1724283100727276e-08,PC32,p131304,p131304
4.642928111192944,103.84798126605622,0.0512351449726514,PC33,p131304,p131304
1.5790480093616848,4.850336138047411,2.937378296e-315,PC1,p131306,p131306
-0.6733993039599917,0.5099720779093087,0.0272126023582209,PC2,p131306,p131306
-1.781975659470987,0.1683053046159076,5.0103460020165074e-49,PC3,p131306,p131306
-1.824970943524572,0.1612223286143489,1.2874757787928443e-05,PC4,p131306,p131306
-0.6376137053372254,0.5285522016427385,0.2434475667157869,PC5,p131306,p131306
0.7434137642015652,2.1031027708236034,0.0681301971784843,PC6,p131306,p131306
0.1583595706416943,1.171587387407558,0.8129897703817384,PC7,p131306,p131306
-0.8530194088101981,0.4261263379126739,0.1789661611986984,PC8,p131306,p131306
1.6813504304151612,5.372806675783778,7.36351097959434e-05,PC9,p131306,p131306
0.8110075584075723,2.2501740266600128,0.2003158864032743,PC10,p131306,p131306
0.8134164514592295,2.255600989099628,0.1889351315200461,PC11,p131306,p131306
-0.7687392022149027,0.4635972023222808,0.3084563508493935,PC12,p131306,p131306
-1.7153678038716793,0.1798975415310978,0.00032945499855094123,PC13,p131306,p131306
-1.809182915287729,0.1637879107408627,4.100020054240925e-06,PC14,p131306,p131306
-0.2344354924696782,0.7910172588154228,0.7859013222046891,PC15,p131306,p131306
2.726486283128281,15.2791061368238,5.8890265384057345e-28,PC16,p131306,p131306
0.9212916245204728,2.512533544951319,0.1513015743946134,PC17,p131306,p131306
-0.8807596234998937,0.4144679524748662,0.2761712454442692,PC18,p131306,p131306
-1.3543893472170778,0.258104858788684,0.0649091795873998,PC19,p131306,p131306
1.2919234919413265,3.6397809160587102,0.0206865130131246,PC20,p131306,p131306
0.5560815251275119,1.7438259568583512,0.5572399960648576,PC21,p131306,p131306
1.6684940136932715,5.304173766181048,0.0075723880894171,PC22,p131306,p131306
-2.0206843938277808,0.1325647075590856,2.098040157519876e-05,PC23,p131306,p131306
2.896924612533668,18.11833868813169,5.679685065935431e-31,PC24,p131306,p131306
1.5539032249623754,4.729896047371181,0.0092018794087284,PC25,p131306,p131306
0.5534785359785834,1.7392926993846458,0.5557064642808819,PC26,p131306,p131306
-0.6805000275478168,0.5063637332367621,0.4986481552449365,PC27,p131306,p131306
1.699375999477622,5.470532711187311,0.0032783110297014,PC28,p131306,p131306
-1.2899114297126602,0.2752951649818465,0.1869284102216035,PC29,p131306,p131306
0.9542223167472093,2.596650425950601,0.2723435193761773,PC30,p131306,p131306
0.77618230152936,2.173159939239974,0.4317525780967981,PC31,p131306,p131306
-0.2149908860335447,0.806548791002455,0.8499062177931649,PC32,p131306,p131306
-0.0448147673501467,0.9561745801816048,0.9691908128605404,PC33,p131306,p131306
1.4602749514189328,4.307143620803883,6.207415907959179e-47,PC1,p131310,p131310
2.7685691133354555,15.935815342561703,1.962363256127535e-08,PC2,p131310,p131310
-2.260426081661264,0.1043060323977066,3.4235055821093263e-09,PC3,p131310,p131310
3.518315515388789,33.72756701856372,1.0349270591157276e-05,PC4,p131310,p131310
3.7644445152860726,43.139735739192574,8.233876088804908e-20,PC5,p131310,p131310
-1.7444128005367765,0.1747475705255574,0.9020351450349058,PC6,p131310,p131310
4.582997870788042,97.807168391179,2.24936054171854e-20,PC7,p131310,p131310
3.217004638482044,24.95326407979142,0.0214413717110036,PC8,p131310,p131310
3.1269979918161366,22.80541463635402,0.0495452525895521,PC9,p131310,p131310
-2.511631587548776,0.081135751106022,0.5005868378425,PC10,p131310,p131310
-3.522089187466831,0.0295376609503433,1.3605257047807816e-08,PC11,p131310,p131310
-3.3892364541159115,0.0337344248496968,0.1657908117903397,PC12,p131310,p131310
4.0329905024295325,56.42941146347703,5.2777011713937135e-11,PC13,p131310,p131310
4.226654974873725,68.48775532250536,6.592049978118633e-05,PC14,p131310,p131310
3.986031921297228,53.84082031037617,0.0434158759503853,PC15,p131310,p131310
2.942085893599061,18.955343934596392,0.0431596290809175,PC16,p131310,p131310
-3.416726825188841,0.0328196838835933,0.0775612510603976,PC17,p131310,p131310
-2.615589560104165,0.0731246646002293,0.0007120718881828389,PC18,p131310,p131310
-2.966813233388618,0.0514670627901894,0.1608270091177973,PC19,p131310,p131310
-3.5020270867534458,0.030136232706237,0.2438056545810605,PC20,p131310,p131310
3.954339546468361,52.16123249537527,0.0065094006489736,PC21,p131310,p131310
-1.957719153623329,0.1411800640098239,0.7854847169391547,PC22,p131310,p131310
-3.3292517680735,0.035819896633518,0.0257528641320014,PC23,p131310,p131310
-4.205467914196007,0.0149138060546018,0.1326374183633066,PC24,p131310,p131310
1.9821788599132817,7.258541112216412,0.200114628335262,PC25,p131310,p131310
-1.994450512913988,0.1360884124508099,0.9458181569015808,PC26,p131310,p131310
2.701740317236459,14.905649724696934,0.7657552272315438,PC27,p131310,p131310
-4.573800943404143,0.0103186644258435,0.3948558934108134,PC28,p131310,p131310
-2.7002310546825448,0.0671899863851259,0.5034284791834647,PC29,p131310,p131310
3.963397163339437,52.63583509438334,0.5972729146671527,PC30,p131310,p131310
4.27335960816702,71.76232437393007,0.0146644522760517,PC31,p131310,p131310
-4.425647822081899,0.0119664566543964,0.1436184788644725,PC32,p131310,p131310
4.062989149681606,58.14786423141248,0.0113567541198913,PC33,p131310,p131310
1.600560525514589,4.9558095036827625,6.040923000615481e-89,PC1,p131322,p131322
-0.7406683191151693,0.4767951576990156,0.8397742104407194,PC2,p131322,p131322
3.3838409748846003,29.483800439918397,3.429474520059474e-09,PC3,p131322,p131322
-2.9617258036298164,0.0517295650216864,2.113844908097142e-05,PC4,p131322,p131322
3.559541525847932,35.147079423173274,1.0204136156129304e-14,PC5,p131322,p131322
2.883647436871644,17.879368259378484,1.7724949064395773e-12,PC6,p131322,p131322
2.6508703390699657,14.166362820534298,2.3578946633702588e-05,PC7,p131322,p131322
4.042380068480187,56.961754473423525,1.1513851220280868e-14,PC8,p131322,p131322
2.241403506653852,9.40652414637355,0.2675072565074095,PC9,p131322,p131322
-1.061517859202496,0.3459303380874155,0.8873730291227162,PC10,p131322,p131322
-1.2476508039207397,0.2871786439952893,0.8865287326552415,PC11,p131322,p131322
-3.89386785541657,0.0203664191328473,3.642497593392754e-09,PC12,p131322,p131322
3.2614985922692727,26.08860404286437,4.259176013305818e-05,PC13,p131322,p131322
2.219083341160608,9.198894751766836,0.3485266016275655,PC14,p131322,p131322
3.547707429447783,34.73359691853629,0.0001476547139129272,PC15,p131322,p131322
-1.7221523946506303,0.1786811413842526,0.660031423166638,PC16,p131322,p131322
-3.000905825231683,0.0497419904045853,0.0300938051404012,PC17,p131322,p131322
2.669946142151277,14.43919150806893,0.0097181296727048,PC18,p131322,p131322
2.868593951434187,17.612237121474696,0.4038205909953406,PC19,p131322,p131322
2.8333492696599043,17.002310892313858,0.1808270910242564,PC20,p131322,p131322
-2.3348398258623937,0.0968259903039494,0.5075199850581786,PC21,p131322,p131322
3.394614298056573,29.803156122568296,4.501439448712538e-06,PC22,p131322,p131322
-2.150595169752509,0.1164148505529702,0.516863720366331,PC23,p131322,p131322
2.882293535908929,17.855177744954958,0.088722360182369,PC24,p131322,p131322
-3.834650910633224,0.0216088805841032,3.3558764130993954e-09,PC25,p131322,p131322
1.9764233824306647,7.2168847334540995,0.6202441592377465,PC26,p131322,p131322
-4.59729681386214,0.0100790444862567,9.790066827118577e-05,PC27,p131322,p131322
3.1535564797942555,23.41920658189004,0.2526288639112189,PC28,p131322,p131322
3.5194827919903697,33.76695940480532,0.1226273156890643,PC29,p131322,p131322
-2.3540633492673333,0.0949824302457725,0.7085736086898082,PC30,p131322,p131322
2.369956470969647,10.696926647132056,0.7560454148620454,PC31,p131322,p131322
-4.50472935665478,0.0110565821723464,3.798973536462827e-05,PC32,p131322,p131322
2.20724399476732,9.090628018686989,0.4612649260677052,PC33,p131322,p131322
1.6488302708087863,5.200892631757101,4.842585743962639e-74,PC1,p131324,p131324
-2.516813132018755,0.0807164299074548,0.0279581759511922,PC2,p131324,p131324
3.549273035529396,34.788018639480704,1.993503665229465e-13,PC3,p131324,p131324
-3.174613555182922,0.0418102583209872,2.4824717934517686e-20,PC4,p131324,p131324
-0.8995977805697171,0.4067332228494354,0.8533656404321298,PC5,p131324,p131324
2.895114577416908,18.08557352084603,0.0095028484397358,PC6,p131324,p131324
4.001318681816641,54.67019511264327,2.8485982432892862e-24,PC7,p131324,p131324
3.1299025744800577,22.87175114164405,2.3758006943794927e-16,PC8,p131324,p131324
2.514799913903728,12.364134640166109,0.000939829230961769,PC9,p131324,p131324
-3.1783127778683467,0.0416558785834839,0.0189439092360659,PC10,p131324,p131324
2.004442960429003,7.421958420518281,0.6144153053915465,PC11,p131324,p131324
-1.2689733547441755,0.2811200842795565,0.8254003349689302,PC12,p131324,p131324
3.7155511498263736,41.08122275478536,7.517672848910076e-11,PC13,p131324,p131324
2.912796675625814,18.40820843298976,0.1009836510941518,PC14,p131324,p131324
2.645957470907247,14.096936029629058,2.15981643491666e-05,PC15,p131324,p131324
2.832840011843969,16.99365453694838,0.0464874031236239,PC16,p131324,p131324
2.3379602149500127,10.360082653639193,0.4902837430874343,PC17,p131324,p131324
-0.026250160121828,0.9740913803084764,0.9983476683683352,PC18,p131324,p131324
-2.714659485319267,0.0662275006041854,0.0133908148400125,PC19,p131324,p131324
-3.359182587715168,0.034763663579684,0.0132380874329288,PC20,p131324,p131324
2.2209386990121502,9.215977836086845,0.0854154039913638,PC21,p131324,p131324
3.845161874408241,46.766253997921126,2.0988907563555e-07,PC22,p131324,p131324
-2.3406220041517583,0.0962677406697814,0.6223197052377218,PC23,p131324,p131324
0.4317773640158345,1.5399922193087126,0.9732255931310452,PC24,p131324,p131324
2.8083788669299827,16.583013145316492,0.0233803775106482,PC25,p131324,p131324
3.7036907402813406,40.59686067252823,0.1426503620639174,PC26,p131324,p131324
0.1333576420710354,1.1426585880460185,0.9921260939720692,PC27,p131324,p131324
1.3196755880446025,3.742207163575354,0.8705129111900138,PC28,p131324,p131324
-1.5900837759670603,0.203908528384479,0.865446173261562,PC29,p131324,p131324
3.2249818276557742,25.153117060563552,0.1166620406373078,PC30,p131324,p131324
4.1360953269097775,62.558075100499565,0.00018789821061274503,PC31,p131324,p131324
2.874750129755819,17.720995618706777,0.1285302002443107,PC32,p131324,p131324
3.5602694842969003,35.17267435148782,0.0136630258094317,PC33,p131324,p131324
1.825874553859116,6.208222070204466,1.054610209856371e-84,PC1,p131342,p131342
-1.651439448711702,0.1917736614966899,4.07469336596829e-05,PC2,p131342,p131342
1.775814326557123,5.905087848794,1.2197701473780548e-05,PC3,p131342,p131342
4.136732544064451,62.59795088253384,4.150412602983596e-44,PC4,p131342,p131342
1.8283934259071315,6.223879498495714,1.1672705913526797e-05,PC5,p131342,p131342
1.26544594912388,3.5446731275713783,0.5810904103771104,PC6,p131342,p131342
3.382919545038673,29.456645698737454,4.578694858984862e-20,PC7,p131342,p131342
1.998564134440059,7.378454021158427,0.073421820645192,PC8,p131342,p131342
-2.7207167149735745,0.0658275579187672,0.0050126270859329,PC9,p131342,p131342
-3.761881139188848,0.0232399815895019,1.4014630937751754e-13,PC10,p131342,p131342
1.3352173865849752,3.800822104355554,0.6186182355142984,PC11,p131342,p131342
-3.4975774701940705,0.0302706261642631,2.7596164298049827e-09,PC12,p131342,p131342
1.7802958816296286,5.931611213764768,0.4151925834479762,PC13,p131342,p131342
2.088442430249501,8.072332147017228,1.9454576607913248e-09,PC14,p131342,p131342
-1.111056662819604,0.3292109122916422,0.8062978658996743,PC15,p131342,p131342
-0.7783857547039525,0.4591465886285675,0.8841018108145177,PC16,p131342,p131342
1.3132007808275588,3.718055367114493,0.758269303180381,PC17,p131342,p131342
-1.7103088166792164,0.1808099468671555,0.4945659496755755,PC18,p131342,p131342
3.1736480617470697,23.89449414144108,2.205917288588369e-09,PC19,p131342,p131342
-2.1821083929334524,0.1128034457525055,0.2994187600169021,PC20,p131342,p131342
-0.6456173946070277,0.5243387182564223,0.9125983856960016,PC21,p131342,p131342
-1.762361179248965,0.1716391142729196,0.4035796194702902,PC22,p131342,p131342
-2.123691738239613,0.1195893201042973,0.294099384414724,PC23,p131342,p131342
2.150510901249014,8.589245532656689,0.14930437157501,PC24,p131342,p131342
1.5701438774251189,4.8073398116936605,0.6306756306302396,PC25,p131342,p131342
3.3208917402763536,27.685027408202966,0.0005983487139737825,PC26,p131342,p131342
2.5910623981197483,13.343940652736771,0.0426143421531892,PC27,p131342,p131342
1.5549329439649946,4.734769019677088,0.693394553919712,PC28,p131342,p131342
1.9607856910554775,7.104907134749968,0.570842080126449,PC29,p131342,p131342
-3.090387656796055,0.0454843186812876,0.0220422062248528,PC30,p131342,p131342
3.4132189466913805,30.36282343409697,0.0012895394420814,PC31,p131342,p131342
0.9734715508900852,2.6471181320125923,0.8664509651377249,PC32,p131342,p131342
1.866175674306008,6.463530427412456,0.5321246077795856,PC33,p131342,p131342
1.8444980040611112,6.32492390721333,2.0176095704013852e-57,PC1,p131344,p131344
1.2655656741452652,3.5450975390432093,0.7645299346272929,PC2,p131344,p131344
2.739894100584101,15.48534512050198,4.751248784409168e-05,PC3,p131344,p131344
3.127969765346983,22.8275871062224,1.009243523660524e-11,PC4,p131344,p131344
3.0997612039325686,22.19265113082334,7.860690260058378e-16,PC5,p131344,p131344
-3.0615917901854965,0.046813119217338,1.5689476582065829e-06,PC6,p131344,p131344
2.2651744310990454,9.63280471528732,0.0453292257746313,PC7,p131344,p131344
3.9563636648375167,52.266919930082,1.8168644744123132e-26,PC8,p131344,p131344
-1.1547020819739746,0.3151514122057701,0.8818846034601693,PC9,p131344,p131344
2.746340956051682,15.585499395543646,0.0078061995118532,PC10,p131344,p131344
2.789782490173528,16.27747890510042,0.0003444143945023664,PC11,p131344,p131344
0.598583568181262,1.8195397203208483,0.9495184087994352,PC12,p131344,p131344
-1.6095892360197834,0.1999697375726306,0.7438096824327874,PC13,p131344,p131344
-3.070983408329347,0.0463755263464926,0.1217138594004038,PC14,p131344,p131344
-4.16470528234039,0.0155342924558453,6.870713546700062e-07,PC15,p131344,p131344
2.1747569771275805,8.80004624978363,0.5764758073097073,PC16,p131344,p131344
-2.765386791836837,0.0629517454171259,0.0009056973111138,PC17,p131344,p131344
-3.1714710998315763,0.041941851846087,0.0342902162500089,PC18,p131344,p131344
-2.713761850772121,0.0662869753860148,0.0168382758082276,PC19,p131344,p131344
2.278718374610343,9.764158393670238,0.4358221064607341,PC20,p131344,p131344
4.28544089396704,72.63456380214548,1.8639363888290603e-05,PC21,p131344,p131344
3.011181004244425,20.3113735843711,0.0108242305476542,PC22,p131344,p131344
-1.2393802446555835,0.2895636209419507,0.8696155801690475,PC23,p131344,p131344
3.934045561107793,51.11334210669007,1.8989835246626638e-05,PC24,p131344,p131344
2.559033938451675,12.923326554231922,0.3906534094625786,PC25,p131344,p131344
3.708110972789113,40.77670542076374,5.306718562615268e-06,PC26,p131344,p131344
1.538664482813489,4.658364788557897,0.8016059294070773,PC27,p131344,p131344
2.575459511648688,13.137352538244414,0.5678148561745332,PC28,p131344,p131344
2.14776324044921,8.565677592586708,0.6668620943808782,PC29,p131344,p131344
-5.403424493903181,0.0045011403918369,1.8026319513212497e-11,PC30,p131344,p131344
3.235014629851943,25.406743473024797,0.1814383134960343,PC31,p131344,p131344
-1.025145449434624,0.3587442824579954,0.927219236635593,PC32,p131344,p131344
-1.6896118989104667,0.1845911501194809,0.8445235613462456,PC33,p131344,p131344
2.1004999728277003,8.170253796460734,3.992396012729101e-136,PC1,p131346,p131346
-1.9630232768751263,0.1404332100034508,0.00021520521362364495,PC2,p131346,p131346
0.2026065196990791,1.2245905211885983,0.9929663234753572,PC3,p131346,p131346
-4.380830303036422,0.012514963094095,2.1803452895693121e-23,PC4,p131346,p131346
3.964748519555056,52.70701293978243,1.7760792726821752e-18,PC5,p131346,p131346
2.1637644003727288,8.703840807551371,0.2079738839573574,PC6,p131346,p131346
-2.236327759091172,0.106850164348869,0.3868610428607754,PC7,p131346,p131346
3.640515964396798,38.1114958282204,0.0074496138945685,PC8,p131346,p131346
-2.9448889132854448,0.0526079035308511,0.5329597085838904,PC9,p131346,p131346
3.8962420845575783,49.217147271523054,1.321828486154844e-25,PC10,p131346,p131346
-2.5799572527784496,0.075777243220216,0.0517846237085241,PC11,p131346,p131346
-2.1261977465829784,0.1192900034719717,0.5947319812776877,PC12,p131346,p131346
-2.519225515490035,0.080521945605761,0.6797322350114386,PC13,p131346,p131346
-0.2736467939184653,0.7606006766068721,0.9934337966236336,PC14,p131346,p131346
-4.254859069359263,0.0141950911279047,1.0078806899597095e-05,PC15,p131346,p131346
2.1494542545131945,8.580174527669346,0.4043547261516605,PC16,p131346,p131346
-2.3426829884527103,0.0960695386833219,0.7405906684590285,PC17,p131346,p131346
-0.4089736555544092,0.6643317335428943,0.9918644575399396,PC18,p131346,p131346
3.514495502701086,33.598973056286724,0.0153466225717498,PC19,p131346,p131346
3.0479462473304397,21.072023228300324,0.1780383732992477,PC20,p131346,p131346
3.770152284509564,43.38667145077978,0.1726468891256258,PC21,p131346,p131346
-2.6856403078787165,0.0681775254104686,0.5241909022792132,PC22,p131346,p131346
-4.217160619274947,0.014740438859757,0.0507859950065622,PC23,p131346,p131346
3.207061655265532,24.706383592062217,0.579543261578524,PC24,p131346,p131346
1.2311414235671676,3.425136837829897,0.953342982783257,PC25,p131346,p131346
3.6659272041469255,39.09236596812982,0.1309346402511771,PC26,p131346,p131346
3.270087170651286,26.313633019821843,0.0312583418421215,PC27,p131346,p131346
3.830971928152605,46.10732947531287,0.4464762536550917,PC28,p131346,p131346
-6.179048763704988,0.0020723982577727,0.0937036598007855,PC29,p131346,p131346
4.35385032927392,77.77735556744753,0.191203783524609,PC30,p131346,p131346
2.540836533647865,12.690282380026446,0.7824045318587104,PC31,p131346,p131346
3.1010342141391014,22.22092059206156,0.2223698850441949,PC32,p131346,p131346
-4.666729514905128,0.0094029715727247,0.0151621766950984,PC33,p131346,p131346
1.5179336927358928,4.562787327133928,6.6535787953667835e-127,PC1,p131350,p131350
0.0838510631085891,1.0874669178047742,0.9018211424674952,PC2,p131350,p131350
0.6962971830552988,2.0063099379332874,0.270247069687778,PC3,p131350,p131350
2.854888304385864,17.372496667599005,7.041705667578395e-32,PC4,p131350,p131350
1.8051672263555265,6.080988265004266,0.00011220155284704828,PC5,p131350,p131350
-2.083080629081454,0.1245459407565245,1.1386533690511647e-06,PC6,p131350,p131350
1.8113354370392896,6.118613001146298,4.191348631383132e-06,PC7,p131350,p131350
-0.8514050386062946,0.4268148191579767,0.3451682037719661,PC8,p131350,p131350
1.86360455160349,6.446933243433593,6.277572151724613e-10,PC9,p131350,p131350
-0.1517261734486699,0.859223526746503,0.8988885948578743,PC10,p131350,p131350
2.059927799577704,7.845403348434459,6.978825391098103e-07,PC11,p131350,p131350
1.5151830063225291,4.550253775863399,0.0189261883562346,PC12,p131350,p131350
0.193354827329939,1.2133132338437522,0.8813034541323449,PC13,p131350,p131350
-1.1870111894420468,0.3051318839499816,0.2147107691715415,PC14,p131350,p131350
0.8203350329036172,2.271260657128319,0.4302166568432145,PC15,p131350,p131350
2.480328730489705,11.9451905208284,2.6556720468258332e-14,PC16,p131350,p131350
0.1225865476210491,1.1304169507383244,0.92812404266492,PC17,p131350,p131350
2.148266677764242,8.569990959979293,7.125559541839531e-08,PC18,p131350,p131350
0.7476293240499811,2.111987239769548,0.4996163439075982,PC19,p131350,p131350
0.9404199296865824,2.561056656270293,0.3477842085196589,PC20,p131350,p131350
0.2584634638412596,1.294938836897655,0.8497396242085812,PC21,p131350,p131350
-0.5532990881491301,0.5750495384043395,0.6954480000883442,PC22,p131350,p131350
1.6767438217655397,5.348113178385774,0.0600706029438589,PC23,p131350,p131350
1.8860412600030605,6.593216121237616,0.0073144521775487,PC24,p131350,p131350
3.21843524938618,24.98898803892764,3.077334585058112e-23,PC25,p131350,p131350
-1.3833777265225284,0.2507302230285625,0.156705852485335,PC26,p131350,p131350
-0.9162389889469974,0.4000206977063384,0.4977822940441909,PC27,p131350,p131350
0.9169357373475424,2.501613033835372,0.4012037354221375,PC28,p131350,p131350
1.462352616927583,4.316101727297621,0.1668032806825944,PC29,p131350,p131350
1.192823694476743,3.296376037136897,0.3175464988324113,PC30,p131350,p131350
0.4940695898059278,1.638972612611323,0.7275925366284278,PC31,p131350,p131350
0.757803511948707,2.1335846766743267,0.5698287656695893,PC32,p131350,p131350
-1.5020021661336065,0.2226838634275724,0.1645063554967112,PC33,p131350,p131350
1.564921214835738,4.782298146907718,6.953145065615609e-163,PC1,p131354,p131354
-0.3361434670848151,0.7145205882764465,0.8185639266108942,PC2,p131354,p131354
0.7802652604437029,2.182051000553638,0.5940433636169671,PC3,p131354,p131354
1.913839400223016,6.779066446552863,0.0001026942861211844,PC4,p131354,p131354
2.112343940928657,8.267597350839095,8.786839847586888e-06,PC5,p131354,p131354
3.24654220529198,25.70131621784741,3.051186071144821e-33,PC6,p131354,p131354
2.538123491408143,12.65589976972218,4.701307123812269e-15,PC7,p131354,p131354
-3.1443452343483886,0.0430951320232165,1.8280586408650564e-15,PC8,p131354,p131354
-2.114146678907911,0.1207362724160176,0.0302610015739773,PC9,p131354,p131354
-2.466626728582296,0.0848706684742499,1.3355525532882224e-06,PC10,p131354,p131354
1.35626102518459,3.881652733512815,0.3318851808978299,PC11,p131354,p131354
1.5753533854353632,4.83244903351022,0.163148047490157,PC12,p131354,p131354
0.0895636570911109,1.093696952663008,0.9754156597479235,PC13,p131354,p131354
-2.3747824853740647,0.0930347234230295,0.0009446410282343,PC14,p131354,p131354
2.15976185212694,8.66907289134279,0.0007362356043726442,PC15,p131354,p131354
0.695321937466459,2.004354246811048,0.8174091083292466,PC16,p131354,p131354
-1.9933989898947888,0.1362315878120499,0.1051478072099966,PC17,p131354,p131354
-1.9302704423003212,0.1451089495784596,0.2786055115632121,PC18,p131354,p131354
-0.3081768671963956,0.7347853470913189,0.9239280392337074,PC19,p131354,p131354
0.8677635204570617,2.3815785412558195,0.7675822050920018,PC20,p131354,p131354
-0.9498496518001716,0.3867991736424558,0.7124833448550499,PC21,p131354,p131354
-1.5963577600404713,0.2026332143582397,0.4361605416772578,PC22,p131354,p131354
-2.23838136561453,0.1066309613097728,0.0956673713658824,PC23,p131354,p131354
-0.2700066800283298,0.7633743949572367,0.937426352483794,PC24,p131354,p131354
-0.976203438847566,0.3767386986595923,0.7303224245617213,PC25,p131354,p131354
-1.199707795425193,0.3012822350985908,0.6386013819520345,PC26,p131354,p131354
0.92722393196938,2.527482964851199,0.7608149100437712,PC27,p131354,p131354
-3.11191094501672,0.0445158067499747,0.0006613018401640584,PC28,p131354,p131354
2.3661720805503403,10.656521802487966,0.037008735473668,PC29,p131354,p131354
1.193574791261808,3.2988528646329,0.5977743994151465,PC30,p131354,p131354
3.1900784338352355,24.29033255232229,0.0002876607954981096,PC31,p131354,p131354
-0.0515575769932253,0.949748964698202,0.9891001245356952,PC32,p131354,p131354
-3.105618895389867,0.0447967854542081,1.612573897819317e-05,PC33,p131354,p131354
1.6639540524512524,5.280147603053766,1.608078553204143e-107,PC1,p131366,p131366
0.2616432703969392,1.2990630455181835,0.9537294881994116,PC2,p131366,p131366
3.740950823423441,42.13803695582188,8.2369481030064e-26,PC3,p131366,p131366
2.5565852990249667,12.891720698770856,1.4415425785414586e-09,PC4,p131366,p131366
4.736244756952494,114.0052792978492,1.22403123159889e-58,PC5,p131366,p131366
2.405526628104162,11.08426603142293,0.0099986009127532,PC6,p131366,p131366
2.918930010522531,18.521459087232937,0.0110330092194979,PC7,p131366,p131366
1.5529621816017547,4.7254471037521215,0.6820032330106,PC8,p131366,p131366
-2.9765028522214587,0.0509707748726628,0.0157169999141093,PC9,p131366,p131366
0.0171657523833463,1.0173139305598482,0.9981529012527388,PC10,p131366,p131366
2.341901615974181,10.400996469934322,0.0390265755693053,PC11,p131366,p131366
-3.506072808859127,0.0300145561840586,2.3118378925416917e-07,PC12,p131366,p131366
-2.1272221938887426,0.119167859724909,0.1039929442905671,PC13,p131366,p131366
2.9026476524186267,18.222327946598504,0.0269514130735345,PC14,p131366,p131366
2.885233852200264,17.90775487377789,3.9622481056488165e-06,PC15,p131366,p131366
2.0854498505971213,8.048211160075526,0.4032506277831581,PC16,p131366,p131366
-3.566987770748488,0.028240793431133,2.756515188887847e-05,PC17,p131366,p131366
3.492262007173561,32.860193695958344,0.0006616716203452822,PC18,p131366,p131366
3.3481000013222824,28.448629902327564,5.148177702685295e-08,PC19,p131366,p131366
-0.5451361985566353,0.5797628151036807,0.9429806868867592,PC20,p131366,p131366
-2.918922727746146,0.0539918198719139,0.2056587538113907,PC21,p131366,p131366
2.948759481771914,19.082267139227092,0.1268367238559378,PC22,p131366,p131366
-0.0423953361944006,0.9584907795638516,0.9963434972850074,PC23,p131366,p131366
-4.1442213084655855,0.0158557779054363,2.516457584487017e-10,PC24,p131366,p131366
2.656814357483725,14.250818696976344,0.0281626812256951,PC25,p131366,p131366
2.4214043160504737,11.261663149811396,0.2925458273086915,PC26,p131366,p131366
-4.225185042362533,0.0146226286534819,6.309391505877968e-07,PC27,p131366,p131366
3.278817745132656,26.544371928760825,0.0406874188003362,PC28,p131366,p131366
2.655962803485255,14.238688520816478,0.398419591260121,PC29,p131366,p131366
2.9179486733880635,18.50329220702113,0.1270987709430415,PC30,p131366,p131366
3.768074306731243,43.296608518423376,0.0036251472278134,PC31,p131366,p131366
3.40683242517847,30.16952850715053,0.0010631338839167,PC32,p131366,p131366
2.947812632736026,19.064207664131285,0.2464661430393938,PC33,p131366,p131366
1.8833137478819937,6.575257546598431,3.5963890678427006e-61,PC1,p131370,p131370
-2.3747755436443527,0.0930353692471749,0.3092061834718395,PC2,p131370,p131370
5.029705452907051,152.88797335473842,1.5715550098747144e-34,PC3,p131370,p131370
-3.175667410030469,0.041766219586871,5.202747701300546e-15,PC4,p131370,p131370
2.152910491768101,8.609880953181069,0.7202380991306618,PC5,p131370,p131370
-2.261712920467549,0.1041718936734561,0.0782880558041455,PC6,p131370,p131370
2.884720786915416,17.898569383002304,1.1541476836728434e-08,PC7,p131370,p131370
-2.993916234506158,0.0500908844522706,0.0113369757568682,PC8,p131370,p131370
-3.2350749105627794,0.0393572565554369,0.0058963428557127,PC9,p131370,p131370
3.5398883540096846,34.4630713123353,5.414188725154406e-05,PC10,p131370,p131370
3.915094636964795,50.15381769153045,0.0010160864778992,PC11,p131370,p131370
-2.842041976246702,0.0583064838673217,0.0367184141264409,PC12,p131370,p131370
3.4266265669166502,30.7726579530118,7.071338928497189e-06,PC13,p131370,p131370
-2.8876940755199323,0.0557045150316473,0.5468919505024036,PC14,p131370,p131370
3.353853388836882,28.612777644405984,0.2649760327387901,PC15,p131370,p131370
3.2878328273328337,26.78475352556162,0.0480398986620828,PC16,p131370,p131370
2.654107223824393,14.212291997999326,0.7240630469923174,PC17,p131370,p131370
-2.922212193638923,0.0538145074134838,0.2854356412821134,PC18,p131370,p131370
3.77602121006422,43.64205327099754,0.0122657636890096,PC19,p131370,p131370
3.657528489622504,38.765415251027136,0.0989620549330084,PC20,p131370,p131370
3.956643025879393,52.28152331100222,0.1137942225950682,PC21,p131370,p131370
2.9570776168278146,19.241658012832264,0.146803397804991,PC22,p131370,p131370
3.867607585258377,47.82782510293928,0.1986767644684344,PC23,p131370,p131370
-3.359041479081137,0.0347685693788828,0.0756435996216637,PC24,p131370,p131370
4.470568489831566,87.40639854087131,0.0045106548462397,PC25,p131370,p131370
2.5231278984526275,12.467532914424064,0.6243080137294861,PC26,p131370,p131370
-4.333030039282977,0.0131277096894544,0.0217225826173266,PC27,p131370,p131370
-4.247971080378478,0.0142932042723944,0.0424587231976149,PC28,p131370,p131370
-2.635639025033414,0.0716731538319773,0.8744431454096244,PC29,p131370,p131370
-2.7731741146137234,0.0624634236834215,0.860801956233827,PC30,p131370,p131370
2.244711742676784,9.437694679717165,0.6801837156778181,PC31,p131370,p131370
4.245438368607728,69.78634558271675,0.1107644979121189,PC32,p131370,p131370
6.250044738745078,518.0360004304756,3.173070324169791e-07,PC33,p131370,p131370
1.580152692563524,4.855697183485621,2.728059402189857e-251,PC1,p131374,p131374
0.8810602605909471,2.413457243953191,0.6709704809146727,PC2,p131374,p131374
3.286976658023631,26.761831055796254,1.6087198167901775e-26,PC3,p131374,p131374
-1.2838825969779737,0.2769598866060253,0.7026920319330725,PC4,p131374,p131374
4.195130246767328,66.36237449917705,2.2287466829833986e-59,PC5,p131374,p131374
-2.525179259085972,0.0800439628929587,0.0573961710777568,PC6,p131374,p131374
2.073478774153608,7.952439795925613,0.088769187123943,PC7,p131374,p131374
1.6985414329386854,5.46596909222312,0.3136610778308856,PC8,p131374,p131374
0.966506698909908,2.6287454019920338,0.8050784421519643,PC9,p131374,p131374
3.870873586679411,47.98428620971117,2.902971768118452e-13,PC10,p131374,p131374
1.7204762314697972,5.587188625850772,0.247973899050493,PC11,p131374,p131374
2.244036286991029,9.431322087629402,0.0466577759415005,PC12,p131374,p131374
-1.5445678872483466,0.2134040659203673,0.6170158258606678,PC13,p131374,p131374
-1.9439424167929291,0.1431385242168529,0.4193969132783461,PC14,p131374,p131374
2.9982556759819787,20.050531777751416,0.00010470517562129007,PC15,p131374,p131374
-2.169937204997005,0.1141847869197503,0.2488063988874983,PC16,p131374,p131374
2.7004371395377067,14.886237665818651,0.000775749254523728,PC17,p131374,p131374
-2.9040406390830538,0.0548013396541667,0.0225549743044013,PC18,p131374,p131374
2.8095841952568854,16.603013171683738,0.1096822218043591,PC19,p131374,p131374
-0.6052649596376087,0.5459297581240247,0.9258371342896708,PC20,p131374,p131374
2.192503283997854,8.957608510028635,0.3346083509891112,PC21,p131374,p131374
3.4926633930652558,32.87338596152376,1.99631704419979e-06,PC22,p131374,p131374
2.260102698166365,9.584073382987652,0.220997478605343,PC23,p131374,p131374
0.7145124102294749,2.043190200700093,0.9109743033492956,PC24,p131374,p131374
-1.054337806845131,0.348423074306141,0.8493479856168498,PC25,p131374,p131374
-0.9253527969463244,0.3963915486755972,0.8850124340434771,PC26,p131374,p131374
-1.3868254756138778,0.2498672566305873,0.7797046284167126,PC27,p131374,p131374
2.000717858914191,7.394362303043821,0.4878100383421569,PC28,p131374,p131374
-2.0178405095156493,0.1329422428301239,0.3301837932228151,PC29,p131374,p131374
2.981430686022408,19.71600388758699,0.0856012356310419,PC30,p131374,p131374
2.9777049497859034,19.64268392769319,0.0540965615261112,PC31,p131374,p131374
1.1831710032932496,3.2647102133050945,0.8277175776946316,PC32,p131374,p131374
-3.0326853726368483,0.0481860666851771,9.366055341022594e-07,PC33,p131374,p131374
1.780495318284405,5.932794312435375,1.162041265906077e-146,PC1,p131378,p131378
4.4533454847356255,85.91388735098602,4.650604052178235e-31,PC2,p131378,p131378
-2.447520045212629,0.086507856272187,1.1984066986970762e-05,PC3,p131378,p131378
4.824339071787195,124.50415287662392,2.4493382410340203e-20,PC4,p131378,p131378
2.4048171288826325,11.07640454249233,0.0431129812628253,PC5,p131378,p131378
-4.160825711571582,0.0155946758979534,3.16605256825995e-06,PC6,p131378,p131378
-3.679640533459157,0.0252320432805446,2.271494995551799e-07,PC7,p131378,p131378
-2.2277909187152902,0.1077662317432156,0.1189615740411542,PC8,p131378,p131378
1.8057106407100167,6.084293659334981,0.5044399257568118,PC9,p131378,p131378
2.8178488314317462,16.740799628138294,0.001550360186087,PC10,p131378,p131378
1.89129451447425,6.627943098267294,0.5317600475979702,PC11,p131378,p131378
3.436897648112303,31.09035517548337,1.629146826358325e-08,PC12,p131378,p131378
-3.0253153261204946,0.0485425121344212,0.0006289220442747922,PC13,p131378,p131378
1.41190845224177,4.103779803215481,0.7399054101517689,PC14,p131378,p131378
-3.410396897061413,0.033028089022653,2.398681004867959e-06,PC15,p131378,p131378
3.2008710519148664,24.55390861401785,0.0444965911692341,PC16,p131378,p131378
-1.4798636124239348,0.227668737453658,0.9093787567829806,PC17,p131378,p131378
-3.7608916525438647,0.0232629886216127,0.0929538062492572,PC18,p131378,p131378
-4.470658467636114,0.0114397806446146,0.0003006018225109297,PC19,p131378,p131378
3.097415589592415,22.14065673332607,0.0087206369387169,PC20,p131378,p131378
-2.842929286945107,0.058254770846551,0.5484882170870298,PC21,p131378,p131378
3.3123609480027856,27.44985671267088,0.2097251120707402,PC22,p131378,p131378
-3.896928412617204,0.0203041818311116,1.339363058545594e-06,PC23,p131378,p131378
-2.069980817907185,0.1261882022356306,0.825822327290516,PC24,p131378,p131378
2.4139774308430613,11.17833389179696,0.0845072125524576,PC25,p131378,p131378
-3.003931137230874,0.0495917327668707,0.7476733880454987,PC26,p131378,p131378
3.617881186194985,37.258540219859206,0.4292724232369613,PC27,p131378,p131378
-2.8068261681473228,0.0603963764646967,0.5888164433448866,PC28,p131378,p131378
4.093070628440248,59.92361263963909,0.0627165053448757,PC29,p131378,p131378
-3.692147282935725,0.0249184376179883,0.1299875019366635,PC30,p131378,p131378
-3.5573160606460816,0.0285152553166841,0.0142193181178215,PC31,p131378,p131378
3.211494129479434,24.81613706026944,0.4919697166364141,PC32,p131378,p131378
3.4366455095468944,31.08251708611521,0.0738216978564109,PC33,p131378,p131378
1.8786236451033087,6.544491118161882,3.92626320079535e-87,PC1,p131380,p131380
3.063727427564754,21.407202430251555,0.0069433331545905,PC2,p131380,p131380
-3.610646417876136,0.027034365719625,4.0777286233876635e-19,PC3,p131380,p131380
1.208685835414467,3.3490805162943023,0.853401251539637,PC4,p131380,p131380
-2.5239429066482177,0.0801429866431227,4.734971658531016e-05,PC5,p131380,p131380
3.4177179071985546,30.499732320522888,9.233244489020198e-06,PC6,p131380,p131380
4.511396912458369,91.04891708366662,2.4841265324060616e-24,PC7,p131380,p131380
-2.0918662444405047,0.1234565206469469,0.1551622070097399,PC8,p131380,p131380
3.81748633187896,45.48971843128408,1.3728211499990516e-08,PC9,p131380,p131380
3.0708563695062234,21.560358404893563,0.1323678234588971,PC10,p131380,p131380
-3.445504593712076,0.0318886671613254,0.0042884994318161,PC11,p131380,p131380
-3.218375025087932,0.0400200370080566,0.0130528495377517,PC12,p131380,p131380
1.762464401717268,5.826779239874675,0.7522843410997497,PC13,p131380,p131380
-3.0421460835972978,0.0477323418996899,0.0369601746409861,PC14,p131380,p131380
3.5006900527424696,33.13831125328691,0.0365434432672518,PC15,p131380,p131380
-0.6516851057183627,0.5211668152169013,0.9797637660107632,PC16,p131380,p131380
-3.986885583130146,0.0185574197546193,6.56586997297303e-06,PC17,p131380,p131380
-3.0058929197369264,0.049494539939849,2.212742267466282e-08,PC18,p131380,p131380
-4.547779570007204,0.0105906941904911,0.0039236727495791,PC19,p131380,p131380
-2.7592869353484777,0.0633369155769197,0.5921214866453478,PC20,p131380,p131380
-3.0486926661610325,0.0474208788043009,0.6033920616325971,PC21,p131380,p131380
3.500101383645002,33.11880949411449,3.462712607581854e-06,PC22,p131380,p131380
-3.5887963420084765,0.0276315693743674,0.0482001770422933,PC23,p131380,p131380
-0.5908364398206287,0.5538638171782753,0.9853640023082946,PC24,p131380,p131380
-3.130044380062786,0.0437158570972164,0.2467318215691486,PC25,p131380,p131380
-4.378845067974536,0.0125398329156805,0.0029933388038394,PC26,p131380,p131380
3.668012320658896,39.173963146150136,0.005336971425428,PC27,p131380,p131380
3.948480127304423,51.85649164415229,1.1136552917848255e-06,PC28,p131380,p131380
-3.534989862804398,0.0291590525789185,0.4390995421549482,PC29,p131380,p131380
-0.5355326066649116,0.5853574418310457,0.9895171770003472,PC30,p131380,p131380
4.597452377970089,99.23118977919276,0.0321031671205178,PC31,p131380,p131380
-0.5429788139242074,0.5810149366596932,0.9879914460643944,PC32,p131380,p131380
2.88500753474762,17.903702494891615,0.6411060795676379,PC33,p131380,p131380
1.812760457804205,6.12733836716275,2.1223525917884869e-47,PC1,p131382,p131382
2.632779118742509,13.912380382798744,0.0371632331029308,PC2,p131382,p131382
4.210130186626569,67.36530930163468,1.854076484815794e-27,PC3,p131382,p131382
2.483857307021032,11.987414491207533,0.00013521902593646877,PC4,p131382,p131382
-3.4166735064927667,0.0328214338329956,1.0618068672735334e-06,PC5,p131382,p131382
0.0123053135316298,1.0123813354065008,0.9993591195674588,PC6,p131382,p131382
4.141018639772064,62.86682749494503,7.819671132247188e-24,PC7,p131382,p131382
-1.6053430778891575,0.2008206459670229,0.6287497025355101,PC8,p131382,p131382
-1.7794847307622217,0.1687250637089599,0.7896552525655577,PC9,p131382,p131382
1.5628063069976308,4.7721947147525015,0.8077200296925338,PC10,p131382,p131382
3.41128397590201,30.304129061930198,0.2811565641500004,PC11,p131382,p131382
1.9133269436823896,6.775593359592057,0.6127875376661266,PC12,p131382,p131382
-2.5663582697264395,0.0768147753681556,0.0230631813743277,PC13,p131382,p131382
2.719635519445102,15.174790320879142,0.370275107705712,PC14,p131382,p131382
3.2533129751026792,25.8759243625168,0.1279559984525943,PC15,p131382,p131382
2.6939504496599835,14.789987767747355,0.088684273659263,PC16,p131382,p131382
-3.2771099022492587,0.0377371634471515,2.5930203192337902e-11,PC17,p131382,p131382
2.9935919812652654,19.95723993007258,0.0009519021157076253,PC18,p131382,p131382
2.8377009124675943,17.076460094631667,0.0697661491909637,PC19,p131382,p131382
-2.608241620941376,0.0736639591121704,0.690135765533526,PC20,p131382,p131382
2.5590727540517406,12.923828190642563,0.4761165157536595,PC21,p131382,p131382
-1.6655560234757194,0.1890854927746287,0.8814036600745442,PC22,p131382,p131382
-2.0482074199281226,0.1289658781688963,0.5300392554088758,PC23,p131382,p131382
3.8667471210184345,47.78668867051663,0.2183141291971395,PC24,p131382,p131382
-2.5860940517378603,0.0753136374954,0.6763537808154616,PC25,p131382,p131382
3.788457157485967,44.18817226619056,0.0008578813106039179,PC26,p131382,p131382
-4.4026125763295125,0.0122453062788131,0.017700572401293,PC27,p131382,p131382
1.9301234818087596,6.890361023294341,0.6955854173355457,PC28,p131382,p131382
3.9127729583437567,50.03751171003054,0.1190463273502114,PC29,p131382,p131382
-4.131986859687426,0.0160509561224626,0.1462518377989648,PC30,p131382,p131382
-4.003762136611128,0.0182468624074936,0.5130750263803388,PC31,p131382,p131382
-1.8233396171347804,0.1614855494948513,0.8771856394718979,PC32,p131382,p131382
3.7084694392173367,40.79132512088995,0.0725549061291611,PC33,p131382,p131382
2.092027559962036,8.101324444366746,1.8302738993231968e-219,PC1,p131390,p131390
-1.0505881796877743,0.3497319833546939,0.8921948983694926,PC2,p131390,p131390
-1.864722815279522,0.1549391506985408,0.1624179324679867,PC3,p131390,p131390
-3.487009240453485,0.0305922294916331,0.00048024081632988736,PC4,p131390,p131390
1.8063813919711909,6.088376075970328,0.6135431707054267,PC5,p131390,p131390
2.216389977037635,9.174152114095085,0.4044543670494425,PC6,p131390,p131390
4.1257740112668255,61.91571416886318,3.874395137280288e-13,PC7,p131390,p131390
-4.060501295540542,0.0172403744259381,2.1099645489423616e-19,PC8,p131390,p131390
3.5005523657243574,33.133748852124086,1.266246659684588e-10,PC9,p131390,p131390
-2.7683099584775728,0.0627679956713536,0.0883685924813331,PC10,p131390,p131390
2.5763237882649004,13.148711752886864,0.4630814126109271,PC11,p131390,p131390
2.608239513991603,13.575130974561352,0.0464942045304078,PC12,p131390,p131390
-2.4135514417100112,0.0894968865273788,0.3783159061245525,PC13,p131390,p131390
-1.2725963847150468,0.2801034206023739,0.926885048329578,PC14,p131390,p131390
-2.363249409989709,0.0941139111161049,0.2028291360902534,PC15,p131390,p131390
3.3089274019360566,27.355767986546752,0.2808660033630006,PC16,p131390,p131390
2.406102386295989,11.090649725946772,0.811029879136406,PC17,p131390,p131390
-4.067802283801945,0.0171149610325788,0.0581297627917856,PC18,p131390,p131390
-3.81649051235198,0.0220048914356758,9.054089635076465e-05,PC19,p131390,p131390
-0.0481515448459902,0.9529893555087404,0.998963316124853,PC20,p131390,p131390
-1.9725111539517373,0.1391070979117373,0.6170504143777116,PC21,p131390,p131390
-3.4548975582301664,0.0315905403812025,5.668915849364568e-05,PC22,p131390,p131390
2.6625449101634944,14.332718204845053,0.432582229807039,PC23,p131390,p131390
2.483077654292668,11.97807211317194,0.7369279594900787,PC24,p131390,p131390
3.714273759390253,41.028779496123846,0.3185778197437862,PC25,p131390,p131390
4.060305706508,57.99203691246623,0.1526122852735993,PC26,p131390,p131390
-0.0330591201920484,0.9674813602144104,0.9993912780881934,PC27,p131390,p131390
-2.29822538025845,0.1004369230109142,0.8566948549256509,PC28,p131390,p131390
-3.308078137917541,0.0365864202839239,0.7935589013136999,PC29,p131390,p131390
-3.236265417328206,0.0393104293548193,0.0310196743964285,PC30,p131390,p131390
-0.8038918485619693,0.4475836423014274,0.9805856069821814,PC31,p131390,p131390
4.009354598199603,55.11129015698016,0.2175594928015209,PC32,p131390,p131390
3.917437134913632,50.2714406185458,0.0076433687910261,PC33,p131390,p131390
1.5030160854788452,4.495226632623985,4.996681236781824e-87,PC1,p131416,p131416
0.2725612173887703,1.3133238547086477,0.8538796907508531,PC2,p131416,p131416
0.278816597673196,1.3215649435561572,0.8887866022424685,PC3,p131416,p131416
1.7343020948882122,5.664972810377944,0.0029303099873559,PC4,p131416,p131416
1.8686340595939064,6.479439823222813,0.0004219472336164308,PC5,p131416,p131416
-2.7865265696530237,0.0616349271675433,3.4832261305964573e-09,PC6,p131416,p131416
2.9419263698026845,18.952320347343782,5.103081574441791e-35,PC7,p131416,p131416
-2.8798774813475627,0.0561416408109626,2.3257705198045248e-21,PC8,p131416,p131416
2.369439627395792,10.691399437808832,4.7518085086472634e-08,PC9,p131416,p131416
1.6896267587747993,5.417458308957163,0.1269773375436661,PC10,p131416,p131416
1.8252095018379992,6.204094652195107,0.0138849397697478,PC11,p131416,p131416
1.8244680574025989,6.199496365636184,0.0886402730344964,PC12,p131416,p131416
-0.4051734060898332,0.6668611630450013,0.8830606303403337,PC13,p131416,p131416
0.4009933220832565,1.4933072962848664,0.8736619808567133,PC14,p131416,p131416
0.0703017425305259,1.072831851416909,0.9797964866513608,PC15,p131416,p131416
0.7064641321951383,2.0268120343137923,0.7704055492014118,PC16,p131416,p131416
2.08949928913546,8.080867972764352,0.0074755642258167,PC17,p131416,p131416
-2.9638649117679776,0.0516190281554694,0.00013503311660210062,PC18,p131416,p131416
-1.0914262588923378,0.3357373037485342,0.6258395095675434,PC19,p131416,p131416
1.824758381882981,6.201296492494971,0.0201957069606032,PC20,p131416,p131416
-1.1082325532020818,0.3301419540584412,0.578683347571315,PC21,p131416,p131416
-2.5075881503130057,0.0814644825778535,0.004705758934533,PC22,p131416,p131416
-2.134212113545961,0.1183377903983526,0.1245580765808587,PC23,p131416,p131416
-0.0548667798321982,0.9466112472630152,0.9857633517505392,PC24,p131416,p131416
0.9002020114948244,2.460100029448023,0.718439828050888,PC25,p131416,p131416
-0.0360554710605531,0.9645867853470816,0.990981459185487,PC26,p131416,p131416
-2.050191319378349,0.1287102764619763,0.2358746642590462,PC27,p131416,p131416
2.255595154296066,9.540969970001234,0.0068504644920958,PC28,p131416,p131416
2.136542331055659,8.470100136249588,0.1763078944200626,PC29,p131416,p131416
-0.7605600956810639,0.4674045624054251,0.7961436216444147,PC30,p131416,p131416
-2.17197656231215,0.1139521606239602,0.1199820830680687,PC31,p131416,p131416
-0.3243769015561877,0.7229776996021011,0.9241794390591072,PC32,p131416,p131416
2.209676100014693,9.11276429075329,0.0944775830217217,PC33,p131416,p131416
1.6320699543250317,5.114450447947036,5.62896786656082e-82,PC1,p131444,p131444
2.644513815486817,14.076599594452864,0.0092958522343676,PC2,p131444,p131444
-3.176192353512863,0.0417443004357758,3.1689965553951336e-16,PC3,p131444,p131444
4.135293864089025,62.50795721566209,1.478790353496103e-10,PC4,p131444,p131444
-2.123647692929305,0.1195945875690135,0.3303535863436675,PC5,p131444,p131444
-2.072206188938957,0.1259076988935908,0.0005755383769272569,PC6,p131444,p131444
4.071013366675189,58.61633234296626,3.32910763066015e-10,PC7,p131444,p131444
-1.9195066573141344,0.1466793074468631,0.0461608241641774,PC8,p131444,p131444
-3.3837807808967013,0.0339189718041098,5.6615503563890236e-21,PC9,p131444,p131444
-1.6142205264673994,0.1990457608909074,0.7615557758227227,PC10,p131444,p131444
3.1788401804560604,24.018879824698,9.630470648616373e-07,PC11,p131444,p131444
1.8008363803229075,6.054709387063878,0.7794245431870748,PC12,p131444,p131444
3.652273551957473,38.56223971525853,0.0028867574079771,PC13,p131444,p131444
0.4125692702732134,1.5106941848822495,0.9909617823172112,PC14,p131444,p131444
2.284393756162217,9.819731267552283,0.7539160466292741,PC15,p131444,p131444
3.896301772082957,49.22008500892215,6.023263944497206e-05,PC16,p131444,p131444
-2.981168940008003,0.0507334947779472,0.5678040428474198,PC17,p131444,p131444
4.084803349717388,59.43024962666022,0.0107242144437064,PC18,p131444,p131444
-3.149665007765132,0.0428664844014852,2.2795360280033057e-12,PC19,p131444,p131444
5.855774500300168,349.24528591227653,2.228658559978245e-06,PC20,p131444,p131444
4.289139103019153,72.9036789187567,0.0049174159826514,PC21,p131444,p131444
4.286968075825355,72.74557473563681,6.516408971127314e-07,PC22,p131444,p131444
4.103773868743308,60.56843414948535,0.0123487450290034,PC23,p131444,p131444
-5.682417533918421,0.0034053160172627,0.0005378672371409649,PC24,p131444,p131444
-3.5245049620647824,0.0294663907403789,0.1806452582925065,PC25,p131444,p131444
4.003397893020759,54.78398424968347,1.8552951739442533e-06,PC26,p131444,p131444
-5.585584199085109,0.0037515574730202,7.604384218740599e-06,PC27,p131444,p131444
4.021824776000965,55.80284066134808,0.0179029719417473,PC28,p131444,p131444
-2.580197245740017,0.0757590593972782,0.7546134060173092,PC29,p131444,p131444
5.162902707324491,174.67073848609255,1.163306529349106e-11,PC30,p131444,p131444
-4.572526114696776,0.0103318273439254,0.1360975147050786,PC31,p131444,p131444
-2.5302403421213344,0.0796398771685199,0.8344092862494953,PC32,p131444,p131444
-4.838755290091256,0.0079169021678729,0.0109997015226744,PC33,p131444,p131444
1.7675508972904703,5.856492631137761,3.5014462968161764e-72,PC1,p131490,p131490
-0.9284331195758502,0.3951724134469444,0.8550295406849406,PC2,p131490,p131490
3.508857625941669,33.410079167527854,4.6055342696429847e-11,PC3,p131490,p131490
2.758263533424367,15.772430856059437,0.0648909689986443,PC4,p131490,p131490
2.323402789608354,10.210358963688556,0.0732021366101918,PC5,p131490,p131490
2.447866940814663,11.563654434226107,0.236097998192534,PC6,p131490,p131490
4.323221574537993,75.431244655992,1.8224168156067707e-36,PC7,p131490,p131490
2.6840484377559326,14.644259823444829,0.0136691850207933,PC8,p131490,p131490
-2.572412211506578,0.076351147992794,0.0024052650607805,PC9,p131490,p131490
-1.7212494660032724,0.1788425505650716,0.7069601254640725,PC10,p131490,p131490
3.502664175195401,33.20379495273825,2.8675802723582664e-06,PC11,p131490,p131490
3.075319554440066,21.65680133291082,2.561908745096942e-06,PC12,p131490,p131490
-2.989076994479337,0.0503338737328188,0.00013516849737879553,PC13,p131490,p131490
3.663623505560224,39.00241259241256,5.672873838041356e-05,PC14,p131490,p131490
1.994828083669992,7.3509391727705475,0.7187255627482858,PC15,p131490,p131490
-3.7621249907078655,0.0232343151755992,0.0071569039398507,PC16,p131490,p131490
2.736571053113784,15.433971988525018,0.3372096536761507,PC17,p131490,p131490
-0.6008812990064106,0.5483281820095234,0.971222452022396,PC18,p131490,p131490
-2.128408003500468,0.1190266330819425,0.7529023562277818,PC19,p131490,p131490
3.5893361468579057,36.21002980375195,0.0135740223584622,PC20,p131490,p131490
0.997112080469233,2.710442973715421,0.9179590006024796,PC21,p131490,p131490
-3.703523921343548,0.0246365560362073,0.0107042981929132,PC22,p131490,p131490
-1.146689805255433,0.3176866354208664,0.9351647767937332,PC23,p131490,p131490
-3.229337492016902,0.0395837146302808,0.0070673407672975,PC24,p131490,p131490
3.324683291820945,27.790195866459168,0.0009505012230152032,PC25,p131490,p131490
-3.9025713275314606,0.0201899297212748,0.00033135551840249067,PC26,p131490,p131490
-0.0852133476449188,0.9183163428713266,0.9965529712347913,PC27,p131490,p131490
-4.002445942577509,0.0182708946309918,0.0016928281890222,PC28,p131490,p131490
2.719486872683595,15.17253480508311,0.6783852598546879,PC29,p131490,p131490
-2.9936829746098024,0.0501025700096193,0.0137205767966856,PC30,p131490,p131490
2.31019362647616,10.076375519222264,0.8143992573317358,PC31,p131490,p131490
-5.467074470937376,0.0042235702790306,4.634287187015976e-07,PC32,p131490,p131490
-3.090450706020835,0.045481451020658,0.1270404926897249,PC33,p131490,p131490
1.5500865134183244,4.711877805613747,1.4839573090561051e-44,PC1,p131518,p131518
2.538477139528691,12.660376296400557,0.0132394805809695,PC2,p131518,p131518
2.7093516369836004,15.01953424674852,0.1741161847081539,PC3,p131518,p131518
2.7593498312371443,15.78957372264402,4.267347787959249e-07,PC4,p131518,p131518
-3.1591366830945837,0.0424623837548552,7.494671372314653e-09,PC5,p131518,p131518
-2.1755581703194973,0.1135447586655829,0.0388993765771238,PC6,p131518,p131518
3.182043611909292,24.09594603205186,8.264140240540525e-13,PC7,p131518,p131518
-3.8610846863975943,0.0210451597397747,4.250340814520129e-07,PC8,p131518,p131518
4.365142063507166,78.66057394505943,2.261888135032858e-06,PC9,p131518,p131518
-4.2061225512964455,0.0149040461188063,6.60390577740056e-16,PC10,p131518,p131518
4.245415603831932,69.78475693028867,2.722735894497203e-18,PC11,p131518,p131518
-4.027300641412541,0.0178223740588171,1.1001298212120832e-06,PC12,p131518,p131518
4.100284448561129,60.35745374667464,1.4729016499799596e-06,PC13,p131518,p131518
-1.9552404446555287,0.1415304423641505,0.5916683904457258,PC14,p131518,p131518
-4.154456313528653,0.0156943216007913,0.0047978106798663,PC15,p131518,p131518
-3.80395486687418,0.0222824731515026,0.0202290462841874,PC16,p131518,p131518
4.468739832930935,87.2467082808684,0.0002056825927201288,PC17,p131518,p131518
4.994066912230909,147.5352178302502,0.00015162558116972133,PC18,p131518,p131518
-2.738631198725744,0.0646587913839316,0.6380365765923197,PC19,p131518,p131518
-0.9157969878828056,0.400197546361191,0.9673378186420551,PC20,p131518,p131518
3.924251827044835,50.6151949690579,0.0184875940238242,PC21,p131518,p131518
3.9246266686250646,50.63417120504268,2.456443583334854e-09,PC22,p131518,p131518
2.3245505095022003,10.22208432322158,0.23598335011266,PC23,p131518,p131518
-2.1723410381044577,0.113910635387863,0.8034809454566192,PC24,p131518,p131518
-3.3806299609936974,0.0340260129206441,0.5837187696234074,PC25,p131518,p131518
2.2725419462531504,9.70403662889817,0.839913923284576,PC26,p131518,p131518
3.615182052037755,37.15811001956749,0.00014353235407930958,PC27,p131518,p131518
4.262532934278108,70.98956783029693,7.790426282869187e-08,PC28,p131518,p131518
3.3339176824055103,28.04800993535033,0.401821762797628,PC29,p131518,p131518
3.5994320476775075,36.57745429305257,0.5235965816229342,PC30,p131518,p131518
4.691776917032927,109.0467748269092,3.9273283762235993e-05,PC31,p131518,p131518
-1.1776139203679628,0.3080128055635026,0.9580300096116956,PC32,p131518,p131518
-3.3432552458716605,0.0353217892637943,0.333350372757404,PC33,p131518,p131518
1.8132049572069329,6.130062570815859,3.193476456133595e-66,PC1,p131528,p131528
2.882444028386731,17.857865017097442,6.961837820625139e-09,PC2,p131528,p131528
-2.091626687146724,0.1234860990996583,0.6513170756014175,PC3,p131528,p131528
2.026239429133788,7.585506818819722,0.0010661284867761,PC4,p131528,p131528
3.345658509803586,28.379257534186756,7.489128908968287e-06,PC5,p131528,p131528
2.3938071178842573,10.955122092367793,0.0097331455027945,PC6,p131528,p131528
-4.042260731590693,0.0175577341894735,1.2849375318256263e-11,PC7,p131528,p131528
2.93843064904351,18.88618399213516,2.0876243768620752e-10,PC8,p131528,p131528
-2.1371246561002697,0.1179936279851629,0.5887546264635583,PC9,p131528,p131528
4.273593953363799,71.77914350062058,2.169221540067249e-05,PC10,p131528,p131528
4.0591527134677845,57.92521102981019,1.4234883510272416e-05,PC11,p131528,p131528
4.032346420211001,56.39307798508093,6.341705461921015e-08,PC12,p131528,p131528
3.4024745591215297,30.038339801935045,0.0039798273868667,PC13,p131528,p131528
-2.3654599977478648,0.0939060938401109,0.6924450169844022,PC14,p131528,p131528
-1.6764208361841442,0.1870422342200287,0.8392561022726562,PC15,p131528,p131528
1.0019175669286826,2.723499316638777,0.9531544600181746,PC16,p131528,p131528
0.7159824200084893,2.0461959189518586,0.9761082235523824,PC17,p131528,p131528
-3.0260118964399507,0.0485087106351638,0.2748775875749192,PC18,p131528,p131528
-3.686519937045035,0.0250590575729989,0.0978701769161909,PC19,p131528,p131528
-2.5084847495854445,0.0813914743165125,0.3399639222265759,PC20,p131528,p131528
3.2536351163844675,25.884261408739672,0.0129375990270645,PC21,p131528,p131528
-2.584671796223594,0.0754208289403702,0.435159847342939,PC22,p131528,p131528
2.367385982694098,10.669465631830644,0.752694403965198,PC23,p131528,p131528
1.529703371896313,4.61680714441901,0.903530204115563,PC24,p131528,p131528
-3.414560880044847,0.0328908465579323,0.3765155253826338,PC25,p131528,p131528
2.438431045565904,11.45505417838852,0.8339332796534313,PC26,p131528,p131528
-4.485786946733319,0.0112680167018328,1.4438373167363904e-06,PC27,p131528,p131528
3.2984976466127183,27.071936737923966,0.263861128332753,PC28,p131528,p131528
-3.7821017069561496,0.0227747751863507,0.1250453827138455,PC29,p131528,p131528
3.899862447530341,49.39565414399107,0.4816798190968606,PC30,p131528,p131528
-2.729370201886692,0.0652603775909018,0.7722947713941614,PC31,p131528,p131528
-3.557994296920706,0.0284959217932378,0.0003380359921700591,PC32,p131528,p131528
-4.968226609662065,0.0069554718706417,0.0057840349829226,PC33,p131528,p131528
1.5660304396680869,4.787605733877402,1.965269105617287e-238,PC1,p131534,p131534
-0.5629337788577906,0.5695357185866078,0.7281282363816803,PC2,p131534,p131534
-0.5616031703727641,0.5702940520568728,0.7972269407842173,PC3,p131534,p131534
1.8746622871123368,6.518617327482891,0.0047738754749861,PC4,p131534,p131534
3.790073603691341,44.2596578302917,1.8513053172926937e-46,PC5,p131534,p131534
-1.369868494327164,0.254140378256815,0.4800672273992472,PC6,p131534,p131534
3.0007384270176005,20.10037410372805,3.553240918227389e-27,PC7,p131534,p131534
1.4201359895547754,4.1376830836740615,0.2685048559782037,PC8,p131534,p131534
-1.6852366303744335,0.1854005553620726,0.276142347408608,PC9,p131534,p131534
-2.555951629991004,0.0776183329770713,0.0053638694677806,PC10,p131534,p131534
-2.2384036951568373,0.1066285803157944,0.0102843704756516,PC11,p131534,p131534
-0.2595137350979873,0.7714266123011057,0.9399701236715786,PC12,p131534,p131534
-2.556530993171829,0.0775733767970225,0.00012925284277514115,PC13,p131534,p131534
-2.59011719118003,0.0750112489134374,0.0151207536268287,PC14,p131534,p131534
-0.5394540476243176,0.5830664920307417,0.8729075409162702,PC15,p131534,p131534
-0.4301939027578793,0.6503829714440451,0.905556087796272,PC16,p131534,p131534
3.191321551488974,24.320547069742283,3.5854239587303494e-07,PC17,p131534,p131534
2.372179636535773,10.720734140311215,0.0116116831067622,PC18,p131534,p131534
2.0341317855019945,7.645611212526517,0.1396915479531351,PC19,p131534,p131534
-2.7801569616701247,0.0620287704738086,0.000767389025902051,PC20,p131534,p131534
-1.5357997542561004,0.2152834484488332,0.564476761641313,PC21,p131534,p131534
-2.691481991655876,0.0677804148926375,0.0250043115359992,PC22,p131534,p131534
3.062863272474069,21.388711278056498,0.0004575760796071218,PC23,p131534,p131534
2.386389240068269,10.874158993662878,0.0915924733275922,PC24,p131534,p131534
-2.377307881230324,0.0928000703386829,0.0126488784122445,PC25,p131534,p131534
-1.178930096333685,0.3076076731829212,0.7369926905959258,PC26,p131534,p131534
-2.9466679799873914,0.0525143937661383,0.0061080203163515,PC27,p131534,p131534
-2.435120888875012,0.0875871580950195,0.0797480135688714,PC28,p131534,p131534
-2.71456868996668,0.066233514026445,0.0262681177499463,PC29,p131534,p131534
0.659316600520043,1.9334705500316955,0.8637335780977754,PC30,p131534,p131534
2.0393642696645533,7.685721599075548,0.171603562027613,PC31,p131534,p131534
-2.964519220245976,0.0515852644348702,2.6644173434309165e-05,PC32,p131534,p131534
1.6415990403859504,5.163419430699696,0.3096623569767512,PC33,p131534,p131534
2.159253706727966,8.664668860878356,5.717387294109261e-63,PC1,p131538,p131538
2.5442870712536703,12.734146310156152,0.1792496056619815,PC2,p131538,p131538
0.1006710092689009,1.1059127468645584,0.997536290182113,PC3,p131538,p131538
-1.9841199778907064,0.1375015653068203,0.4359522940383913,PC4,p131538,p131538
1.795330825958102,6.021466449738847,0.6165326763123771,PC5,p131538,p131538
-4.021290119624604,0.0179298184012266,0.0573193362941016,PC6,p131538,p131538
2.1725532742786764,8.780674914964784,0.7317623673120504,PC7,p131538,p131538
3.807638011732541,45.04391990723399,0.0239320253424747,PC8,p131538,p131538
2.3036234215496894,10.010388678053618,0.695276650948508,PC9,p131538,p131538
1.5338446480229355,4.63596626184338,0.9148757953231588,PC10,p131538,p131538
-5.380478227226206,0.0046056188709157,1.4673595620685833e-15,PC11,p131538,p131538
-3.4478520841945417,0.0318138966145757,0.2907010326452364,PC12,p131538,p131538
2.400621185769205,11.030025948147369,0.1062637919868107,PC13,p131538,p131538
2.30746412479164,10.04890953654389,0.655570251390965,PC14,p131538,p131538
-2.6459194983104317,0.0709400944443456,0.6338982169089267,PC15,p131538,p131538
3.486838294462999,32.6824518916935,0.00035552352417513847,PC16,p131538,p131538
3.8581155758340153,47.37599073679807,0.0014470878517676,PC17,p131538,p131538
2.2918949405603133,9.893667841781635,0.8567284478534289,PC18,p131538,p131538
-2.942048371125196,0.0527575509380561,0.5950838414277414,PC19,p131538,p131538
-3.1591928977851778,0.0424599968121818,0.5763769196412216,PC20,p131538,p131538
3.4731870089530315,32.239325911030015,9.162874784076754e-05,PC21,p131538,p131538
-5.309509442649047,0.004944351610885,0.0673781194832023,PC22,p131538,p131538
4.124145738208878,61.81498051282358,0.1469285141567336,PC23,p131538,p131538
3.79915848442228,44.66358357330603,2.118474341283635e-05,PC24,p131538,p131538
3.437997253664707,31.124561105729335,0.0569825488770844,PC25,p131538,p131538
4.4997522765333,89.99483470650249,6.39548919408323e-05,PC26,p131538,p131538
1.6522445083426949,5.218680062568198,0.9200725864318192,PC27,p131538,p131538
-4.938428801087468,0.0071658485052807,0.0044534006321346,PC28,p131538,p131538
-3.9090169433239392,0.0200602116967926,0.2254621962372114,PC29,p131538,p131538
2.549353332959315,12.798824528009224,0.5058994242961489,PC30,p131538,p131538
-4.318105161652548,0.0133251085629173,0.0054985580429395,PC31,p131538,p131538
-3.526643357347597,0.0294034472724109,0.7148513871357418,PC32,p131538,p131538
5.343024905936911,209.1443965384505,0.00038486421774523456,PC33,p131538,p131538
1.5623672315789527,4.770099821301874,1.6847238302482002e-119,PC1,p131546,p131546
1.8470790809478328,6.341270108446798,0.0009262482184915196,PC2,p131546,p131546
2.4283310757941656,11.339940776942951,6.600525497566428e-08,PC3,p131546,p131546
3.0736811445981087,21.6213476682092,2.1137036121856426e-07,PC4,p131546,p131546
3.13507699756961,22.990405979270548,1.0901229224874183e-10,PC5,p131546,p131546
1.889145692077403,6.613716116795271,0.2254477617273469,PC6,p131546,p131546
3.7915387669949,44.32455298616395,2.941113779421057e-39,PC7,p131546,p131546
-1.5382011660080257,0.2147670844951129,0.3973516648063422,PC8,p131546,p131546
-3.1344190718802585,0.0435250314010192,1.2114417207182117e-07,PC9,p131546,p131546
2.741418473594063,15.508968563548592,0.0604023155092753,PC10,p131546,p131546
1.8615305089638388,6.433575885644756,0.3559647027214679,PC11,p131546,p131546
-1.915085568627212,0.147329225287219,0.4843393788037181,PC12,p131546,p131546
-1.700364176093914,0.1826170071931828,0.6751191418701016,PC13,p131546,p131546
3.678897954705002,39.60272601702844,1.8956155447377145e-17,PC14,p131546,p131546
0.6713004044294755,1.9567802725785703,0.929388009461183,PC15,p131546,p131546
3.781645367778864,43.88819458154913,6.692463514479079e-05,PC16,p131546,p131546
-1.9999583633720128,0.1353409182587652,0.2374641615375665,PC17,p131546,p131546
2.9868165623200564,19.822478317282023,0.0007573179235179475,PC18,p131546,p131546
3.140604935761873,23.117847442273717,2.886495890654371e-07,PC19,p131546,p131546
1.5002871210310298,4.482976042274209,0.7296502768569055,PC20,p131546,p131546
2.24000774776901,9.393404065085765,0.1654788356434308,PC21,p131546,p131546
0.9479363206278314,2.580379085818591,0.9013231268427456,PC22,p131546,p131546
-1.5349381304587562,0.2154690217268866,0.7293808115079623,PC23,p131546,p131546
1.338399149610174,3.812934679045108,0.7998401085336758,PC24,p131546,p131546
-1.049135569681046,0.3502403766926173,0.883030279944299,PC25,p131546,p131546
0.5210023363122399,1.6837144523209064,0.954253736604498,PC26,p131546,p131546
-2.349640172906131,0.0954034847987617,0.3918552603685332,PC27,p131546,p131546
-3.84494550579214,0.0213875670279244,0.0012822286274521,PC28,p131546,p131546
-2.7933707398755523,0.0612145275187863,0.0003792866680667561,PC29,p131546,p131546
-2.398184789680576,0.0908827750021602,0.428393184814629,PC30,p131546,p131546
-3.4277091545348357,0.0324612192971331,0.0009692996119782458,PC31,p131546,p131546
-0.8355885402899085,0.4336192039478156,0.9105366475922436,PC32,p131546,p131546
-0.1941918115759117,0.8234999322988575,0.985248747242676,PC33,p131546,p131546
1.5373345129873717,4.652173422028018,4.30429819544638e-175,PC1,p131602,p131602
2.2408082964364326,9.40092695300981,1.4516647020243602e-15,PC2,p131602,p131602
2.100837461018864,8.173011625977118,2.4308822979722176e-12,PC3,p131602,p131602
2.812513585740147,16.65172118803049,1.4867415096687644e-05,PC4,p131602,p131602
2.154413687604479,8.622833022691207,2.7638475920140816e-08,PC5,p131602,p131602
2.1661892442085016,8.724971871692434,3.6281877914318554e-13,PC6,p131602,p131602
0.9841470767564736,2.675528890170869,0.6387659207651261,PC7,p131602,p131602
-1.7466965643287125,0.1743489437092628,0.1946362230368056,PC8,p131602,p131602
0.5279868207917287,1.6955154939027497,0.8468793129300304,PC9,p131602,p131602
-1.4740078057654535,0.2290058326269768,0.4708202263242428,PC10,p131602,p131602
-1.5626543753961455,0.2095790308077456,0.1309748561505155,PC11,p131602,p131602
0.7201433127016487,2.0547276581161893,0.7892504272265332,PC12,p131602,p131602
-0.6733646991757493,0.5099897256883814,0.8218466468507283,PC13,p131602,p131602
-0.4444103873234894,0.6412022255598501,0.8938166833962392,PC14,p131602,p131602
2.7800306763484635,16.119515428315424,0.0004667399071440599,PC15,p131602,p131602
-0.4641359880543533,0.6286780559481985,0.8814374012861173,PC16,p131602,p131602
2.745961794075732,15.579591086970424,3.306342002687354e-06,PC17,p131602,p131602
-3.000385749766989,0.0497678667215953,4.17678091029998e-08,PC18,p131602,p131602
-0.3804523786723175,0.683552114860366,0.9136619891389302,PC19,p131602,p131602
-3.169977437358809,0.0420045456262453,4.4499738753841874e-07,PC20,p131602,p131602
1.848685050110872,6.351462174576861,0.1605946396809178,PC21,p131602,p131602
0.7962836612285632,2.217285414098129,0.784845873023937,PC22,p131602,p131602
-1.4234808702654722,0.2408741044241115,0.499258295613475,PC23,p131602,p131602
-0.0582557386025457,0.943408650573725,0.9879051766737564,PC24,p131602,p131602
2.9251057848546984,18.636197373060337,6.5674720403915135e-06,PC25,p131602,p131602
0.5671574457137771,1.7632477934837765,0.8677855307685656,PC26,p131602,p131602
1.4823823610847289,4.403423740060666,0.5987928358718898,PC27,p131602,p131602
-0.1808749015811464,0.8345397517693659,0.962186786640523,PC28,p131602,p131602
-1.4621810740878332,0.2317303021910669,0.5869721536053774,PC29,p131602,p131602
-2.3987728311703096,0.0908293478699816,0.1125241479824409,PC30,p131602,p131602
2.765110851967062,15.880800310997524,0.0031461172247078,PC31,p131602,p131602
-1.9339329124036488,0.1445784644248909,0.2590706436058908,PC32,p131602,p131602
-3.293945194844066,0.0371071652406994,0.00011354147316695472,PC33,p131602,p131602
1.835934115123272,6.270989236228974,7.536936187929758e-69,PC1,p131632,p131632
2.533711623565667,12.600186602445508,0.5332952901706961,PC2,p131632,p131632
1.6780786187711898,5.355256590283959,0.6141855118731875,PC3,p131632,p131632
-1.7706099290480055,0.1702291294643315,0.1054127966731465,PC4,p131632,p131632
3.107259717053559,22.35968849979233,0.0860059425874826,PC5,p131632,p131632
4.740627346340027,114.50601408102482,3.4723496620414124e-12,PC6,p131632,p131632
-3.534445103286111,0.0291749415778038,0.0046454407627174,PC7,p131632,p131632
-2.837860241375431,0.0585508166355075,0.000317546322149467,PC8,p131632,p131632
-2.2412189029228444,0.1063288208489765,0.1918219223058943,PC9,p131632,p131632
-4.056837950948372,0.0173036476834702,4.43004708050236e-10,PC10,p131632,p131632
-2.899966597190988,0.0550250580172143,1.5049203633791536e-14,PC11,p131632,p131632
-4.292149864005968,0.0136754932205809,1.11349831587047e-05,PC12,p131632,p131632
4.280969550912624,72.31051475689215,0.0067488193787351,PC13,p131632,p131632
-1.46133110362025,0.2319273498348494,0.9136541910393668,PC14,p131632,p131632
-3.1000379080700267,0.0450474946976067,0.3652676077837528,PC15,p131632,p131632
2.096329107729033,8.136247736695498,0.566652765123227,PC16,p131632,p131632
-2.52537032567569,0.0800286706269083,0.5937204425559539,PC17,p131632,p131632
1.779792472615862,5.928625938683837,0.5850431469977814,PC18,p131632,p131632
4.611758166030406,100.66097285161064,1.9389592272253776e-08,PC19,p131632,p131632
3.5653526179760924,35.351916928117454,0.0002688157758286475,PC20,p131632,p131632
-0.017759707478461,0.9823970666668272,0.9996369549128212,PC21,p131632,p131632
-4.965532806133286,0.0069742338044473,2.3159776058380378e-06,PC22,p131632,p131632
3.5358041421339874,34.322603871861624,0.012419462651807,PC23,p131632,p131632
-4.614604407563842,0.0099061014107398,0.0197768355693108,PC24,p131632,p131632
3.5290818093890133,34.09264968819422,1.441166423433154e-05,PC25,p131632,p131632
3.0676712440425624,21.49179520749004,0.7456277909907164,PC26,p131632,p131632
-4.312954390133704,0.0133939202170091,4.1835223730232295e-11,PC27,p131632,p131632
4.457062197887521,86.23379876724792,0.035646874573878,PC28,p131632,p131632
-3.833907081143984,0.0216249598860992,0.1293549105222653,PC29,p131632,p131632
-3.578562195445215,0.0279158068884443,0.5239809488578278,PC30,p131632,p131632
-5.203981785310043,0.0054946423191033,0.0050950897750168,PC31,p131632,p131632
3.3864281304743598,29.56017837723543,0.4467874565387025,PC32,p131632,p131632
3.177796504327591,23.99382497004351,0.063664851859479,PC33,p131632,p131632
1.4280801686200908,4.170684489987213,0.0,PC1,p131636,p131636
1.37812523960708,3.9674566203406334,5.4464069581725685e-25,PC2,p131636,p131636
0.6651344752798093,1.9447520248262575,0.0029490157103556,PC3,p131636,p131636
0.0676169859762507,1.069955422056227,0.854831616341018,PC4,p131636,p131636
1.886290813303377,6.594861685399816,1.0661413327502433e-22,PC5,p131636,p131636
0.5171089831861941,1.677171901888621,0.0809980556308861,PC6,p131636,p131636
1.6956041128950874,5.44993734835876,2.352163297579592e-13,PC7,p131636,p131636
0.2078504197575564,1.231029018157515,0.6134946362718228,PC8,p131636,p131636
0.6976364697025367,2.0089987621946874,0.0410210100731777,PC9,p131636,p131636
1.9630167241192285,7.120776113007734,3.390926151525603e-35,PC10,p131636,p131636
-0.0938855308086849,0.9103869675364628,0.8491893166640477,PC11,p131636,p131636
0.2873286446095371,1.3328621794746918,0.543506130892093,PC12,p131636,p131636
0.729788304624161,2.074641369199002,0.0732616811104485,PC13,p131636,p131636
0.503557012978294,1.6545962361273965,0.2743496505057789,PC14,p131636,p131636
-1.5593162010962816,0.2102798111548942,3.079663270326224e-08,PC15,p131636,p131636
-1.9571155972572472,0.1412652998559522,1.0943202922661525e-22,PC16,p131636,p131636
-0.4758818166756365,0.6213369095699564,0.377692874738994,PC17,p131636,p131636
-1.2834623966850756,0.2770762896860896,0.0003989540702462382,PC18,p131636,p131636
-0.0814411364791494,0.921786967883366,0.8823924523761293,PC19,p131636,p131636
0.6579962807298552,1.9309194351151,0.2077550213499557,PC20,p131636,p131636
-1.4488819704860034,0.2348326912589013,0.0008171897254379327,PC21,p131636,p131636
0.8198592878544955,2.2701803731056884,0.0071191414153947,PC22,p131636,p131636
-0.950001876976538,0.3867402975513552,0.0535937664147927,PC23,p131636,p131636
1.1555998254652575,3.175927848706816,0.0016021952137903,PC24,p131636,p131636
1.1919411422850328,3.293468096634003,0.0088561641022688,PC25,p131636,p131636
-0.6616443900280498,0.5160021277162095,0.2026854581557652,PC26,p131636,p131636
-0.4431919547031404,0.6419839634184538,0.4396936221573244,PC27,p131636,p131636
-1.3384464719015228,0.2622527693232752,0.0018674292795954,PC28,p131636,p131636
0.4614229352637022,1.5863296241617093,0.4184997288196093,PC29,p131636,p131636
-1.7270948682940923,0.1778001933768503,3.7281936370307305e-05,PC30,p131636,p131636
1.3999620190385216,4.055045949375831,0.0010024054671975,PC31,p131636,p131636
0.5133333869318393,1.6708515170567455,0.3722334345462475,PC32,p131636,p131636
0.1685033086964034,1.1835321427869243,0.7842011674300787,PC33,p131636,p131636
1.514293039032381,4.5462060003020985,0.0,PC1,p131648,p131648
1.584816513262979,4.878396175390175,1.0806809481967685e-07,PC2,p131648,p131648
0.1360837250498452,1.1457778198841706,0.8666459270372008,PC3,p131648,p131648
2.277794672402768,9.755143383240396,6.275840893574362e-37,PC4,p131648,p131648
1.628374611929709,5.095585679734238,0.00025405150687200805,PC5,p131648,p131648
-1.107349124234339,0.3304337398911753,0.1140753921263078,PC6,p131648,p131648
2.0893213510930058,8.079430206856367,0.00012981342720666325,PC7,p131648,p131648
2.4684249380019936,11.80384042187371,1.8863192509396833e-28,PC8,p131648,p131648
1.5764443161945996,4.8377237774704,0.00043395374127063856,PC9,p131648,p131648
-0.1569159842386689,0.8547758704465115,0.8931343379790166,PC10,p131648,p131648
1.0063876077339673,2.7357007197856755,0.2478426456425098,PC11,p131648,p131648
0.7920316588323961,2.207877526558751,0.4119013935293176,PC12,p131648,p131648
-1.6557691078766603,0.1909451418038157,0.0240984055329599,PC13,p131648,p131648
1.7124157175061072,5.542334032310147,0.0045225667625499,PC14,p131648,p131648
1.6000004121672011,4.953034465873048,0.0050404365506925,PC15,p131648,p131648
-2.185587100031501,0.1124117173543001,2.0525045608565157e-05,PC16,p131648,p131648
-0.9883285993863384,0.3721982638353319,0.2927983753494581,PC17,p131648,p131648
-0.8176471521160188,0.4414691432403098,0.4162802592955182,PC18,p131648,p131648
1.2154748105360755,3.371894695421204,0.1523723765460803,PC19,p131648,p131648
-2.604355491228449,0.0739507837703926,2.2245870114964543e-22,PC20,p131648,p131648
-2.098669619231643,0.1226194503467759,0.0005469196644930549,PC21,p131648,p131648
-0.2667586385347058,0.7658578977439126,0.8436924678249672,PC22,p131648,p131648
-0.061768470520071,0.94010052258064,0.9647282546995012,PC23,p131648,p131648
0.0198966756097033,1.020095933790929,0.9884211678207724,PC24,p131648,p131648
2.1971617051407586,8.99943416802859,2.522306761134257e-06,PC25,p131648,p131648
1.7325914141233856,5.655290134702784,0.0200775694875811,PC26,p131648,p131648
0.7618913250853837,2.1423242227895853,0.5192951771719356,PC27,p131648,p131648
-2.5715746516431164,0.0764151234377745,4.399881609133774e-06,PC28,p131648,p131648
1.3059238990147937,3.691097720396513,0.2099692362706365,PC29,p131648,p131648
1.9497968950507607,7.027260164317581,0.0086726272213257,PC30,p131648,p131648
-1.1045268135047617,0.3313676438443456,0.3709015482299586,PC31,p131648,p131648
-1.7112692059257355,0.1806363822966347,0.0673032821421514,PC32,p131648,p131648
-0.3625776879442339,0.6958802500725628,0.8188279440732769,PC33,p131648,p131648
1.509745414494515,4.525578500951605,4.331552265936796e-62,PC1,p131670,p131670
1.567825021077493,4.796205196032547,0.0073232052655362,PC2,p131670,p131670
-1.0622295779933604,0.3456842205590925,0.7083471977270467,PC3,p131670,p131670
4.139359180653592,62.76258907842559,8.058764785538922e-43,PC4,p131670,p131670
-2.7560079655692413,0.0635449362694082,1.830120921452581e-08,PC5,p131670,p131670
2.700304179606688,14.88425852426165,1.9303476221661735e-10,PC6,p131670,p131670
-0.8277067001203002,0.4370504256149425,0.7782832001551971,PC7,p131670,p131670
-3.363192727993334,0.0346245355600299,1.877321443694695e-07,PC8,p131670,p131670
-2.365269968425091,0.0939239404471633,0.0017933606694943,PC9,p131670,p131670
-2.286504796488836,0.1016210280264223,0.065133789033497,PC10,p131670,p131670
-1.2240248387350805,0.2940443011724717,0.7143685495313652,PC11,p131670,p131670
-0.1249481407179503,0.882542669427082,0.9783535942120528,PC12,p131670,p131670
1.9183581564073848,6.809768710762762,0.2369945592191755,PC13,p131670,p131670
2.182376935417161,8.867358367217715,0.1168062261508802,PC14,p131670,p131670
2.2250451251566807,9.253900378189744,0.0578273251200295,PC15,p131670,p131670
0.3353638928459851,1.3984491782952284,0.9415894375188876,PC16,p131670,p131670
0.2607934516816357,1.2979595463832634,0.9570011097090758,PC17,p131670,p131670
-2.8170527625580557,0.0597818747043871,0.0002041449360348861,PC18,p131670,p131670
2.95346706721365,19.172310318898028,3.1046444798613148e-06,PC19,p131670,p131670
-3.008312567632253,0.0493749253514059,1.335134620416805e-07,PC20,p131670,p131670
-2.9444574204459086,0.0526306083626616,0.0057050226758438,PC21,p131670,p131670
0.6107346990632903,1.841784058844568,0.8922049120457433,PC22,p131670,p131670
-2.6592269749266846,0.0700023143786853,0.0042612534152499,PC23,p131670,p131670
2.4263779805649253,11.3178144071988,0.1155100838020568,PC24,p131670,p131670
-2.9512170305456222,0.0522760456736513,0.0668737473804962,PC25,p131670,p131670
2.7299215306985225,15.331683906177474,0.1232087812579847,PC26,p131670,p131670
3.0184246285428085,20.459035702400257,0.0057329160455772,PC27,p131670,p131670
-0.7218008978894113,0.4858764537014691,0.8864452195216838,PC28,p131670,p131670
1.9815707082264165,7.254128160202954,0.4283877257712901,PC29,p131670,p131670
-0.4287537673710956,0.6513202857439307,0.9404880652402298,PC30,p131670,p131670
-0.5275920700879875,0.5900239969646858,0.923822192081846,PC31,p131670,p131670
0.2785843479495408,1.3212580461030277,0.960676762228385,PC32,p131670,p131670
2.976769313178305,19.62431410861667,0.0006440771657129032,PC33,p131670,p131670
1.8210004862434237,6.1780363993204,6.476339386714695e-61,PC1,p131680,p131680
2.694538215461552,14.79868337200191,5.871568451177092e-10,PC2,p131680,p131680
2.1264685323235493,8.3852023915932,0.0653561667498439,PC3,p131680,p131680
3.261974479737584,26.10102223719126,3.904951973443e-10,PC4,p131680,p131680
3.271675293698362,26.355455507711213,1.5960777195984053e-07,PC5,p131680,p131680
2.173645180795441,8.790267827454752,0.4039104812232935,PC6,p131680,p131680
-1.968385887581544,0.1396821370238706,0.3901366011593026,PC7,p131680,p131680
-1.6017191571487328,0.2015497243342532,0.8141172826000277,PC8,p131680,p131680
3.054737790849511,21.21562186733576,0.0290259252878144,PC9,p131680,p131680
2.7415366322816466,15.510801191188143,0.2160077152204362,PC10,p131680,p131680
-2.53981075281679,0.0788813264470545,0.00015077109006587025,PC11,p131680,p131680
3.5302098370023103,34.13112883714402,0.043695743059722,PC12,p131680,p131680
1.963560381361542,7.124648427022868,0.8008515725252343,PC13,p131680,p131680
3.780740124935136,43.84848308446613,8.221049680726142e-08,PC14,p131680,p131680
-0.5849206970330744,0.557150043711762,0.9694014443778266,PC15,p131680,p131680
-3.7812889387688826,0.0227932933235514,2.6193634781071803e-06,PC16,p131680,p131680
-1.4120557479548443,0.2436419016319981,0.8750095266652995,PC17,p131680,p131680
3.068021001692661,21.49931344198157,0.1751165605205299,PC18,p131680,p131680
-2.3947024270020445,0.0911998134870531,0.6074687345960554,PC19,p131680,p131680
3.6416790416868463,38.15584823114446,0.029257538633008,PC20,p131680,p131680
-3.1393642333282603,0.0433103244116231,9.300654221176824e-06,PC21,p131680,p131680
3.599401668310568,36.57634311002549,0.00020011065906794465,PC22,p131680,p131680
-2.912113268658446,0.0543607295726708,0.4882650042594652,PC23,p131680,p131680
-2.9231460747313847,0.0537642745219349,0.5515221835645752,PC24,p131680,p131680
-0.4959403400138002,0.6089979727997639,0.981906692506094,PC25,p131680,p131680
-4.996738694441344,0.0067599573748592,7.078949144438672e-12,PC26,p131680,p131680
-4.4716169397939,0.0114288211863824,0.0330672239534854,PC27,p131680,p131680
3.444256085265037,31.319975386950738,0.0748240848255283,PC28,p131680,p131680
4.193046464560528,66.2242337416066,0.0400525199791128,PC29,p131680,p131680
-3.66083674095558,0.0257109902846817,0.0057027154612134,PC30,p131680,p131680
-1.9097636854680613,0.1481153842777776,0.8389203197858085,PC31,p131680,p131680
-2.48926959084554,0.0829705468952721,0.6433247245622253,PC32,p131680,p131680
-2.251762564137774,0.1052136152906765,0.6310223724101625,PC33,p131680,p131680
1.812220827457264,6.124032761416659,1.929872785737576e-32,PC1,p131684,p131684
3.547281275292845,34.718798205384026,5.397656387866976e-10,PC2,p131684,p131684
2.1872283837758397,8.91048242089128,0.1089114944891923,PC3,p131684,p131684
4.205015466274562,67.02163423328538,1.1856100097648352e-15,PC4,p131684,p131684
3.4596813325397875,31.80683909488881,0.0815828321630651,PC5,p131684,p131684
3.5019378774827103,33.17968786793143,0.0494359005121393,PC6,p131684,p131684
1.824102817336285,6.197232474629506,0.4174113566257503,PC7,p131684,p131684
-1.02849505760267,0.3575446399670304,0.974641256291578,PC8,p131684,p131684
-2.881058562967869,0.0560753720929529,7.801134080897383e-06,PC9,p131684,p131684
-2.6591411445134434,0.0700083229641122,0.0009004476168030743,PC10,p131684,p131684
1.9347821494485455,6.922535812854217,0.0605114625992861,PC11,p131684,p131684
-5.169119160443855,0.0056895782182096,7.987952651102074e-11,PC12,p131684,p131684
2.273676556946824,9.715053181196303,0.8356004350524564,PC13,p131684,p131684
-2.247666673134255,0.1056454425459724,0.765468224738521,PC14,p131684,p131684
4.409815956346161,82.25432372477192,0.0939236511200941,PC15,p131684,p131684
2.423697619729401,11.287519199899158,0.2152835309501671,PC16,p131684,p131684
-2.99510984308008,0.0500311312111977,0.634147852286887,PC17,p131684,p131684
-3.180956407803709,0.0415459012895606,7.517691903282955e-08,PC18,p131684,p131684
-5.062176689500294,0.0063317622218008,0.015842136973154,PC19,p131684,p131684
3.768888487861996,43.331874154464295,2.5519526475941382e-09,PC20,p131684,p131684
2.1850802897955512,8.891362410383373,0.7218227174445226,PC21,p131684,p131684
-2.4457116505949963,0.0866644381520947,0.0007077170749180911,PC22,p131684,p131684
-4.660530402421381,0.0094614426984796,0.0765134645512614,PC23,p131684,p131684
3.83385901263514,46.24063757404738,0.2516590393938809,PC24,p131684,p131684
2.936557328109921,18.850837226561996,0.7585784755089282,PC25,p131684,p131684
-4.472297649769556,0.0114210441210541,0.066909399740846,PC26,p131684,p131684
4.098888587681774,60.27326191192656,0.0829851903306679,PC27,p131684,p131684
3.907685933633828,49.7836159859714,0.1719105424053831,PC28,p131684,p131684
2.3100246976610124,10.074673472811206,0.8909415574044324,PC29,p131684,p131684
1.277139687995481,3.586366912515374,0.9702246664064054,PC30,p131684,p131684
-4.21840086093649,0.0147221684855553,0.2277520073262033,PC31,p131684,p131684
-4.324487505664179,0.013240333954204,0.000149040228127304,PC32,p131684,p131684
3.44960970721924,31.48810033192965,0.5148282136132297,PC33,p131684,p131684
1.7279013655963886,5.628828650863539,2.6113379547703297e-122,PC1,p131768,p131768
2.2366758678475454,9.36215845290692,8.992529066460374e-41,PC2,p131768,p131768
2.577544790325512,13.16477616237427,8.367136079314376e-08,PC3,p131768,p131768
0.7187363608187078,2.051838787895917,0.754059433926896,PC4,p131768,p131768
2.4597852950722783,11.702298729031266,6.890323055832956e-09,PC5,p131768,p131768
-0.3755726842056753,0.6868957917589371,0.8860241736995276,PC6,p131768,p131768
-0.410952217679115,0.6630186114118971,0.8757442252292325,PC7,p131768,p131768
-0.238389895881665,0.7878954340136232,0.9314514544362053,PC8,p131768,p131768
-2.4437624197682646,0.0868335318943503,0.0055374893338316,PC9,p131768,p131768
1.0493611397658598,2.855826061440911,0.6441162184534978,PC10,p131768,p131768
-3.0329996423463768,0.0481709256433067,2.8795681530794417e-05,PC11,p131768,p131768
1.4626192822756647,4.317252835540607,0.3394008872931463,PC12,p131768,p131768
-3.0892734385921137,0.0455350263816315,0.000622545515441569,PC13,p131768,p131768
0.4052544487984212,1.4996840443160568,0.8880694263602256,PC14,p131768,p131768
2.903672769505083,18.24101754420781,0.0020576936168532,PC15,p131768,p131768
-2.6911907352031514,0.0678001592510397,0.0026627951945737,PC16,p131768,p131768
1.1847032948779324,3.269716535884813,0.548609628890734,PC17,p131768,p131768
2.138593011979017,8.487487430821355,0.0042558089771068,PC18,p131768,p131768
-2.0220642402958164,0.1323819147575776,0.2024731933594267,PC19,p131768,p131768
-2.005749205260124,0.1345594452771903,0.3137619416901514,PC20,p131768,p131768
1.6477100739723056,5.195069870212548,0.3869012722088427,PC21,p131768,p131768
-1.8767737506712296,0.1530831944690219,0.1555325221115567,PC22,p131768,p131768
-1.901561557953758,0.1493352414195612,0.307024677956045,PC23,p131768,p131768
-1.8773268872553424,0.1529985419681042,0.3868428061706134,PC24,p131768,p131768
3.625027749211338,37.52576445552186,1.093302604463818e-08,PC25,p131768,p131768
-2.574880625863419,0.0761629141380788,2.893184742438798e-05,PC26,p131768,p131768
-2.243313118964964,0.1061063783292595,0.271461393484412,PC27,p131768,p131768
-2.171257928631078,0.1140340799160713,0.2272872796622539,PC28,p131768,p131768
-1.7245255346851251,0.1782576087641035,0.5083002672259349,PC29,p131768,p131768
2.5389840352338844,12.66679541354534,0.1516158382324054,PC30,p131768,p131768
0.1490946885104037,1.160782896808911,0.967924056027916,PC31,p131768,p131768
2.711817308250445,15.056613174219942,0.0183274833070069,PC32,p131768,p131768
3.0164248280795385,20.41816259597477,0.0015911949771184,PC33,p131768,p131768
1.4598417121586889,4.30527800124684,6.257013179337962e-53,PC1,p131820,p131820
1.9897190656098789,7.313478865952683,0.0011192866698796,PC2,p131820,p131820
-2.827468166822676,0.0591624536714673,2.713826056035621e-10,PC3,p131820,p131820
2.372010433856028,10.71892031682207,3.719238064994264e-05,PC4,p131820,p131820
1.1761254940046726,3.2417895060145208,0.7245591836565688,PC5,p131820,p131820
-1.6669361683014658,0.1888247074123316,0.6106818863070795,PC6,p131820,p131820
-2.9893233899929155,0.0503214732199282,8.681343509482762e-12,PC7,p131820,p131820
4.230797545398527,68.77205914676003,1.5883561715027608e-31,PC8,p131820,p131820
3.780168260633172,43.82341487078628,1.4482836545352998e-10,PC9,p131820,p131820
-3.369759210313747,0.0343979190104889,6.894692822364408e-09,PC10,p131820,p131820
3.434894230016413,31.02813054710291,4.2896088440551057e-10,PC11,p131820,p131820
1.4664770067719402,4.333939773671252,0.861644934441761,PC12,p131820,p131820
2.290393469499935,9.878823932475022,0.060304602159719,PC13,p131820,p131820
1.4138699695637638,4.111837338298975,0.8386478415224349,PC14,p131820,p131820
-3.8011849093613272,0.022344280217368,3.0063971329694052e-09,PC15,p131820,p131820
-4.001138499172972,0.0182947984146892,2.071906695631688e-07,PC16,p131820,p131820
4.080414477541263,59.169989399852845,2.207442795019685e-05,PC17,p131820,p131820
-2.3203888763602225,0.0982353767598254,0.1451256157380419,PC18,p131820,p131820
2.4133037849375247,11.170806188727878,0.3763124932001161,PC19,p131820,p131820
-1.871693605193856,0.1538628580925933,0.5360518520562435,PC20,p131820,p131820
3.3776458933317315,29.30171050507205,0.000250574537598619,PC21,p131820,p131820
3.143597790814581,23.187139447541348,0.2004275211341403,PC22,p131820,p131820
-3.417015311900484,0.0328102172064835,0.0124108752815192,PC23,p131820,p131820
0.071761966282472,1.0743995702998024,0.9968505139688084,PC24,p131820,p131820
2.2308930951967736,9.308175455189266,0.5759022978377173,PC25,p131820,p131820
-2.8931898653048465,0.0553992144293622,0.357746981188531,PC26,p131820,p131820
-0.1703410999660796,0.8433770916303378,0.991928582432874,PC27,p131820,p131820
2.8241665634217847,16.846898312113385,0.3359100069568704,PC28,p131820,p131820
-2.980172468263825,0.0507840744684077,0.0024412578107799,PC29,p131820,p131820
-3.9111622944237143,0.0200172216304488,0.0465517535470336,PC30,p131820,p131820
2.951107761547409,19.12713029622669,0.3830168642402643,PC31,p131820,p131820
0.1027811595944892,1.108248852908053,0.995519544978974,PC32,p131820,p131820
-3.358477300910312,0.0347881905811637,0.0001804730361405952,PC33,p131820,p131820
1.7343511386973878,5.665250649036518,1.15094556584417e-63,PC1,p131834,p131834
1.1043577503110793,3.0172859953893028,0.7969377052664464,PC2,p131834,p131834
2.424392970881313,11.295370718842046,0.3617120213786209,PC3,p131834,p131834
-3.356268419858028,0.0348651184872001,1.7674252790357253e-13,PC4,p131834,p131834
-2.1321725181122337,0.1185793979223315,0.036196291338271,PC5,p131834,p131834
4.151315754040726,63.51751877317152,1.1244651455602488e-06,PC6,p131834,p131834
2.406353300678824,11.09343287862991,0.2135492942924224,PC7,p131834,p131834
-0.7485415267041765,0.4730559893842834,0.9722029075131102,PC8,p131834,p131834
4.467896411314781,87.17315354435372,2.346327840229089e-12,PC9,p131834,p131834
-2.887153517583169,0.0557346346893378,0.2352260485320108,PC10,p131834,p131834
-4.660086312397189,0.0094656453639082,4.963681641336562e-13,PC11,p131834,p131834
-0.6315080324812339,0.5317892405674414,0.9777531955463932,PC12,p131834,p131834
3.5890476754092915,36.199585750478114,0.0005351211471667791,PC13,p131834,p131834
-2.1728913359284467,0.1138479678575641,0.6914048504300534,PC14,p131834,p131834
3.1632874838907785,23.64821139337253,0.000587977955793526,PC15,p131834,p131834
3.765622816864502,43.19059731716123,0.0175349187089521,PC16,p131834,p131834
2.289171117150736,9.866755906026691,0.7032737740843173,PC17,p131834,p131834
1.33817577379098,3.812083056757097,0.9066838870649914,PC18,p131834,p131834
4.10753334770882,60.79656846803219,0.0027422869006575,PC19,p131834,p131834
-2.117539450522532,0.1203273359244386,0.8895577458457581,PC20,p131834,p131834
2.846338338758066,17.22459559375734,0.4896897677528418,PC21,p131834,p131834
2.8259434042013227,16.87685917800462,0.4262826782643616,PC22,p131834,p131834
-4.6842588868451,0.0092395796494687,0.0002012192599023408,PC23,p131834,p131834
2.633749010261419,13.925880428271398,0.6354699414185914,PC24,p131834,p131834
2.983516656320872,19.75717381079094,0.0011541252666824,PC25,p131834,p131834
4.011904102427573,55.251975887472206,4.50991717128428e-05,PC26,p131834,p131834
-0.262966386003937,0.7687677382325758,0.993650283793209,PC27,p131834,p131834
4.325954676601042,75.63768793314468,0.0016591088520072,PC28,p131834,p131834
1.295175666142094,3.6516373868544494,0.9472965826558706,PC29,p131834,p131834
5.202900642021092,181.79881108237592,8.258793341809939e-17,PC30,p131834,p131834
3.1718061188875324,23.8505223577636,0.077674514330662,PC31,p131834,p131834
4.211252502278322,67.44095688494205,7.068630652240374e-09,PC32,p131834,p131834
-3.026117334613865,0.0485035962349268,0.5609364867907835,PC33,p131834,p131834
1.7176046646462846,5.571167654010618,1.442479429386657e-134,PC1,p131868,p131868
2.4432066121900062,11.50988938317258,3.7996402995595645e-16,PC2,p131868,p131868
3.0500324705897515,21.116030061358305,1.156489665969231e-10,PC3,p131868,p131868
2.76890377077756,15.94114927423228,1.7385235446935684e-06,PC4,p131868,p131868
1.466402036270013,4.333614868210412,0.2941051978196797,PC5,p131868,p131868
2.124011266753866,8.364623017310565,0.0029351998589463,PC6,p131868,p131868
-1.1568818798195315,0.3144651940165998,0.5460230705953056,PC7,p131868,p131868
-2.922268436607757,0.0538114808109339,5.52743580271574e-05,PC8,p131868,p131868
0.996737605541434,2.7094281707995185,0.714261702995523,PC9,p131868,p131868
1.5597389357089892,4.757579048997028,0.4582841891651934,PC10,p131868,p131868
-1.7112393754542423,0.1806417708454586,0.3340060458851779,PC11,p131868,p131868
1.9004038499830065,6.688595085926906,0.1876774641328798,PC12,p131868,p131868
2.9177401270611387,18.499433815735987,1.1569012262164612e-05,PC13,p131868,p131868
2.554108383349928,12.859828507133711,0.0126416291342057,PC14,p131868,p131868
-3.4921681769576915,0.0304348125233683,4.362588975516464e-21,PC15,p131868,p131868
-1.7059682177072155,0.181596476105754,0.4497438962001485,PC16,p131868,p131868
-1.1938559900388297,0.3030504486798016,0.4834387684555192,PC17,p131868,p131868
-1.9967853902930213,0.1357710333598467,0.3946141257304727,PC18,p131868,p131868
-3.0858471568604258,0.0456913097932845,0.0252124633874855,PC19,p131868,p131868
-0.3085459096453,0.7345142301373186,0.948562592443578,PC20,p131868,p131868
-1.7372758508932853,0.1759991962187586,0.5897024807090796,PC21,p131868,p131868
0.2067911515245724,1.2297257186184631,0.9661433985598924,PC22,p131868,p131868
-2.020459792341019,0.1325944851334141,0.3480557269912988,PC23,p131868,p131868
-0.6164327816906977,0.5398668295992842,0.8967047816890157,PC24,p131868,p131868
1.1431878412082674,3.136751910753712,0.7642132222111548,PC25,p131868,p131868
-0.2130860225012107,0.808086620594236,0.9674277464848784,PC26,p131868,p131868
-2.340572227857028,0.0962725326404763,0.0742074010674261,PC27,p131868,p131868
3.185072301216336,24.16903579336073,0.0446824136328901,PC28,p131868,p131868
1.5939221987522874,4.923020174378287,0.6186346986032628,PC29,p131868,p131868
2.201343073047079,9.037142895323788,0.3901757858113515,PC30,p131868,p131868
-1.2880213709533253,0.2758159810512665,0.7039955413594939,PC31,p131868,p131868
-2.1108039393868228,0.121140537625663,0.294096421535044,PC32,p131868,p131868
1.2144143970196648,3.368320987849051,0.7724023583042985,PC33,p131868,p131868
1.6524931711549349,5.219977915585939,4.192009009615581e-106,PC1,p131870,p131870
2.2843851750966317,9.819647004155778,1.0676903535437432e-19,PC2,p131870,p131870
0.8531329196398252,2.346988271532698,0.3016023393208734,PC3,p131870,p131870
-0.7458151785681592,0.4743474644044718,0.4277103401315104,PC4,p131870,p131870
-0.0470526244620348,0.9540371905754088,0.9787985528132545,PC5,p131870,p131870
-2.5519946802119606,0.0779260732775159,1.538218567863893e-07,PC6,p131870,p131870
-0.0460103959791604,0.9550320336459868,0.9805447374914372,PC7,p131870,p131870
-0.8143667699338663,0.4429197086554532,0.6478772775889924,PC8,p131870,p131870
1.9035850929511569,6.709907013246678,0.0002446104324461108,PC9,p131870,p131870
2.826299687258449,16.88287318826861,1.4456807901044865e-15,PC10,p131870,p131870
2.5711409709471544,13.080740674898902,2.1594624523708458e-07,PC11,p131870,p131870
1.1452338975544398,3.1431764521526486,0.4333312087822001,PC12,p131870,p131870
2.2981683160697703,9.955929626904128,1.6287086910759803e-05,PC13,p131870,p131870
-2.3727950564259173,0.093219807185035,3.6180357482775555e-08,PC14,p131870,p131870
-1.3662176536685475,0.255069900018233,0.3260744093404294,PC15,p131870,p131870
-0.070132511598978,0.9322702750957362,0.975496456095582,PC16,p131870,p131870
1.9847801616260663,7.277447347393736,0.0508097050157204,PC17,p131870,p131870
0.5144181338992894,1.6726649515538992,0.7973885383676772,PC18,p131870,p131870
-0.3769991917718766,0.6859166282729054,0.8644146168517884,PC19,p131870,p131870
-1.1506226570509124,0.3164396746296067,0.5998888859485589,PC20,p131870,p131870
1.771379902892813,5.87896016093096,0.1859387274329975,PC21,p131870,p131870
2.2306229149988663,9.305660910208054,0.0200598244843502,PC22,p131870,p131870
-0.7197751603720783,0.4868617094603727,0.719066143631821,PC23,p131870,p131870
1.7548234756111103,5.782426912481752,0.1929528150768441,PC24,p131870,p131870
-1.779010723356607,0.1688050595964944,0.2045557372439082,PC25,p131870,p131870
2.421910172487518,11.267361375728171,0.0016363153939364,PC26,p131870,p131870
1.1884313275622709,3.281928895893569,0.5816292218022349,PC27,p131870,p131870
0.0145555219671812,1.01466196941605,0.9956890701030698,PC28,p131870,p131870
-0.5892166602724086,0.5547616814366116,0.8100363580904654,PC29,p131870,p131870
-1.3083351759971904,0.2702696334204769,0.5125117644367083,PC30,p131870,p131870
0.3351934318266655,1.3982108175390155,0.9053609251411586,PC31,p131870,p131870
1.3844071929979993,3.992458445840944,0.4676646027322647,PC32,p131870,p131870
-1.889541089137976,0.1511411532406246,0.3495188145600455,PC33,p131870,p131870
1.5752299060191206,4.831852362363601,1.7779546657181678e-289,PC1,p131872,p131872
1.8782796866668845,6.542240472316188,1.0109046765688527e-26,PC2,p131872,p131872
0.6522035841639833,1.919766538593603,0.1813023804474041,PC3,p131872,p131872
1.1445772155890903,3.141113062432168,0.00032637149326058895,PC4,p131872,p131872
1.3457826646469766,3.841191729387879,0.0322532809581241,PC5,p131872,p131872
1.7346259323394335,5.66680763781098,1.4790425268882781e-08,PC6,p131872,p131872
0.057512638420899,1.0591986571685847,0.9507171771109006,PC7,p131872,p131872
-1.4481946392160785,0.2349941545938471,0.0008816109696771322,PC8,p131872,p131872
0.271892409658761,1.3124457872245034,0.7703577464528831,PC9,p131872,p131872
-1.5381400134291083,0.2147802184577801,0.0091196115884681,PC10,p131872,p131872
1.540658273391334,4.667661857505913,0.00022122506264223737,PC11,p131872,p131872
1.3184371958609906,3.737575711843245,0.1383569608990898,PC12,p131872,p131872
2.4347493356792365,11.412957533536025,8.065180018630202e-13,PC13,p131872,p131872
-1.90998247119509,0.1480829822904197,0.0007844719976159949,PC14,p131872,p131872
-0.682775392633244,0.5052128806790172,0.4579570230974966,PC15,p131872,p131872
1.8940021129459867,6.6459132238348,3.3573387472087475e-06,PC16,p131872,p131872
0.612959055545076,1.845885402888473,0.5630254772178804,PC17,p131872,p131872
0.0178224457404366,1.0179822132645124,0.9882208157087446,PC18,p131872,p131872
0.0292166069457499,1.0296475991437282,0.9806906342056516,PC19,p131872,p131872
-1.7795854729922107,0.1687080668259531,0.0106204893690864,PC20,p131872,p131872
0.769452052885168,2.158583140268863,0.4538639042202741,PC21,p131872,p131872
0.4191105523413632,1.520608452322938,0.7072669717172626,PC22,p131872,p131872
3.248167470941163,25.74312164749707,2.3244574884586445e-29,PC23,p131872,p131872
-0.1950128230378323,0.8228241068837175,0.883484660414881,PC24,p131872,p131872
1.767812043884632,5.858022233958704,0.031015095055478,PC25,p131872,p131872
0.7485134977333735,2.113855429086821,0.5537757986185967,PC26,p131872,p131872
-0.471107188731999,0.624310655757234,0.7168330938197064,PC27,p131872,p131872
2.4601910084154897,11.707047471020736,3.790711759213808e-12,PC28,p131872,p131872
-1.6419190596565063,0.1936081399830581,0.0465134581839526,PC29,p131872,p131872
1.6184357497920574,5.045192197912779,0.0883782937869317,PC30,p131872,p131872
-0.0964376798419313,0.9080664866833982,0.943865585252866,PC31,p131872,p131872
-0.2832012396384201,0.7533681650668357,0.8342630965447306,PC32,p131872,p131872
-0.638627240785306,0.5280167666372274,0.5990427159179869,PC33,p131872,p131872
2.115332902446404,8.292345848894104,6.927126772036368e-45,PC1,p131874,p131874
3.2405640479639817,25.54812805365792,1.1906695832524536e-08,PC2,p131874,p131874
3.4807493718467755,32.484055594029606,0.0074016454772839,PC3,p131874,p131874
4.281048834341029,72.31624800968481,7.358035375639375e-05,PC4,p131874,p131874
4.420121956615546,83.10642011805844,4.724847473382874e-11,PC5,p131874,p131874
-0.9083102060008388,0.4032049820603526,0.9692596952702176,PC6,p131874,p131874
4.07457684330785,58.82558288183726,0.0002096680446783688,PC7,p131874,p131874
2.8403050245611063,17.120987062323074,0.6101946825366097,PC8,p131874,p131874
2.974420589064154,19.57827609530618,0.0887163425909684,PC9,p131874,p131874
-2.729608289328207,0.0652448417640849,0.0174100086101837,PC10,p131874,p131874
-2.34801544709799,0.0955586152908326,0.2422315878241026,PC11,p131874,p131874
-0.8123482031310346,0.4438146746460976,0.9837623071875152,PC12,p131874,p131874
-5.567911787197866,0.0038184458404524,0.0126769552238382,PC13,p131874,p131874
-4.2892181917639,0.0137156441103197,0.00033390032024529305,PC14,p131874,p131874
4.208946174869864,67.28559518396627,1.605749620022421e-05,PC15,p131874,p131874
-7.285993244277834,0.0006850674589870589,5.4024907523135845e-11,PC16,p131874,p131874
4.545654293847614,94.2220559570752,7.976459202310672e-10,PC17,p131874,p131874
-3.09660717998784,0.0452023058082678,0.8335176281188446,PC18,p131874,p131874
3.6345451162391313,37.88461588046911,0.0013551156660436,PC19,p131874,p131874
1.7236653774233357,5.605035428752057,0.9507396330736454,PC20,p131874,p131874
-3.918832823598852,0.0198642663219575,0.1786512671968101,PC21,p131874,p131874
-4.018140370372715,0.0179863818669258,2.4222685933105345e-06,PC22,p131874,p131874
3.311259117625765,27.419628283059176,0.320614510847876,PC23,p131874,p131874
5.5972720303234045,269.68969770470534,0.0129271213691631,PC24,p131874,p131874
4.20211213965493,66.8273307382663,0.00021503854580018423,PC25,p131874,p131874
4.023482019823073,55.89539624669285,0.551999447545211,PC26,p131874,p131874
4.883909519083206,132.14628373430332,7.081328067189293e-07,PC27,p131874,p131874
-3.8546900571107927,0.0211801669350232,0.4901028355876015,PC28,p131874,p131874
4.03201928007582,56.37463256320906,1.2467275842428048e-05,PC29,p131874,p131874
-4.639982472226224,0.0096578669069605,0.0058014388942228,PC30,p131874,p131874
-4.599181604027589,0.0100600654936597,0.4596024995458296,PC31,p131874,p131874
-1.1715023236948012,0.3099010197256546,0.9749037998161733,PC32,p131874,p131874
-3.961870129193155,0.0190274971197994,0.0715420255636369,PC33,p131874,p131874
2.0058008510451115,7.4320434738606735,8.362923784448655e-108,PC1,p131900,p131900
3.1513845953258675,23.36839796604703,1.8519046268311613e-13,PC2,p131900,p131900
-2.5428631188125297,0.078640918861134,0.1289057952028096,PC3,p131900,p131900
4.031936634699903,56.36997365303003,2.438396746079604e-06,PC4,p131900,p131900
4.282085970230775,72.39128869287381,5.815794519752169e-12,PC5,p131900,p131900
-2.8257541314544428,0.0592639471664034,0.003165547131174,PC6,p131900,p131900
-3.601162017225928,0.027291990251382,0.0234229459802144,PC7,p131900,p131900
2.38461355016165,10.854866992669672,0.0097662265664745,PC8,p131900,p131900
-2.5950822777047167,0.0746397346357408,0.0008793296031026459,PC9,p131900,p131900
0.884150694685809,2.420927411591282,0.927442378218718,PC10,p131900,p131900
2.748823160713914,15.624233848338127,0.2219541021299735,PC11,p131900,p131900
-3.123282828196238,0.0440124457020203,2.347796298278529e-09,PC12,p131900,p131900
3.939049752681606,51.36976411990037,0.0004149999773083127,PC13,p131900,p131900
0.301920137182828,1.3524532116727697,0.9849231761428592,PC14,p131900,p131900
-4.206811075946079,0.0148937878476157,0.0059864812088073,PC15,p131900,p131900
3.3874532432308366,29.590496430230125,4.2947067682909453e-08,PC16,p131900,p131900
4.170764698383773,64.76495883547972,0.0018586317037564,PC17,p131900,p131900
-2.2261929730216483,0.1079385739892526,0.6630008247919412,PC18,p131900,p131900
-1.5062015661893755,0.2217506855640411,0.7928466751792008,PC19,p131900,p131900
2.395188440811637,10.970265109977133,0.1176585444723648,PC20,p131900,p131900
-4.176556178701668,0.0153512837165709,2.4230659461870835e-10,PC21,p131900,p131900
0.0025426021453221,1.002545837299479,0.9998805207449224,PC22,p131900,p131900
2.651609341492177,14.176835666225138,0.6597499861308956,PC23,p131900,p131900
2.852315095803921,17.327851075928685,0.2612468050604383,PC24,p131900,p131900
-4.569424797597559,0.0103639193547621,2.911189990291643e-07,PC25,p131900,p131900
-3.954610005463089,0.0191661417828776,1.3742175155784086e-05,PC26,p131900,p131900
3.3842729385929,29.496539122817463,0.2701541346549974,PC27,p131900,p131900
-3.761100730678496,0.0232581253477655,0.0063363709273245,PC28,p131900,p131900
-2.9049408604939813,0.0547520285136649,0.4194448767384532,PC29,p131900,p131900
2.973379064778002,19.557895460577303,0.0180686874174728,PC30,p131900,p131900
1.8089428043814928,6.103990907484325,0.8880517246369215,PC31,p131900,p131900
0.9366541283564986,2.551430362438825,0.949373209685416,PC32,p131900,p131900
4.833929068641246,125.70389085797868,6.06264727478113e-05,PC33,p131900,p131900
1.683135232915863,5.382404637259452,1.685191110932537e-194,PC1,p131964,p131964
1.7553090762624777,5.785235544638545,0.00010622849992992844,PC2,p131964,p131964
-0.5572969272392776,0.572755172190254,0.702039645214011,PC3,p131964,p131964
1.4771247369738418,4.380332947778384,0.065721891539245,PC4,p131964,p131964
-0.9584999887646228,0.3834676605824332,0.6294714966488671,PC5,p131964,p131964
-3.46302077647826,0.0313349629879733,2.702811993899689e-13,PC6,p131964,p131964
-2.149775575061766,0.1165103026570826,0.0070218485770737,PC7,p131964,p131964
-3.094025580494239,0.045319150816665,2.507638294701917e-12,PC8,p131964,p131964
-3.042630081220563,0.0477092451494946,1.5947214567353577e-11,PC9,p131964,p131964
-0.5099129538979423,0.6005478518867551,0.8449414476702536,PC10,p131964,p131964
-0.8041202728010967,0.4474814150245272,0.7415456815651962,PC11,p131964,p131964
2.696841617438819,14.83280997709808,5.695093104467444e-08,PC12,p131964,p131964
0.99865203475581,2.7146201474941494,0.617097337450299,PC13,p131964,p131964
3.1268985476099203,22.803146882757417,6.293582176656229e-07,PC14,p131964,p131964
1.69282206733971,5.434796445488041,0.3242550632882782,PC15,p131964,p131964
1.0373054743848458,2.821603878137074,0.5700192741147772,PC16,p131964,p131964
2.306120511627089,10.035416755969887,0.0093393236965563,PC17,p131964,p131964
-0.3540755520615263,0.7018219412578173,0.9056992589054036,PC18,p131964,p131964
2.534561905966794,12.6109048754982,2.7276094170444727e-06,PC19,p131964,p131964
-2.245107388543365,0.1059161655800546,0.0284691165225471,PC20,p131964,p131964
2.1116386649322245,8.261768468606357,0.0627760263000868,PC21,p131964,p131964
2.7357621475636646,15.421492411003358,0.0017854032199515,PC22,p131964,p131964
-3.6639393432534986,0.0256313429280699,4.446006556450761e-15,PC23,p131964,p131964
-2.541074661404928,0.0787816906396544,0.0259840318309429,PC24,p131964,p131964
-0.1767456155071653,0.8379929298178663,0.9545372518366376,PC25,p131964,p131964
-2.2775235763887807,0.1025378196370056,0.0730841465039787,PC26,p131964,p131964
-1.4551596284523935,0.2333631095357811,0.5019846722320345,PC27,p131964,p131964
-1.581450258856838,0.2056765974983889,0.4431538626919086,PC28,p131964,p131964
-1.5948412279113096,0.2029407472710804,0.3304670888003192,PC29,p131964,p131964
2.5557688966628693,12.881200162620503,0.0229349256263453,PC30,p131964,p131964
-2.2355181639233006,0.1069367047522314,0.1559853153449723,PC31,p131964,p131964
-3.2265705812203023,0.0396933908999165,0.0019727999774378,PC32,p131964,p131964
1.215911715986895,3.373368216464471,0.6316138874454212,PC33,p131964,p131964
1.913624716125072,6.777611244997786,2.716121880128993e-122,PC1,p131972,p131972
1.9604131982931443,7.10226110111001,5.9663443847732e-10,PC2,p131972,p131972
0.8684278157344655,2.383161138231192,0.7949251086727112,PC3,p131972,p131972
-0.4789266854468789,0.6194478975738588,0.9084736539554208,PC4,p131972,p131972
1.6886070054699034,5.41193665378402,0.1702254545814017,PC5,p131972,p131972
-3.9709187307172016,0.0188561014951652,7.754358921443017e-20,PC6,p131972,p131972
-0.0511055818456054,0.9501783436529944,0.9920236577368702,PC7,p131972,p131972
3.542085899339967,34.53888874938079,4.4629245697858725e-13,PC8,p131972,p131972
-1.879385312564076,0.1526839298110183,0.4206496422647483,PC9,p131972,p131972
1.3304287973749374,3.7826650367024928,0.6412908577547554,PC10,p131972,p131972
-3.426802280299181,0.0324906708929998,4.2817685953341264e-14,PC11,p131972,p131972
1.8639521718865075,6.449174717760667,0.3241360283612318,PC12,p131972,p131972
3.446556819834669,31.392117294911426,1.4138860242150389e-05,PC13,p131972,p131972
3.33027353806184,27.94598494838861,2.235576460466952e-05,PC14,p131972,p131972
3.033831085974128,20.77667754993377,0.0165068274668189,PC15,p131972,p131972
2.342391301324233,10.4060909327717,0.1124629431097747,PC16,p131972,p131972
-1.188231729749388,0.3047596853744534,0.8101394480425492,PC17,p131972,p131972
-0.3469877334285706,0.7068139983889715,0.9576095929708004,PC18,p131972,p131972
2.6461064097979023,14.09903576800542,0.0361039254788808,PC19,p131972,p131972
-3.7788056456908263,0.0228499660895077,7.131252851357354e-14,PC20,p131972,p131972
-1.839663047807362,0.1588709490036988,0.5738890325556831,PC21,p131972,p131972
-2.7260556022627065,0.0654770485042171,0.0002672480642420521,PC22,p131972,p131972
-1.4598034092334355,0.2322819347250517,0.6989306988186296,PC23,p131972,p131972
-2.73031161168916,0.065198969741236,0.039715288076582,PC24,p131972,p131972
-3.946844684097568,0.0193155523930704,1.0710939590274237e-07,PC25,p131972,p131972
3.143508106568238,23.185060019662497,0.00018385529093187293,PC26,p131972,p131972
-1.3152296700198896,0.2684126698163208,0.8079555168059263,PC27,p131972,p131972
2.1096551196143065,8.245397118467878,0.3870652110193592,PC28,p131972,p131972
-3.620537891905924,0.0267682741815243,0.0022786058638854,PC29,p131972,p131972
2.46787714700137,11.797376155013062,0.2773735068697686,PC30,p131972,p131972
1.3249668265982952,3.762060552583913,0.7302421154740554,PC31,p131972,p131972
0.1770135184278687,1.1936472292520406,0.9783251506514284,PC32,p131972,p131972
-2.1519464600190097,0.1162576465365914,0.4903793404095622,PC33,p131972,p131972
1.5138619434674128,4.544246573438397,4.555718835990461e-231,PC1,p132030,p132030
1.0899743006373064,2.9741976365971063,0.0530940262210948,PC2,p132030,p132030
-0.8736521531761114,0.4174242646526644,0.4414701328391348,PC3,p132030,p132030
-2.573309392277658,0.0762826779305694,8.441478076305095e-26,PC4,p132030,p132030
-1.007138880723967,0.3652625456863497,0.1846086106786579,PC5,p132030,p132030
3.252465537118862,25.85400541013379,1.1101795547321348e-42,PC6,p132030,p132030
-3.32787088077982,0.0358693940409453,1.5417645856872423e-53,PC7,p132030,p132030
0.4213124753718357,1.5239604041100392,0.7923076527065104,PC8,p132030,p132030
-1.127452722522063,0.3238571606718312,0.4292962210711458,PC9,p132030,p132030
0.8419786339761307,2.320954756454146,0.4810632281192675,PC10,p132030,p132030
-2.936177194050765,0.053068210939176,4.942893461849693e-12,PC11,p132030,p132030
-2.23190130919671,0.1073241795759339,0.00019483502594756408,PC12,p132030,p132030
1.2730987572042731,3.5719038937396683,0.3223677676670026,PC13,p132030,p132030
-1.2692621213978867,0.281038917893165,0.3880346565049495,PC14,p132030,p132030
-1.4780718592545892,0.2280770293054303,0.3393693629087571,PC15,p132030,p132030
0.3038447376621588,1.3550586501820987,0.8858781422152252,PC16,p132030,p132030
0.96081243882537,2.6138191792057457,0.5927741890631185,PC17,p132030,p132030
-1.7208618012852488,0.1789118949523247,0.1793787915037919,PC18,p132030,p132030
1.0505072956401351,2.85910115978521,0.5264068762336441,PC19,p132030,p132030
-0.9734939379001072,0.3777608566642572,0.6312123205756002,PC20,p132030,p132030
1.41009797893436,4.096356741077818,0.327330957490139,PC21,p132030,p132030
-2.820987981284069,0.059547082234435,1.780606708823557e-08,PC22,p132030,p132030
2.365620497469988,10.65064546615914,0.0020531041741987,PC23,p132030,p132030
-0.0556657271456502,0.9458552567886236,0.9815943474334476,PC24,p132030,p132030
1.369743976799796,3.934343283357432,0.3433902532591046,PC25,p132030,p132030
-1.083649856306241,0.3383583099772548,0.5801945205875564,PC26,p132030,p132030
-0.9214709180159611,0.3979332831538381,0.6863572191520263,PC27,p132030,p132030
0.3367958962395801,1.4004531968025098,0.8918948459215962,PC28,p132030,p132030
1.480621972195984,4.395678820871176,0.3400279915452437,PC29,p132030,p132030
-2.15873355502918,0.1154712664806574,0.0600353077378279,PC30,p132030,p132030
2.8495834318383664,17.280581800825367,1.1584075030340686e-05,PC31,p132030,p132030
1.2399899483928225,3.4555787304681385,0.4415302097266053,PC32,p132030,p132030
-0.0218583927998025,0.9783787707206087,0.993165649351895,PC33,p132030,p132030
1.6753670546560755,5.340755138380072,3.246281424931246e-240,PC1,p132032,p132032
1.385409657691132,3.996462751223744,0.0014812265008323,PC2,p132032,p132032
0.8056750197324443,2.23820682278407,0.4983634785166496,PC3,p132032,p132032
2.7225575352905205,15.219196144312113,5.60273686393535e-31,PC4,p132032,p132032
-1.0280042512613812,0.3577201682152852,0.3093438879292064,PC5,p132032,p132032
2.461018772710425,11.716742158821006,1.5033213037171477e-07,PC6,p132032,p132032
1.8089352515199035,6.103944805059961,0.0011360226598462,PC7,p132032,p132032
-0.9106748327653572,0.4022526791324115,0.4956176444735387,PC8,p132032,p132032
1.1451251416561008,3.1428346317617857,0.2649507007481099,PC9,p132032,p132032
0.8947660948778294,2.446763412029101,0.4755028555136969,PC10,p132032,p132032
-2.3895828464156432,0.091667915502243,4.118912195119522e-05,PC11,p132032,p132032
-1.606508175615173,0.2005868065384152,0.1211381291985118,PC12,p132032,p132032
-1.300255871841503,0.2724620687428827,0.3008732295362693,PC13,p132032,p132032
1.553579787938293,4.728366471243511,0.0962854423604278,PC14,p132032,p132032
0.9874267244469854,2.6843180871731263,0.4890739797113332,PC15,p132032,p132032
-0.822647238449923,0.43926726877895,0.622463047133957,PC16,p132032,p132032
-2.3367045463395613,0.0966456051333376,0.0046060431541667,PC17,p132032,p132032
-1.142470155939059,0.3190299938723701,0.4326891080953863,PC18,p132032,p132032
1.255811918185727,3.5106876086273475,0.2260777635654321,PC19,p132032,p132032
-1.7440206888378034,0.1748161045279415,0.1816990216008918,PC20,p132032,p132032
2.1068540562003317,8.222333554597757,0.0016066918064101,PC21,p132032,p132032
0.9385618139463312,2.556302334993096,0.4964431725471605,PC22,p132032,p132032
2.956892518077926,19.23809673559246,1.6615679086225302e-08,PC23,p132032,p132032
1.4599800704936894,4.305873713552739,0.2509985832566926,PC24,p132032,p132032
1.6462791228760465,5.187641295517752,0.1815799974194537,PC25,p132032,p132032
0.9175078717775732,2.5030447022969997,0.5682752716514252,PC26,p132032,p132032
-2.4258394511182844,0.0884038771516924,0.00021456095752006395,PC27,p132032,p132032
-1.3413999387159856,0.2614793571578641,0.3914552046423724,PC28,p132032,p132032
0.7161976548378978,2.04663637898088,0.698358524229546,PC29,p132032,p132032
1.884992324711924,6.586303890041353,0.0586595632543731,PC30,p132032,p132032
2.915434423213541,18.456828736231543,1.071741618897352e-07,PC31,p132032,p132032
-1.0316645021806976,0.3564132159864163,0.6132292625463175,PC32,p132032,p132032
1.3713835520449953,3.9407992262667886,0.3887817707695017,PC33,p132032,p132032
