coefficient,pvalue,var_explained,covar,disease_field
0.4319786649857008,8.215960505561962e-38,-1,Alcohol intake frequency,p130070
-0.5960716050103235,5.862420991945201e-108,-1,Smoking status,p130070
0.0100530785679766,2.7951430192967435e-22,-1,% body fat,p130070
0.0510885261155824,1.68321458970271e-10,-1,Hours slept per day,p130070
0.0546693740443832,8.893232667824872e-87,-1,TDI,p130070
0.4453946048067878,2.0941590689174587e-101,-1,Education,p130070
-0.0313496268602904,4.381093901452224e-16,-1,Days/week moderate activity,p130070
-0.0078518442878995,3.355425992360688e-22,-1,Grip strength,p130070
0.0200322956280451,7.333028605479461e-06,-1,Cooked veg intake,p130070
-0.0339902879010671,4.860532194415101e-12,-1,Raw veg intake,p130070
-0.0262705485707679,9.665960233241878e-06,-1,Fresh fruit intake,p130070
-0.0216869382326845,0.00026597835206388813,-1,Dried fruit intake,p130070
-0.1431780182095504,4.2335547860584886e-08,-1,Oily fish intake,p130070
0.5490852079767891,2.659556464301596e-07,-1,Non-oily fish intake,p130070
-0.4126617330090298,3.7836376322081846e-27,-1,Processed meat intake,p130070
0.2590964167661171,1.294834178228459e-20,-1,Poultry intake,p130070
-0.2094446241069257,4.3121916718593075e-14,-1,Beef intake,p130070
-0.3997784820720307,7.251042704324576e-16,-1,Lamb intake,p130070
-0.3375306537170048,6.825593806359023e-14,-1,Pork intake,p130070
0.0104184372382713,4.644670710355225e-28,-1,Bread intake,p130070
-0.0166940630394992,1.16784429311387e-07,-1,Cereal intake,p130070
-0.0137931882194701,0.0008393609910582195,-1,Water intake,p130070
0.5760176749913571,2.3534466213383623e-15,-1,Alcohol intake frequency,p130340
-0.4798416426811996,2.7191214584447207e-16,-1,Smoking status,p130340
0.025613817913182,6.0221204934679e-32,-1,% body fat,p130340
-0.0118293073261196,0.4854773839060345,-1,Hours slept per day,p130340
0.0803132987419016,3.2792982251505222e-46,-1,TDI,p130340
0.5664706901709289,1.9167154898192671e-35,-1,Education,p130340
-0.0290971618166256,0.00033626875778651895,-1,Days/week moderate activity,p130340
-0.0090253488348001,1.3303613514569537e-07,-1,Grip strength,p130340
0.0127162526288793,0.1911655635949061,-1,Cooked veg intake,p130340
-0.0078890957577343,0.407430681233135,-1,Raw veg intake,p130340
-0.0271816158874914,0.0300727332518066,-1,Fresh fruit intake,p130340
-0.0669834476301416,4.4548053200105895e-06,-1,Dried fruit intake,p130340
0.7531610356707031,4.136440022182785e-05,-1,Oily fish intake,p130340
0.6916475010965867,0.0008152832165957943,-1,Non-oily fish intake,p130340
-0.257708615835998,1.3775461464670794e-07,-1,Processed meat intake,p130340
0.9064194801053672,0.0005364581393262562,-1,Poultry intake,p130340
0.8150313697913589,7.086668327276261e-05,-1,Beef intake,p130340
-0.4259400506835763,0.00011171603485324872,-1,Lamb intake,p130340
-0.3356606454026853,0.0003944560312721514,-1,Pork intake,p130340
0.0057405246518353,0.0054287903031942,-1,Bread intake,p130340
-0.0395781311873507,1.864163165334041e-09,-1,Cereal intake,p130340
-0.00030384863447129534,0.9713265879446096,-1,Water intake,p130340
0.9723862339318352,0.0,-1,Alcohol intake frequency,p130708
-0.5404046410040355,2.6585849058135074e-197,-1,Smoking status,p130708
0.0446516068748291,0.0,-1,% body fat,p130708
0.0265668322297092,2.69708864407193e-07,-1,Hours slept per day,p130708
0.0867707501899248,0.0,-1,TDI,p130708
0.6751616188452073,0.0,-1,Education,p130708
-0.0584778899521733,8.823156670493491e-122,-1,Days/week moderate activity,p130708
-0.0019544345449722,0.00014498070880850883,-1,Grip strength,p130708
0.0261138983470939,4.317870900800257e-20,-1,Cooked veg intake,p130708
-0.0428978120790178,1.1536880925544602e-40,-1,Raw veg intake,p130708
0.0338608548893737,2.626633494351239e-23,-1,Fresh fruit intake,p130708
-0.0763757164740783,3.187746364665628e-65,-1,Dried fruit intake,p130708
0.5866789477445002,1.5068760337768808e-20,-1,Oily fish intake,p130708
0.6178878327125288,4.497895701795182e-19,-1,Non-oily fish intake,p130708
-0.4750746965757809,5.278549641528349e-222,-1,Processed meat intake,p130708
-0.4498637166060282,1.1133535625856282e-43,-1,Poultry intake,p130708
-0.5994256029999039,4.3932082819070295e-114,-1,Beef intake,p130708
-0.5286872179203835,8.422242881190886e-55,-1,Lamb intake,p130708
-0.6053011839857814,5.462169839802184e-83,-1,Pork intake,p130708
0.0241360689995596,0.0,-1,Bread intake,p130708
-0.0099312360643949,1.0118246401773903e-06,-1,Cereal intake,p130708
0.0185129047849499,9.028467831139568e-14,-1,Water intake,p130708
1.0024335053702125,6.851357487709395e-64,-1,Alcohol intake frequency,p130718
-0.5199106313836053,8.477932710338491e-25,-1,Smoking status,p130718
0.0184932900448201,1.291452632501356e-21,-1,% body fat,p130718
0.052030762652747,0.0005046050813323448,-1,Hours slept per day,p130718
0.1031291080228131,8.600610541834756e-99,-1,TDI,p130718
0.5480892318278229,4.154292074695426e-42,-1,Education,p130718
-0.0485016406329518,2.1191972061547887e-11,-1,Days/week moderate activity,p130718
-0.0196061099683769,4.133596699267812e-36,-1,Grip strength,p130718
0.0154121948663995,0.0707014589439656,-1,Cooked veg intake,p130718
-0.0383678868724261,4.0761995722582455e-05,-1,Raw veg intake,p130718
0.0262456478424676,0.0080324944067677,-1,Fresh fruit intake,p130718
-0.049277299805028,6.43539087860411e-05,-1,Dried fruit intake,p130718
0.2395208833031503,3.597587968018202e-05,-1,Oily fish intake,p130718
-0.122235949740077,0.0081454737219242,-1,Non-oily fish intake,p130718
-0.3721040368351198,5.2105988522082016e-17,-1,Processed meat intake,p130718
0.2759828238456705,9.62416027413299e-08,-1,Poultry intake,p130718
1.341791823614227,1.52296445617602e-09,-1,Beef intake,p130718
-0.5339086432988387,1.7732188774662883e-09,-1,Lamb intake,p130718
-0.5446916942133377,3.3470251838986024e-12,-1,Pork intake,p130718
0.020186686124793,1.7728665177837258e-37,-1,Bread intake,p130718
0.0128022962473304,0.0314233014236377,-1,Cereal intake,p130718
0.0251553824647967,0.0003204553700761984,-1,Water intake,p130718
0.8314546067878049,1.4298448441886367e-24,-1,Alcohol intake frequency,p130722
0.827848848331243,0.0005873429546381783,-1,Smoking status,p130722
0.0505918029962639,6.62535395492707e-89,-1,% body fat,p130722
0.0489514050752327,0.0116797502966345,-1,Hours slept per day,p130722
0.0247144315710529,0.00037943972139574167,-1,TDI,p130722
0.2573864754972552,1.1029920972212325e-07,-1,Education,p130722
-0.0269762757797288,0.0039552403738527,-1,Days/week moderate activity,p130722
-0.0496737988325286,1.6579137524529194e-112,-1,Grip strength,p130722
0.0187655382581803,0.0832713247152556,-1,Cooked veg intake,p130722
0.005390232920096,0.6031217067709502,-1,Raw veg intake,p130722
0.0325050994121793,0.0096097964350415,-1,Fresh fruit intake,p130722
0.0136668735076908,0.2321651009612335,-1,Dried fruit intake,p130722
-0.2354899662718325,0.00012582226472189912,-1,Oily fish intake,p130722
-0.1299107077458295,0.0492641550305589,-1,Non-oily fish intake,p130722
0.3185172676533012,6.553233263914367e-05,-1,Processed meat intake,p130722
0.6121182496344995,0.086113816566155,-1,Poultry intake,p130722
0.175898381213953,0.0519833783877742,-1,Beef intake,p130722
-0.1536888743242869,0.2466235048019961,-1,Lamb intake,p130722
-0.2476712236973019,0.0277468556746975,-1,Pork intake,p130722
-0.0137905542629642,3.39037472307608e-07,-1,Bread intake,p130722
0.0216255504226327,0.0051949955433388,-1,Cereal intake,p130722
0.0375135099316341,1.2644123395936248e-05,-1,Water intake,p130722
0.7492887356464789,8.73726088444996e-37,-1,Alcohol intake frequency,p130770
-0.7527167529368226,6.085985419672706e-56,-1,Smoking status,p130770
0.0313138070048142,1.0149486014302469e-57,-1,% body fat,p130770
-0.0179090748733043,0.2394774291639691,-1,Hours slept per day,p130770
0.090292812177846,5.472011544143592e-73,-1,TDI,p130770
0.6633433332405062,5.678792494288983e-56,-1,Education,p130770
-0.0246412325680285,0.0007092550929659652,-1,Days/week moderate activity,p130770
-0.0249553614771327,6.178732939515163e-55,-1,Grip strength,p130770
-0.0163934525907592,0.0983751040349893,-1,Cooked veg intake,p130770
-0.0520113252011107,9.856205946124309e-08,-1,Raw veg intake,p130770
-0.0260642672424952,0.0202310671288456,-1,Fresh fruit intake,p130770
-0.0505975833612704,5.090010308908182e-05,-1,Dried fruit intake,p130770
0.6431327726623361,2.362903102598336e-29,-1,Oily fish intake,p130770
0.7291465857723046,6.7954655006665435e-25,-1,Non-oily fish intake,p130770
-0.2276596702818976,3.407342715305541e-07,-1,Processed meat intake,p130770
0.4663568636200389,6.938123848826176e-12,-1,Poultry intake,p130770
-0.2348685525185695,1.0675757609325698e-05,-1,Beef intake,p130770
-0.3329094923000567,0.0008254170576658669,-1,Lamb intake,p130770
-0.3910507094312117,5.301880794539389e-06,-1,Pork intake,p130770
0.0094693091295184,1.2939037384181416e-07,-1,Bread intake,p130770
-0.0670545789095563,3.764666998669084e-30,-1,Cereal intake,p130770
0.0081624878073954,0.2718551946572357,-1,Water intake,p130770
0.7875248456259769,2.4841816517139766e-46,-1,Alcohol intake frequency,p130774
-0.5389717490622117,7.514325729659302e-35,-1,Smoking status,p130774
0.0401844672580897,2.60608847638863e-113,-1,% body fat,p130774
-0.0420181447298116,0.0023512189167102,-1,Hours slept per day,p130774
0.0987738803317278,3.038376054265661e-107,-1,TDI,p130774
0.3588613127495282,1.11651453218408e-24,-1,Education,p130774
-0.0241326381513748,0.0002516583551247388,-1,Days/week moderate activity,p130774
-0.0402896708364037,1.5226557455862704e-156,-1,Grip strength,p130774
0.0099027861646982,0.2175951898256116,-1,Cooked veg intake,p130774
-0.0071531994331899,0.354004817991214,-1,Raw veg intake,p130774
-0.0095921339956438,0.332115990464239,-1,Fresh fruit intake,p130774
-0.0043982347759684,0.6380675681386139,-1,Dried fruit intake,p130774
-0.1852878031951544,3.631284117813264e-05,-1,Oily fish intake,p130774
0.2275458151196223,0.0017879328691321,-1,Non-oily fish intake,p130774
0.333520223593897,0.0244044797615182,-1,Processed meat intake,p130774
0.1759819603620677,0.00033395550630112205,-1,Poultry intake,p130774
-0.1408176302722573,0.0062951607434802,-1,Beef intake,p130774
-0.29609079631393,0.000712936169047213,-1,Lamb intake,p130774
-0.285407900988088,0.0002693938390537166,-1,Pork intake,p130774
-0.0015895579192347,0.3694288358241692,-1,Bread intake,p130774
-0.0316262616082074,3.765860700467044e-09,-1,Cereal intake,p130774
0.0160494256940596,0.0147855219246104,-1,Water intake,p130774
0.3370125055359196,3.444328130845703e-14,-1,Alcohol intake frequency,p130820
-0.617351999762569,1.408588939730029e-72,-1,Smoking status,p130820
0.0154273549004688,7.231245820593505e-30,-1,% body fat,p130820
0.037923355676129,0.0003124131055135177,-1,Hours slept per day,p130820
0.0632662355432695,1.728260038283919e-69,-1,TDI,p130820
0.3590121631993537,7.890165238144674e-41,-1,Education,p130820
-0.024063161724496,1.9804516908234403e-06,-1,Days/week moderate activity,p130820
-0.0148214020137369,1.1523716636696633e-42,-1,Grip strength,p130820
0.0217590580548141,0.00016738046975534737,-1,Cooked veg intake,p130820
-0.0203918827397175,0.0010239547046048,-1,Raw veg intake,p130820
-0.026257637284975,0.0007647357977622429,-1,Fresh fruit intake,p130820
-0.0222727126612311,0.0045123233738387,-1,Dried fruit intake,p130820
-0.1244070210567876,0.00023315479822963965,-1,Oily fish intake,p130820
0.2777775940537032,0.0769006168138157,-1,Non-oily fish intake,p130820
-0.2654552769218815,4.38746725911154e-08,-1,Processed meat intake,p130820
-0.2233388139901782,0.00033863655114220134,-1,Poultry intake,p130820
-0.1576138936219876,1.6846738117677328e-05,-1,Beef intake,p130820
-0.4211477555621016,4.536824947364679e-11,-1,Lamb intake,p130820
-0.4021985722337211,3.1402995775895987e-10,-1,Pork intake,p130820
0.006013983896088,2.982696436687302e-06,-1,Bread intake,p130820
-0.0338877716712165,1.8555253647204678e-16,-1,Cereal intake,p130820
0.0186367832005585,0.00020568728319835845,-1,Water intake,p130820
0.6315002469803116,4.057682803395526e-61,-1,Alcohol intake frequency,p130826
-0.6658151547015259,5.204936313039554e-99,-1,Smoking status,p130826
0.0118405290759975,2.4784184990172333e-21,-1,% body fat,p130826
0.0644075450192138,2.1627976721094888e-11,-1,Hours slept per day,p130826
0.0755884224622543,3.060938182509715e-119,-1,TDI,p130826
0.5121083262015296,9.114804598790576e-89,-1,Education,p130826
-0.0197006536437725,2.2313894330419825e-05,-1,Days/week moderate activity,p130826
-0.0192988471201952,4.17513740184619e-82,-1,Grip strength,p130826
0.0096352451722566,0.089737259382388,-1,Cooked veg intake,p130826
-0.02859478004368,1.0206884837830623e-06,-1,Raw veg intake,p130826
-0.0106047003002597,0.1289030417335989,-1,Fresh fruit intake,p130826
-0.0255975659436288,0.00045415820761399904,-1,Dried fruit intake,p130826
-0.1764976660103366,2.06908481429096e-08,-1,Oily fish intake,p130826
0.6130479140565455,4.538243130239301e-07,-1,Non-oily fish intake,p130826
-0.2104085976584854,4.3732992041528425e-14,-1,Processed meat intake,p130826
1.1762253746311837,2.484590920571534e-17,-1,Poultry intake,p130826
0.8550722355953224,1.8708490207780505e-13,-1,Beef intake,p130826
-0.5093274712851245,5.888679995515533e-19,-1,Lamb intake,p130826
-0.3614163514091065,2.1944542637332628e-11,-1,Pork intake,p130826
0.0099588591163166,3.4037014803578953e-18,-1,Bread intake,p130826
-0.019260146406543,3.930171374140145e-07,-1,Cereal intake,p130826
0.0022383608301685,0.6421673299826736,-1,Water intake,p130826
0.5558069237136589,1.7804227157256737e-99,-1,Alcohol intake frequency,p130828
-0.6964452852388417,8.359201451374274e-235,-1,Smoking status,p130828
0.0141185398159051,5.306615145121173e-63,-1,% body fat,p130828
0.0394071343415022,1.520528072164963e-09,-1,Hours slept per day,p130828
0.0727464628520133,1.0486916817521315e-235,-1,TDI,p130828
0.5293138471958897,1.845386944483802e-206,-1,Education,p130828
-0.0190033219131623,1.3304494031539416e-09,-1,Days/week moderate activity,p130828
-0.0207084596960281,1.1605361988254708e-203,-1,Grip strength,p130828
0.0281194067848726,1.0962841189583817e-15,-1,Cooked veg intake,p130828
-0.0184461045089918,1.29813249472545e-06,-1,Raw veg intake,p130828
0.0123081676100504,0.0061929659478567,-1,Fresh fruit intake,p130828
-0.0060273967031291,0.1785029207978246,-1,Dried fruit intake,p130828
-0.2561272305225625,1.4699501142336095e-34,-1,Oily fish intake,p130828
-0.1331359879514416,2.291976948092057e-09,-1,Non-oily fish intake,p130828
-0.1593365221788879,2.3737528839558327e-17,-1,Processed meat intake,p130828
0.2939179735348598,2.32124042779485e-38,-1,Poultry intake,p130828
0.6753354225555224,1.6497439640643269e-15,-1,Beef intake,p130828
-0.4302413154246949,1.1149091927458812e-26,-1,Lamb intake,p130828
-0.289809035253302,1.672332403770032e-14,-1,Pork intake,p130828
0.0100975803566184,1.5353113662577152e-38,-1,Bread intake,p130828
-0.0074166578102155,0.0039164860597618,-1,Cereal intake,p130828
0.0149693393371031,2.097598760146177e-06,-1,Water intake,p130828
0.6798562050197988,3.143665651000425e-31,-1,Alcohol intake frequency,p130842
-0.2637638875663875,2.8575967303490324e-06,-1,Smoking status,p130842
0.0007505690129373117,0.7039152359609695,-1,% body fat,p130842
0.1302679048137391,2.2525837062757724e-18,-1,Hours slept per day,p130842
0.0482372584123798,7.531514504549986e-20,-1,TDI,p130842
0.6166842075536682,3.4606812493715276e-49,-1,Education,p130842
0.0207197303816733,0.0046252478095592,-1,Days/week moderate activity,p130842
-0.0280324601882538,1.089111521185689e-66,-1,Grip strength,p130842
0.0508821448254952,3.084077391133739e-14,-1,Cooked veg intake,p130842
0.006191829516625,0.444455006965712,-1,Raw veg intake,p130842
0.0590584455586194,1.6224589156258288e-11,-1,Fresh fruit intake,p130842
0.042267187265331,3.1828696090788427e-12,-1,Dried fruit intake,p130842
-0.5453750125317655,1.1592544810886733e-30,-1,Oily fish intake,p130842
-0.2504227702311662,9.88142445484488e-07,-1,Non-oily fish intake,p130842
-0.2363977122038704,1.1756823339591812e-07,-1,Processed meat intake,p130842
0.4558646280292447,3.969508013170304e-19,-1,Poultry intake,p130842
0.9608802615713964,5.685365184685421e-09,-1,Beef intake,p130842
-0.5837871422529382,9.563332983480412e-11,-1,Lamb intake,p130842
0.865333953630372,3.5325515297175424e-08,-1,Pork intake,p130842
0.0083106296200566,5.406817066742929e-06,-1,Bread intake,p130842
0.0359890941113368,3.3951099843375794e-09,-1,Cereal intake,p130842
-0.0158414744661982,0.0450102786496945,-1,Water intake,p130842
0.5790044115942833,6.397520534670698e-36,-1,Alcohol intake frequency,p130846
-0.6351989743710019,9.865021688353117e-57,-1,Smoking status,p130846
0.0069423672298867,7.772822607477095e-06,-1,% body fat,p130846
0.0717852622469383,1.7862423564617054e-09,-1,Hours slept per day,p130846
0.0710474551039237,1.2017702172833644e-68,-1,TDI,p130846
0.5977077779163997,1.2722164082463885e-74,-1,Education,p130846
0.0124673983898014,0.0304655624095934,-1,Days/week moderate activity,p130846
-0.0188883802024657,1.064578761328437e-51,-1,Grip strength,p130846
0.0367711442409799,6.796181806118641e-10,-1,Cooked veg intake,p130846
-0.0226959931824352,0.001493376339629,-1,Raw veg intake,p130846
0.0272609625168283,0.0005701220027588688,-1,Fresh fruit intake,p130846
0.0220532139871697,0.0006159349203676631,-1,Dried fruit intake,p130846
-0.4432912174204534,2.027175293415481e-31,-1,Oily fish intake,p130846
-0.2757806460616957,1.0170251015564316e-11,-1,Non-oily fish intake,p130846
-0.3411580078941608,2.005187612787297e-22,-1,Processed meat intake,p130846
0.4149748687167667,1.0561961469277263e-24,-1,Poultry intake,p130846
0.9278174516709266,1.872707976396948e-12,-1,Beef intake,p130846
-0.5254454292606525,2.5406216999369934e-13,-1,Lamb intake,p130846
0.7047724565752358,4.1089915889079843e-08,-1,Pork intake,p130846
0.0136776469807531,1.6908297239403216e-23,-1,Bread intake,p130846
-0.0045286598715356,0.3392145086243073,-1,Cereal intake,p130846
-0.0063310992098571,0.2994564686718239,-1,Water intake,p130846
0.4816947321832061,3.0083902305558715e-14,-1,Alcohol intake frequency,p131022
0.5878405245971379,9.83698520212724e-16,-1,Smoking status,p131022
-0.0183817383064314,2.9774786599000003e-19,-1,% body fat,p131022
0.0694807006410782,8.30639430243249e-06,-1,Hours slept per day,p131022
-0.0095515442744817,0.1042930176234317,-1,TDI,p131022
0.148762096391993,9.566290975166646e-05,-1,Education,p131022
-0.0117544426670539,0.1187663380945525,-1,Days/week moderate activity,p131022
-0.0072543195645224,4.739667747439721e-06,-1,Grip strength,p131022
0.039797587750634,1.3656801118228133e-07,-1,Cooked veg intake,p131022
-0.0286295455242841,0.0026194116880628,-1,Raw veg intake,p131022
0.0366655347203026,0.0002375307010804598,-1,Fresh fruit intake,p131022
0.03721338808037,1.893161757598039e-08,-1,Dried fruit intake,p131022
-0.247082795174438,8.039092537471578e-07,-1,Oily fish intake,p131022
0.2866593238232354,0.2218779309723995,-1,Non-oily fish intake,p131022
-0.2255257397037345,7.32390488682564e-07,-1,Processed meat intake,p131022
0.163029727504588,1.6193315486082068e-05,-1,Poultry intake,p131022
0.3632246568371848,0.1150051466035368,-1,Beef intake,p131022
-0.2792562976172589,0.0068467129044529,-1,Lamb intake,p131022
0.325156823940052,0.1193912946369511,-1,Pork intake,p131022
0.0100536112134412,5.401528584978478e-08,-1,Bread intake,p131022
0.0414402867510576,3.8332900208375086e-11,-1,Cereal intake,p131022
-0.0369514082246497,1.2113687790527862e-05,-1,Water intake,p131022
0.7050865605130792,1.6357980802448492e-24,-1,Alcohol intake frequency,p131036
1.2688748316937104,3.236841450368755e-12,-1,Smoking status,p131036
0.0047899936313264,0.0302302172803452,-1,% body fat,p131036
0.1075566904953671,1.5902385010630708e-10,-1,Hours slept per day,p131036
0.0286092679954086,2.507769943811505e-06,-1,TDI,p131036
0.7106649385118649,4.640894875716963e-49,-1,Education,p131036
0.0547132437460124,2.721195584460413e-11,-1,Days/week moderate activity,p131036
-0.0288047896552284,4.152334416036756e-56,-1,Grip strength,p131036
0.0479249037095069,4.1560685237133466e-10,-1,Cooked veg intake,p131036
0.0262097223119613,0.0011926750940208,-1,Raw veg intake,p131036
0.0779551496208487,5.86700734322729e-19,-1,Fresh fruit intake,p131036
0.0528470698222832,1.0195362148324908e-18,-1,Dried fruit intake,p131036
-0.5682042245049845,1.5347872839115536e-26,-1,Oily fish intake,p131036
-0.2763474871714405,1.223054208404846e-06,-1,Non-oily fish intake,p131036
1.1007998469627274,4.819102566056028e-06,-1,Processed meat intake,p131036
0.4246631373349655,1.1890543238482688e-13,-1,Poultry intake,p131036
1.6415436968522332,2.4277931462336744e-05,-1,Beef intake,p131036
0.8013462987588688,1.7957142478995684e-05,-1,Lamb intake,p131036
1.0096115867984226,3.371198136987089e-09,-1,Pork intake,p131036
0.0050266791322051,0.0169221368998792,-1,Bread intake,p131036
0.0565762169770309,1.3595780951693956e-16,-1,Cereal intake,p131036
0.0057178715532222,0.4982643320030592,-1,Water intake,p131036
-0.4692781847797455,2.603237491399613e-14,-1,Alcohol intake frequency,p131038
-0.5478003649226277,1.1356461107681261e-19,-1,Smoking status,p131038
-0.0093050292448649,7.753565297582105e-05,-1,% body fat,p131038
0.0522121553890388,0.0038386299585003,-1,Hours slept per day,p131038
0.0792788924954729,3.042340693694411e-39,-1,TDI,p131038
0.4828779172190342,5.7103112289286576e-24,-1,Education,p131038
-0.0064132899816525,0.4608029090691842,-1,Days/week moderate activity,p131038
-0.0159895828332556,1.2099398091934107e-17,-1,Grip strength,p131038
0.0220920252355999,0.0253750766462669,-1,Cooked veg intake,p131038
-0.0252047456600771,0.0204481535776669,-1,Raw veg intake,p131038
0.000612501199412845,0.9618407314823956,-1,Fresh fruit intake,p131038
0.0215530014274935,0.0255496319241146,-1,Dried fruit intake,p131038
0.9692227707469538,3.256322156764654e-09,-1,Oily fish intake,p131038
0.8989260193364772,3.243126757112398e-06,-1,Non-oily fish intake,p131038
-0.3235807044515132,1.189171754674602e-09,-1,Processed meat intake,p131038
1.3696483506727737,4.759447512695971e-09,-1,Poultry intake,p131038
0.9115769459647796,4.372456709903659e-06,-1,Beef intake,p131038
-0.4319016363844167,0.00013369645760099883,-1,Lamb intake,p131038
-0.3934983091556672,0.00011150830964739394,-1,Pork intake,p131038
0.0091772639313915,1.987666236428347e-05,-1,Bread intake,p131038
-0.0133769608365073,0.0604959811560291,-1,Cereal intake,p131038
-0.0068575585867831,0.4567201422320634,-1,Water intake,p131038
0.3981128801511599,2.798970757971705e-22,-1,Alcohol intake frequency,p131056
-0.329344733271214,4.827680908909358e-21,-1,Smoking status,p131056
0.0054942758245815,1.7919926711711565e-05,-1,% body fat,p131056
0.0565478515843932,1.0191590050101902e-08,-1,Hours slept per day,p131056
0.0251864061806652,1.1541518958135296e-12,-1,TDI,p131056
0.3891664770300077,7.834938367631135e-53,-1,Education,p131056
0.0075001157404464,0.1144919691184839,-1,Days/week moderate activity,p131056
-0.0072790633028491,3.479999858209861e-13,-1,Grip strength,p131056
0.0291934209139017,2.030391253695873e-08,-1,Cooked veg intake,p131056
-0.023633365076915,6.286124401415213e-05,-1,Raw veg intake,p131056
0.0025732117214309,0.7120668490576689,-1,Fresh fruit intake,p131056
0.0080722302902635,0.191146763426395,-1,Dried fruit intake,p131056
-0.3161302510916774,7.26875289936755e-24,-1,Oily fish intake,p131056
-0.1437078110538228,2.257048272143092e-05,-1,Non-oily fish intake,p131056
-0.2290029393920842,5.910358787469971e-07,-1,Processed meat intake,p131056
-0.2505734349820991,2.132574343916547e-05,-1,Poultry intake,p131056
-0.2844054720495921,3.5290950466176653e-09,-1,Beef intake,p131056
-0.3491054767569101,1.550046929025582e-08,-1,Lamb intake,p131056
-0.2192707254281331,0.0006431326412097568,-1,Pork intake,p131056
0.0105357476505088,1.7629916784171683e-19,-1,Bread intake,p131056
0.0122190640434293,0.0018652366534984,-1,Cereal intake,p131056
-0.0298909814941901,1.3391801235879073e-08,-1,Water intake,p131056
0.5925933385723728,1.7641681442074893e-27,-1,Alcohol intake frequency,p131086
-0.4707949286417478,5.1381606987988005e-24,-1,Smoking status,p131086
0.0097939107709799,3.5935884487486745e-08,-1,% body fat,p131086
-0.0107509132842558,0.4371264121640881,-1,Hours slept per day,p131086
0.0623324797526862,2.7826777684647766e-40,-1,TDI,p131086
0.2205697956404256,8.413051586785636e-11,-1,Education,p131086
-0.0507796561181141,2.1387549045908742e-14,-1,Days/week moderate activity,p131086
-0.0071998005238599,2.224155777026357e-07,-1,Grip strength,p131086
0.020511760469281,0.0069091432621747,-1,Cooked veg intake,p131086
-0.0170799089296021,0.0335724355149462,-1,Raw veg intake,p131086
0.0214434922681472,0.0200544690777992,-1,Fresh fruit intake,p131086
0.00148563953924,0.8692375868352996,-1,Dried fruit intake,p131086
-0.2359632641054456,7.882279442394745e-08,-1,Oily fish intake,p131086
0.3191881125657645,1.276290859992753e-05,-1,Non-oily fish intake,p131086
-0.1867373735341971,1.981023329341036e-06,-1,Processed meat intake,p131086
0.2167164302284366,6.854089023377428e-06,-1,Poultry intake,p131086
-0.1525918755510024,0.0013910108831025,-1,Beef intake,p131086
-0.3395394764113327,8.00179572494521e-05,-1,Lamb intake,p131086
-0.34574277895783,5.387992148953814e-06,-1,Pork intake,p131086
0.0105872111133235,5.473614093818512e-11,-1,Bread intake,p131086
-0.0055823940949036,0.3035821972064791,-1,Cereal intake,p131086
0.0209090743914588,0.0013159683471611,-1,Water intake,p131086
0.5610715104311434,4.294419859081549e-12,-1,Alcohol intake frequency,p131126
-0.5694582250407852,1.177919870970017e-18,-1,Smoking status,p131126
0.0046950664899936,0.0645988346823881,-1,% body fat,p131126
-0.0555247737015804,0.0050505914503087,-1,Hours slept per day,p131126
0.0605541710715341,1.6952612136707857e-19,-1,TDI,p131126
0.5074333505043112,2.624640202698349e-22,-1,Education,p131126
-0.0261408304701359,0.0056688009517849,-1,Days/week moderate activity,p131126
-0.0139435032234956,4.797704610184263e-12,-1,Grip strength,p131126
0.0441978548596772,1.1106100773416637e-06,-1,Cooked veg intake,p131126
0.0027353864725863,0.7963537995869344,-1,Raw veg intake,p131126
0.0298196431204808,0.0197804494610341,-1,Fresh fruit intake,p131126
-0.0176678750806928,0.2191625037590416,-1,Dried fruit intake,p131126
0.1690075519092033,0.0317343235798439,-1,Oily fish intake,p131126
0.6150615989707222,0.1741059825568146,-1,Non-oily fish intake,p131126
-0.3401881278171852,0.00021777483054301116,-1,Processed meat intake,p131126
0.637087688116742,0.0740830916078195,-1,Poultry intake,p131126
-0.184903837098405,0.0062938772564348,-1,Beef intake,p131126
-0.414744609390313,0.0005223788743979545,-1,Lamb intake,p131126
-0.540252781505932,7.728106579168334e-08,-1,Pork intake,p131126
0.0012405238562539,0.6181974081676835,-1,Bread intake,p131126
-0.0179458427013272,0.020059818846816,-1,Cereal intake,p131126
0.0053572666021548,0.5812326630246702,-1,Water intake,p131126
0.239914065728338,2.157551993396508e-20,-1,Alcohol intake frequency,p131164
0.335867516373165,5.519541991023936e-47,-1,Smoking status,p131164
0.0264244533271477,1.3470444602399384e-268,-1,% body fat,p131164
0.0273076000422308,2.8887030205905657e-06,-1,Hours slept per day,p131164
0.014654913748949,4.349515219655797e-12,-1,TDI,p131164
0.4172254861996011,2.3641728460170204e-171,-1,Education,p131164
0.0163000626847505,5.4692063382752166e-09,-1,Days/week moderate activity,p131164
-0.0301581674994289,0.0,-1,Grip strength,p131164
0.0381162631743116,1.142730404222997e-36,-1,Cooked veg intake,p131164
-0.0024985516378432,0.4369804394225801,-1,Raw veg intake,p131164
0.0442961588543719,1.5567646287243906e-32,-1,Fresh fruit intake,p131164
0.024787068492329,2.9179291743101214e-14,-1,Dried fruit intake,p131164
-0.288778104851872,1.1177335355866523e-54,-1,Oily fish intake,p131164
-0.1238515806045585,6.060173129667934e-10,-1,Non-oily fish intake,p131164
-0.058448038963416,0.0232700340512285,-1,Processed meat intake,p131164
0.1559089671460231,2.222469015932048e-28,-1,Poultry intake,p131164
0.0578447374253857,0.006883302507208,-1,Beef intake,p131164
-0.1259851536081772,0.0016396592925996,-1,Lamb intake,p131164
0.2720461723787828,0.0008592990140615478,-1,Pork intake,p131164
0.0016354945020455,0.0265124007662122,-1,Bread intake,p131164
0.0222997909239577,6.23734015227978e-22,-1,Cereal intake,p131164
-0.0278681256863868,1.2079138088096417e-19,-1,Water intake,p131164
-0.1958695387890177,8.101062966128203e-35,-1,Alcohol intake frequency,p131166
0.2904654861851737,1.5887682857783866e-51,-1,Smoking status,p131166
0.0228149059123163,1.215251032854673e-291,-1,% body fat,p131166
0.0379883553608827,3.655801373974369e-15,-1,Hours slept per day,p131166
0.0100134600149286,1.3647686312428905e-08,-1,TDI,p131166
0.2157323274016804,1.48537616049635e-74,-1,Education,p131166
0.0123549881492037,9.370261478469879e-08,-1,Days/week moderate activity,p131166
-0.0245249623286487,0.0,-1,Grip strength,p131166
0.0328312397096411,3.0076606094565724e-36,-1,Cooked veg intake,p131166
-0.0042678690868676,0.1108249002445655,-1,Raw veg intake,p131166
0.0483751117975692,3.0029705554980644e-54,-1,Fresh fruit intake,p131166
0.034917046843549,5.598156278015524e-38,-1,Dried fruit intake,p131166
-0.2888790007902321,7.3604822387613e-79,-1,Oily fish intake,p131166
-0.1252408914541309,4.0810252337484304e-14,-1,Non-oily fish intake,p131166
0.0706536016221297,3.691905921056919e-07,-1,Processed meat intake,p131166
0.2404888868724231,9.07053404492178e-45,-1,Poultry intake,p131166
-0.1543983600777912,2.510871760658892e-11,-1,Beef intake,p131166
-0.2915574723774128,5.0093065598624755e-18,-1,Lamb intake,p131166
0.3185015268804594,3.618088405854036e-06,-1,Pork intake,p131166
0.0010912339298554,0.0749443599808158,-1,Bread intake,p131166
0.021038770749814,5.087191967463554e-28,-1,Cereal intake,p131166
-0.0203309798381594,5.0023546804114285e-16,-1,Water intake,p131166
-0.1589912096302666,0.0092691996505778,-1,Alcohol intake frequency,p131180
0.329055486100607,2.115362162682337e-05,-1,Smoking status,p131180
0.0052164130673365,0.0343943025217266,-1,% body fat,p131180
0.0849228115819034,6.820236218682256e-06,-1,Hours slept per day,p131180
-0.0111908537464221,0.1182923577070063,-1,TDI,p131180
0.1906850421623569,4.5876664132700975e-05,-1,Education,p131180
0.000850544284597006,0.9259440467342124,-1,Days/week moderate activity,p131180
-0.0049448284575497,0.0098898060630338,-1,Grip strength,p131180
0.0490499982233733,6.293535822327812e-09,-1,Cooked veg intake,p131180
0.0044781061050509,0.660796133255896,-1,Raw veg intake,p131180
0.0236621636169222,0.0620532221801445,-1,Fresh fruit intake,p131180
0.0233498161808113,0.0182012585974965,-1,Dried fruit intake,p131180
-0.608427811699873,7.419671550323086e-12,-1,Oily fish intake,p131180
-0.5663087280225179,3.382471309294453e-05,-1,Non-oily fish intake,p131180
-0.4551601114876942,1.5794964533869029e-06,-1,Processed meat intake,p131180
-0.3785436251900961,0.0015703244016093,-1,Poultry intake,p131180
-0.380428063662419,8.983934957390661e-05,-1,Beef intake,p131180
-0.5002150132453494,6.615293382436165e-05,-1,Lamb intake,p131180
-0.435980905836245,0.0002895049617039011,-1,Pork intake,p131180
0.0091892961446646,4.933118141218685e-05,-1,Bread intake,p131180
0.0141289612578889,0.061864820125796,-1,Cereal intake,p131180
-0.0212264653214863,0.0335091786021084,-1,Water intake,p131180
-0.1874735405017921,2.5481633459632673e-13,-1,Alcohol intake frequency,p131182
0.3334601404372585,8.600290682465417e-26,-1,Smoking status,p131182
0.0186730794560372,2.5489589675300077e-77,-1,% body fat,p131182
0.0396400628596453,3.299723200387992e-07,-1,Hours slept per day,p131182
0.0041742968868033,0.1438110721530843,-1,TDI,p131182
0.2325861945599731,7.779903864721697e-34,-1,Education,p131182
0.0026093292563271,0.4837615533754986,-1,Days/week moderate activity,p131182
-0.019211742713981,3.3500317121071377e-125,-1,Grip strength,p131182
0.0424373271613603,6.841869932043137e-29,-1,Cooked veg intake,p131182
0.0033963199512262,0.4166356782190605,-1,Raw veg intake,p131182
0.0487404324593341,4.276991945763398e-24,-1,Fresh fruit intake,p131182
0.0266202043659009,9.898159835774483e-11,-1,Dried fruit intake,p131182
-0.2678843909983254,3.5946930424020904e-27,-1,Oily fish intake,p131182
-0.1566504636048999,3.7108720208123752e-09,-1,Non-oily fish intake,p131182
0.4926663104885642,0.001388095075179,-1,Processed meat intake,p131182
0.1441055640354762,1.9365998479512533e-14,-1,Poultry intake,p131182
-0.1018211633818626,0.0064273778972135,-1,Beef intake,p131182
-0.2553181813590869,3.092963930367665e-06,-1,Lamb intake,p131182
-0.1464604235945422,0.004225034323604,-1,Pork intake,p131182
0.0026008036545386,0.0076667499600475,-1,Bread intake,p131182
0.0238945991196756,1.0481783304225403e-14,-1,Cereal intake,p131182
-0.0224143549984454,3.55463776376591e-08,-1,Water intake,p131182
0.1900687662919557,5.964912664999931e-06,-1,Alcohol intake frequency,p131190
0.5433730514302901,4.507376167701803e-37,-1,Smoking status,p131190
0.0163290530293505,6.19337075553685e-42,-1,% body fat,p131190
0.0292236892993463,0.0017336061310389,-1,Hours slept per day,p131190
-0.0286990759109562,1.2303821071411749e-15,-1,TDI,p131190
-0.0344353952381947,0.1151161001878575,-1,Education,p131190
-0.0022664296546901,0.6123396343241202,-1,Days/week moderate activity,p131190
-0.0200135192882812,2.2892790633349802e-94,-1,Grip strength,p131190
0.0305810471839344,3.1907946312103555e-10,-1,Cooked veg intake,p131190
0.0147222859900422,0.0019247235888751,-1,Raw veg intake,p131190
0.0510969679419107,2.0401506487123932e-19,-1,Fresh fruit intake,p131190
0.0410819642320987,1.5043784423961457e-21,-1,Dried fruit intake,p131190
-0.4214816039744293,9.662013020912218e-24,-1,Oily fish intake,p131190
-0.2583524657079724,1.4623080592528198e-05,-1,Non-oily fish intake,p131190
0.1849968152706246,7.582073340502669e-12,-1,Processed meat intake,p131190
0.1272762434406045,1.8934219342010255e-08,-1,Poultry intake,p131190
0.1082887223916295,0.0018480325211415,-1,Beef intake,p131190
0.5767716038525204,0.330759045983914,-1,Lamb intake,p131190
0.0996832154681077,0.1256843957069274,-1,Pork intake,p131190
-0.0012474792668717,0.2989140116935977,-1,Bread intake,p131190
0.0431802204910999,4.895644270297592e-31,-1,Cereal intake,p131190
-0.0223215144511439,4.84729649957109e-06,-1,Water intake,p131190
0.3902295379194424,7.384952844281077e-16,-1,Alcohol intake frequency,p131282
-0.2215639426554539,1.895683163978576e-07,-1,Smoking status,p131282
0.0026098713724298,0.0769592622339157,-1,% body fat,p131282
0.026371716330791,0.0209240364232169,-1,Hours slept per day,p131282
0.0364090536932874,1.2719086271709772e-19,-1,TDI,p131282
0.4734664605331053,3.189508189147662e-56,-1,Education,p131282
0.0075186988968641,0.1693174914039486,-1,Days/week moderate activity,p131282
-0.0084138980028524,3.248512206603889e-13,-1,Grip strength,p131282
0.0438378977116914,3.733610143668091e-16,-1,Cooked veg intake,p131282
-0.0077384119903848,0.2290068894044682,-1,Raw veg intake,p131282
0.0185899022782469,0.0159328660626455,-1,Fresh fruit intake,p131282
-0.0018323083205585,0.8107336428545807,-1,Dried fruit intake,p131282
-0.3456934886285205,6.797670268350676e-22,-1,Oily fish intake,p131282
-0.1334538250623105,0.0005782821666966754,-1,Non-oily fish intake,p131282
-0.1718822490625156,1.878129527487052e-07,-1,Processed meat intake,p131282
0.1179258362622065,0.0039901581266764,-1,Poultry intake,p131282
-0.1310694956392749,0.0196112458889658,-1,Beef intake,p131282
-0.395709028466549,3.3262952277013e-07,-1,Lamb intake,p131282
-0.3512098874863052,9.94406080124175e-07,-1,Pork intake,p131282
0.0133595343594984,1.3965129684560847e-24,-1,Bread intake,p131282
0.0159787175295042,0.0004161951112251115,-1,Cereal intake,p131282
-0.003022741648621,0.5991805862873629,-1,Water intake,p131282
0.478168977479191,5.359160699454645e-15,-1,Alcohol intake frequency,p131304
-0.7440922678270058,4.078334744748135e-57,-1,Smoking status,p131304
-0.0070061233814361,0.0001641051637585704,-1,% body fat,p131304
-0.0089160312074799,0.5356203483125792,-1,Hours slept per day,p131304
0.0534267168890777,2.4949330779415668e-27,-1,TDI,p131304
0.5988710554745965,3.96419684929549e-53,-1,Education,p131304
-0.0206885886592284,0.00264492067017,-1,Days/week moderate activity,p131304
0.0111241697471774,1.4082258330219202e-15,-1,Grip strength,p131304
0.0149774054350218,0.0664160485505085,-1,Cooked veg intake,p131304
-0.0458562516500042,4.630908788562258e-07,-1,Raw veg intake,p131304
-0.0180579642358512,0.0850054329846271,-1,Fresh fruit intake,p131304
-0.0490158666431886,3.057563553466312e-05,-1,Dried fruit intake,p131304
-0.2065361274761835,5.93871583517369e-06,-1,Oily fish intake,p131304
0.2667290291407478,0.2215448014812611,-1,Non-oily fish intake,p131304
-0.3417715718411209,1.6625009682163782e-16,-1,Processed meat intake,p131304
-0.3839946924194206,1.8590438027030185e-05,-1,Poultry intake,p131304
-0.4689723625097003,1.6603671322252966e-10,-1,Beef intake,p131304
-0.4620116035249562,5.3848555542876176e-08,-1,Lamb intake,p131304
-0.44214057688426,4.3549191835129385e-07,-1,Pork intake,p131304
0.0187668452269661,2.246367653889124e-34,-1,Bread intake,p131304
-0.000541320688178215,0.9237366576606292,-1,Cereal intake,p131304
-0.061458706025291,1.6941232978432313e-14,-1,Water intake,p131304
0.3846716311832792,4.601256404112064e-81,-1,Alcohol intake frequency,p131306
-0.6938710448389338,0.0,-1,Smoking status,p131306
-0.0070994069417993,2.5181991913077717e-32,-1,% body fat,p131306
0.0186372382812038,5.755695716226952e-05,-1,Hours slept per day,p131306
0.0564111672750348,2.1030796308751387e-267,-1,TDI,p131306
0.557654677723307,0.0,-1,Education,p131306
-0.008818988774985,6.998258645921413e-05,-1,Days/week moderate activity,p131306
0.011834530013748,2.794925250735192e-151,-1,Grip strength,p131306
0.0288834994324245,9.440246388953489e-30,-1,Cooked veg intake,p131306
-0.0415432795573285,7.680011866871542e-48,-1,Raw veg intake,p131306
-0.0193666813832554,9.312906849981702e-09,-1,Fresh fruit intake,p131306
-0.0309418919672402,1.0924038109603889e-18,-1,Dried fruit intake,p131306
-0.3184637948704378,2.033976895902856e-104,-1,Oily fish intake,p131306
-0.1368727318034531,4.9674950622894e-18,-1,Non-oily fish intake,p131306
-0.58525091593737,4.55520101270331e-148,-1,Processed meat intake,p131306
-0.4436145588700005,1.2141616389966903e-52,-1,Poultry intake,p131306
-0.4667641887753486,1.2190121268044188e-88,-1,Beef intake,p131306
-0.3648571822316948,1.7412758844427454e-30,-1,Lamb intake,p131306
-0.4593898380129279,2.5101987245644953e-57,-1,Pork intake,p131306
0.0207917056365658,0.0,-1,Bread intake,p131306
-0.0013299135659449,0.4660152054877433,-1,Cereal intake,p131306
-0.0437696782719958,2.574380599929332e-69,-1,Water intake,p131306
0.5822300956473809,4.754200754152579e-16,-1,Alcohol intake frequency,p131310
-0.8283108430117699,1.5621767274362897e-42,-1,Smoking status,p131310
0.0226054759680252,2.739989821565622e-21,-1,% body fat,p131310
0.020429263323865,0.2702335209383139,-1,Hours slept per day,p131310
0.0866606416881941,1.8264723045092925e-45,-1,TDI,p131310
0.6533025839483849,3.926514799944675e-37,-1,Education,p131310
-0.0482991778656988,6.258607902006773e-08,-1,Days/week moderate activity,p131310
-0.0189710328618542,5.950377839448776e-23,-1,Grip strength,p131310
0.0158253347678169,0.1309530387323709,-1,Cooked veg intake,p131310
-0.03656909611996,0.0014393220654764,-1,Raw veg intake,p131310
-0.0159816086448225,0.2363530371718533,-1,Fresh fruit intake,p131310
-0.0407606584710745,0.0058893316711008,-1,Dried fruit intake,p131310
-0.2466470205491001,4.093146277916613e-05,-1,Oily fish intake,p131310
-0.1475103526165559,0.0198618384557637,-1,Non-oily fish intake,p131310
-0.2233561905034869,2.890581350300021e-05,-1,Processed meat intake,p131310
0.3099513836907697,1.0786853007656528e-06,-1,Poultry intake,p131310
-0.3858400727127539,1.96148950884695e-05,-1,Beef intake,p131310
-0.474898001527901,1.7698625442820584e-05,-1,Lamb intake,p131310
-0.4396221613579888,1.0329405485508255e-05,-1,Pork intake,p131310
0.0124944541875826,3.97268933126016e-09,-1,Bread intake,p131310
-0.0251904785508307,0.000510838621568629,-1,Cereal intake,p131310
0.0052317656450949,0.5672509827916912,-1,Water intake,p131310
-0.2438804433892188,1.9403927959999606e-10,-1,Alcohol intake frequency,p131322
0.2261973214060685,4.5834522721374434e-07,-1,Smoking status,p131322
-0.0026642311026049,0.0735511880126589,-1,% body fat,p131322
0.0158981950799079,0.1674938817498219,-1,Hours slept per day,p131322
0.018071890074717,1.2956534555233965e-05,-1,TDI,p131322
0.241649469851842,2.1748051091551986e-17,-1,Education,p131322
0.0071096117405789,0.1969607118773576,-1,Days/week moderate activity,p131322
-0.0053918057654405,3.0689205997853573e-06,-1,Grip strength,p131322
0.0397268990067582,1.1455767032604525e-12,-1,Cooked veg intake,p131322
-0.0085859108679189,0.1866075085317416,-1,Raw veg intake,p131322
0.029953639222343,6.54772224325372e-05,-1,Fresh fruit intake,p131322
0.012565783443194,0.0670227303506118,-1,Dried fruit intake,p131322
-0.2578434674222443,1.19967408123577e-12,-1,Oily fish intake,p131322
-0.1446102291709045,0.00020468414115304808,-1,Non-oily fish intake,p131322
0.3977206896486477,0.0882000516512672,-1,Processed meat intake,p131322
0.0923268506714203,0.0008846835177062912,-1,Poultry intake,p131322
-0.1267761184453437,0.0225678623809098,-1,Beef intake,p131322
-0.1527137061328616,0.0664552943533153,-1,Lamb intake,p131322
-0.1446573703839788,0.0368725257140229,-1,Pork intake,p131322
0.0083549018617689,1.3121255942539638e-09,-1,Bread intake,p131322
0.0170546310583515,0.000184775494403669,-1,Cereal intake,p131322
7.299899642078278e-05,0.989875255805986,-1,Water intake,p131322
0.3115489566193976,1.1741395136576988e-11,-1,Alcohol intake frequency,p131324
-0.3307370165326586,1.6984831639289722e-16,-1,Smoking status,p131324
0.0065245537274432,3.7100878233319952e-06,-1,% body fat,p131324
0.0468055874969313,1.7194694937653208e-05,-1,Hours slept per day,p131324
0.0308637722146025,1.5358062526303045e-15,-1,TDI,p131324
0.3962013166587753,3.264781538443112e-45,-1,Education,p131324
-0.0001963403337535765,0.9700777508529408,-1,Days/week moderate activity,p131324
-0.001525913708713,0.16077374249315,-1,Grip strength,p131324
0.036020707829152,4.127710087256714e-11,-1,Cooked veg intake,p131324
-0.0198825692591407,0.0019801489254244,-1,Raw veg intake,p131324
0.0275941255125419,0.00012234218258941817,-1,Fresh fruit intake,p131324
-0.0250475984846037,0.0023292492400022,-1,Dried fruit intake,p131324
-0.3105105202937268,2.099887487502172e-19,-1,Oily fish intake,p131324
-0.1566276666191909,0.0224962143175141,-1,Non-oily fish intake,p131324
-0.4410632787959373,4.497097391537629e-17,-1,Processed meat intake,p131324
-0.351386347007714,3.166081195243907e-07,-1,Poultry intake,p131324
-0.3687845310705667,3.716803772659796e-12,-1,Beef intake,p131324
-0.4624597505380136,1.6119459740508942e-10,-1,Lamb intake,p131324
-0.3282469887345778,2.2292098531710247e-06,-1,Pork intake,p131324
0.0129322272426576,6.6868958201947335e-25,-1,Bread intake,p131324
0.0033993484482204,0.4306577655774642,-1,Cereal intake,p131324
-0.0109911370601181,0.049452104394338,-1,Water intake,p131324
0.3018541543349499,7.44256775027761e-15,-1,Alcohol intake frequency,p131342
-0.2204332510493141,6.272730133438629e-11,-1,Smoking status,p131342
-0.0013747959874298,0.2380398401722027,-1,% body fat,p131342
0.0293069842184461,0.0011328502663098,-1,Hours slept per day,p131342
0.0249858452027191,8.142457613172492e-15,-1,TDI,p131342
0.3930920494811291,5.912238627566448e-65,-1,Education,p131342
0.0051401173537393,0.2335156592162006,-1,Days/week moderate activity,p131342
0.0036258784538443,4.421731424323036e-05,-1,Grip strength,p131342
0.0405629729593311,3.341318649730181e-20,-1,Cooked veg intake,p131342
-0.0143751273077277,0.0056665650786415,-1,Raw veg intake,p131342
0.0265961921678843,7.925183117284358e-06,-1,Fresh fruit intake,p131342
0.0158261153247631,0.0024613652545838,-1,Dried fruit intake,p131342
-0.3521451305235829,2.9051079173002076e-35,-1,Oily fish intake,p131342
-0.3000276752929198,3.39775653588789e-07,-1,Non-oily fish intake,p131342
-0.437854259388454,7.504078964422554e-24,-1,Processed meat intake,p131342
-0.3555698206528281,2.4757206294110367e-10,-1,Poultry intake,p131342
-0.3573491945508144,5.432486336098854e-15,-1,Beef intake,p131342
-0.5066150543671394,5.818974344524314e-17,-1,Lamb intake,p131342
-0.3266228989212909,1.5587967190213924e-08,-1,Pork intake,p131342
0.0152574855552049,9.703031348314314e-51,-1,Bread intake,p131342
0.0139476961939232,9.252723989709767e-05,-1,Cereal intake,p131342
-0.0188315646534507,5.7528290142917886e-05,-1,Water intake,p131342
-0.1756771318853941,1.300466176953491e-06,-1,Alcohol intake frequency,p131344
-0.3053981222583699,2.353638784862187e-13,-1,Smoking status,p131344
-0.0123356980793315,8.67344967521327e-17,-1,% body fat,p131344
0.0220802730295995,0.0529478473134116,-1,Hours slept per day,p131344
0.0273425053774208,1.614128328732041e-11,-1,TDI,p131344
0.2985470290258143,1.7440852158998556e-25,-1,Education,p131344
-0.0143391576031078,0.0087541321794502,-1,Days/week moderate activity,p131344
0.0118384905476675,1.0958450352362611e-26,-1,Grip strength,p131344
0.0444676396514779,9.170774015903324e-17,-1,Cooked veg intake,p131344
-0.0398338422384283,2.194840666635377e-08,-1,Raw veg intake,p131344
-0.002405746042233,0.7664315650170257,-1,Fresh fruit intake,p131344
0.003422903420692,0.6420388948784698,-1,Dried fruit intake,p131344
-0.2841059404430621,4.593273010779274e-15,-1,Oily fish intake,p131344
0.4396985596158131,0.005235323216866,-1,Non-oily fish intake,p131344
-0.3151048308811955,2.1228918086556897e-21,-1,Processed meat intake,p131344
0.1522290518074824,3.0884940639217036e-08,-1,Poultry intake,p131344
-0.1811478287981493,0.0013681107383651,-1,Beef intake,p131344
-0.4142082519452545,8.94287962459454e-08,-1,Lamb intake,p131344
-0.3047696657843185,2.858384122617392e-05,-1,Pork intake,p131344
0.0176322108491289,2.7406963105558342e-45,-1,Bread intake,p131344
-0.0014533028802264,0.7465247724442055,-1,Cereal intake,p131344
-0.0285988911806317,2.1706491744221564e-06,-1,Water intake,p131344
-0.2370202560587939,4.489233720309143e-05,-1,Alcohol intake frequency,p131346
-0.9604635800530588,1.8750752887482712e-64,-1,Smoking status,p131346
-0.0134761901562104,1.2032471755478624e-08,-1,% body fat,p131346
0.0576229007829959,0.0014362199533999,-1,Hours slept per day,p131346
0.0571698054400846,4.0030343860483e-20,-1,TDI,p131346
0.429857054812864,9.06111409699865e-20,-1,Education,p131346
-0.0169605380494974,0.0518360354545175,-1,Days/week moderate activity,p131346
0.009231024608248,1.8977539566088705e-07,-1,Grip strength,p131346
0.0162343156514837,0.1136709151675339,-1,Cooked veg intake,p131346
-0.0514903170350663,1.0778497644983624e-05,-1,Raw veg intake,p131346
-0.0662773216731824,2.867254942419213e-06,-1,Fresh fruit intake,p131346
-0.0585548249698648,0.0001364048721643627,-1,Dried fruit intake,p131346
0.8216947061664611,5.854735910707887e-06,-1,Oily fish intake,p131346
-0.1715117774882061,0.0056182772417734,-1,Non-oily fish intake,p131346
-0.3350669802667973,1.3092252753023186e-10,-1,Processed meat intake,p131346
0.346460770185761,1.2635088843083451e-08,-1,Poultry intake,p131346
-0.4119387254759403,6.160247896546771e-06,-1,Beef intake,p131346
-0.5123114614685516,1.1953969644631664e-05,-1,Lamb intake,p131346
-0.4287272416742002,0.00012037422959351966,-1,Pork intake,p131346
0.0153718245040341,2.4550724666100563e-14,-1,Bread intake,p131346
-0.0205445386173715,0.0039391601395845,-1,Cereal intake,p131346
-0.0341623784467918,0.0004446246555943304,-1,Water intake,p131346
-0.27407579277084,3.715502409055174e-62,-1,Alcohol intake frequency,p131350
0.25458305505867,7.392405870275561e-38,-1,Smoking status,p131350
-0.0007755882158403369,0.2515795334325251,-1,% body fat,p131350
0.0441161865435255,2.99159561741914e-17,-1,Hours slept per day,p131350
0.0217627989772363,6.715626717718449e-31,-1,TDI,p131350
0.3149718482139576,1.8252950059604695e-128,-1,Education,p131350
0.0047073148538796,0.0602803266860715,-1,Days/week moderate activity,p131350
0.0091777396555649,6.010236944734693e-72,-1,Grip strength,p131350
0.0457508299247062,6.213804415618067e-66,-1,Cooked veg intake,p131350
-0.0101175186309852,0.000630082493824461,-1,Raw veg intake,p131350
0.0222800554653173,2.876744522698679e-10,-1,Fresh fruit intake,p131350
0.0061281070474202,0.065829138666406,-1,Dried fruit intake,p131350
-0.360457853214233,1.5816795660800856e-105,-1,Oily fish intake,p131350
-0.1639525064001532,4.42174092284491e-20,-1,Non-oily fish intake,p131350
-0.3931872989530038,1.7685229698400973e-57,-1,Processed meat intake,p131350
0.116022228221734,3.8571612222062423e-20,-1,Poultry intake,p131350
-0.3280248419330931,9.36581570026896e-37,-1,Beef intake,p131350
-0.5140720317693647,2.995176155586285e-49,-1,Lamb intake,p131350
-0.4033744037260482,5.906419831554813e-35,-1,Pork intake,p131350
0.0156879902046126,1.8183213653418402e-146,-1,Bread intake,p131350
0.0087201616559793,2.4797052305694505e-05,-1,Cereal intake,p131350
-0.0134352065460055,5.533574384245022e-07,-1,Water intake,p131350
0.5468139553393617,1.078578008232932e-72,-1,Alcohol intake frequency,p131354
-0.7667968092951876,1.1173129304488199e-206,-1,Smoking status,p131354
0.0103984410594896,4.794342700043055e-27,-1,% body fat,p131354
0.0398176488466221,9.818506947197414e-08,-1,Hours slept per day,p131354
0.0741318289182855,1.3052192400823468e-188,-1,TDI,p131354
0.6339489990253032,1.3917513891714922e-211,-1,Education,p131354
-0.0290352305932806,6.670989312176373e-16,-1,Days/week moderate activity,p131354
-0.0026153992149821,0.0004623665762457535,-1,Grip strength,p131354
0.0409442608777791,2.281254245219024e-28,-1,Cooked veg intake,p131354
-0.0276991104073641,7.580297733291647e-10,-1,Raw veg intake,p131354
0.01043270298561,0.0435799986436038,-1,Fresh fruit intake,p131354
-0.0363525119421392,5.367918995695143e-10,-1,Dried fruit intake,p131354
-0.288173805539355,8.182179906826239e-34,-1,Oily fish intake,p131354
0.5056973784356963,4.848564902530087e-07,-1,Non-oily fish intake,p131354
-0.3644349119952484,2.2834382907381789e-63,-1,Processed meat intake,p131354
0.2317598910991051,6.783516149084075e-19,-1,Poultry intake,p131354
-0.4289513728993839,9.724774603351127e-31,-1,Beef intake,p131354
-0.5481981459685247,1.421345891876164e-35,-1,Lamb intake,p131354
-0.5210057520432484,6.873291309517833e-40,-1,Pork intake,p131354
0.0194300450350085,1.4611390403100683e-121,-1,Bread intake,p131354
-0.0164761384690339,2.0464236911541732e-08,-1,Cereal intake,p131354
-0.0062313361036959,0.1003791791232434,-1,Water intake,p131354
0.3556476616594971,6.736698384984488e-17,-1,Alcohol intake frequency,p131366
-0.6291617589646172,3.5959880191527125e-79,-1,Smoking status,p131366
-0.0013030755051606,0.3229598007358394,-1,% body fat,p131366
0.0867870574749462,7.244285602885642e-18,-1,Hours slept per day,p131366
0.0491265478362323,5.273973796888255e-44,-1,TDI,p131366
0.4745140362673229,1.625685808959974e-70,-1,Education,p131366
0.0003495614268976035,0.9429294810147006,-1,Days/week moderate activity,p131366
-0.0034913276878825,0.0006142271320883605,-1,Grip strength,p131366
0.0308940558915429,5.011647927722615e-09,-1,Cooked veg intake,p131366
-0.0275175902513007,7.411578300021787e-06,-1,Raw veg intake,p131366
-0.0203882805984167,0.006390431466275,-1,Fresh fruit intake,p131366
-0.0120194939440987,0.0966346841083069,-1,Dried fruit intake,p131366
-0.282860904194516,1.7137012307518166e-18,-1,Oily fish intake,p131366
-0.1122927494440744,0.0012318165041878,-1,Non-oily fish intake,p131366
-0.4336432638194417,4.930261915181311e-19,-1,Processed meat intake,p131366
0.2440604755866519,9.194093546549775e-12,-1,Poultry intake,p131366
-0.3167154631462497,3.78826876266045e-10,-1,Beef intake,p131366
-0.46260360712913,4.0620068109128703e-14,-1,Lamb intake,p131366
-0.4004227078462519,8.864504012510822e-11,-1,Pork intake,p131366
0.0134200590627078,1.3534379104288272e-30,-1,Bread intake,p131366
-0.006915400759451,0.0847294040097151,-1,Cereal intake,p131366
-0.0387363853186539,1.6666415688638762e-12,-1,Water intake,p131366
-0.3204975044098667,1.659203707872445e-07,-1,Alcohol intake frequency,p131370
-1.222915437566898,4.953633356545694e-97,-1,Smoking status,p131370
-0.008020424973196,0.0010268837984548,-1,% body fat,p131370
0.075961478804483,4.6580299346996814e-05,-1,Hours slept per day,p131370
0.0704541935046114,1.162410988828195e-28,-1,TDI,p131370
0.6268790813568412,9.488354156563776e-34,-1,Education,p131370
-0.0014163868327768,0.8752857154742689,-1,Days/week moderate activity,p131370
0.0037571780383013,0.0428492345004932,-1,Grip strength,p131370
0.0360923554171214,0.00010223228450591148,-1,Cooked veg intake,p131370
-0.0368874943437115,0.0015896036092222,-1,Raw veg intake,p131370
-0.064985380780459,9.185653866715796e-06,-1,Fresh fruit intake,p131370
-0.0342774538959308,0.0198671392796506,-1,Dried fruit intake,p131370
-0.3544556357404322,1.7388783243018343e-09,-1,Oily fish intake,p131370
-0.193858128993278,0.0022503911443049,-1,Non-oily fish intake,p131370
-0.3674005747520231,2.0477115986938507e-11,-1,Processed meat intake,p131370
0.3175944783514301,6.448399603890625e-07,-1,Poultry intake,p131370
-0.5136580859722095,8.84488613080081e-08,-1,Beef intake,p131370
-0.7191564396933714,5.256052503245601e-10,-1,Lamb intake,p131370
-0.3796665833965775,0.0013201429054036,-1,Pork intake,p131370
0.0138936589163315,6.227416861943138e-11,-1,Bread intake,p131370
-0.0226764783494752,0.0021142634062541,-1,Cereal intake,p131370
-0.0349379429112426,0.0005353094645437141,-1,Water intake,p131370
0.5506809955146487,2.6273897223904026e-45,-1,Alcohol intake frequency,p131374
-0.6783024169238165,6.143347512835116e-100,-1,Smoking status,p131374
0.0083541863242114,4.322589695013992e-11,-1,% body fat,p131374
0.0549455664005447,1.9040690401796185e-08,-1,Hours slept per day,p131374
0.0749812722499894,5.2255649091417126e-114,-1,TDI,p131374
0.5065563748264417,9.955643780912344e-85,-1,Education,p131374
-0.0038013953644025,0.4192512393006909,-1,Days/week moderate activity,p131374
-0.0194418146219186,6.0063331595117595e-81,-1,Grip strength,p131374
0.0387801810103311,1.072571763450242e-15,-1,Cooked veg intake,p131374
-0.0158765267407616,0.0053257514078473,-1,Raw veg intake,p131374
0.0283313132034955,1.121699812016608e-05,-1,Fresh fruit intake,p131374
0.0153712717571928,0.0071072645661621,-1,Dried fruit intake,p131374
-0.3774330988279099,1.6854027535637412e-34,-1,Oily fish intake,p131374
0.6900449522043848,4.947632713640212e-09,-1,Non-oily fish intake,p131374
-0.1878327324794677,3.192580498955927e-11,-1,Processed meat intake,p131374
0.2968539509076775,2.2866922743640325e-18,-1,Poultry intake,p131374
0.663904868768013,9.306578433904473e-08,-1,Beef intake,p131374
-0.4710982439852962,2.583671805297866e-15,-1,Lamb intake,p131374
-0.338550089154197,1.0421765202713103e-09,-1,Pork intake,p131374
0.0089162487598446,2.7568534928315255e-14,-1,Bread intake,p131374
-4.800176930982676e-06,0.999011262554362,-1,Cereal intake,p131374
-0.0038201334234267,0.4405781414984765,-1,Water intake,p131374
0.7946584955265612,2.7551618642991833e-34,-1,Alcohol intake frequency,p131378
-0.8372378052341275,6.742121613603979e-54,-1,Smoking status,p131378
0.0075642835696931,0.0005711139522436263,-1,% body fat,p131378
0.1102384965193356,4.0911301794590956e-11,-1,Hours slept per day,p131378
0.0938842779581023,2.149657836429998e-63,-1,TDI,p131378
0.6820034258612017,1.207351248251308e-46,-1,Education,p131378
-0.0515854160604527,3.2756348814397565e-10,-1,Days/week moderate activity,p131378
-0.0248857927886158,1.0554248467101456e-43,-1,Grip strength,p131378
0.0247458271524685,0.0066316183328709,-1,Cooked veg intake,p131378
-0.0354822595396226,0.0007335378675173318,-1,Raw veg intake,p131378
-0.0132786032357164,0.2819400054767452,-1,Fresh fruit intake,p131378
-0.0278729943305149,0.0317002876054385,-1,Dried fruit intake,p131378
-0.2756433400497912,5.297154485896044e-07,-1,Oily fish intake,p131378
1.1049667738640423,4.908447135778627e-11,-1,Non-oily fish intake,p131378
-0.2759807681961569,2.157619249603451e-08,-1,Processed meat intake,p131378
0.3081040421190839,1.4205659623830708e-07,-1,Poultry intake,p131378
1.298174866196543,2.461721355837629e-16,-1,Beef intake,p131378
-0.726984971864297,3.555827921024378e-15,-1,Lamb intake,p131378
-0.4410975540366721,2.019378534095254e-06,-1,Pork intake,p131378
0.0068725950513877,0.000851041662696667,-1,Bread intake,p131378
-0.0140243714545914,0.0358542456568501,-1,Cereal intake,p131378
-0.0160992319192006,0.0675462722822952,-1,Water intake,p131378
-0.4628250909688134,2.0762461894084497e-18,-1,Alcohol intake frequency,p131380
-1.7998246109045346,3.717892439178995e-292,-1,Smoking status,p131380
-0.0077932056393656,0.0001890974514273895,-1,% body fat,p131380
0.0305914292133567,0.0571432832628892,-1,Hours slept per day,p131380
0.1003609592258314,1.7833491722371198e-81,-1,TDI,p131380
0.7976628821546448,1.510592859188614e-65,-1,Education,p131380
-0.0171582119038866,0.0262891032593147,-1,Days/week moderate activity,p131380
0.0023831766911068,0.1339106197986663,-1,Grip strength,p131380
0.0287896956335852,0.0006031506347905719,-1,Cooked veg intake,p131380
-0.0484566047587234,2.422634186251547e-06,-1,Raw veg intake,p131380
-0.0873434418651997,8.681838655834881e-12,-1,Fresh fruit intake,p131380
-0.095291016689041,1.6905366097240922e-10,-1,Dried fruit intake,p131380
-0.2038084775447274,9.409331638438536e-05,-1,Oily fish intake,p131380
0.9288900107756336,2.030457273624334e-07,-1,Non-oily fish intake,p131380
-0.4267379557650929,5.1961435542802365e-20,-1,Processed meat intake,p131380
0.424190171544524,2.7065604376822705e-15,-1,Poultry intake,p131380
-0.6605305760304104,4.403587918898237e-15,-1,Beef intake,p131380
-0.697355029209226,3.543632779544048e-12,-1,Lamb intake,p131380
-0.4410295589903383,3.5748156498144205e-07,-1,Pork intake,p131380
0.0184183322162297,1.1237028338636767e-26,-1,Bread intake,p131380
-0.0664333217487673,1.879697697494545e-26,-1,Cereal intake,p131380
-0.0570567426799114,1.6974234996042029e-10,-1,Water intake,p131380
-0.4346827447617988,8.512611010405124e-13,-1,Alcohol intake frequency,p131382
-1.3810371610372552,1.0774135477817287e-214,-1,Smoking status,p131382
-0.0335139345720571,1.0964856772472029e-70,-1,% body fat,p131382
0.0756153342445444,9.501531552713004e-08,-1,Hours slept per day,p131382
0.026864493287688,1.3112848910259404e-07,-1,TDI,p131382
0.4678156247652729,1.0857630897185782e-35,-1,Education,p131382
-0.0013738515459182,0.8411157986485804,-1,Days/week moderate activity,p131382
0.027917942269321,4.332106815280762e-94,-1,Grip strength,p131382
0.0415029701922934,1.0292759736935176e-09,-1,Cooked veg intake,p131382
-0.0449811827410134,6.760885282236569e-07,-1,Raw veg intake,p131382
-0.0830058279477323,2.277374152600721e-13,-1,Fresh fruit intake,p131382
-0.0202489104674709,0.0553324477850948,-1,Dried fruit intake,p131382
-0.1941114474239081,2.2172947356600702e-05,-1,Oily fish intake,p131382
-0.1939453412909383,0.0359415827608002,-1,Non-oily fish intake,p131382
-0.5134668152265185,2.498369833419346e-34,-1,Processed meat intake,p131382
0.3901584479152215,3.940217202923812e-16,-1,Poultry intake,p131382
-0.5489486577789582,7.700713081852118e-14,-1,Beef intake,p131382
-0.4903209250281142,2.713636043879399e-07,-1,Lamb intake,p131382
-0.5263433444484247,1.5777653034550151e-09,-1,Pork intake,p131382
0.0249316088921143,4.765805945369757e-68,-1,Bread intake,p131382
-0.0194682269587226,0.0005177986296516443,-1,Cereal intake,p131382
-0.0872891238752684,6.64260250838481e-26,-1,Water intake,p131382
-0.4294292944719194,1.4863205366308974e-13,-1,Alcohol intake frequency,p131390
-1.4609090719312818,2.2897123843140234e-185,-1,Smoking status,p131390
-0.0005486637359905995,0.8014497704531616,-1,% body fat,p131390
0.0119128140076309,0.4808289224016626,-1,Hours slept per day,p131390
0.0809382836713576,4.490966214128033e-47,-1,TDI,p131390
0.7353416890199125,4.205271732929848e-53,-1,Education,p131390
-0.0264139290454371,0.0011143430493422,-1,Days/week moderate activity,p131390
-0.0040892826832281,0.0155215348187546,-1,Grip strength,p131390
0.006107951746991,0.543637906126407,-1,Cooked veg intake,p131390
-0.0529226274932916,1.182019665649863e-06,-1,Raw veg intake,p131390
-0.0303273191776999,0.0158735686585705,-1,Fresh fruit intake,p131390
-0.0767421315651925,2.880557499262359e-07,-1,Dried fruit intake,p131390
-0.1294613768664678,0.0179446989709726,-1,Oily fish intake,p131390
0.5748710570717367,0.0088109148332218,-1,Non-oily fish intake,p131390
-0.265664224828118,4.116585659966032e-08,-1,Processed meat intake,p131390
0.2183664708784179,0.00022780634617519595,-1,Poultry intake,p131390
-0.3817534402783957,3.802705880784738e-06,-1,Beef intake,p131390
-0.3294669247626804,0.0022345665544674,-1,Lamb intake,p131390
-0.2147191045448861,0.0314532497414766,-1,Pork intake,p131390
0.0135745171538487,1.2755001818918605e-12,-1,Bread intake,p131390
-0.041036036197334,4.3722356542956205e-10,-1,Cereal intake,p131390
-0.0247671666629615,0.0052628296116463,-1,Water intake,p131390
0.5554745397107752,5.389484351634118e-78,-1,Alcohol intake frequency,p131416
-0.5076876008395068,5.908658651577959e-96,-1,Smoking status,p131416
0.0065082464248386,2.511847443946403e-12,-1,% body fat,p131416
0.0402872281327847,2.0709701699696617e-08,-1,Hours slept per day,p131416
0.0575814485464402,2.4965023445282064e-119,-1,TDI,p131416
0.4767616125261829,8.693592220241928e-142,-1,Education,p131416
-0.0142542635211331,3.653416217358394e-05,-1,Days/week moderate activity,p131416
-0.0145077737621646,5.3267229078987065e-86,-1,Grip strength,p131416
0.0281545465217651,2.461038021081676e-13,-1,Cooked veg intake,p131416
-0.0184911075825979,1.09982017128718e-05,-1,Raw veg intake,p131416
0.0007863750241301058,0.8769540245079134,-1,Fresh fruit intake,p131416
-0.0067959292873644,0.1708436042690497,-1,Dried fruit intake,p131416
-0.2223675794570732,4.692942032937019e-22,-1,Oily fish intake,p131416
0.4641489320511567,2.155443703182144e-06,-1,Non-oily fish intake,p131416
-0.1709637001703589,1.1805135183103843e-16,-1,Processed meat intake,p131416
0.2486685910868939,5.067642155370048e-23,-1,Poultry intake,p131416
0.7049973829526979,2.7957899928480057e-14,-1,Beef intake,p131416
-0.3351867562104665,3.4637583296079894e-13,-1,Lamb intake,p131416
-0.2590284090091685,5.068221607936976e-10,-1,Pork intake,p131416
0.0090868965137301,5.324773018808418e-26,-1,Bread intake,p131416
-0.0029064139115982,0.3056524843016992,-1,Cereal intake,p131416
-0.0006047540343600414,0.8667852324659719,-1,Water intake,p131416
0.6225879847938038,1.1225224566262817e-13,-1,Alcohol intake frequency,p131444
-0.5695072855662071,2.1957032330405368e-16,-1,Smoking status,p131444
0.0215635332484344,4.263171836233575e-17,-1,% body fat,p131444
-0.0297266742952935,0.1375046120122095,-1,Hours slept per day,p131444
0.10178940984867,1.1475921264616292e-55,-1,TDI,p131444
0.6900496575180572,4.012870624059536e-35,-1,Education,p131444
-0.027812544752934,0.0036361383330311,-1,Days/week moderate activity,p131444
-0.0009106063620154664,0.6456386874876862,-1,Grip strength,p131444
-0.000971010205823955,0.9369119151083076,-1,Cooked veg intake,p131444
-0.0324132373545993,0.0078636650910939,-1,Raw veg intake,p131444
-0.0505413217678745,0.0009121262772714992,-1,Fresh fruit intake,p131444
-0.0943909388735056,3.021838978126677e-07,-1,Dried fruit intake,p131444
0.8464831839852187,3.374051071239023e-05,-1,Oily fish intake,p131444
0.8100919671933535,0.0004637793782665858,-1,Non-oily fish intake,p131444
-0.4439535559845963,2.8870618809009874e-14,-1,Processed meat intake,p131444
0.3982674920072869,0.0045749095067984,-1,Poultry intake,p131444
-0.3489919885580247,0.0005513376808744668,-1,Beef intake,p131444
-0.436832020306621,0.0008184762342994013,-1,Lamb intake,p131444
-0.45128187191152,2.84619499210135e-05,-1,Pork intake,p131444
0.0132391616625965,4.8495802878999695e-09,-1,Bread intake,p131444
-0.0438631022239293,1.5466403638044442e-08,-1,Cereal intake,p131444
-0.0279025624469201,0.0080916186708543,-1,Water intake,p131444
-0.5564006275840097,5.890738808799121e-31,-1,Alcohol intake frequency,p131490
-3.051602749091788,0.0,-1,Smoking status,p131490
-0.0119252390674748,1.379725118247558e-11,-1,% body fat,p131490
-0.017740038007038,0.193279630935847,-1,Hours slept per day,p131490
0.1547316130309136,9.202753875790566e-293,-1,TDI,p131490
1.210750725961481,1.5722406119458954e-156,-1,Education,p131490
-0.0382233819578748,4.8334065304923745e-09,-1,Days/week moderate activity,p131490
-0.0130354713327531,6.08567556098489e-21,-1,Grip strength,p131490
-0.0072707703994222,0.3971541722547946,-1,Cooked veg intake,p131490
-0.1066169458776161,3.919461485302184e-28,-1,Raw veg intake,p131490
-0.1922201708200432,7.426424554131574e-61,-1,Fresh fruit intake,p131490
-0.1733607673646091,3.564405590735452e-32,-1,Dried fruit intake,p131490
0.4182827974277831,2.013176659326501e-15,-1,Oily fish intake,p131490
0.4236377084726918,8.18163412340605e-09,-1,Non-oily fish intake,p131490
-0.4624164610020471,2.458932550662193e-31,-1,Processed meat intake,p131490
0.5502168139126162,3.1939863209045643e-34,-1,Poultry intake,p131490
-0.3324586100233593,3.248054951100897e-13,-1,Beef intake,p131490
-0.7444431023858041,5.937646851350844e-24,-1,Lamb intake,p131490
-0.5717176897561052,6.894203433351111e-16,-1,Pork intake,p131490
0.0166365437436232,7.307289162697862e-29,-1,Bread intake,p131490
-0.0963415732789575,3.2789445361772063e-75,-1,Cereal intake,p131490
-0.0855517681682777,1.1995719708084951e-27,-1,Water intake,p131490
0.5107457742359329,2.137673443850116e-15,-1,Alcohol intake frequency,p131518
-0.7498813903636162,1.6576834374584486e-42,-1,Smoking status,p131518
-0.0179946472678748,5.77197105635546e-16,-1,% body fat,p131518
0.0985232176475575,4.39891324197647e-09,-1,Hours slept per day,p131518
0.0853906981172074,1.2118353009449617e-51,-1,TDI,p131518
0.503352301974841,8.302321097761299e-29,-1,Education,p131518
-0.0264287074697593,0.0012475354306209,-1,Days/week moderate activity,p131518
-0.0108224119534687,4.4245268087547855e-10,-1,Grip strength,p131518
0.009174620947852,0.3592096569971904,-1,Cooked veg intake,p131518
-0.0498219440515373,5.133420114028985e-06,-1,Raw veg intake,p131518
-0.0082222045370332,0.5020663012861153,-1,Fresh fruit intake,p131518
0.0042879094284961,0.69478499905285,-1,Dried fruit intake,p131518
1.0916005165948728,7.619476669457756e-13,-1,Oily fish intake,p131518
0.8558985695655912,6.416145081060328e-06,-1,Non-oily fish intake,p131518
-0.380624152194576,2.9322323212631745e-14,-1,Processed meat intake,p131518
0.4916397020746802,1.781299018430633e-18,-1,Poultry intake,p131518
-0.3289817025725415,1.4105275540679306e-08,-1,Beef intake,p131518
-0.4731345483695951,5.801469779302924e-06,-1,Lamb intake,p131518
-0.4558206047512431,6.252304843177334e-07,-1,Pork intake,p131518
0.0129959275113836,2.3696546388607354e-11,-1,Bread intake,p131518
-0.0177372252688375,0.0079982272425267,-1,Cereal intake,p131518
-0.0250117974328169,0.0053124611084604,-1,Water intake,p131518
0.2266826199037862,0.00011452533602182642,-1,Alcohol intake frequency,p131528
-0.9048797869648562,1.029552956930105e-65,-1,Smoking status,p131528
0.0108130055096587,6.032927573689156e-08,-1,% body fat,p131528
0.0370163059104482,0.0165613091207514,-1,Hours slept per day,p131528
0.0591221866925562,4.8998374741142667e-29,-1,TDI,p131528
0.8100961020014078,2.208843479638364e-72,-1,Education,p131528
-0.0244760006599848,0.0009883876742533815,-1,Days/week moderate activity,p131528
-0.0121085063184385,1.7688725214045483e-14,-1,Grip strength,p131528
0.0128080637888515,0.1506127402486291,-1,Cooked veg intake,p131528
-0.0383165350562522,6.9305876891013e-05,-1,Raw veg intake,p131528
-0.0147552204708147,0.1897727334910227,-1,Fresh fruit intake,p131528
-0.0270927846783544,0.0212826252354255,-1,Dried fruit intake,p131528
0.5604909384033363,0.0015780795093869,-1,Oily fish intake,p131528
0.402735559784275,0.0598026840490983,-1,Non-oily fish intake,p131528
-0.2532065961160603,1.5477741645796248e-08,-1,Processed meat intake,p131528
0.1967926241852015,1.347358715990028e-07,-1,Poultry intake,p131528
-0.3531644022108592,4.787554291376143e-06,-1,Beef intake,p131528
-0.281998073507704,0.0051533387469183,-1,Lamb intake,p131528
-0.2233675299437454,0.0138199744555948,-1,Pork intake,p131528
0.0137753873103773,3.809836222029512e-15,-1,Bread intake,p131528
-0.0039386753269648,0.5182599794410125,-1,Cereal intake,p131528
-0.0269157831612631,0.000990548722394619,-1,Water intake,p131528
-0.2727834485635691,2.263902503094235e-24,-1,Alcohol intake frequency,p131534
-0.6389952483042187,3.068528219376655e-128,-1,Smoking status,p131534
0.0024208934669933,0.0191663298563692,-1,% body fat,p131534
0.047166399285623,3.3389818117006072e-09,-1,Hours slept per day,p131534
0.0535295584937809,1.2820584219878036e-83,-1,TDI,p131534
0.4415642324337456,1.3998061552895038e-100,-1,Education,p131534
-0.010757322440363,0.0050336283417075,-1,Days/week moderate activity,p131534
-0.008763360557626,2.5186794400391238e-27,-1,Grip strength,p131534
0.0197560072525645,9.414518321158538e-06,-1,Cooked veg intake,p131534
-0.0274647630800949,1.1390873270269493e-08,-1,Raw veg intake,p131534
-0.0190121161997518,0.0011565882122497,-1,Fresh fruit intake,p131534
-0.0155716888354742,0.0069516023245514,-1,Dried fruit intake,p131534
-0.2057536637262607,1.0464890564558228e-15,-1,Oily fish intake,p131534
0.4759385121664808,1.4647598262514407e-05,-1,Non-oily fish intake,p131534
-0.2302111960648078,2.3646198429438704e-23,-1,Processed meat intake,p131534
0.2495046790103886,5.287903870425667e-19,-1,Poultry intake,p131534
0.6779267103411972,4.8906959435267005e-11,-1,Beef intake,p131534
-0.4056096266496058,2.3761487134728543e-14,-1,Lamb intake,p131534
-0.3077840501534525,1.1701805665793667e-11,-1,Pork intake,p131534
0.0111837726777937,1.1470595612532952e-32,-1,Bread intake,p131534
-0.0099778303863489,0.0015154466317557,-1,Cereal intake,p131534
-0.0223602666357313,8.97609059953075e-08,-1,Water intake,p131534
-0.5274857713219498,4.403364483588344e-10,-1,Alcohol intake frequency,p131538
-0.9240823837896136,2.0600725892197362e-47,-1,Smoking status,p131538
-0.0468742406118988,3.5295577695094904e-80,-1,% body fat,p131538
0.0945303470252745,2.316229587721148e-07,-1,Hours slept per day,p131538
0.0798273674861433,3.4231677450177477e-38,-1,TDI,p131538
1.566536009478856,4.959525759373997e-106,-1,Education,p131538
0.0730927081183512,2.4678867120468345e-16,-1,Days/week moderate activity,p131538
0.0282130379817254,4.859200975914149e-58,-1,Grip strength,p131538
0.0589228393666617,3.311816204108416e-15,-1,Cooked veg intake,p131538
-0.0270024045735586,0.015683242024319,-1,Raw veg intake,p131538
-0.0375176341664884,0.0072059801372388,-1,Fresh fruit intake,p131538
-0.0816476180993477,9.32509336342668e-07,-1,Dried fruit intake,p131538
-0.2777472477545578,2.1021995498626725e-06,-1,Oily fish intake,p131538
-0.1669593454942627,0.0090501467872685,-1,Non-oily fish intake,p131538
-0.6451832215649438,4.129736561724604e-30,-1,Processed meat intake,p131538
0.2038761595486349,4.673903822639242e-06,-1,Poultry intake,p131538
-0.7335160975457178,3.217086475270154e-13,-1,Beef intake,p131538
-0.4591720435336445,6.754893067738798e-05,-1,Lamb intake,p131538
-0.4208813767919137,0.00020915361846105332,-1,Pork intake,p131538
0.0282976955224907,8.37034391544374e-60,-1,Bread intake,p131538
-0.0151505312417721,0.0374049648639584,-1,Cereal intake,p131538
-0.0903524587990905,6.182429417062298e-17,-1,Water intake,p131538
0.6146249709105301,2.560927384967192e-44,-1,Alcohol intake frequency,p131546
-1.4902689457506897,0.0,-1,Smoking status,p131546
0.0124417232945012,6.1643454432078155e-18,-1,% body fat,p131546
0.0239182908464466,0.032443917608834,-1,Hours slept per day,p131546
0.1158457165781044,1.778522621982002e-226,-1,TDI,p131546
0.7901815554344732,7.821910788275108e-133,-1,Education,p131546
-0.0477442425442899,7.888243131600667e-19,-1,Days/week moderate activity,p131546
-0.0148062067441403,4.912286956608472e-38,-1,Grip strength,p131546
0.008705084307616,0.1861376606528894,-1,Cooked veg intake,p131546
-0.0541039461696278,7.026584970500438e-14,-1,Raw veg intake,p131546
-0.0838165972787329,2.8178079357915177e-21,-1,Fresh fruit intake,p131546
-0.1036628526781596,7.423329419260233e-23,-1,Dried fruit intake,p131546
0.90862142746008,1.770951968268683e-16,-1,Oily fish intake,p131546
0.6881645194826581,6.179963433174008e-07,-1,Non-oily fish intake,p131546
-0.3384441545625308,1.345913619201707e-25,-1,Processed meat intake,p131546
0.3875031626838378,1.829947527930981e-24,-1,Poultry intake,p131546
-0.2129208724306537,3.8478406004849236e-08,-1,Beef intake,p131546
-0.6260060156270906,6.984194218054403e-23,-1,Lamb intake,p131546
-0.5296737363293963,1.318071157542768e-19,-1,Pork intake,p131546
0.0166002497129082,5.203303816560746e-41,-1,Bread intake,p131546
-0.057880561850335,1.6906640607112915e-40,-1,Cereal intake,p131546
-0.0332324870858727,2.5508653290652638e-08,-1,Water intake,p131546
0.5942429577446049,6.304490530758869e-82,-1,Alcohol intake frequency,p131602
0.2006063139411633,2.8687154846929106e-12,-1,Smoking status,p131602
0.0244384398695116,4.6986274994144116e-153,-1,% body fat,p131602
-0.0096891414441475,0.1790120585854967,-1,Hours slept per day,p131602
0.0282210514857627,2.7551058015073742e-28,-1,TDI,p131602
0.3992222007210105,2.1181601977414826e-104,-1,Education,p131602
-0.0255646802464738,1.2415813063323033e-13,-1,Days/week moderate activity,p131602
-0.0195561432354738,1.6109507046329002e-151,-1,Grip strength,p131602
0.0087061721865236,0.0400498109262763,-1,Cooked veg intake,p131602
-0.0334212134606572,2.6694297347757785e-14,-1,Raw veg intake,p131602
0.0179957602626665,0.0002220269426099043,-1,Fresh fruit intake,p131602
0.0086517154943564,0.0527148104384108,-1,Dried fruit intake,p131602
0.0752613006801636,0.0114589630131936,-1,Oily fish intake,p131602
-0.0685610195573449,0.0047455640446178,-1,Non-oily fish intake,p131602
-0.1467081592198322,5.618489835969291e-06,-1,Processed meat intake,p131602
-0.2202398304967033,1.1843996892837943e-07,-1,Poultry intake,p131602
0.3894699898803266,0.0002135530739505836,-1,Beef intake,p131602
-0.1614362970640259,0.0008440521961033534,-1,Lamb intake,p131602
-0.1622255187599952,0.00014329850599785522,-1,Pork intake,p131602
0.0029924596773425,0.0008675247028920116,-1,Bread intake,p131602
0.0267285472085719,7.972790766173785e-21,-1,Cereal intake,p131602
-0.0049380594677903,0.1737368914598598,-1,Water intake,p131602
0.4896114270170861,3.753760261008369e-12,-1,Alcohol intake frequency,p131632
-0.8437242434739161,1.0354706807060077e-54,-1,Smoking status,p131632
0.0148152797026053,3.340955518028216e-11,-1,% body fat,p131632
0.0115293184313022,0.5066281491704225,-1,Hours slept per day,p131632
0.0591159642171634,1.735827346665166e-23,-1,TDI,p131632
0.5340401034415904,1.0338352516154852e-30,-1,Education,p131632
-0.027462603257472,0.0009730729565782936,-1,Days/week moderate activity,p131632
-0.0194367355456798,4.072301163893287e-27,-1,Grip strength,p131632
0.0150272676496017,0.1272586033710732,-1,Cooked veg intake,p131632
-0.0410766150187304,0.0001575947823230174,-1,Raw veg intake,p131632
-0.0106766596693212,0.3934283736964882,-1,Fresh fruit intake,p131632
-0.0101855156706233,0.4038288459985917,-1,Dried fruit intake,p131632
0.3726137222507307,0.0963361401135017,-1,Oily fish intake,p131632
0.519968548925372,0.0236489908206027,-1,Non-oily fish intake,p131632
-0.2376575132020228,0.0025845300755157,-1,Processed meat intake,p131632
0.2476027158218492,4.065991462042088e-05,-1,Poultry intake,p131632
-0.2399903183746039,0.0041152940659606,-1,Beef intake,p131632
-0.3586619643194611,0.0008281683501525654,-1,Lamb intake,p131632
0.9101598715489752,0.0488981549796729,-1,Pork intake,p131632
0.0059016852077441,0.005279297394528,-1,Bread intake,p131632
-0.0212160744405273,0.0017891290963904,-1,Cereal intake,p131632
-0.0141938653619521,0.1122157558307019,-1,Water intake,p131632
-0.1550694947270633,1.9106297412601422e-31,-1,Alcohol intake frequency,p131636
-0.2360369471503059,1.061047291946863e-56,-1,Smoking status,p131636
0.0251800644907959,0.0,-1,% body fat,p131636
0.0012226417323943,0.7636753807864014,-1,Hours slept per day,p131636
0.0156599796013975,2.300275089062673e-26,-1,TDI,p131636
0.3494527567160656,5.961362171753168e-262,-1,Education,p131636
-0.0057224056045306,0.0032330693601725,-1,Days/week moderate activity,p131636
-0.0127522593755713,4.752614539904919e-210,-1,Grip strength,p131636
0.0219831156829521,2.459477757407177e-21,-1,Cooked veg intake,p131636
-0.0127248426713359,3.269932751838183e-08,-1,Raw veg intake,p131636
-0.0107568494215123,0.0002217784188439695,-1,Fresh fruit intake,p131636
-0.0103960160412297,0.0002280706637517041,-1,Dried fruit intake,p131636
-0.1344219825206708,1.0393656360173422e-24,-1,Oily fish intake,p131636
-0.1839878021776453,2.838035253746168e-13,-1,Non-oily fish intake,p131636
-0.3048585369629801,6.537421042519431e-60,-1,Processed meat intake,p131636
-0.3266628000160285,1.962993277489129e-42,-1,Poultry intake,p131636
-0.3371769345237396,6.24417714031398e-64,-1,Beef intake,p131636
-0.3820100292849117,1.2241623827795356e-41,-1,Lamb intake,p131636
-0.2160331451689695,6.763870311298603e-16,-1,Pork intake,p131636
0.0018575852280861,0.0002905314226541504,-1,Bread intake,p131636
-0.0091717857875847,9.14396614903749e-09,-1,Cereal intake,p131636
-0.0131401830339668,2.3057843860496556e-10,-1,Water intake,p131636
-0.2039199212362637,1.352129048718183e-31,-1,Alcohol intake frequency,p131648
-0.600837272311582,1.2402833048498712e-239,-1,Smoking status,p131648
0.0044089512547081,2.5901580396946125e-10,-1,% body fat,p131648
-0.0133218298868343,0.0140025720744307,-1,Hours slept per day,p131648
0.0341377454258273,5.8852182005318645e-71,-1,TDI,p131648
0.2678848205868984,2.00769764096825e-89,-1,Education,p131648
-0.0132136754214829,3.338020940905368e-07,-1,Days/week moderate activity,p131648
0.0016708890574444,0.0017687640026971,-1,Grip strength,p131648
0.0173177823611245,1.9227053719251755e-08,-1,Cooked veg intake,p131648
-0.0201970261364728,1.6380813479916959e-10,-1,Raw veg intake,p131648
-0.032142238194205,1.1961784262452512e-15,-1,Fresh fruit intake,p131648
-0.0198166363415119,5.090375778351694e-07,-1,Dried fruit intake,p131648
-0.111085385361003,1.6848075337011502e-10,-1,Oily fish intake,p131648
-0.2346669761735515,0.0177673559583259,-1,Non-oily fish intake,p131648
-0.2031156220841675,1.6163378871437267e-39,-1,Processed meat intake,p131648
-0.1942614271804616,3.4052472084060086e-10,-1,Poultry intake,p131648
-0.2400771521815585,5.180129595435686e-20,-1,Beef intake,p131648
-0.3497708021973874,3.1616271914802604e-21,-1,Lamb intake,p131648
-0.2950803548745649,8.545531256143843e-18,-1,Pork intake,p131648
0.0076514637646064,2.415490020907698e-31,-1,Bread intake,p131648
-0.0234409659710173,1.732555873534647e-28,-1,Cereal intake,p131648
-0.0075198627172048,0.0060711905660042,-1,Water intake,p131648
0.55867904468968,1.0335618746052278e-58,-1,Alcohol intake frequency,p131670
-0.5094743047163668,1.725518744470388e-72,-1,Smoking status,p131670
0.0388224184867065,1.717703814990058e-275,-1,% body fat,p131670
-0.0102231159038665,0.2280328822709113,-1,Hours slept per day,p131670
0.0783769113744483,7.0849910614984475e-168,-1,TDI,p131670
0.4575543655453228,5.515651139832225e-96,-1,Education,p131670
-0.0378905722926983,1.1180365574434107e-20,-1,Days/week moderate activity,p131670
-0.0101679943663355,1.9873123689869428e-32,-1,Grip strength,p131670
0.008187232126437,0.1011123347412666,-1,Cooked veg intake,p131670
-0.0240119775731982,1.808779119274188e-06,-1,Raw veg intake,p131670
-0.0245990310670659,7.965372657469028e-05,-1,Fresh fruit intake,p131670
-0.0543095330674367,9.150642247090039e-15,-1,Dried fruit intake,p131670
0.1504329395598403,1.220622859384846e-05,-1,Oily fish intake,p131670
0.3200699092423101,0.0094215369157331,-1,Non-oily fish intake,p131670
-0.3579607597516772,2.7091853431457424e-19,-1,Processed meat intake,p131670
-0.307239510608218,1.064859690565971e-09,-1,Poultry intake,p131670
-0.3018049052126753,1.7763823719812005e-13,-1,Beef intake,p131670
-0.3690972112023176,1.731498973626489e-12,-1,Lamb intake,p131670
-0.3246697708779671,6.843610400022342e-12,-1,Pork intake,p131670
0.0043553011246024,3.126919211803158e-05,-1,Bread intake,p131670
-0.0343541004162874,2.272967083053546e-25,-1,Cereal intake,p131670
0.0212558048259015,1.0786682089885966e-07,-1,Water intake,p131670
0.595093788594324,3.953128810329802e-26,-1,Alcohol intake frequency,p131680
-0.3405266418942981,4.1815207463523983e-13,-1,Smoking status,p131680
0.0305398235711674,3.2028929617560924e-70,-1,% body fat,p131680
0.0245521260643378,0.0661331522577409,-1,Hours slept per day,p131680
0.0508175896576723,3.193152574324225e-28,-1,TDI,p131680
0.389047347319992,8.41718539028492e-30,-1,Education,p131680
-0.0200022747284919,0.0018117630542839,-1,Days/week moderate activity,p131680
-0.0194575252007019,1.3748548073586302e-44,-1,Grip strength,p131680
0.0209529305633922,0.0043320791909166,-1,Cooked veg intake,p131680
-0.0085326856348019,0.2584546745558606,-1,Raw veg intake,p131680
0.0058867163076864,0.527520525563959,-1,Fresh fruit intake,p131680
-0.0087436784677267,0.3486851187746321,-1,Dried fruit intake,p131680
0.2361840027974165,1.6798132576793162e-05,-1,Oily fish intake,p131680
-0.0764212054405411,0.0648183276960735,-1,Non-oily fish intake,p131680
-0.2081345073673256,0.0007156097350999148,-1,Processed meat intake,p131680
-0.1744091616682438,0.0224636085600187,-1,Poultry intake,p131680
-0.1419559620869482,0.0024801844066226,-1,Beef intake,p131680
-0.3046642851217345,0.00033017701265517706,-1,Lamb intake,p131680
-0.1581944405692463,0.0481882257658011,-1,Pork intake,p131680
0.0010579589222922,0.5319267423140135,-1,Bread intake,p131680
0.0019002790937225,0.7185726632904259,-1,Cereal intake,p131680
-0.0085169213697708,0.2109770414659637,-1,Water intake,p131680
0.8154285211321933,3.0847890871474217e-37,-1,Alcohol intake frequency,p131684
-0.8050029714458358,5.804077818685201e-53,-1,Smoking status,p131684
0.0034585948514605,0.1177161265891591,-1,% body fat,p131684
-0.0141615025128026,0.4099997810531587,-1,Hours slept per day,p131684
0.0696474666795689,1.6082916002303938e-33,-1,TDI,p131684
0.4466308947866058,1.5548325093530992e-23,-1,Education,p131684
-0.0115384993748754,0.1597475180865685,-1,Days/week moderate activity,p131684
-0.0128124877707421,2.4671525228859264e-13,-1,Grip strength,p131684
0.01792242135272,0.0610647518811858,-1,Cooked veg intake,p131684
-0.0322708194098998,0.0020628448150042,-1,Raw veg intake,p131684
-0.0398455382309953,0.0020502522501199,-1,Fresh fruit intake,p131684
-0.007342412726832,0.5359107838165801,-1,Dried fruit intake,p131684
0.5371400347254439,0.0068433123676148,-1,Oily fish intake,p131684
0.577016061408552,0.0085647768081381,-1,Non-oily fish intake,p131684
-0.109434443179798,0.0259433655743653,-1,Processed meat intake,p131684
0.1294264648541296,0.0018809295080839,-1,Poultry intake,p131684
0.8994079450641688,0.0054396292909222,-1,Beef intake,p131684
-0.3630257635086722,0.0007643799626208773,-1,Lamb intake,p131684
-0.3392921935612986,0.0003820252872068858,-1,Pork intake,p131684
0.0073282757206348,0.0003850166676115568,-1,Bread intake,p131684
-0.0171706508177667,0.0105610398490001,-1,Cereal intake,p131684
0.0039534012353528,0.6410315214335087,-1,Water intake,p131684
-0.3776111740878565,2.126400268790956e-39,-1,Alcohol intake frequency,p131768
0.4235085179089575,8.421321001827199e-47,-1,Smoking status,p131768
-0.0132622147962163,1.5749044245465117e-50,-1,% body fat,p131768
0.0577181953888628,1.9440176561178766e-17,-1,Hours slept per day,p131768
-0.0607990710893131,3.5638421255145473e-109,-1,TDI,p131768
-0.0275530345517305,0.084921478093717,-1,Education,p131768
0.0237933572330064,3.267022563292088e-13,-1,Days/week moderate activity,p131768
0.0033796583267041,5.076842392868427e-07,-1,Grip strength,p131768
0.0325972270675795,6.427525720883059e-20,-1,Cooked veg intake,p131768
0.0057617720052179,0.1125082504122849,-1,Raw veg intake,p131768
0.0367549692144772,7.329961710713377e-17,-1,Fresh fruit intake,p131768
0.0421638713183769,9.698074509716941e-35,-1,Dried fruit intake,p131768
-0.4661128957094359,7.286093822687793e-49,-1,Oily fish intake,p131768
-0.4334697907911255,9.563833936028354e-20,-1,Non-oily fish intake,p131768
0.0765086670614979,8.650883098092714e-05,-1,Processed meat intake,p131768
-0.2913835184824346,1.2304432995678008e-12,-1,Poultry intake,p131768
-0.1140518084678065,0.0008215235382053052,-1,Beef intake,p131768
-0.2078269441340624,4.845112994909018e-05,-1,Lamb intake,p131768
0.1106018529931325,0.0158555063239824,-1,Pork intake,p131768
0.0037954105097269,7.773609157919568e-06,-1,Bread intake,p131768
0.049087208444219,2.941395323836228e-72,-1,Cereal intake,p131768
-0.0268226415090703,8.089792676038611e-14,-1,Water intake,p131768
0.7054703777774262,2.884546216041225e-41,-1,Alcohol intake frequency,p131820
-0.8934966581486843,4.648701343921319e-97,-1,Smoking status,p131820
0.0079445679648021,8.410347208503482e-06,-1,% body fat,p131820
0.011008232965085,0.4266020480796914,-1,Hours slept per day,p131820
0.1011407802537358,1.9926019483105952e-111,-1,TDI,p131820
0.601622932715225,1.7957127816802922e-57,-1,Education,p131820
-0.0388020928612219,5.395496805178564e-09,-1,Days/week moderate activity,p131820
-0.0220018634892734,3.020496762708588e-52,-1,Grip strength,p131820
0.0155156868461751,0.047891713795694,-1,Cooked veg intake,p131820
-0.0285077946268835,0.0006531632537613628,-1,Raw veg intake,p131820
-0.0141684705229778,0.1581505724175611,-1,Fresh fruit intake,p131820
-0.0142737389374125,0.1507238946351565,-1,Dried fruit intake,p131820
-0.2489260794324674,1.8243044633350368e-08,-1,Oily fish intake,p131820
-0.2760123520218926,3.792201418326061e-09,-1,Non-oily fish intake,p131820
-0.4086211168683938,3.2890744926882787e-24,-1,Processed meat intake,p131820
0.4628370871907059,6.3472962604562875e-24,-1,Poultry intake,p131820
0.91168088343555,2.100526103660098e-08,-1,Beef intake,p131820
-0.4516767281155213,9.522762519168293e-08,-1,Lamb intake,p131820
-0.5564354855328559,7.603805545762e-15,-1,Pork intake,p131820
0.0155116380158345,6.4483724102758026e-24,-1,Bread intake,p131820
-0.0206206996096885,0.00014126089265049775,-1,Cereal intake,p131820
0.0091612874600239,0.1751925192989097,-1,Water intake,p131820
0.9207223429001332,1.0684897516082676e-51,-1,Alcohol intake frequency,p131834
-0.8805444524304837,1.4297867018129743e-67,-1,Smoking status,p131834
0.0256151934949297,8.728787231416559e-34,-1,% body fat,p131834
-0.0303235763239123,0.0659141996727159,-1,Hours slept per day,p131834
0.1258124819006027,2.2804463186796935e-128,-1,TDI,p131834
0.6764912616624006,1.7519661638170024e-49,-1,Education,p131834
-0.0687738895951373,4.61968977658978e-18,-1,Days/week moderate activity,p131834
-0.0174481751224643,8.269932730103443e-25,-1,Grip strength,p131834
0.0332138144990086,6.081619921760759e-05,-1,Cooked veg intake,p131834
-0.0181763265759275,0.0583949155504915,-1,Raw veg intake,p131834
0.0368968840424132,0.00038814519952730126,-1,Fresh fruit intake,p131834
-0.0467481102979491,0.00046432466339923486,-1,Dried fruit intake,p131834
-0.2058111717561334,8.64146700424532e-05,-1,Oily fish intake,p131834
-0.2112993070682041,0.00011696421118087712,-1,Non-oily fish intake,p131834
-0.4171190645565291,2.4979715785501488e-18,-1,Processed meat intake,p131834
0.4759790819428257,7.168081610218411e-19,-1,Poultry intake,p131834
-0.2804762591281579,5.693240391580115e-07,-1,Beef intake,p131834
-0.7760895500395395,6.50113747127847e-19,-1,Lamb intake,p131834
-0.5948362314101556,9.431414541746784e-13,-1,Pork intake,p131834
0.0209511040175151,5.58672675639691e-35,-1,Bread intake,p131834
-0.0345689932654381,6.721299267982256e-08,-1,Cereal intake,p131834
0.0333660844835446,6.2258007420759646e-06,-1,Water intake,p131834
0.5905794220840255,7.686444401347926e-81,-1,Alcohol intake frequency,p131868
0.2211790311693144,2.859252218824972e-12,-1,Smoking status,p131868
0.0569442879018553,0.0,-1,% body fat,p131868
-0.0951993298186497,2.7290330085203387e-31,-1,Hours slept per day,p131868
0.0451153760638801,4.03399026153088e-57,-1,TDI,p131868
0.6231638548277502,1.964840120877446e-174,-1,Education,p131868
0.0083220492962401,0.0324111350679236,-1,Days/week moderate activity,p131868
-0.0489519182171007,0.0,-1,Grip strength,p131868
0.0413844698472428,2.726819198993187e-25,-1,Cooked veg intake,p131868
0.0230389032550776,5.856989377976537e-09,-1,Raw veg intake,p131868
0.0607379428145155,1.921752170189232e-36,-1,Fresh fruit intake,p131868
0.0164848589636167,0.00045354413311826463,-1,Dried fruit intake,p131868
-0.2252449123946239,6.074861105945103e-18,-1,Oily fish intake,p131868
-0.1576683905971584,9.144432746732432e-09,-1,Non-oily fish intake,p131868
0.1160660936559281,6.816159952484853e-07,-1,Processed meat intake,p131868
-0.2708534736260392,1.3419003850770952e-08,-1,Poultry intake,p131868
-0.137852016218968,0.0004038863132975597,-1,Beef intake,p131868
0.3257330624406919,0.0024714479120904,-1,Lamb intake,p131868
-0.2174003667340011,4.795011194220271e-06,-1,Pork intake,p131868
-0.0069166038335308,1.6008427341814027e-10,-1,Bread intake,p131868
0.0188546467940975,4.843727792461465e-09,-1,Cereal intake,p131868
0.0279427455599027,1.3008195959070005e-13,-1,Water intake,p131868
0.1419498207578907,3.4604162536644494e-09,-1,Alcohol intake frequency,p131870
0.2819462991024369,1.3218349346934691e-30,-1,Smoking status,p131870
0.0318408012990721,0.0,-1,% body fat,p131870
-0.0206254779635296,0.0007872397453742811,-1,Hours slept per day,p131870
0.0004449979546906241,0.8436485384432209,-1,TDI,p131870
0.3080270431350618,3.224622832572941e-90,-1,Education,p131870
0.0198352009211833,1.2618807399307342e-11,-1,Days/week moderate activity,p131870
-0.0212772618583442,2.1644986198641828e-244,-1,Grip strength,p131870
0.0381455024042648,5.800921165607157e-34,-1,Cooked veg intake,p131870
0.0235433187840171,4.535929784350844e-15,-1,Raw veg intake,p131870
0.0539556164226068,1.216937536189391e-45,-1,Fresh fruit intake,p131870
0.0251241135881203,1.1643206812352756e-13,-1,Dried fruit intake,p131870
-0.2582796718026171,9.233486014426538e-40,-1,Oily fish intake,p131870
-0.3269836372371614,4.846611003437002e-16,-1,Non-oily fish intake,p131870
0.1094234856960147,5.185191325858274e-10,-1,Processed meat intake,p131870
-0.2283551324615266,1.9046944681727274e-10,-1,Poultry intake,p131870
-0.1898050518827376,2.15180754653368e-10,-1,Beef intake,p131870
-0.2613513168815045,1.5930177885200002e-09,-1,Lamb intake,p131870
-0.1313185871137304,0.0013794774152228,-1,Pork intake,p131870
-0.0055699869888629,5.001723293892225e-12,-1,Bread intake,p131870
0.0135105663113951,2.409307844762964e-08,-1,Cereal intake,p131870
0.0008558619818163941,0.7792010541833706,-1,Water intake,p131870
0.2763499201435527,1.8219606067396526e-46,-1,Alcohol intake frequency,p131872
0.3960944470633814,2.269559121490445e-86,-1,Smoking status,p131872
0.0407874891011584,0.0,-1,% body fat,p131872
-0.0531021579993831,3.011046204070697e-27,-1,Hours slept per day,p131872
0.013764668572671,8.256512733475676e-15,-1,TDI,p131872
0.5410794978361718,0.0,-1,Education,p131872
0.0243162134475203,2.312594470284998e-25,-1,Days/week moderate activity,p131872
-0.0126741318564567,1.737861641732919e-143,-1,Grip strength,p131872
0.0458264701309778,1.2039338993920665e-73,-1,Cooked veg intake,p131872
0.0157646358446635,3.0695667432324696e-10,-1,Raw veg intake,p131872
0.0475280468478005,1.9072354254308077e-51,-1,Fresh fruit intake,p131872
-0.0093291967681313,0.0059612365183447,-1,Dried fruit intake,p131872
-0.1627720562121382,4.147586514883131e-25,-1,Oily fish intake,p131872
-0.2326630296947191,4.8156708902663027e-14,-1,Non-oily fish intake,p131872
-0.3068869853163005,3.45003051796885e-41,-1,Processed meat intake,p131872
-0.4259620221861456,5.96830758274672e-46,-1,Poultry intake,p131872
-0.363407455315128,5.559588458067562e-50,-1,Beef intake,p131872
-0.2462551890585261,1.817147350231747e-12,-1,Lamb intake,p131872
-0.2999813083134599,3.3372627812840204e-21,-1,Pork intake,p131872
0.002344996284069,0.0001343294077589323,-1,Bread intake,p131872
0.0058188702107621,0.0025320977025257,-1,Cereal intake,p131872
0.0056120529810562,0.0200236793013334,-1,Water intake,p131872
0.6280834709389529,4.852751978445328e-16,-1,Alcohol intake frequency,p131874
0.1675123280557255,0.018461036785015,-1,Smoking status,p131874
0.0464404523312551,2.739301802655151e-84,-1,% body fat,p131874
-0.1531158064151708,1.2330014288294222e-16,-1,Hours slept per day,p131874
0.0171302117298459,0.0098860069505435,-1,TDI,p131874
0.4995831508421952,1.3041718022254466e-24,-1,Education,p131874
0.0218907881240666,0.0130721749272673,-1,Days/week moderate activity,p131874
-0.0641610246320617,4.662605553519037e-192,-1,Grip strength,p131874
0.0411931776315779,2.334747035041939e-06,-1,Cooked veg intake,p131874
0.0384026673272401,1.371616576549215e-06,-1,Raw veg intake,p131874
0.0749782305462768,4.311620892770743e-15,-1,Fresh fruit intake,p131874
0.0369261583094463,1.1870802999213612e-06,-1,Dried fruit intake,p131874
-0.154309516535809,0.0087201149505642,-1,Oily fish intake,p131874
-0.12200820745325,0.0490411589334696,-1,Non-oily fish intake,p131874
0.4265139922945739,1.7658282497126243e-14,-1,Processed meat intake,p131874
-0.239709816903818,0.0010670686107371,-1,Poultry intake,p131874
1.0064689394684905,0.0853900149390046,-1,Beef intake,p131874
0.4881534761179585,0.0599509769071198,-1,Lamb intake,p131874
0.9102718171679204,0.0775647428265626,-1,Pork intake,p131874
-0.0264900439200644,2.4773067823358767e-22,-1,Bread intake,p131874
0.0092680909266275,0.2033680033779027,-1,Cereal intake,p131874
0.0450343764902328,8.42959131697754e-09,-1,Water intake,p131874
0.6359414152773198,5.76231165085001e-40,-1,Alcohol intake frequency,p131900
0.3046676110509045,1.7732554990062043e-10,-1,Smoking status,p131900
0.0429076555540173,4.53287147743394e-179,-1,% body fat,p131900
0.0258713712973966,0.0257647433861995,-1,Hours slept per day,p131900
-0.0142921731486526,0.0010755739042279,-1,TDI,p131900
0.3330372542103179,8.130953036448507e-30,-1,Education,p131900
-0.0036418912307216,0.512529997218961,-1,Days/week moderate activity,p131900
-0.0488902152630637,6.865675800434943e-305,-1,Grip strength,p131900
0.0317515429790735,9.981241801973185e-08,-1,Cooked veg intake,p131900
0.0101440130140255,0.0927351274524463,-1,Raw veg intake,p131900
0.0496545757010315,1.5689386680438525e-12,-1,Fresh fruit intake,p131900
0.032626451987188,2.2591347873965932e-09,-1,Dried fruit intake,p131900
-0.305440651403451,9.523553474347032e-17,-1,Oily fish intake,p131900
-0.1671641238836702,2.445495377211425e-05,-1,Non-oily fish intake,p131900
0.2603187129515447,2.694775998885288e-14,-1,Processed meat intake,p131900
0.1232767245149547,1.0811628014119163e-05,-1,Poultry intake,p131900
0.6139032899579305,0.1771353407607058,-1,Beef intake,p131900
-0.2816203196958682,0.00015612493255926885,-1,Lamb intake,p131900
0.2765781914709192,0.0010083668972049,-1,Pork intake,p131900
-0.0112463850354178,1.3246807828233906e-12,-1,Bread intake,p131900
0.0280996628781121,1.1419074322997472e-09,-1,Cereal intake,p131900
0.0241935288355196,8.286306560980855e-06,-1,Water intake,p131900
0.7452754024325421,7.090353712602311e-171,-1,Alcohol intake frequency,p131964
0.447126553685166,8.972582830915932e-07,-1,Smoking status,p131964
0.0388154097645959,0.0,-1,% body fat,p131964
-0.0298433198669813,4.550350953822535e-06,-1,Hours slept per day,p131964
0.0318394172820459,1.2708612928919904e-43,-1,TDI,p131964
0.3281805480706892,2.513715175067657e-90,-1,Education,p131964
0.0136595253513711,1.0588240941817847e-05,-1,Days/week moderate activity,p131964
-0.0860625235446807,0.0,-1,Grip strength,p131964
0.0224320935889927,3.793451944653762e-10,-1,Cooked veg intake,p131964
0.0254810443857914,5.003848486382596e-16,-1,Raw veg intake,p131964
0.0712984445285964,1.9984251828040675e-76,-1,Fresh fruit intake,p131964
0.056287486255487,1.393862561717416e-69,-1,Dried fruit intake,p131964
-0.3616695148832474,1.3301710507415559e-68,-1,Oily fish intake,p131964
-0.1579208992305257,9.240370904798837e-13,-1,Non-oily fish intake,p131964
0.7332410045484128,1.6480279959596622e-182,-1,Processed meat intake,p131964
0.2763509778585947,3.04572205769229e-34,-1,Poultry intake,p131964
0.3747731163279074,2.9017040756927115e-38,-1,Beef intake,p131964
-0.1819742982729777,3.5018733178888176e-05,-1,Lamb intake,p131964
0.3591348643822271,1.3106370598680209e-15,-1,Pork intake,p131964
-0.0206859603654152,1.0027549608294293e-110,-1,Bread intake,p131964
0.0208814826983497,4.4310011663223513e-16,-1,Cereal intake,p131964
0.0266418766386305,1.743820218122298e-18,-1,Water intake,p131964
0.4901086924202784,4.836419566183145e-46,-1,Alcohol intake frequency,p131972
0.1818256064960702,3.4082483709703044e-08,-1,Smoking status,p131972
0.0432996072810362,0.0,-1,% body fat,p131972
-0.0047952633540568,0.5540416709745548,-1,Hours slept per day,p131972
0.0144855508992119,7.357806603622457e-07,-1,TDI,p131972
0.1380906629416393,1.5365447968395688e-12,-1,Education,p131972
0.0141588510628262,0.00025158862660564093,-1,Days/week moderate activity,p131972
-0.0690240868110881,0.0,-1,Grip strength,p131972
0.0086765960045189,0.0685827004731795,-1,Cooked veg intake,p131972
0.0257800316328118,2.930659237345269e-11,-1,Raw veg intake,p131972
0.0742201204334929,1.594375837176025e-58,-1,Fresh fruit intake,p131972
0.0484941833214035,2.129980248313205e-37,-1,Dried fruit intake,p131972
-0.2654721019994818,1.491940767461415e-24,-1,Oily fish intake,p131972
-0.1385422934308811,4.948891100905523e-07,-1,Non-oily fish intake,p131972
0.5345369487631807,2.5227577731312413e-106,-1,Processed meat intake,p131972
0.2047654158676919,2.9636639453386014e-07,-1,Poultry intake,p131972
0.2195688305041195,1.468740502340756e-09,-1,Beef intake,p131972
0.2030434029891099,0.0008812566017775917,-1,Lamb intake,p131972
0.3699191214045944,2.0582884399721367e-10,-1,Pork intake,p131972
-0.0255618397836336,3.048914322371529e-103,-1,Bread intake,p131972
0.020160180999143,3.164649129086343e-10,-1,Cereal intake,p131972
0.033862958296846,4.010166026261826e-20,-1,Water intake,p131972
0.5451631207474826,7.830204613440141e-85,-1,Alcohol intake frequency,p132030
-0.7865570412096519,8.295808666795619e-270,-1,Smoking status,p132030
0.0138493879311989,5.769546629301375e-55,-1,% body fat,p132030
0.049560168312442,4.814678411909932e-13,-1,Hours slept per day,p132030
0.0819817059454341,1.843068774733501e-275,-1,TDI,p132030
0.6338213798681686,2.782931029063814e-251,-1,Education,p132030
-0.0349201311509468,4.343891638479784e-26,-1,Days/week moderate activity,p132030
-0.0067813515250334,1.1686183395523193e-22,-1,Grip strength,p132030
0.0155496592758158,7.589382319769073e-05,-1,Cooked veg intake,p132030
-0.0487599629275336,6.030165865418711e-29,-1,Raw veg intake,p132030
-0.0296024305544211,6.727754786697566e-09,-1,Fresh fruit intake,p132030
-0.0405284756935863,1.0072421411816597e-13,-1,Dried fruit intake,p132030
0.6696387082145752,4.4047726852911895e-18,-1,Oily fish intake,p132030
0.7007240479543361,4.0540449027510254e-16,-1,Non-oily fish intake,p132030
-0.3400186025241066,2.257012558143336e-65,-1,Processed meat intake,p132030
0.3019664256114017,5.591527489580675e-37,-1,Poultry intake,p132030
-0.2988388869734838,1.1849342243186189e-37,-1,Beef intake,p132030
-0.5617317765966142,4.455807264950884e-44,-1,Lamb intake,p132030
-0.4547581791969676,3.6942896307957484e-34,-1,Pork intake,p132030
0.0160092743622255,8.270996935646344e-93,-1,Bread intake,p132030
-0.0248375040119416,2.9324776558637056e-20,-1,Cereal intake,p132030
-0.002725732027911,0.4306141579393035,-1,Water intake,p132030
0.8014040445200693,8.082359483800924e-208,-1,Alcohol intake frequency,p132032
0.1993042160352258,1.753202955959331e-17,-1,Smoking status,p132032
0.0314244163927009,0.0,-1,% body fat,p132032
0.0913205930353743,3.191963154865327e-50,-1,Hours slept per day,p132032
0.0442579599917954,9.41324534235556e-93,-1,TDI,p132032
0.733543976798558,0.0,-1,Education,p132032
-0.0280778412898259,3.322269804740804e-21,-1,Days/week moderate activity,p132032
-0.0180881655908188,4.3800859532478816e-176,-1,Grip strength,p132032
0.020937124670327,1.3349019428390923e-09,-1,Cooked veg intake,p132032
-0.0310239792669756,1.2155152520833081e-16,-1,Raw veg intake,p132032
0.0031717709403036,0.4651711358456646,-1,Fresh fruit intake,p132032
-0.0336121404959726,1.9574341381930352e-12,-1,Dried fruit intake,p132032
-0.1439099857021703,7.45588471301297e-13,-1,Oily fish intake,p132032
0.4711783209950339,5.1297899948002555e-08,-1,Non-oily fish intake,p132032
-0.4551074277012485,3.6989845964119416e-51,-1,Processed meat intake,p132032
-0.3871827869273743,5.081556218755633e-23,-1,Poultry intake,p132032
-0.4133441908275327,1.3183578419012346e-39,-1,Beef intake,p132032
-0.3698282049954842,1.5608989130662025e-18,-1,Lamb intake,p132032
-0.5053036094117586,1.3353637110367775e-40,-1,Pork intake,p132032
0.0089359808086894,2.888113368583385e-33,-1,Bread intake,p132032
0.0088893036879713,0.00027836452551215774,-1,Cereal intake,p132032
-0.0193616022982804,1.6463346378021106e-09,-1,Water intake,p132032
