coefficient,hazard_ratio,pvalue,covar,disease
-0.047700147646011465,0.9534196293403219,0.0036745729902048843,Alcohol intake frequency,p130070
0.12713130781940699,1.1355661167029218,2.2323263211714187e-5,Smoking status,p130070
0.015268053795707448,1.0153852059983972,2.1945621824711237e-5,% body fat,p130070
0.043715704954446905,1.044685313807913,0.1838801110469693,Hours slept per day,p130070
0.05179691021499967,1.0531618343823066,3.4752837142825674e-8,TDI,p130070
0.5444515338852569,1.723662752464187,1.7933938162944257e-13,Education,p130070
-0.04290212406647893,0.9580051511269647,0.0019306525195359628,Days/week moderate activity,p130070
-0.0059899540817007066,0.9940279499273488,0.03733834381923737,Grip strength,p130070
-0.00752306992280078,0.9925051575376564,0.6639652708904307,Cooked veg intake,p130070
-0.050108944292629076,0.9511257991287327,0.003809792570256319,Raw veg intake,p130070
-0.07887949868096053,0.9241512791838893,6.238562183317239e-4,Fresh fruit intake,p130070
-0.05211353654504878,0.9492210894416858,0.049721627360086854,Dried fruit intake,p130070
0.02917761743804529,1.0296074544733438,0.16847171994819693,Oily fish intake,p130070
0.011523385085205645,1.0115900350521634,0.5826459002734414,Non-oily fish intake,p130070
-0.05270448655213875,0.9486603129439076,0.007798096554963413,Processed meat intake,p130070
0.015681548960343458,1.0158051496876794,0.3385451429804784,Poultry intake,p130070
-0.022856111284275234,0.9774031109340814,0.369138886882761,Beef intake,p130070
0.05562256859397155,1.0571985884761066,0.10303482921771454,Lamb intake,p130070
0.06414161496949346,1.0662433840946723,0.04281719306351898,Pork intake,p130070
0.00813396313628221,1.008167133689458,0.012397192280951106,Bread intake,p130070
-0.011487449233741346,0.9885782795849675,0.3013560827323865,Cereal intake,p130070
-0.014282441765279822,0.9858190684601721,0.32974764358590014,Water intake,p130070
-0.06813973082839697,0.934129937707457,0.019939641600490544,Alcohol intake frequency,p130340
0.1733760029866119,1.1893132063406617,0.0023438586840110894,Smoking status,p130340
0.03083671952046752,1.0313170961880365,9.739117814517964e-6,% body fat,p130340
-0.024647116657871688,0.9756541433828834,0.7132451749556781,Hours slept per day,p130340
0.06850340060299348,1.0709042666650423,5.579919078299052e-5,TDI,p130340
0.652094906569727,1.9195579143212522,7.893177943658363e-6,Education,p130340
-0.06538041489535326,0.9367110567518765,0.010552832616521016,Days/week moderate activity,p130340
-0.0050003026071352655,0.995012178094852,0.32631923837583837,Grip strength,p130340
0.021205883075717878,1.021432325619695,0.355767008243129,Cooked veg intake,p130340
-0.03250509860809398,0.9680175142767904,0.2916441001073569,Raw veg intake,p130340
-0.03586933799495691,0.964766343552813,0.3805117587713857,Fresh fruit intake,p130340
-0.07263201169321515,0.9299429752100722,0.2391417023411747,Dried fruit intake,p130340
0.030950661370290122,1.0314346130606475,0.44390442659070345,Oily fish intake,p130340
0.011414435412166768,1.0114798286521798,0.7620418104117117,Non-oily fish intake,p130340
-0.023718749183844118,0.9765603295272869,0.5389209642259716,Processed meat intake,p130340
0.01883520237537175,1.0190137037414895,0.5408067568917795,Poultry intake,p130340
0.04873796297076869,1.0499451901719854,0.3045759134466843,Beef intake,p130340
0.08897237742869704,1.0930504630449709,0.14758950255626405,Lamb intake,p130340
0.04134725853445245,1.0422139604057254,0.49371141980639033,Pork intake,p130340
0.001174531935139013,1.001175221967901,0.8569656755344279,Bread intake,p130340
-0.020958780353121986,0.9792593284612824,0.32839630328362357,Cereal intake,p130340
-0.029031685137670116,0.9713856854898139,0.3339749497715556,Water intake,p130340
0.00605217435457873,1.006070525765087,0.5934998852597683,Alcohol intake frequency,p130708
0.07511310100257824,1.0780060675570788,4.776998096451599e-4,Smoking status,p130708
0.03874242640856465,1.0395027007208015,2.616911617109551e-53,% body fat,p130708
-0.021503741310839746,0.9787258157447942,0.37945764743878807,Hours slept per day,p130708
0.06972172617630651,1.0722097718233687,4.854286001524972e-25,TDI,p130708
0.7361380675145262,2.0878567628810205,3.5932409178727825e-38,Education,p130708
-0.05164625126113641,0.9496647501379454,2.1704880292048325e-7,Days/week moderate activity,p130708
0.002719129962463468,1.0027228301493427,0.17509381477786665,Grip strength,p130708
0.015105601049878802,1.0152202672813455,0.14783075549399993,Cooked veg intake,p130708
-0.06270975200506833,0.9392160397036818,2.3138411807767426e-5,Raw veg intake,p130708
0.01644400801850901,1.0165799548664678,0.3449746128718623,Fresh fruit intake,p130708
-0.05350541253533199,0.9479008104432908,0.034686726716722044,Dried fruit intake,p130708
0.009432279785995867,1.0094769039290938,0.5261455646793156,Oily fish intake,p130708
0.010452430788201881,1.0105072482683888,0.4799102834669254,Non-oily fish intake,p130708
-0.05682602125595837,0.9447584229529417,1.6984644792548647e-4,Processed meat intake,p130708
-0.017355148206343717,0.9827945849134727,0.14900772184659297,Poultry intake,p130708
-0.026067230519955433,0.9742695867559842,0.16205350215744502,Beef intake,p130708
0.0874811479567235,1.0914216887200965,3.817784249931488e-4,Lamb intake,p130708
0.0928963477199304,1.0973479867521807,1.448850250084976e-4,Pork intake,p130708
0.01962856982794857,1.019822476832469,1.1307939344655961e-19,Bread intake,p130708
-0.02347732033495391,0.9767961278266272,0.002910237974128521,Cereal intake,p130708
0.022069598835361783,1.022314933923224,0.028543746820985316,Water intake,p130708
-0.05057770511609153,0.9506800530982171,0.10866039840759519,Alcohol intake frequency,p130718
0.0696702778558003,1.0721546098503856,0.24598594088243722,Smoking status,p130718
0.027713272606358266,1.028100857476699,2.0297861531626957e-4,% body fat,p130718
0.13777248738363837,1.1477144010617133,0.0416758063434634,Hours slept per day,p130718
0.1093305566197758,1.1155310355707924,4.357974907309978e-10,TDI,p130718
0.6496278973544808,1.9148281838006274,2.1019606601358482e-5,Education,p130718
-0.07443235301844066,0.9282702666167039,0.004494530617357053,Days/week moderate activity,p130718
-0.018067804879931988,0.9820944393051203,0.0011155866965205572,Grip strength,p130718
0.027224029669693457,1.0275979894163534,0.29672160393977765,Cooked veg intake,p130718
-0.036199726190002335,0.9644476487913185,0.37102698973649506,Raw veg intake,p130718
0.014353269723574405,1.0144567725077,0.7195805553302412,Fresh fruit intake,p130718
-0.08736813270268198,0.9163396989236419,0.14230163755733719,Dried fruit intake,p130718
-0.02331410216167172,0.9769555717179965,0.572766116801876,Oily fish intake,p130718
-0.0033443098159446623,0.9966612761593155,0.9371958421412674,Non-oily fish intake,p130718
-0.04698215349989766,0.9541044248631481,0.23494487958476393,Processed meat intake,p130718
-0.039228846130078245,0.961530641400265,0.22976434934872658,Poultry intake,p130718
0.03219169351060939,1.03271545118234,0.5139741403838303,Beef intake,p130718
0.1571440387044718,1.1701641506909966,0.012196415924297736,Lamb intake,p130718
0.20363881641018564,1.225855314664829,0.001398009468513283,Pork intake,p130718
0.026381529512167035,1.0267326025438726,6.293014596611427e-7,Bread intake,p130718
0.02011955086464143,1.0203233132699223,0.3666261095697678,Cereal intake,p130718
-0.03186294083226617,0.9686393338825001,0.3055609927434195,Water intake,p130718
0.09126358308667568,1.0955577376944332,0.017906204997810652,Alcohol intake frequency,p130722
0.05865206259598758,1.0604062215581662,0.445671350519128,Smoking status,p130722
0.049716235173214045,1.050972824936929,3.7627041283798385e-6,% body fat,p130722
-0.01858559858294198,0.9815860486207932,0.8221765262570089,Hours slept per day,p130722
0.034703347658955164,1.0353125353526895,0.19517520255952084,TDI,p130722
0.008152076885435308,1.0081853955414168,0.9633270244534375,Education,p130722
-0.022315977293503715,0.9779311821787586,0.5347460677697315,Days/week moderate activity,p130722
-0.03631593073960911,0.9643355820981273,1.0430737170919723e-5,Grip strength,p130722
0.00426556899358891,1.0042746794822084,0.8941213129402904,Cooked veg intake,p130722
-0.026643890824020668,0.9737079261191053,0.5286577807129197,Raw veg intake,p130722
0.023510323293161193,1.0237888695647124,0.6304592654045169,Fresh fruit intake,p130722
-0.07545428589736947,0.9273221212636874,0.2757024351610042,Dried fruit intake,p130722
0.08112867589063764,1.08451043793527,0.18250403990278458,Oily fish intake,p130722
0.13920646018250193,1.1493613728678658,0.02056791881041625,Non-oily fish intake,p130722
-0.019035473603823242,0.9811445568921695,0.7116155126023863,Processed meat intake,p130722
0.03819149758459072,1.038930166447674,0.3967133224181819,Poultry intake,p130722
-0.0052131648108631485,0.9948004001504462,0.9373128138832401,Beef intake,p130722
0.12288491919885873,1.1307542853505266,0.15123554521696722,Lamb intake,p130722
0.018515379710776356,1.0186878521736356,0.8387340220970219,Pork intake,p130722
-4.622283948830944e-4,0.9995378784162038,0.9610498404480469,Bread intake,p130722
0.05094596907577596,1.0522660368407146,0.07101691001793665,Cereal intake,p130722
0.07452368836434801,1.0773708643735533,0.023390229762909834,Water intake,p130722
-0.06882725729251354,0.933487919381944,0.02317681695416725,Alcohol intake frequency,p130770
0.0639221890279549,1.0660094483029374,0.2447829448138918,Smoking status,p130770
0.03903932881561929,1.0398113773959416,5.3900336138696704e-9,% body fat,p130770
-0.044600390930194106,0.9563795834381007,0.43897536477679316,Hours slept per day,p130770
0.0959334117341855,1.100685768797155,1.3483966754151835e-8,TDI,p130770
0.6886146204868778,1.9909553929506971,1.448409922351504e-6,Education,p130770
-0.02958210668051895,0.9708511610024969,0.25123891635251944,Days/week moderate activity,p130770
-0.018442739807309583,0.9817262868187672,7.887761304671779e-4,Grip strength,p130770
-0.043117473720711536,0.9577988672612933,0.19340691565046306,Cooked veg intake,p130770
-0.05289733429634071,0.9484773835818667,0.13482762774454668,Raw veg intake,p130770
-0.1367747725952415,0.8721666398412126,0.00807333538533353,Fresh fruit intake,p130770
-0.06764766162293784,0.9345897073936753,0.27471703169294337,Dried fruit intake,p130770
0.04858600877569527,1.0497856587167855,0.21517427087389454,Oily fish intake,p130770
0.03824239839914233,1.0389830501853097,0.3288196186712148,Non-oily fish intake,p130770
-0.02803634132183594,0.9723530295647643,0.44673340553784874,Processed meat intake,p130770
0.02815356342047448,1.0285536205066184,0.342058585680899,Poultry intake,p130770
-0.009424694045464034,0.9906195791870684,0.8352268313589911,Beef intake,p130770
0.0801652504455093,1.0834660961373654,0.16100281455623003,Lamb intake,p130770
0.12048640779864432,1.1280454082412346,0.048230508538404535,Pork intake,p130770
0.011969036659568031,1.012040952212402,0.04111430487340279,Bread intake,p130770
-0.07268892940480177,0.9298900464903224,5.385661205774058e-4,Cereal intake,p130770
-0.006918555693612028,0.993105322413758,0.8018588629030107,Water intake,p130770
-0.03038506462704072,0.9700719212381279,0.23891335694062313,Alcohol intake frequency,p130774
-0.12479211948578049,0.8826803755640698,0.010727711872802994,Smoking status,p130774
0.03968429982840581,1.0404822419139557,4.0612425757513385e-12,% body fat,p130774
-0.08437453874835935,0.9190869579437885,0.12280811838074875,Hours slept per day,p130774
0.10804385105167069,1.1140965986228393,7.553382612628914e-15,TDI,p130774
0.49918964439999275,1.6473857613773777,2.2071217951939776e-5,Education,p130774
-0.03348772736911845,0.9670667796121987,0.11791562152376983,Days/week moderate activity,p130774
-0.045329423209897336,0.9556826059405418,3.003360795652332e-19,Grip strength,p130774
0.008159692991149079,1.0081930740172083,0.731086363620795,Cooked veg intake,p130774
0.02002711687844889,1.02022900507758,0.2710891018634966,Raw veg intake,p130774
-0.0012972567594297009,0.9987035843143847,0.9676997334601473,Fresh fruit intake,p130774
-0.02830960141237648,0.9720873605878855,0.3282789780161758,Dried fruit intake,p130774
0.008307120264059002,1.0083417201296536,0.8028419215571296,Oily fish intake,p130774
-0.04267373054159605,0.9582239782886888,0.18832657707842718,Non-oily fish intake,p130774
0.03221481338099559,1.032739327705727,0.3029921166368667,Processed meat intake,p130774
0.009075933216176616,1.0091172443825958,0.7262715828326872,Poultry intake,p130774
-0.012330875696579997,0.987744838026118,0.7363582080611818,Beef intake,p130774
-0.035783953465067984,0.9648487231904331,0.4834455246104881,Lamb intake,p130774
-0.056506374235441525,0.9450604604380661,0.25812066313446697,Pork intake,p130774
-0.00894241496911298,0.9910974495068998,0.1720352552934489,Bread intake,p130774
-0.013501564259754835,0.9865891730347877,0.45749279239272783,Cereal intake,p130774
0.04932791441582023,1.0505647896029715,0.008643777705494045,Water intake,p130774
-0.04221146760169408,0.9586670321177703,0.04177124960381748,Alcohol intake frequency,p130820
0.08678049919499888,1.090657253297014,0.0218590877813558,Smoking status,p130820
0.019949743556510673,1.020150069624108,1.1537573122645335e-5,% body fat,p130820
0.034173822434910205,1.0347644563740788,0.41836869850892655,Hours slept per day,p130820
0.06574283180689904,1.0679520385521328,2.8289421131244957e-8,TDI,p130820
0.37061405168531697,1.4486238715402502,3.5799557767202475e-5,Education,p130820
-0.037759952737498124,0.962944065236509,0.026792629608068323,Days/week moderate activity,p130820
-0.011837363113729862,0.9882324228370527,0.001333723446307226,Grip strength,p130820
0.03158188159339872,1.0320858809723397,0.07619437042096278,Cooked veg intake,p130820
0.022395260730718312,1.0226479171592897,0.22974030722956226,Raw veg intake,p130820
-0.00862369288749688,0.991413384494145,0.7629138953426975,Fresh fruit intake,p130820
-0.04626822700377085,0.9547858284992428,0.1410021767961538,Dried fruit intake,p130820
-0.030764495096663413,0.9697039162140594,0.2421102848718033,Oily fish intake,p130820
-0.007635793947895603,0.99239328466687,0.772740463319739,Non-oily fish intake,p130820
-0.06420213331131504,0.937815416635299,0.009273322869237677,Processed meat intake,p130820
-0.0027864604220486484,0.997217418155456,0.8934551373460246,Poultry intake,p130820
-0.0409868935957198,0.959841709938855,0.17883065250307809,Beef intake,p130820
0.017946422392853913,1.0181084271151568,0.665220839283291,Lamb intake,p130820
-0.010814103867117487,0.9892441583471019,0.7840613816903582,Pork intake,p130820
0.006527718182991609,1.0065490701699638,0.13788792905572145,Bread intake,p130820
-0.029433671678099356,0.9709952799928161,0.028700207473830376,Cereal intake,p130820
0.03388567913922217,1.0344663388856987,0.045667731139537496,Water intake,p130820
-0.03037089718155638,0.9700856647765431,0.09830396400071409,Alcohol intake frequency,p130826
0.05027613966328943,1.05156143410764,0.14281782087462358,Smoking status,p130826
0.01502788415665114,1.0151413705820735,2.599125267259482e-4,% body fat,p130826
0.05425142234755899,1.0557500079346402,0.16079532442608258,Hours slept per day,p130826
0.08024532426303431,1.0835528568774275,1.791140452454155e-15,TDI,p130826
0.6328917939044406,1.883048100398349,2.484056373943961e-13,Education,p130826
-0.01903847799549444,0.9811416091540627,0.21808125817069124,Days/week moderate activity,p130826
-0.02016750471714579,0.9800344991555926,2.406920558160167e-9,Grip strength,p130826
0.01912630345493515,1.0193103829104568,0.2057062915312388,Cooked veg intake,p130826
-0.029022064711664398,0.9713950306788763,0.16298716506289335,Raw veg intake,p130826
0.005433773000673487,1.005448562721045,0.8343557708690628,Fresh fruit intake,p130826
-0.027087108288591476,0.9732764573851606,0.2680611359736794,Dried fruit intake,p130826
-0.015682919211625075,0.9844394173992106,0.5127757882698466,Oily fish intake,p130826
-0.018643300189150957,0.9815294111632074,0.4256127644302971,Non-oily fish intake,p130826
-0.04274413078021563,0.9581565214664822,0.056972634118431904,Processed meat intake,p130826
0.015575609947223805,1.0156975419926269,0.4005586026222264,Poultry intake,p130826
0.04495290222514606,1.0459785954842116,0.1130574601745711,Beef intake,p130826
0.11741818587489089,1.1245896188641071,0.0029224439002623003,Lamb intake,p130826
0.12089159707658972,1.1285025727585152,0.0017366369933289293,Pork intake,p130826
0.009694450982151192,1.0097415943920798,0.011109920211714702,Bread intake,p130826
-0.01614842667478661,0.9839812601494639,0.2106390276356448,Cereal intake,p130826
0.005632748310096956,1.0056486420646862,0.7261799005754497,Water intake,p130826
-0.051860088894754824,0.949461697785936,5.2613019048132964e-5,Alcohol intake frequency,p130828
0.03507660292092737,1.035699043332877,0.13633495595464068,Smoking status,p130828
0.013109864249028755,1.0131961752822327,2.3451265687749822e-6,% body fat,p130828
0.016746571187723266,1.0168875810552025,0.5083646279126025,Hours slept per day,p130828
0.06301456177844321,1.065042348029092,4.228205293080149e-18,TDI,p130828
0.5599286496998789,1.7505475937439041,2.0392862340422647e-22,Education,p130828
-0.026992989858210966,0.9733680649485684,0.009806523769819695,Days/week moderate activity,p130828
-0.01718872230243063,0.9829581610018995,3.4882284082671056e-14,Grip strength,p130828
0.04123001418510389,1.042091773871036,5.902120414878263e-7,Cooked veg intake,p130828
-0.028609748305477075,0.9717956353691818,0.047645164049011986,Raw veg intake,p130828
-8.645718550052791e-4,0.9991358017795552,0.9594111710221123,Fresh fruit intake,p130828
-0.024796612760225486,0.9755082977931475,0.15040359542558895,Dried fruit intake,p130828
-0.016230617508969303,0.9839003892323417,0.327436975412773,Oily fish intake,p130828
0.011215999097392983,1.0112791342357028,0.47502201428575885,Non-oily fish intake,p130828
-0.03492461356866056,0.965678212547872,0.01958017427616434,Processed meat intake,p130828
0.01694738449553814,1.017091806118899,0.17375680997462387,Poultry intake,p130828
8.224092174769727e-4,1.0008227474886635,0.9650652194847535,Beef intake,p130828
0.026952098811288915,1.0273185918031347,0.28232842799691715,Lamb intake,p130828
0.04547951763155708,1.0465295689902048,0.06137869620077965,Pork intake,p130828
0.0071075180832710656,1.0071328364379328,0.005759511036516464,Bread intake,p130828
0.0010682948525130279,1.0010688656827125,0.9034483907766295,Cereal intake,p130828
-0.021625747224700478,0.9786064126913125,0.07895116307115037,Water intake,p130828
-0.05169669816086149,0.9496168437038984,0.07576709713484164,Alcohol intake frequency,p130842
0.10569428322124529,1.1114820258555662,0.04117114054635253,Smoking status,p130842
0.008593370601358256,1.0086303996024806,0.16590255621254724,% body fat,p130842
0.070319233949286,1.0728506169321985,0.2649863302299805,Hours slept per day,p130842
0.056504968448702654,1.0581318720610928,7.43329671206028e-4,TDI,p130842
0.5852575651094639,1.7954533722343737,2.1335456165711424e-5,Education,p130842
-0.0017889683512796952,0.9982126308987899,0.9415490671929372,Days/week moderate activity,p130842
-0.02972809468086141,0.9707094387279994,7.369633071842148e-8,Grip strength,p130842
0.026429485525469348,1.0267818417268662,0.2435508996824105,Cooked veg intake,p130842
-0.019435522183262104,0.9807521299061234,0.49225082860882957,Raw veg intake,p130842
0.04210600519142396,1.0430050368393804,0.23967373584877566,Fresh fruit intake,p130842
0.0075694532008829234,1.0075981739327742,0.7886988853955549,Dried fruit intake,p130842
-0.1163592490860535,0.8901553783427935,0.003083045650757965,Oily fish intake,p130842
-0.048643585058481535,0.9525205617658984,0.197453451882265,Non-oily fish intake,p130842
-0.005274632654368698,0.9947392537944171,0.8840920016670339,Processed meat intake,p130842
0.04468842382047324,1.0457019933132188,0.13521797783635459,Poultry intake,p130842
0.0035199034718566965,1.0035261056069196,0.9371774661820446,Beef intake,p130842
0.12598078450884348,1.1342603727034584,0.024946756606594244,Lamb intake,p130842
0.148914563378413,1.1605738294661172,0.008536008700876757,Pork intake,p130842
0.010736854201018583,1.0107947010658322,0.08585980540704785,Bread intake,p130842
0.022633267203375194,1.0228913429501305,0.28574925056566247,Cereal intake,p130842
0.011743922740939126,1.011813153349146,0.6634185802629299,Water intake,p130842
-0.06654441717146878,0.9356213572791243,0.0035449465759269847,Alcohol intake frequency,p130846
0.02988961685408825,1.0303407954178643,0.4732686791214421,Smoking status,p130846
0.009716312484899186,1.0097636691020124,0.05678973817721144,% body fat,p130846
0.06635714385142225,1.0686082959051484,0.13358311864090697,Hours slept per day,p130846
0.07660767836489561,1.0796184356263612,6.326372286597124e-10,TDI,p130846
0.5727736391207365,1.77317839410097,3.6331311064483413e-8,Education,p130846
-0.017073039710274757,0.9830718787273987,0.36031604450969773,Days/week moderate activity,p130846
-0.02184200612805387,0.9783948032237297,1.9794965350867095e-7,Grip strength,p130846
0.04664856813602586,1.0477537303245674,8.066335592815043e-5,Cooked veg intake,p130846
-0.023926770086538596,0.9763572056937372,0.3211241840239758,Raw veg intake,p130846
0.018433045020754362,1.018603982277846,0.5434603783447814,Fresh fruit intake,p130846
0.008008056204445672,1.008040206449554,0.7544633178179371,Dried fruit intake,p130846
-0.06918223226159148,0.9331566133427812,0.021679778965462936,Oily fish intake,p130846
-0.038168435706353226,0.9625507993125841,0.18113413173618512,Non-oily fish intake,p130846
-0.0678295362817794,0.9344197446659114,0.012843582528890597,Processed meat intake,p130846
0.0318226124024937,1.0323343657492923,0.14963483900451982,Poultry intake,p130846
0.029612704355176107,1.0300555206733681,0.3887188580999537,Beef intake,p130846
0.0628502149425432,1.0648673260716404,0.18274541280088222,Lamb intake,p130846
0.13365837307814163,1.1430022725896891,0.001742129475762594,Pork intake,p130846
0.012275229378544911,1.0123508792295526,0.00882835834994215,Bread intake,p130846
0.03237487035631108,1.0329046380679945,0.038039938874903076,Cereal intake,p130846
-0.01344551725667298,0.986644469950808,0.5091106132126335,Water intake,p130846
-0.06118655748368388,0.9406477385308502,0.0888919005438577,Alcohol intake frequency,p131022
0.20111680839842827,1.222767593005997,2.0704243387324435e-4,Smoking status,p131022
-0.024450957213774296,0.9758455459293754,0.0012570576167103798,% body fat,p131022
-0.0074997933895825765,0.9925282598857953,0.8941309893255416,Hours slept per day,p131022
-0.001660795997602244,0.9983405823609075,0.9332794560762969,TDI,p131022
0.03312958304567934,1.033684478545988,0.8083079264442414,Education,p131022
0.031630982468478244,1.0321365585363989,0.25884992439272775,Days/week moderate activity,p131022
0.004091372616331121,1.0040997537074314,0.468840561170441,Grip strength,p131022
0.04602984616376791,1.047105662577652,0.0018049014506369362,Cooked veg intake,p131022
0.001088659884205511,1.0010892526894788,0.9719945925501793,Raw veg intake,p131022
0.029539068853158355,1.0299796748105055,0.47896809773656107,Fresh fruit intake,p131022
0.05117947953225005,1.0525117806540678,0.00827997518259854,Dried fruit intake,p131022
-0.04160213685519803,0.9592513554210899,0.35158857536974725,Oily fish intake,p131022
0.05678332487936309,1.0584264508692185,0.1996687935166951,Non-oily fish intake,p131022
0.053128467930184636,1.0545651142149206,0.18881365498797736,Processed meat intake,p131022
-0.010185773067368396,0.989865926237765,0.764604038346769,Poultry intake,p131022
0.06738908420762801,1.0697116051074054,0.17477961365181705,Beef intake,p131022
0.0414922222099322,1.042365054523377,0.5480030624903581,Lamb intake,p131022
0.010106573757612416,1.0101578176621127,0.8760135718222578,Pork intake,p131022
0.022078652184620885,1.0223241893392698,2.9515463574544777e-4,Bread intake,p131022
0.028869644746233224,1.029290412316749,0.1950242098399585,Cereal intake,p131022
0.02734728669934093,1.0277246558983073,0.41586254582357163,Water intake,p131022
-0.011005634652417974,0.9890547057801783,0.7299657477044053,Alcohol intake frequency,p131036
0.14922936836715112,1.160939241411166,0.00520731489270431,Smoking status,p131036
0.011829760918050665,1.0119000092735306,0.06517421290968124,% body fat,p131036
0.09083629846642535,1.0950897227174416,0.12952380090559582,Hours slept per day,p131036
0.023364371289545646,1.0236394564317584,0.20760252816835076,TDI,p131036
0.5124181633466683,1.669323013908776,3.4236604129724967e-4,Education,p131036
0.06719652967108279,1.0695056471147562,0.006798152668615474,Days/week moderate activity,p131036
-0.032558970646716666,0.9679653666045371,4.171807347320947e-8,Grip strength,p131036
0.043583342731418916,1.044547046088326,0.001297020540980617,Cooked veg intake,p131036
0.015962746937040116,1.0160908322052802,0.43048165325073845,Raw veg intake,p131036
0.09409134907497532,1.098660102917458,6.473804087869134e-4,Fresh fruit intake,p131036
0.05741017278902359,1.0590901312690788,4.0117108369662665e-5,Dried fruit intake,p131036
-0.11913292956830067,0.8876897926978151,0.004977966687321149,Oily fish intake,p131036
-0.04462444135476679,0.9563565823796601,0.26699763621757483,Non-oily fish intake,p131036
-0.06383296563393401,0.938161691687316,0.0759216250784751,Processed meat intake,p131036
0.01249077922039502,1.012569114820946,0.6891461703987191,Poultry intake,p131036
0.03802326585750118,1.0387554001324788,0.4268777354035393,Beef intake,p131036
0.11323318461071981,1.1198930443274144,0.0753147042308655,Lamb intake,p131036
0.12065499172767095,1.1282355945990077,0.050579398014698324,Pork intake,p131036
-0.0010706206267596687,0.9989299522830289,0.8843572643797458,Bread intake,p131036
0.0480860583524808,1.0492609491077503,0.024817817696525628,Cereal intake,p131036
9.566674145757426e-4,1.0009571251668075,0.9707063545958426,Water intake,p131036
-0.0828377416538442,0.9205004939912076,0.03024059314270448,Alcohol intake frequency,p131038
0.09562751044568647,1.1003491190956614,0.15101462414451358,Smoking status,p131038
-0.012590916326518622,0.9874880176295351,0.12592467304754548,% body fat,p131038
0.013260193940452723,1.0133485001998068,0.8620669578976318,Hours slept per day,p131038
0.061682484003904414,1.063624573291094,0.002093017199593005,TDI,p131038
0.24276971666325245,1.2747750308672297,0.10885520231250119,Education,p131038
0.012334798818151799,1.0124111862003222,0.6826245242806342,Days/week moderate activity,p131038
-0.0043713405628566125,0.9956381998397894,0.4560629135881342,Grip strength,p131038
-0.006811578048003535,0.99321156816585,0.8319428288472575,Cooked veg intake,p131038
-0.05728503400609576,0.944324866302634,0.3456268527401281,Raw veg intake,p131038
-0.06615960419517504,0.9359814658010751,0.28009667440029856,Fresh fruit intake,p131038
0.03035782503096192,1.0308233223559595,0.29248675870404983,Dried fruit intake,p131038
-0.04154710575285764,0.9593041455331359,0.37157475745047747,Oily fish intake,p131038
-0.04905876746644028,0.9521251740701215,0.2551981293316643,Non-oily fish intake,p131038
8.32421979843582e-5,1.0000832456627122,0.9985399842025175,Processed meat intake,p131038
0.004734133279648035,1.0047453569931317,0.8953288987850235,Poultry intake,p131038
-0.026461449606701458,0.9738855867842809,0.6134691471451834,Beef intake,p131038
0.20061095529496678,1.2221492086432737,0.001143661397424638,Lamb intake,p131038
0.11437801288172665,1.121175863708903,0.11892381735351781,Pork intake,p131038
0.007245505859766007,1.0072718180473292,0.2940130674405952,Bread intake,p131038
-0.003542163759588035,0.9964641023018066,0.8904018163076579,Cereal intake,p131038
-0.04523740383359633,0.9557705513041589,0.2748102429494148,Water intake,p131038
-0.00972866737578211,0.990318503016386,0.7078848066937523,Alcohol intake frequency,p131056
0.11550137723219614,1.1224360604022954,0.014534725518199943,Smoking status,p131056
-3.4364151267293904e-4,0.9996564175253089,0.9522359244539911,% body fat,p131056
-0.006484901804336812,0.9935360797923384,0.900590682914459,Hours slept per day,p131056
-3.607833211900352e-4,0.9996392817532862,0.9821142354933696,TDI,p131056
0.4024008856491557,1.4954107012186044,5.481193219823369e-4,Education,p131056
0.018853246248396602,1.0190320908612573,0.38577848002999315,Days/week moderate activity,p131056
-0.0074333704218628215,0.9925941887479338,0.13925164495666079,Grip strength,p131056
0.011051907974977276,1.0111132059215444,0.618079073348343,Cooked veg intake,p131056
-0.0039109453296963985,0.9960966924567569,0.8785889929556431,Raw veg intake,p131056
0.034225806905350056,1.0348182494545637,0.2797187777452326,Fresh fruit intake,p131056
0.0021965348514625302,1.002198949001404,0.9351333155325412,Dried fruit intake,p131056
-0.04112062858638722,0.9597133540997589,0.23074777340161592,Oily fish intake,p131056
0.011114396031754903,1.0111763903950817,0.7336746528630953,Non-oily fish intake,p131056
-0.0011193927198452738,0.9988812335664767,0.9697403149216337,Processed meat intake,p131056
0.036740684691294045,1.0374239660386384,0.16546596667269428,Poultry intake,p131056
0.007492756019575275,1.0075208969564438,0.8380700121231598,Beef intake,p131056
-0.014893904392347446,0.9852164611974437,0.7743517231541938,Lamb intake,p131056
0.02966049288686619,1.0301047466904705,0.5578861182592167,Pork intake,p131056
0.016413201110216175,1.0165486376634216,0.003231365078661203,Bread intake,p131056
0.015498495635509129,1.0156192201956704,0.38363710724324723,Cereal intake,p131056
-0.030693377186350883,0.969772881982524,0.19153751259682136,Water intake,p131056
-0.03201872501423479,0.9684884469494525,0.3131614410927202,Alcohol intake frequency,p131086
0.10026854021716915,1.1054677407666278,0.0708542009455805,Smoking status,p131086
0.020130372826526653,1.0203343552296769,0.0020621780445316575,% body fat,p131086
0.0638222249764556,1.065902891005587,0.2961431649212995,Hours slept per day,p131086
0.06366537680203406,1.0657357191936616,3.689271623131379e-4,TDI,p131086
0.1300536372043185,1.1388894685335071,0.31018472404863207,Education,p131086
-0.00307169967262603,0.9969330131700993,0.9063818401274736,Days/week moderate activity,p131086
-0.0016878143598221948,0.9983136091978214,0.7581161161094552,Grip strength,p131086
0.02380838321402656,1.0240940654752326,0.40471425121536236,Cooked veg intake,p131086
4.2241042603732295e-4,1.0004224996538844,0.9869933548881873,Raw veg intake,p131086
0.032912987398546534,1.033460611232644,0.4395270733925327,Fresh fruit intake,p131086
0.03806728839387881,1.0388011297864288,0.07260410272897787,Dried fruit intake,p131086
0.027343596237675166,1.0277208631268604,0.504977991841358,Oily fish intake,p131086
0.072963151026627,1.0756908980791218,0.08498286476841338,Non-oily fish intake,p131086
-0.016668145133058792,0.9834699997932003,0.6652666682640118,Processed meat intake,p131086
-0.034292366744441916,0.9662889525798507,0.27776393750862494,Poultry intake,p131086
0.032090612092853917,1.0326110681160794,0.47770546410202475,Beef intake,p131086
0.05129376870228836,1.0526320782261582,0.40062304189526593,Lamb intake,p131086
0.07555429926649634,1.0784817868981351,0.23153615538186664,Pork intake,p131086
0.009399217210386645,1.0094435285743726,0.13726007859048608,Bread intake,p131086
-0.022704610831911668,0.9775511991649631,0.2992940897901223,Cereal intake,p131086
0.02338005831486921,1.0236555144157842,0.33864942329871073,Water intake,p131086
0.04942310503852924,1.0506647982793584,0.2801955037427468,Alcohol intake frequency,p131126
0.1467025338013009,1.1580094431237786,0.06234819199401469,Smoking status,p131126
-0.0013202871376130677,0.9986805840579982,0.8938013994064679,% body fat,p131126
-0.10825343191410017,0.8974001377743811,0.2545950525825191,Hours slept per day,p131126
0.03180556918378045,1.0323167715988426,0.23724622931882772,TDI,p131126
0.6946695522635591,2.00304706219937,0.0011101542706584474,Education,p131126
-0.049999774845498134,0.9512296386743253,0.16308136741781168,Days/week moderate activity,p131126
-0.0033690899438419478,0.9966365790714218,0.6659481753883482,Grip strength,p131126
0.03397004022652064,1.0345536112719658,0.20050518867681041,Cooked veg intake,p131126
-0.009974540799229246,0.990075039947522,0.7628938225506576,Raw veg intake,p131126
0.044205072612840006,1.0451966741250842,0.43169918470315133,Fresh fruit intake,p131126
-0.07628936874106919,0.9265480537198836,0.26608119544151837,Dried fruit intake,p131126
0.045087875393006,1.0461197840568779,0.44078527864681333,Oily fish intake,p131126
-0.0030550814234023573,0.9969495805890318,0.9546792938577574,Non-oily fish intake,p131126
-0.040377421540649786,0.960426884944146,0.4599927342034044,Processed meat intake,p131126
0.026212137504623086,1.0265586969766392,0.5624892979926287,Poultry intake,p131126
-0.009259181160324276,0.9907835530612158,0.8830911332836451,Beef intake,p131126
0.054476412914633614,1.05598756845105,0.4970685560549862,Lamb intake,p131126
0.019566398675360384,1.0197590752645436,0.8362202915847405,Pork intake,p131126
0.00814140812897545,1.0081746395143423,0.36236647459474886,Bread intake,p131126
-0.001486865042514896,0.9985142397936638,0.9593753928109682,Cereal intake,p131126
0.041833574977186684,1.0427209294552187,0.2511293283795683,Water intake,p131126
-0.008353870667905853,0.9916809259467725,0.46628077046693145,Alcohol intake frequency,p131164
0.12146347010682684,1.129148117511653,3.134820804471964e-10,Smoking status,p131164
0.027824113297899845,1.0282148192023979,8.74908618453811e-32,% body fat,p131164
-3.694099998974413e-4,0.9996306582235756,0.9859706011797235,Hours slept per day,p131164
0.0172252853703099,1.0173744960996198,0.010892537744220178,TDI,p131164
0.36510994857156587,1.4406723993140154,5.978327558435207e-14,Education,p131164
0.002702244505307,1.0027058988589013,0.7685177472873191,Days/week moderate activity,p131164
-0.030741335668294966,0.9697263742625023,1.1745903655344082e-47,Grip strength,p131164
0.02430701969224195,1.0246048434690893,0.0014591295319070898,Cooked veg intake,p131164
-0.0017600163255311121,0.998241531594947,0.8532142473145414,Raw veg intake,p131164
0.03599060325763662,1.0366461053487823,0.008733475885092924,Fresh fruit intake,p131164
0.037183535955050084,1.0378834922964313,3.6248757335632542e-6,Dried fruit intake,p131164
-0.02497326382025525,0.9753359884380377,0.09062223733015756,Oily fish intake,p131164
0.02208568121039118,1.0223313753075973,0.12560865677473693,Non-oily fish intake,p131164
0.017770072062082174,1.0179288991876436,0.1725245909830224,Processed meat intake,p131164
0.025118547827434265,1.025436676609365,0.025601245789143155,Poultry intake,p131164
0.01012852147877903,1.0101799885675284,0.5321879437060789,Beef intake,p131164
0.003947522637348615,1.003955324367292,0.8562885683988417,Lamb intake,p131164
0.0272677284362597,1.0276428951621726,0.2103340369101874,Pork intake,p131164
-0.0043113017585382765,0.995697978561345,0.07570920607579067,Bread intake,p131164
0.016609895864510824,1.0167486071137615,0.027814058942078872,Cereal intake,p131164
-0.018917460868579337,0.9812603512774697,0.049239195269629124,Water intake,p131164
-0.016415992434088124,0.9837180156756278,0.10954946497205212,Alcohol intake frequency,p131166
0.07861120940351886,1.0817836529878133,4.104576235445029e-6,Smoking status,p131166
0.02208468216524507,1.0223303539529094,4.96707893385015e-24,% body fat,p131166
0.019979608289670426,1.0201805365886618,0.26468736382100594,Hours slept per day,p131166
-0.002263911178266952,0.9977386495358703,0.7205571091077462,TDI,p131166
0.15259661540520283,1.1648549995958872,2.238617842747981e-4,Education,p131166
-3.8959935840991765e-4,0.999610476525565,0.9616612372077732,Days/week moderate activity,p131166
-0.02270570753832115,0.9775501270788853,7.78979428161628e-36,Grip strength,p131166
0.0243837429963006,1.0246834575537622,0.0016720889626303144,Cooked veg intake,p131166
0.0026556728684382306,1.0026592022912695,0.770185518633654,Raw veg intake,p131166
0.04263183531946202,1.0435536245307737,1.238646872556151e-4,Fresh fruit intake,p131166
0.03393385213106926,1.0345161734245378,7.644191761014502e-5,Dried fruit intake,p131166
-0.018074918728564638,0.9820874528587864,0.17885011418957147,Oily fish intake,p131166
0.02675952303701371,1.0271207741779433,0.0369202880714168,Non-oily fish intake,p131166
-0.006797615642948158,0.9932254358848835,0.5569254729141587,Processed meat intake,p131166
0.037258892379409415,1.0379617064322442,1.9294945221183554e-4,Poultry intake,p131166
-0.008629004909475697,0.9914081180984441,0.5510125805140922,Beef intake,p131166
0.027030527698794278,1.0273991664170508,0.17051109081654875,Lamb intake,p131166
0.03928991604335164,1.0400719734960313,0.03948139996687676,Pork intake,p131166
-0.003788097666991574,0.9962190681238816,0.08793130690157198,Bread intake,p131166
0.01914830461971315,1.0193328091728522,0.004209405711800209,Cereal intake,p131166
-0.015556824726684947,0.9845635576070356,0.066001759377032,Water intake,p131166
-0.04804701507118511,0.9530889764780514,0.2953247387661473,Alcohol intake frequency,p131180
0.053429273718245775,1.0548823812206474,0.5054853254616791,Smoking status,p131180
-0.005125452647541946,0.9948876600724386,0.5536497082840718,% body fat,p131180
0.05197511608577866,1.0533495307278724,0.5164866094545569,Hours slept per day,p131180
-0.011214512641077624,0.9888481355972938,0.6876576021984245,TDI,p131180
0.3560021284518715,1.4276105868610365,0.06635997056041744,Education,p131180
0.007316761094873242,1.0073435939947166,0.8416020351604897,Days/week moderate activity,p131180
-0.013330199936310703,0.9867582537077259,0.06580426769157398,Grip strength,p131180
0.055036397391171256,1.05657907069738,5.18235338636825e-4,Cooked veg intake,p131180
0.01791549697849278,1.0180769421770286,0.5706101700971975,Raw veg intake,p131180
0.06670336529135194,1.068978335062126,0.14908332311279923,Fresh fruit intake,p131180
-0.02586466787862889,0.9744669573661228,0.680320910385729,Dried fruit intake,p131180
-0.16765488151905478,0.845645632265419,0.002689235524185102,Oily fish intake,p131180
-0.025098703859464763,0.9752136499266398,0.6443829423977901,Non-oily fish intake,p131180
0.039343525758001,1.0401277329523562,0.45420683768346914,Processed meat intake,p131180
-0.014741284390429293,0.9853668364104822,0.7387037620725058,Poultry intake,p131180
0.12358044754313517,1.1315410305764857,0.04255182790742228,Beef intake,p131180
0.015128968717769586,1.0152439908885689,0.8454207268750547,Lamb intake,p131180
0.030675769522707935,1.031151119061083,0.7168382575425776,Pork intake,p131180
0.00473292285713709,1.0047441408274698,0.5434682842637395,Bread intake,p131180
0.00921688748452293,1.0092594937905484,0.7678149471636748,Cereal intake,p131180
-0.02394856800470893,0.9763359233712184,0.5444758773878734,Water intake,p131180
-0.015372821746139503,0.9847447369044259,0.385130599855853,Alcohol intake frequency,p131182
0.13936598062074168,1.1495447341223066,2.74952581383111e-6,Smoking status,p131182
0.021244925585169758,1.0214722056794263,4.062129054680904e-8,% body fat,p131182
0.035906518154730414,1.0365589425189359,0.24705597075577657,Hours slept per day,p131182
0.003464857447063477,1.0034708670043764,0.7477380925854884,TDI,p131182
0.10541621266673055,1.1111729984000127,0.1396308001432927,Education,p131182
0.02995388452488747,1.0304070151487863,0.03645354973487956,Days/week moderate activity,p131182
-0.020190108146276118,0.9800123472656009,9.423496158156655e-11,Grip strength,p131182
0.045494264607657396,1.0465450022505438,1.096169711123334e-7,Cooked veg intake,p131182
0.002411711426724277,1.0024146219420311,0.866310591850122,Raw veg intake,p131182
0.06724785361878255,1.0695605397752952,3.3119678301960257e-4,Fresh fruit intake,p131182
0.044644177448428184,1.0456557258173662,0.0027638651788569704,Dried fruit intake,p131182
-0.029834197917661266,0.9706064487784383,0.19555516791964983,Oily fish intake,p131182
0.012061447453512415,1.0121344800417242,0.5931315425905975,Non-oily fish intake,p131182
0.019284635481844923,1.019471785166669,0.3460679844797617,Processed meat intake,p131182
0.0470017959514272,1.0481238914575641,0.006590792188892623,Poultry intake,p131182
0.029850779541830463,1.0303007805277011,0.22593952391397132,Beef intake,p131182
0.004508094400978557,1.0045182711453706,0.8947510189981115,Lamb intake,p131182
0.05400966702161943,1.0554948055968665,0.10137126823721233,Pork intake,p131182
0.0022485464701593925,1.0022510763466,0.5460947143215672,Bread intake,p131182
0.03050989594921483,1.0309800925249364,0.01207677972649699,Cereal intake,p131182
0.012104647224329591,1.0121782049637447,0.39099796783105173,Water intake,p131182
-0.004317716857262437,0.9956915910810012,0.8538802376215658,Alcohol intake frequency,p131190
0.07247465930934231,1.0751655603070733,0.0638639058137212,Smoking status,p131190
0.020579055906395204,1.0207922647111132,7.522595775689965e-5,% body fat,p131190
-0.061628621701132945,0.940232003721933,0.1186309396155178,Hours slept per day,p131190
-0.009680927805301802,0.9903657815248776,0.49340120467606424,TDI,p131190
-0.044178801946106606,0.9567828675391784,0.6388144054274344,Education,p131190
0.01306883721421936,1.0131546077001838,0.49894469873079095,Days/week moderate activity,p131190
-0.02331480097875884,0.9769548890049882,8.98713123994868e-8,Grip strength,p131190
0.015994700895098305,1.0161233008478638,0.32745540535785317,Cooked veg intake,p131190
0.0028059845290964443,1.002809924988446,0.8708948553533052,Raw veg intake,p131190
0.017712227591768336,1.0178700193326065,0.5139908203170813,Fresh fruit intake,p131190
0.026403739108545883,1.0267554061137922,0.10985340162336747,Dried fruit intake,p131190
-0.0420858905547624,0.9587874262518661,0.17730868413516404,Oily fish intake,p131190
-0.0034133889054079325,0.9965924300837946,0.908468508681134,Non-oily fish intake,p131190
-0.008796004485786383,0.9912425671866214,0.7433061508015169,Processed meat intake,p131190
0.0026445195747912967,1.0026480194011218,0.911941650878486,Poultry intake,p131190
0.011137500930835365,1.0111997537934376,0.7370746405606536,Beef intake,p131190
0.02056134206013908,1.020774182714028,0.6406518801933427,Lamb intake,p131190
-0.010727298504531548,0.989330033772123,0.8084023394403096,Pork intake,p131190
-0.016743414755015396,0.9833959771639728,0.004387178535342856,Bread intake,p131190
0.03008428460203492,1.030541389064049,0.05883461501713759,Cereal intake,p131190
-0.0077828007699350795,0.9922474068066609,0.6785904933518336,Water intake,p131190
-0.03778306529447494,0.9629218093941314,0.0944053897255023,Alcohol intake frequency,p131282
0.19171846545179894,1.2113294378683659,1.0483462042740993e-6,Smoking status,p131282
0.0033461478065968126,1.0033517524087008,0.49110372079308595,% body fat,p131282
0.04636641803016672,1.0474581481998668,0.26815728004041334,Hours slept per day,p131282
0.03931915423462739,1.0401023837639014,0.0020744079202564087,TDI,p131282
0.529774057891494,1.6985484916323748,1.5722868699554425e-7,Education,p131282
0.01316013500046751,1.0132471106955891,0.49025199426228777,Days/week moderate activity,p131282
-0.005358058701966328,0.9946562700916322,0.15731545261756857,Grip strength,p131282
0.04231946896996495,1.0432277044004654,0.005056938212810138,Cooked veg intake,p131282
0.0056210358686993485,1.0056368635328774,0.7932839172019994,Raw veg intake,p131282
0.03461509044186801,1.035221165581584,0.1753655968964839,Fresh fruit intake,p131282
-0.0048660854336289245,0.9951457347796001,0.8557116038695048,Dried fruit intake,p131282
-0.04294245377847354,0.9579665158342108,0.1418021123686812,Oily fish intake,p131282
-0.0020161221408624983,0.9979859088682308,0.9433861681089513,Non-oily fish intake,p131282
-0.019466227150464387,0.9807220164064605,0.45758412437195883,Processed meat intake,p131282
0.004492580038811242,1.0045026868059992,0.8410221355319959,Poultry intake,p131282
0.0164850856559909,1.0166217144270113,0.6240535814026228,Beef intake,p131282
0.09570783653478612,1.1004375093870182,0.027001944375424344,Lamb intake,p131282
0.022627322335566833,1.0228852620143896,0.6124737422695847,Pork intake,p131282
0.015460077557206364,1.0155802028064345,1.2614431281041794e-4,Bread intake,p131282
0.00436953775487518,1.0043790981046687,0.7629373948598949,Cereal intake,p131282
-0.022852168534905033,0.9774069645971785,0.23056057487522338,Water intake,p131282
-0.06180517453576686,0.9400660177495406,0.05909035269024906,Alcohol intake frequency,p131304
0.08933386562049173,1.0934456593054847,0.13250803720497709,Smoking status,p131304
-0.0028029549068945797,0.9972009697035188,0.6592471548366844,% body fat,p131304
0.019287396065507306,1.0194745995077081,0.7351559506864369,Hours slept per day,p131304
0.05274196780519,1.0541576034230205,0.004379967096586273,TDI,p131304
0.44513496974119154,1.5607008290047628,0.0015769210847140743,Education,p131304
-0.0030172548215286208,0.9969872925171575,0.9058873928279428,Days/week moderate activity,p131304
0.007777967225870589,1.00780829418934,0.1663926198831816,Grip strength,p131304
0.03171656977524642,1.0322249001050654,0.17773081644155952,Cooked veg intake,p131304
-0.007451731908006158,0.9925759634108138,0.8199815829072693,Raw veg intake,p131304
-0.01775291046486838,0.9824037440557359,0.7364813633476736,Fresh fruit intake,p131304
-0.054182523342416175,0.9472591938077887,0.23495210396418073,Dried fruit intake,p131304
-0.07313768760477868,0.9294728443253306,0.07788490547929917,Oily fish intake,p131304
-0.04139872311356862,0.9594465001753486,0.3083006127792477,Non-oily fish intake,p131304
-0.019450546019334703,0.9807373953575809,0.6165161148022605,Processed meat intake,p131304
-0.016219430121801583,0.983911396568502,0.6224101057247177,Poultry intake,p131304
-0.06357692117983484,0.9384019335405055,0.17017200095107948,Beef intake,p131304
0.008659175915458278,1.0086967750266411,0.8915083190817216,Lamb intake,p131304
0.06985616860468145,1.0723539319992248,0.26306455321908645,Pork intake,p131304
0.012891235599179181,1.0129746857832553,0.03187067606147039,Bread intake,p131304
-0.01360888151874584,0.986483300670055,0.5380007200904449,Cereal intake,p131304
-0.03706098917469352,0.9636173633291334,0.2042786993246215,Water intake,p131304
-0.021760772965239893,0.9784742845562927,0.041305516458952675,Alcohol intake frequency,p131306
0.06994081856856839,1.0724447105629895,2.717514826917046e-4,Smoking status,p131306
-0.008650423849280713,0.9913868834150533,1.0084515199619082e-4,% body fat,p131306
-0.0012838447191453255,0.9987169790569149,0.9499659152407994,Hours slept per day,p131306
0.030467958757858734,1.0309368570221058,1.1672666138442315e-6,TDI,p131306
0.4860182572846402,1.6258296791756048,2.4883080603658975e-25,Education,p131306
-0.0016375956898924547,0.9983637444383001,0.8499109342136081,Days/week moderate activity,p131306
0.010656087282806833,1.0107130655896497,1.0043086740381453e-9,Grip strength,p131306
0.027406771151563154,1.0277857913547852,0.002415234905745131,Cooked veg intake,p131306
-0.04583426689096816,0.955200257381379,5.032888796850898e-4,Raw veg intake,p131306
-0.019653047356779287,0.9805388148304288,0.21931781315694016,Fresh fruit intake,p131306
-0.017259401149693775,0.9828886891072975,0.31178089238686474,Dried fruit intake,p131306
-0.02361410495788811,0.9766625262741261,0.08108661126810127,Oily fish intake,p131306
-0.013468522361145987,0.9866217723527804,0.3060797112437535,Non-oily fish intake,p131306
-0.030500989401943616,0.9699594723869486,0.01646905798608974,Processed meat intake,p131306
0.012410586352177367,1.0124879172551362,0.23980915212340867,Poultry intake,p131306
0.01186392126226368,1.0119345767165713,0.45508412034884926,Beef intake,p131306
0.06031971658586156,1.0621760875763215,0.00399919984680885,Lamb intake,p131306
0.044900681015663385,1.045923974643058,0.03392266284700017,Pork intake,p131306
0.017834884733740577,1.0179948760172024,1.0723573562924778e-21,Bread intake,p131306
-0.013851696675580607,0.9862437966514676,0.04900698108041673,Cereal intake,p131306
-0.036468185753837264,0.9641887683472027,4.2817035754070924e-4,Water intake,p131306
0.035186584352748,1.0358129572606916,0.35763118567993596,Alcohol intake frequency,p131310
0.050773594848464304,1.052084668927714,0.4992703483373303,Smoking status,p131310
0.039108908336386805,1.0398837294903525,5.6529634711690867e-5,% body fat,p131310
0.03380761988149868,1.0343855923626932,0.7001950007776502,Hours slept per day,p131310
0.06536247347633138,1.0675459113394534,0.0018052025536390848,TDI,p131310
0.6912370831241282,1.99618345127871,2.2112414641636442e-4,Education,p131310
-0.05956589019214927,0.9421734515561929,0.07374853525050505,Days/week moderate activity,p131310
-0.023342160175244726,0.9769281606698567,0.00322200897212783,Grip strength,p131310
0.03306835022292063,1.0336211850653638,0.2413757021318552,Cooked veg intake,p131310
-0.03566917439304414,0.9649594739873396,0.39356732569583003,Raw veg intake,p131310
-0.03652137684211306,0.9641374834612725,0.4343302091020055,Fresh fruit intake,p131310
-0.044940844117164466,0.9560540363808769,0.45576986769057176,Dried fruit intake,p131310
0.10970639273938303,1.1159503712223087,0.04240867790912265,Oily fish intake,p131310
0.06354359090447873,1.065605935515614,0.21328341419429614,Non-oily fish intake,p131310
-0.08055853925044473,0.9226008936381479,0.10055013124247862,Processed meat intake,p131310
0.02143935085066613,1.0216708249918933,0.5933235646401036,Poultry intake,p131310
-0.046150770819725455,0.954897980585588,0.46391816046567835,Beef intake,p131310
0.07236307501997806,1.0750455954153006,0.4018744601885505,Lamb intake,p131310
0.10729305167777196,1.1132604495235188,0.16905263179103283,Pork intake,p131310
0.0110903411908727,1.0111520670004557,0.15172999341774807,Bread intake,p131310
-0.011180160117520158,0.9888821056096412,0.6794044333414971,Cereal intake,p131310
-0.03362582314401238,0.9669332409966654,0.3815125989267531,Water intake,p131310
-0.03411257062037774,0.9664627032076273,0.19449083780441606,Alcohol intake frequency,p131322
0.11581739020316412,1.1227908208079571,0.008779052419631275,Smoking status,p131322
0.0025010555222808933,1.0025041857707413,0.6645467115206386,% body fat,p131322
-0.03409540436011054,0.9664792939003287,0.47391789233553105,Hours slept per day,p131322
0.02932138544206013,1.0297554897231034,0.05088177005278782,TDI,p131322
0.1946071605481588,1.2148336581508217,0.06302704116141497,Education,p131322
-0.0012073480230580449,0.9987933805283318,0.9541359421218588,Days/week moderate activity,p131322
-0.009633302693140467,0.9904129489294711,0.035443137793656425,Grip strength,p131322
0.04384099092839442,1.0448162064242554,2.0778522745006282e-4,Cooked veg intake,p131322
0.006435337101989455,1.0064560883737252,0.7345056624871118,Raw veg intake,p131322
0.058375231749912576,1.0601127090352034,0.02242540858255958,Fresh fruit intake,p131322
0.05967451993153818,1.0614909961514283,1.4202131273632584e-4,Dried fruit intake,p131322
-0.061576956104417636,0.9402805826243743,0.06261535196011411,Oily fish intake,p131322
0.019415135620704665,1.0196048350575229,0.5513761040976178,Non-oily fish intake,p131322
0.02082950371621454,1.0210479519149043,0.4865027848034607,Processed meat intake,p131322
0.044062149855741736,1.0450473024092715,0.08308446502595122,Poultry intake,p131322
0.03714355698554738,1.0378419996133683,0.342891830137782,Beef intake,p131322
0.08315706917960293,1.086712484182301,0.09966088710496623,Lamb intake,p131322
0.047626490991593995,1.0487788538086045,0.3466712191815624,Pork intake,p131322
-2.241381768700489e-4,0.9997758869402145,0.9670509517274514,Bread intake,p131322
0.02248784585765385,1.0227426035297174,0.19516239482851327,Cereal intake,p131322
-0.0011272554287019786,0.9988733796850312,0.9590891578367563,Water intake,p131322
-0.00421028923251463,0.9957985616093045,0.8621519355643283,Alcohol intake frequency,p131324
0.18161332116640552,1.1991504181345263,1.3475521224145981e-5,Smoking status,p131324
0.008109364037887656,1.0081423339919644,0.10709514990051677,% body fat,p131324
0.014689259431075437,1.0147976768089286,0.7425893789677799,Hours slept per day,p131324
0.01578867108973215,1.0159139707268248,0.2583882586414606,TDI,p131324
0.5992791399152553,1.8208057809861422,3.342350746749525e-8,Education,p131324
-0.014951250943892635,0.9851599640508422,0.43531957889527495,Days/week moderate activity,p131324
-2.771892422676385e-4,0.9997228491711211,0.9434876464110943,Grip strength,p131324
0.04229174987139537,1.043198787469674,0.008666458966919772,Cooked veg intake,p131324
-0.06558502261789434,0.936519418041924,0.08549873316194913,Raw veg intake,p131324
-0.004898026351466735,0.9951139494190784,0.8633380988585653,Fresh fruit intake,p131324
-0.053819233475703075,0.9476033859910306,0.1497242265434142,Dried fruit intake,p131324
-0.016773654085091582,0.9833662403780362,0.5862063168470127,Oily fish intake,p131324
0.033915736030461566,1.0344974321952194,0.25827074987890936,Non-oily fish intake,p131324
-0.016016877401651204,0.9841107106833905,0.5827970631964104,Processed meat intake,p131324
0.027514591012176837,1.0278966130498324,0.24493934611646076,Poultry intake,p131324
0.004789243266344196,1.004800730022178,0.89629892097673,Beef intake,p131324
0.06384955492903395,1.0659320224791302,0.2018526291217693,Lamb intake,p131324
0.024832948499130925,1.0251438544002114,0.5980628347407622,Pork intake,p131324
0.016388527626803453,1.016523556176897,1.8253981523957605e-4,Bread intake,p131324
-0.004702179850286297,0.9953088580898156,0.7710222112302627,Cereal intake,p131324
-0.05648420298899726,0.9450814138387199,0.006887137304409906,Water intake,p131324
-0.04476183413855277,0.9562251949125665,0.019673556945565444,Alcohol intake frequency,p131342
0.15932308912337445,1.172716777514975,1.2058052349812331e-6,Smoking status,p131342
-0.004862974652138945,0.9951488304653467,0.2034221674860595,% body fat,p131342
0.009278424462826123,1.009321602481091,0.8032403016606745,Hours slept per day,p131342
0.01582308609938815,1.0159489340175645,0.15770480401469086,TDI,p131342
0.31025501454147725,1.3637728516996803,7.744255173386099e-5,Education,p131342
-0.008236308291947098,0.9917975171658558,0.5910447671587432,Days/week moderate activity,p131342
0.0028131607314027924,1.0028171213811639,0.34703052929425465,Grip strength,p131342
0.0342621779497724,1.0348558875595482,0.0019276405652063763,Cooked veg intake,p131342
-0.05023982430801403,0.9510013239153463,0.02452275647956287,Raw veg intake,p131342
1.832905492805674e-4,1.0001833073480195,0.9937834741528242,Fresh fruit intake,p131342
-0.006337728316078242,0.9936823127234535,0.7687382222459238,Dried fruit intake,p131342
-0.03294675361704196,0.9675900788892986,0.1713495982291477,Oily fish intake,p131342
0.030499096238828936,1.0309689582986468,0.1991165828066481,Non-oily fish intake,p131342
-0.02406966739133759,0.9762176968484788,0.28296718993317876,Processed meat intake,p131342
0.020615981447248743,1.0208299587135183,0.2664142062133883,Poultry intake,p131342
0.01961339192192454,1.0198069981802216,0.4818568688566091,Beef intake,p131342
0.12088665508738042,1.1284969957247586,8.834621863153911e-4,Lamb intake,p131342
0.13131254740998444,1.1403241309746863,2.349544196044745e-4,Pork intake,p131342
0.017660314321251078,1.0178171797424913,1.5947220460451147e-7,Bread intake,p131342
0.00331337858958299,1.0033188738960894,0.7834270784852745,Cereal intake,p131342
-0.03392602665600225,0.9666430078085494,0.05122503323654371,Water intake,p131342
-0.08366802536878387,0.9197365346168541,6.739693471743962e-4,Alcohol intake frequency,p131344
0.1363466595562667,1.1460791240196015,0.0010185036444266215,Smoking status,p131344
-0.01975302230212591,0.9804407904160802,8.969158107107246e-5,% body fat,p131344
0.07107443156882295,1.0736611371771827,0.08127060528576835,Hours slept per day,p131344
0.015765064379849682,1.0158899886235226,0.2472265282122947,TDI,p131344
0.25282312676910024,1.2876555049024074,0.010301706507603828,Education,p131344
0.0016543242353016284,1.0016556933845409,0.9309551270037887,Days/week moderate activity,p131344
0.011202741389531064,1.0112657270812484,0.0026258262814102978,Grip strength,p131344
0.04201395753349362,1.0429090350869659,0.0014729876119796957,Cooked veg intake,p131344
-0.04968402245796875,0.9515300391274099,0.06936050057318618,Raw veg intake,p131344
-0.03573896840633783,0.9648921279431869,0.27384218551063993,Fresh fruit intake,p131344
0.015810533193316254,1.0159361809860659,0.43429073514628697,Dried fruit intake,p131344
-0.03330011214858245,0.9672482330805126,0.2956803135749314,Oily fish intake,p131344
0.002481609946477186,1.0024846916891408,0.9333204286771307,Non-oily fish intake,p131344
-0.008036593063518385,0.991995614014372,0.7783110419740161,Processed meat intake,p131344
0.05664428626727831,1.058279298954632,0.016908529701030704,Poultry intake,p131344
0.044956652361386226,1.045982518053804,0.21311687305944627,Beef intake,p131344
0.1173210741196174,1.1244804132949149,0.009610791212294021,Lamb intake,p131344
0.16014266716489417,1.1736783044040882,3.567948766130281e-4,Pork intake,p131344
0.022662515796398434,1.0229212615202634,2.0440236187182842e-8,Bread intake,p131344
-0.0077236276355736955,0.992306122932975,0.6189444817908519,Cereal intake,p131344
-0.03200773157915853,0.96849909402284,0.1679291417452635,Water intake,p131344
-0.09216321931389265,0.9119562885172116,0.011140771523761386,Alcohol intake frequency,p131346
0.08468471740986756,1.0883738672669343,0.21439249445201758,Smoking status,p131346
-0.017548249995530153,0.9826048238429139,0.017611853447908495,% body fat,p131346
-0.084165301818303,0.9192792849975829,0.2544572358887616,Hours slept per day,p131346
0.05341375957857938,1.0548660157550018,0.012585009425963356,TDI,p131346
0.5629364802149794,1.7558208708006955,5.772524754078269e-4,Education,p131346
-0.06751821604543212,0.9347106937284839,0.021943823982759538,Days/week moderate activity,p131346
0.007647133673023531,1.0076764476747846,0.15835450432299386,Grip strength,p131346
-0.0684883159846388,0.933804370624394,0.37423488872152944,Cooked veg intake,p131346
-0.08844251746220448,0.9153557261938754,0.04916504110831509,Raw veg intake,p131346
-0.043348272709286394,0.9575778337596067,0.3908222085567349,Fresh fruit intake,p131346
0.0122899552254504,1.0123657870633798,0.7213325997280496,Dried fruit intake,p131346
-0.002433491175261255,0.9975694673640424,0.9592277917121823,Oily fish intake,p131346
0.08622660780604892,1.0900533149096936,0.06753603742256108,Non-oily fish intake,p131346
-0.07567212413352302,0.9271201370491864,0.09216582846220658,Processed meat intake,p131346
0.08271980233431805,1.0862374047184298,0.018414506093077883,Poultry intake,p131346
-0.07402620589759601,0.9286473574848575,0.17171775695622005,Beef intake,p131346
0.08368239798707218,1.0872835155321552,0.22660684687229346,Lamb intake,p131346
0.03670767134506808,1.0373897177673925,0.6159455688601183,Pork intake,p131346
0.012779121230198925,1.0128611231316873,0.040485510994040436,Bread intake,p131346
-0.0360137464920353,0.9646270331541534,0.15777145114058896,Cereal intake,p131346
-0.06454163425547853,0.9374970814565048,0.054754451277387456,Water intake,p131346
-0.04930818306259734,0.9518877288147206,2.7836517456680158e-5,Alcohol intake frequency,p131350
0.12606169693119454,1.13435215217079,2.95724763137844e-10,Smoking status,p131350
0.0015385351794007993,1.0015397193318587,0.5425308777622107,% body fat,p131350
0.01687783452892625,1.0170210698776223,0.41252603024120604,Hours slept per day,p131350
0.02077253984974927,1.0209897907322754,0.002139703380325778,TDI,p131350
0.34262738630189904,1.4086437841558495,1.283571056521242e-12,Education,p131350
0.006033385636037389,1.006051623166724,0.5169980846593307,Days/week moderate activity,p131350
0.005634293176833264,1.0056501956590218,0.00278429539319817,Grip strength,p131350
0.05300651159858551,1.054436511164296,5.34072743726315e-14,Cooked veg intake,p131350
-0.01465853220931476,0.9854483810393444,0.2165322988495491,Raw veg intake,p131350
0.015197548228890391,1.015313618212609,0.28300015808566265,Fresh fruit intake,p131350
0.027668404680075562,1.02805472975805,0.08832146454039742,Dried fruit intake,p131350
-0.040647471419016964,0.9601675567980293,0.0065520871790001696,Oily fish intake,p131350
-0.008903625381894391,0.9911358945134877,0.5308511412188743,Non-oily fish intake,p131350
-0.016103557422812057,0.9840254116430786,0.23506449595244766,Processed meat intake,p131350
0.01522170083735122,1.0153381409810378,0.17881985058983232,Poultry intake,p131350
-1.8721496728824579e-4,0.9998128025563402,0.991166662679189,Beef intake,p131350
0.0227806489459057,1.0230421095685245,0.3223141647398088,Lamb intake,p131350
0.00891467948274625,1.008954533578685,0.6879178448055818,Pork intake,p131350
0.01430902191575547,1.0144118860124614,5.866631550886121e-11,Bread intake,p131350
0.004845561523131602,1.0048573202412279,0.5050424791156538,Cereal intake,p131350
-0.01088640289731612,0.9891726395392251,0.26617044892143016,Water intake,p131350
-0.044050772560139076,0.9569053717041129,0.005148215198946406,Alcohol intake frequency,p131354
0.11241331111676343,1.1189752499933392,8.528672471111028e-5,Smoking status,p131354
0.008561835532522254,1.0085985928749155,0.00923561510843546,% body fat,p131354
0.03976709313481185,1.040568390445232,0.20236638680900482,Hours slept per day,p131354
0.06225802638710972,1.0642369105089495,1.1884674224593814e-12,TDI,p131354
0.5917870046267387,1.807215033174551,3.848757862344943e-17,Education,p131354
-0.01258568872082597,0.9874931798410105,0.3237325739567022,Days/week moderate activity,p131354
-0.002462347382565418,0.9975406817080162,0.3438379950864172,Grip strength,p131354
0.04018108052367794,1.0409992618176325,1.3713098698640038e-5,Cooked veg intake,p131354
-0.031058832000245465,0.9694185385666163,0.06971625956420101,Raw veg intake,p131354
0.005031933395517809,1.005044614834162,0.8085589967962478,Fresh fruit intake,p131354
0.00948615694820628,1.0095312931451497,0.7260706182775944,Dried fruit intake,p131354
-0.05218424561955678,0.9491539732698371,0.0088008557828263,Oily fish intake,p131354
0.01821337953936089,1.0183802547172405,0.3551955524024736,Non-oily fish intake,p131354
-0.03173639389960327,0.968761919975343,0.09017678276813104,Processed meat intake,p131354
0.02550635726476629,1.0258344277507787,0.09713481992718007,Poultry intake,p131354
0.048786153751797644,1.0499957890699276,0.04421388560646771,Beef intake,p131354
0.09608038659426141,1.1008475538228861,0.002189124863312678,Lamb intake,p131354
0.09443628834510495,1.0990391392999874,0.00286846278533693,Pork intake,p131354
0.015895557972598697,1.016022564407933,1.231053633445363e-8,Bread intake,p131354
-0.015118297047176028,0.9849954106621205,0.14503630185901908,Cereal intake,p131354
-0.032661076397871865,0.9678665368193184,0.02977941435313971,Water intake,p131354
-0.03128379905835477,0.9692004758593009,0.14382812371908857,Alcohol intake frequency,p131366
0.029679271630624376,1.0301240909451825,0.43828667897274654,Smoking status,p131366
5.487325267538657e-4,1.0005488831079885,0.9026061390902984,% body fat,p131366
0.020511544001891313,1.02072335140748,0.6042698438539875,Hours slept per day,p131366
0.04575524379852239,1.0468181643616978,8.744126223030411e-5,TDI,p131366
0.4662021989214766,1.5939292575440425,4.6165944539703506e-7,Education,p131366
0.019738496336617565,1.0199345885187197,0.2576130923914192,Days/week moderate activity,p131366
-0.007862053017293166,0.9921687720857665,0.030277108591154653,Grip strength,p131366
0.028855855947656075,1.0292762197364256,0.05892089009692064,Cooked veg intake,p131366
-0.03366835026482372,0.9668921209842731,0.19235567433025877,Raw veg intake,p131366
-0.03168142279275061,0.9688151753541009,0.26397949216109823,Fresh fruit intake,p131366
0.008276495712398304,1.0083108405893924,0.7164794299669889,Dried fruit intake,p131366
0.013842284347019144,1.0139385323496486,0.6255505675200194,Oily fish intake,p131366
0.04708565132449125,1.0482117859626614,0.0855336321806377,Non-oily fish intake,p131366
-0.030368913151892184,0.9700875894571882,0.23381284524118484,Processed meat intake,p131366
0.06772205490038499,1.0700678470273761,0.0014191462419837363,Poultry intake,p131366
0.019544893356166455,1.0197371452559358,0.5376356552997792,Beef intake,p131366
0.10992541559600663,1.1161948166290525,0.0076760683183115,Lamb intake,p131366
0.0424488735932518,1.0433627116236468,0.29525265626073327,Pork intake,p131366
0.01542140326126169,1.015540926716608,2.8567430809749734e-5,Bread intake,p131366
-0.004602809294011399,0.9954077673989644,0.7374890561954911,Cereal intake,p131366
-0.03606524843824832,0.964577354263867,0.06914567384120023,Water intake,p131366
-0.0200531519939542,0.9801465751773698,0.6231297005849374,Alcohol intake frequency,p131370
0.04639035838814892,1.047483225023079,0.5261077734973415,Smoking status,p131370
-0.0030855562900089445,0.9969191991464874,0.7019009994288903,% body fat,p131370
0.13175517793613606,1.1408289849684148,0.05982504910060609,Hours slept per day,p131370
0.06659956440990898,1.0688673799274233,0.004184451064615258,TDI,p131370
0.660565210795276,1.9358862090218036,2.959333159384252e-4,Education,p131370
0.04120272326444783,1.0420633346151875,0.18462467598230445,Days/week moderate activity,p131370
-0.0028138111358955754,0.9971901439201953,0.6543308493848048,Grip strength,p131370
0.05186734959016208,1.0532360210566662,0.001053676656482235,Cooked veg intake,p131370
0.01922194408370396,1.0194078750584197,0.5037228116782188,Raw veg intake,p131370
-0.039773114058292404,0.9610074535002681,0.4497768392590107,Fresh fruit intake,p131370
0.04033784798292899,1.041162469419476,0.08037119298486245,Dried fruit intake,p131370
-0.08172784846951872,0.9215227183906669,0.12765417036033808,Oily fish intake,p131370
0.014714919924274752,1.0148237173519181,0.7710603379340188,Non-oily fish intake,p131370
0.018084821502896604,1.0182493421664305,0.7002325424968274,Processed meat intake,p131370
0.056695080387969964,1.0583330546862946,0.14164154904360093,Poultry intake,p131370
-0.026839121489833907,0.9735178470276189,0.6269077311995133,Beef intake,p131370
0.01824770289193954,1.018415209541662,0.8356989491189684,Lamb intake,p131370
0.11736458222587666,1.124529338372534,0.11680415668113853,Pork intake,p131370
0.016748201578106584,1.016889238980287,0.013700195290061267,Bread intake,p131370
0.013490381262132669,1.013581787025801,0.6154488784945852,Cereal intake,p131370
-0.01661032033920639,0.9835268703874477,0.6465503818675541,Water intake,p131370
-0.07007393409891652,0.9323248867573247,3.885998147459077e-4,Alcohol intake frequency,p131374
0.10837662723581021,1.1144674051320573,0.0021441784369965323,Smoking status,p131374
0.009218512461883007,1.0092611338157087,0.025842237918744827,% body fat,p131374
0.004856101450752563,1.0048679114204677,0.9033743918968989,Hours slept per day,p131374
0.05712891313080755,1.05879229382753,1.3903080180321097e-7,TDI,p131374
0.47880460219345117,1.6141437046030342,2.3455373960498328e-8,Education,p131374
0.007224160640269082,1.007250317838744,0.6540331128241229,Days/week moderate activity,p131374
-0.01482642266335452,0.9852829475509594,1.7126878587639617e-5,Grip strength,p131374
0.021689305690636592,1.0219262284777955,0.09702359652133284,Cooked veg intake,p131374
-0.047467449615108674,0.9536415140257569,0.0391864378661954,Raw veg intake,p131374
-0.01614821589458514,0.983981467553254,0.565523465815065,Fresh fruit intake,p131374
0.03920185900684748,1.0399803918725568,0.002138192069447957,Dried fruit intake,p131374
-0.03438565204130666,0.9661988162323155,0.17711826894442526,Oily fish intake,p131374
-0.024905434226982513,0.9754021473251776,0.30447476066417295,Non-oily fish intake,p131374
-0.010793869044482592,0.989264175729712,0.6394560104456806,Processed meat intake,p131374
0.03353211752902619,1.034100655950762,0.08321661916109642,Poultry intake,p131374
0.029850161015664713,1.0303001432599068,0.29866179957641914,Beef intake,p131374
0.0688513317647442,1.0712769324579285,0.07446677625820584,Lamb intake,p131374
0.041004587222906924,1.0418568847642855,0.2702081907916317,Pork intake,p131374
0.005669786012345372,1.0056858896694363,0.18264426741376985,Bread intake,p131374
0.00522177073009048,1.005235427936121,0.6913267877076483,Cereal intake,p131374
-0.01880108515530184,0.9813745527957732,0.2709855333277512,Water intake,p131374
-0.034042471875403296,0.9665304534047608,0.3415901307512962,Alcohol intake frequency,p131378
-0.01912587891046407,0.9810558602270297,0.7797667030671247,Smoking status,p131378
0.008924045072756025,1.0089639830774348,0.24650943521901827,% body fat,p131378
0.1523473702104508,1.16456470126389,0.09254031793279466,Hours slept per day,p131378
0.09199577905538735,1.0963601943953942,3.608303658462851e-7,TDI,p131378
0.7924553091531902,2.208813092743616,6.452089888894225e-6,Education,p131378
-0.11062742783068463,0.8952722403210719,4.110852645295458e-4,Days/week moderate activity,p131378
-0.020174059216767865,0.9800280755408901,0.003312486069732547,Grip strength,p131378
-0.036939499728834695,0.9637344397802567,0.47473005173639293,Cooked veg intake,p131378
-0.08503130299339495,0.9184835326674956,0.17036762114355072,Raw veg intake,p131378
-0.13145844582982502,0.8768157097300011,0.021370658812213155,Fresh fruit intake,p131378
-0.13328289087349185,0.8752174660513801,0.09664317752368468,Dried fruit intake,p131378
-0.049395188044110125,0.9518049134432001,0.2947129216174495,Oily fish intake,p131378
-0.07593305726243851,0.9268782522501967,0.08367371155275552,Non-oily fish intake,p131378
-0.07387604425084095,0.9287868151716481,0.09074487795351152,Processed meat intake,p131378
0.013263084421107086,1.0133514292682761,0.716248903548391,Poultry intake,p131378
0.049497300665053985,1.050742755904356,0.37414216591312827,Beef intake,p131378
0.09781698935229054,1.1027609496443884,0.21182842967180787,Lamb intake,p131378
0.05027597626740385,1.0515612622868422,0.49943097394544833,Pork intake,p131378
0.013450200673670922,1.013541061531337,0.04523991559039948,Bread intake,p131378
-0.04564235171566074,0.9553835923980514,0.054624935474061415,Cereal intake,p131378
-0.04227296649045204,0.9586080769734626,0.21988493211215773,Water intake,p131378
-0.025455906619084978,0.9748653631278729,0.50048257504816,Alcohol intake frequency,p131380
0.04705571065581652,1.0481804022707035,0.5171981886544205,Smoking status,p131380
0.00353357283166303,1.0035398232600876,0.6441538647556057,% body fat,p131380
0.038714523279809857,1.039473695747769,0.5855690007790767,Hours slept per day,p131380
0.07981535345666255,1.0830870609283156,4.764217520458996e-5,TDI,p131380
0.9459501801312662,2.575259176532408,2.425317664699634e-7,Education,p131380
-0.03829056321629027,0.9624332525582685,0.19073689335057134,Days/week moderate activity,p131380
-0.009594903400728003,0.9904509808161002,0.10947605791569726,Grip strength,p131380
0.02596673939064591,1.0263068123157886,0.2857270985459653,Cooked veg intake,p131380
-0.07412072707936194,0.928559584787439,0.08505766678096034,Raw veg intake,p131380
-0.08696468447779786,0.9167094691351155,0.17220995796426525,Fresh fruit intake,p131380
-0.15587152156718773,0.8556691183365106,0.03781669117553867,Dried fruit intake,p131380
-0.059527927043939687,0.9422092201055126,0.18077685563985355,Oily fish intake,p131380
0.021531616719855633,1.0217650946874575,0.6240325749709488,Non-oily fish intake,p131380
-0.08715913187120126,0.9165312346975064,0.03809126513091886,Processed meat intake,p131380
0.03514151260251861,1.0357662724098895,0.3246477976331735,Poultry intake,p131380
0.025018211907339338,1.0253337936384335,0.6655013139407797,Beef intake,p131380
0.1087439757321174,1.1148768782625806,0.13639862219354745,Lamb intake,p131380
0.062431985614656335,1.0644220604436312,0.3879220588969195,Pork intake,p131380
0.01581908276329154,1.0159448668406659,0.018002122177203792,Bread intake,p131380
-0.08305879199224495,0.9202970395331797,4.840356301068127e-4,Cereal intake,p131380
-0.04251719219967372,0.958373988822334,0.17747014261812483,Water intake,p131380
-0.02492647912792741,0.9753816202996011,0.42200699275851306,Alcohol intake frequency,p131382
0.06916766165219439,1.0716158629735006,0.21633107587608963,Smoking status,p131382
-0.03508338316557519,0.9655249043779767,5.443239456598642e-10,% body fat,p131382
-0.07066231083603905,0.9317764898303342,0.1785506473668085,Hours slept per day,p131382
0.017393916502036193,1.0175460715783635,0.30620980624446165,TDI,p131382
0.46104421726992073,1.5857289663361132,2.73498575268738e-4,Education,p131382
0.006825348313229089,1.0068486940871497,0.7753595450979528,Days/week moderate activity,p131382
0.03522307541295216,1.0358507558633265,2.0948357309319205e-17,Grip strength,p131382
0.028188636121422247,1.0285896952927756,0.13633106864995825,Cooked veg intake,p131382
-0.10669022510052271,0.898804056806267,0.0031262417556997967,Raw veg intake,p131382
-0.06950399365690892,0.9328564078686785,0.10109468410754058,Fresh fruit intake,p131382
0.04908563641510096,1.050310291696987,0.06662578107667884,Dried fruit intake,p131382
-0.07601651527939966,0.9268009000571747,0.03550462659526468,Oily fish intake,p131382
-0.04667933540381114,0.9543933886980839,0.17770189064914435,Non-oily fish intake,p131382
0.01522204197075554,1.0153384873468536,0.6676439994332302,Processed meat intake,p131382
0.024085925032614496,1.024378333850926,0.3796809976580806,Poultry intake,p131382
-0.018108590986214226,0.9820543843137887,0.6798970197746952,Beef intake,p131382
0.11767296301031989,1.1248761750881713,0.02670064566760408,Lamb intake,p131382
0.09098331472613037,1.0952507305476114,0.07893171544473854,Pork intake,p131382
0.030308048506089445,1.0307720128302307,1.0034607639733845e-10,Bread intake,p131382
-0.005813677194023179,0.9942031895255181,0.7700603040641589,Cereal intake,p131382
-0.0890472712719659,0.9148023286826653,0.0026614808778317547,Water intake,p131382
-0.032153577298841524,0.9683578528754186,0.39926254788267074,Alcohol intake frequency,p131390
-0.03050654488674042,0.9699540838068142,0.6844790352986775,Smoking status,p131390
-1.0410968705046039e-4,0.999895895732175,0.9895790240409824,% body fat,p131390
0.0059535541386631875,1.0059713117649434,0.9382635512766858,Hours slept per day,p131390
0.094652025430269765,1.0992762683782304,6.522290395805798e-6,TDI,p131390
1.1554088076525624,3.1753212478535073,3.5449127265492564e-8,Education,p131390
0.02310297384237671,1.0233719146599172,0.440426972943003,Days/week moderate activity,p131390
-3.797629005971313e-4,0.9996203092002058,0.9516832670916194,Grip strength,p131390
0.05301892248426381,1.054449597736499,0.03263208085177832,Cooked veg intake,p131390
0.01750274475279205,1.0176568153633139,0.6977738200267365,Raw veg intake,p131390
-0.02209160522374062,0.9781506272399406,0.6530345227291569,Fresh fruit intake,p131390
-0.0893511513568807,0.9145243807069111,0.16286736594866644,Dried fruit intake,p131390
-0.050727930120622614,0.9505372479096564,0.29574121358855876,Oily fish intake,p131390
0.005687582375970446,1.005703787380478,0.904878481422953,Non-oily fish intake,p131390
-0.10491016402799719,0.9004054077480143,0.02480004150076432,Processed meat intake,p131390
-0.002472141141671553,0.9975309120827218,0.9461769963654727,Poultry intake,p131390
0.03126727931427138,1.0317612354717154,0.5786522221898055,Beef intake,p131390
0.07930490782351676,1.0825343449454792,0.29830595238361074,Lamb intake,p131390
0.03046767179704678,1.0309365611836707,0.6849429084380932,Pork intake,p131390
0.016599495908054332,1.0167380330275055,0.017369631275888673,Bread intake,p131390
0.02906867487686456,1.0294952925099594,0.260843652817017,Cereal intake,p131390
-0.012940888201004365,0.9871424850638397,0.6987677634916112,Water intake,p131390
-0.03965951961017373,0.9611166248120965,0.006586915467448629,Alcohol intake frequency,p131416
0.045252063348236275,1.0462915584264034,0.09313734358277705,Smoking status,p131416
0.014545514562130876,1.0146518153335409,4.500902206916585e-6,% body fat,p131416
-0.02863205792314889,0.9717739552219404,0.3550058269904318,Hours slept per day,p131416
0.06327065338989606,1.0653151313675358,1.882529125400774e-14,TDI,p131416
0.5447664316042927,1.7242056154019896,1.220244168969761e-16,Education,p131416
-0.027536754610863735,0.9728389255801984,0.02288402032494814,Days/week moderate activity,p131416
-0.013427590352390254,0.9866621575903237,1.1258931922858273e-7,Grip strength,p131416
0.032653782236073056,1.0331927676217227,0.008571631811555354,Cooked veg intake,p131416
-0.01170511125258001,0.9883631270569693,0.49689723524429646,Raw veg intake,p131416
-0.010435946169914861,0.9896183193814723,0.6080001908321425,Fresh fruit intake,p131416
-0.026614648538895478,0.9737363999802278,0.1715492476541792,Dried fruit intake,p131416
-0.007672315725659765,0.9923570413617118,0.6889547020225122,Oily fish intake,p131416
-0.026702628568304142,0.973650734391607,0.14065621918707868,Non-oily fish intake,p131416
-0.028853083292652924,0.971559192259319,0.10066190127856223,Processed meat intake,p131416
0.010989845482817683,1.0110504556633684,0.4488348031327354,Poultry intake,p131416
0.032579165128375116,1.033115676641897,0.14083559393321607,Beef intake,p131416
0.08681120619195488,1.0906907446201772,0.002859302181775619,Lamb intake,p131416
0.056787910023174334,1.0584313039178352,0.05160200940025468,Pork intake,p131416
0.011954033273713034,1.0120257682854004,3.500903566992402e-5,Bread intake,p131416
-0.01833056292096981,0.9818364199939432,0.059129449607614286,Cereal intake,p131416
-0.01307965618510548,0.9870055107952083,0.3220206212773328,Water intake,p131416
-0.06610539428808039,0.9360322066446943,0.045868886428485654,Alcohol intake frequency,p131444
0.2172205627668609,1.2426181472112836,7.529951831458415e-4,Smoking status,p131444
0.030495403651545697,1.0309651513628106,1.2173931181349532e-4,% body fat,p131444
-0.0012780972148583817,0.9987227192035292,0.9869567771066259,Hours slept per day,p131444
0.0817216969249971,1.0851537661716826,1.4329170267272854e-5,TDI,p131444
0.8925334499322253,2.441306751723323,8.639702129448382e-7,Education,p131444
-0.07855772316354956,0.9244486962881198,0.005871391889055983,Days/week moderate activity,p131444
-0.0015816559372305446,0.9984195942213275,0.7830031810308957,Grip strength,p131444
0.012345004854841564,1.0124215189587618,0.6819526000159755,Cooked veg intake,p131444
-0.12404440727558072,0.8833406132617166,0.010115826459843756,Raw veg intake,p131444
-0.0794800345711488,0.9235964597839315,0.10575143795128791,Fresh fruit intake,p131444
-0.2457588725493918,0.7821107905714105,0.0019800091980887308,Dried fruit intake,p131444
-0.025911594470440853,0.9744212300259028,0.5600106204253325,Oily fish intake,p131444
0.0670888115989905,1.0693904482329692,0.1221197769595183,Non-oily fish intake,p131444
-0.040863314999116405,0.9599603331598252,0.3647228117075523,Processed meat intake,p131444
0.02348464209655856,1.023762577779077,0.5128427350475537,Poultry intake,p131444
0.05866907359450957,1.0604242602802616,0.2912372056036142,Beef intake,p131444
0.08992204253752342,1.0940889879793079,0.2203043499009977,Lamb intake,p131444
0.02081597280173563,1.0210341362958573,0.7775200320764837,Pork intake,p131444
0.007473648711202217,1.0075016461278898,0.2895814991194641,Bread intake,p131444
-0.03096568026083884,0.9695088457957693,0.1977055168605701,Cereal intake,p131444
-0.06846212422155888,0.933828828927534,0.06327179634725638,Water intake,p131444
-0.04898565276947345,0.9521947909586761,0.07121822743976396,Alcohol intake frequency,p131490
-0.14087775774613984,0.8685954842778388,0.03401192905944153,Smoking status,p131490
-0.005298153844794017,0.9947158566181709,0.36712827772401185,% body fat,p131490
0.03246779901661717,1.033000628972318,0.5858732030387557,Hours slept per day,p131490
0.13000970883158433,1.138839440071273,8.056924300734715e-19,TDI,p131490
1.2485393622256826,3.485248552139003,6.606705290473576e-15,Education,p131490
-7.315394272241592e-4,0.9992687280825073,0.9745085875683106,Days/week moderate activity,p131490
-0.008619075442283337,0.9914179623017008,0.0720536907316512,Grip strength,p131490
-0.0041205090980215,0.9958879685515174,0.8935562772156316,Cooked veg intake,p131490
-0.10597539561957806,0.8994467781343732,0.009228625043855423,Raw veg intake,p131490
-0.1847725424539717,0.8312933462940487,7.85209467020765e-4,Fresh fruit intake,p131490
-0.12218342872058816,0.8849860217598449,0.13053149625071334,Dried fruit intake,p131490
0.0565898001408795,1.0582216389858323,0.11101010376289387,Oily fish intake,p131490
0.07042355885108884,1.0729625478059464,0.04502005674902435,Non-oily fish intake,p131490
-0.05765788489008157,0.9439728395722803,0.0888793635968606,Processed meat intake,p131490
0.1253646451095986,1.1335617254529844,5.924778452033601e-6,Poultry intake,p131490
-0.005349567888220941,0.9946647155686166,0.8993370955921969,Beef intake,p131490
-0.1048236463121526,0.9004833121372331,0.06939289528100212,Lamb intake,p131490
0.07335523072529422,1.0761127373341999,0.16218629232398357,Pork intake,p131490
0.01723498316251669,1.0173843624339203,7.189802610434673e-4,Bread intake,p131490
-0.11791401553549882,0.8887724699541106,5.558868776812486e-10,Cereal intake,p131490
-0.10718758925653901,0.8983571350357771,5.889507704600968e-4,Water intake,p131490
-0.05744497511905208,0.9441738420103438,0.10117849986089572,Alcohol intake frequency,p131518
0.06023538476220764,1.0620865161067303,0.3379502020100852,Smoking status,p131518
-0.019596286967097167,0.9805944721752083,0.01077768922180713,% body fat,p131518
0.03611031953789916,1.0367702161933594,0.6166941990364517,Hours slept per day,p131518
0.11323299893801532,1.1198928363938636,2.807517118959842e-10,TDI,p131518
0.7231759198543686,2.060968297830625,7.109212415651022e-6,Education,p131518
-0.029758117727422793,0.9706802955108091,0.2878168676255873,Days/week moderate activity,p131518
-0.006384534051521968,0.9936358037804602,0.270359069422326,Grip strength,p131518
-0.07309438803151559,0.9295130909741747,0.11646838071142866,Cooked veg intake,p131518
-0.06375213568058356,0.9382375263179038,0.19250731037802415,Raw veg intake,p131518
-0.05652079606770888,0.9450468310329039,0.21382669652602387,Fresh fruit intake,p131518
0.02993829270519946,1.0303909493536487,0.36442876966736365,Dried fruit intake,p131518
0.013074677532516293,1.013160524862856,0.777052360204675,Oily fish intake,p131518
0.0530026047995496,1.0544323917007978,0.23220525194373096,Non-oily fish intake,p131518
-0.04374853247126602,0.957194630579312,0.3055722122572541,Processed meat intake,p131518
0.05944586456537596,1.061248308286024,0.07765482348617621,Poultry intake,p131518
0.09651195252587114,1.1013227446537235,0.07264408099025786,Beef intake,p131518
0.045351785627379335,1.0463959022078713,0.5172445113397764,Lamb intake,p131518
0.058339996742966194,1.0600753566145968,0.35445364513748273,Pork intake,p131518
0.014040658552028917,1.014139691551671,0.02037118397027928,Bread intake,p131518
-0.006428517275976032,0.993592101434969,0.8012481514034027,Cereal intake,p131518
-0.07919596672991545,0.9238588611045568,0.025492396223403387,Water intake,p131518
0.013693359009198804,1.013787542454579,0.6846155810236217,Alcohol intake frequency,p131528
0.17478073476120173,1.1909850463600302,0.0034037775676987844,Smoking status,p131528
0.01232274174320505,1.0123989795563617,0.06097115476196684,% body fat,p131528
0.11429654440162332,1.1210845269359426,0.07487395500670842,Hours slept per day,p131528
0.06577202559062086,1.0679832165680714,4.987629646836505e-4,TDI,p131528
0.860473617093748,2.364280192091467,1.217907013719075e-7,Education,p131528
-0.052282891285866905,0.9490603479616544,0.05423637213114237,Days/week moderate activity,p131528
-0.010730232864882436,0.9893271307255572,0.08030297006590993,Grip strength,p131528
0.01867350502101206,1.0188489452424039,0.48462186613888353,Cooked veg intake,p131528
-0.08368009436866278,0.9197254343837137,0.04458280625932216,Raw veg intake,p131528
-0.05458742617057722,0.9468757235205553,0.1850629267359415,Fresh fruit intake,p131528
0.005036836084852065,1.0050495422677546,0.8975892708947446,Dried fruit intake,p131528
0.03918327001416033,1.0399610598643392,0.3372565050833704,Oily fish intake,p131528
-0.035393198846001325,0.9652258159562923,0.36780879643818437,Non-oily fish intake,p131528
-0.07818740555610934,0.9247910993125519,0.038292415445281607,Processed meat intake,p131528
0.03709352105653853,1.037790071523899,0.24644286803440044,Poultry intake,p131528
-0.09137640283557363,0.9126741131136015,0.049235287010979824,Beef intake,p131528
0.0672029227838613,1.0695124846068318,0.3024571894622257,Lamb intake,p131528
0.025519492505240337,1.0258479024211702,0.6741735075990667,Pork intake,p131528
0.015184824254222145,1.0153006994700395,0.015121882277884718,Bread intake,p131528
0.004576077109856228,1.004586563339878,0.8256954936179497,Cereal intake,p131528
-0.07041719720727499,0.9320049089401283,0.025337974574540137,Water intake,p131528
-0.04630387883519258,0.9547517892426257,0.004705996706752212,Alcohol intake frequency,p131534
0.060200332840150535,1.0620492885854018,0.042331703744608463,Smoking status,p131534
0.0026538678023001307,1.002657392426729,0.44274710515661764,% body fat,p131534
0.052906779599746004,1.0543313553471754,0.07755414507671159,Hours slept per day,p131534
0.0678070000004821,1.0701587479084902,2.2319800234061882e-13,TDI,p131534
0.41359118718261995,1.5122387779031659,3.0488262960877457e-9,Education,p131534
-0.016750418443579055,0.9833890897889325,0.20427834466382253,Days/week moderate activity,p131534
-0.005873547340407432,0.994143668216818,0.029269563622264575,Grip strength,p131534
-0.0018119963530500594,0.9981896443212268,0.904514528006616,Cooked veg intake,p131534
-0.0264610731072348,0.973885953451754,0.11551985423622912,Raw veg intake,p131534
-0.056498321154360716,0.9450680711172249,0.01794647490032201,Fresh fruit intake,p131534
-0.019909890424459283,0.9802870025727491,0.4861700407424752,Dried fruit intake,p131534
-0.006064352521889046,0.9939539985493382,0.769605357961637,Oily fish intake,p131534
-0.009365768653347628,0.9906779535540595,0.6417444436818768,Non-oily fish intake,p131534
-0.04161263315286253,0.9592412868861695,0.0294241419139645,Processed meat intake,p131534
0.040646408876128366,1.0414837810105524,0.010598660912597532,Poultry intake,p131534
0.019473411210094077,1.0196642548615753,0.4247400913428111,Beef intake,p131534
0.03888516058319915,1.0396510838702404,0.216930620892771,Lamb intake,p131534
0.03767611336763901,1.0383948561944487,0.22751932896055824,Pork intake,p131534
0.010425087256349906,1.010479617809018,6.160226631264944e-4,Bread intake,p131534
0.0016648167337280446,1.001666203310465,0.8787723936047818,Cereal intake,p131534
-0.03405324830278636,0.9665200377156383,0.0171535268700378,Water intake,p131534
-0.07866296368863998,0.9243514119411209,0.05409936391983487,Alcohol intake frequency,p131538
0.25097714294966006,1.2852807062696445,4.244181328200551e-4,Smoking status,p131538
-0.035533023351027586,0.9650908631694108,2.125722460902972e-6,% body fat,p131538
0.05201819526044895,1.0533949091337207,0.5143988900899389,Hours slept per day,p131538
0.08809490457127586,1.092091761610614,2.4583743834675693e-5,TDI,p131538
1.161206277217891,3.1937835417307245,5.450500071774709e-8,Education,p131538
0.08056539722786248,1.0838997283620073,0.01044243680929815,Days/week moderate activity,p131538
0.021019648384759355,1.0212421171984511,7.276428283027927e-5,Grip strength,p131538
0.016170707025145063,1.0163021605174338,0.5945237364007515,Cooked veg intake,p131538
-0.07585925035033356,0.9269466647965209,0.23770590847064982,Raw veg intake,p131538
-0.08622231901772982,0.9173902552467007,0.1024700320795265,Fresh fruit intake,p131538
-0.0494188757866061,0.9517823676005351,0.42057247989618485,Dried fruit intake,p131538
-0.00626918922306071,0.9937504211419331,0.90083740828076,Oily fish intake,p131538
0.02210592891059925,1.0223520753763615,0.6551383175659108,Non-oily fish intake,p131538
-0.07099234282682003,0.9314690245199176,0.13932770688303925,Processed meat intake,p131538
0.010808489590028881,1.0108671123310264,0.7796076554632813,Poultry intake,p131538
0.02224097000378624,1.0224901442405179,0.7228583070316541,Beef intake,p131538
0.13482411473424574,1.1443354948972768,0.09151088703740626,Lamb intake,p131538
0.14596815628025764,1.1571593392064023,0.055115224722663225,Pork intake,p131538
0.022057977395075506,1.0223030532203012,1.3598418297748187e-4,Bread intake,p131538
-0.025621727641698417,0.9747037233584549,0.29034133635820336,Cereal intake,p131538
-0.06637582081723417,0.9357791129270454,0.1220097344303634,Water intake,p131538
-0.06260148023593708,0.9393177357912053,0.0031429742935347267,Alcohol intake frequency,p131546
-0.05594914890949974,0.945587218809091,0.20201931639762574,Smoking status,p131546
0.017691437549493403,1.0178488579918474,2.6869251691374896e-4,% body fat,p131546
0.03337177461286835,1.0339348585285624,0.4680074160083114,Hours slept per day,p131546
0.10726296607614975,1.1132269569169577,4.0118517932264713e-20,TDI,p131546
0.8516746532846445,2.3435682317708486,9.83705258471037e-16,Education,p131546
-0.05435551634999953,0.9470953387641879,0.0025742316441996625,Days/week moderate activity,p131546
-0.014706433233963114,0.9854011781826962,1.2903775431149353e-4,Grip strength,p131546
0.014219412778694039,1.0143209895113703,0.4901704131973239,Cooked veg intake,p131546
-0.07865391820382082,0.9243597731856009,0.005106591209518918,Raw veg intake,p131546
-0.14976613616744935,0.8609092884300125,5.7080775485232306e-5,Fresh fruit intake,p131546
-0.13489484681869007,0.873807790526301,0.0037699615214880204,Dried fruit intake,p131546
-0.01799532173502904,0.9821656271786021,0.5027717696676557,Oily fish intake,p131546
0.006777139681948534,1.006800156459677,0.7964093517281556,Non-oily fish intake,p131546
-0.04539532045364668,0.955619631165866,0.08309411911319181,Processed meat intake,p131546
0.07107167067598913,1.0736581729179353,6.609339514497009e-4,Poultry intake,p131546
0.03245184137395619,1.0329841448489365,0.3151177928409893,Beef intake,p131546
0.08459090292968342,1.0882717668276554,0.04784840583775728,Lamb intake,p131546
0.06549481335837559,1.0676871995882657,0.12018916310007964,Pork intake,p131546
0.014561589471630911,1.0146681259007415,2.543145761504804e-4,Bread intake,p131546
-0.04711584623530483,0.9539768765590548,0.0012320112699958146,Cereal intake,p131546
-0.03807624335877657,0.9626395432211263,0.0906131514648926,Water intake,p131546
-0.012525919693117268,0.9875522031121028,0.4265453265688038,Alcohol intake frequency,p131602
0.09214837497012168,1.0965275072474405,5.434378024120454e-4,Smoking status,p131602
0.028524146380905894,1.0289348555875175,8.255874521648442e-17,% body fat,p131602
-0.01699480737469458,0.9831487897449398,0.5532152657050647,Hours slept per day,p131602
0.029627775795461546,1.0300710452106268,0.0015945735557136812,TDI,p131602
0.42143017751517353,1.5241397880726963,1.2017184355471068e-9,Education,p131602
-0.04743658420499448,0.9536709490164484,2.3058572519737804e-4,Days/week moderate activity,p131602
-0.020967763373427758,0.9792505317943606,1.5384638575613582e-12,Grip strength,p131602
4.3674471460739515e-4,1.0004368401014663,0.9778465859814949,Cooked veg intake,p131602
-0.015730198662303876,0.9843928747445937,0.37700095703055087,Raw veg intake,p131602
0.04135216976261416,1.0422190789688475,0.01916237575373564,Fresh fruit intake,p131602
-1.777755198280633e-5,0.999982222606037,0.9991527172074365,Dried fruit intake,p131602
0.043314788583386485,1.0442665663099735,0.03526427649474394,Oily fish intake,p131602
0.021445812571657435,1.0216774267650386,0.28633306043121454,Non-oily fish intake,p131602
-0.04146455321300166,0.9593833417957254,0.024960287667846477,Processed meat intake,p131602
0.0012358826795007731,1.0012366466972125,0.9383194282085998,Poultry intake,p131602
-0.016520404774822417,0.9836153087370179,0.47504901198176513,Beef intake,p131602
0.04241815478523175,1.04333066125709,0.17855804092978098,Lamb intake,p131602
0.016945026048209102,1.0170894073642742,0.5831856110087797,Pork intake,p131602
0.003788832342918705,1.0037960190417126,0.24828951608545735,Bread intake,p131602
0.02970750732227088,1.0301531776220114,0.004608934949163333,Cereal intake,p131602
-5.172545508565205e-4,0.9994828792022162,0.9681405301623308,Water intake,p131602
-0.015167571003993581,0.9849468772365167,0.6616308018822064,Alcohol intake frequency,p131632
-0.0476812936801414,0.9534376052509315,0.47437219734547503,Smoking status,p131632
0.01544178540861542,1.0155616258323656,0.0398973162859237,% body fat,p131632
0.08019850489120832,1.0835021268009128,0.19976679798769992,Hours slept per day,p131632
0.06127612060955792,1.0631924430060924,0.003107181008266754,TDI,p131632
0.5251740940797252,1.690753172875946,7.651660712004398e-4,Education,p131632
-0.0606531222851418,0.9411496469999318,0.029441477741508116,Days/week moderate activity,p131632
-0.017208336886435648,0.9829388808755635,0.008286307614647962,Grip strength,p131632
-0.01468467319886361,0.9854226207802156,0.6824074898671303,Cooked veg intake,p131632
-0.05960692151030694,0.9421347937306387,0.1157293596424786,Raw veg intake,p131632
0.015086734253080807,1.0152011135075432,0.7404008480960573,Fresh fruit intake,p131632
0.036168328699433566,1.0368303601087367,0.13390620241556017,Dried fruit intake,p131632
-0.1058569303114161,0.8995533376858007,0.015385583076434731,Oily fish intake,p131632
-0.019459562361212185,0.9807285527337964,0.6452242299633631,Non-oily fish intake,p131632
-0.05454938936908154,0.9469117403294697,0.18194721239095316,Processed meat intake,p131632
-0.012940448974627827,0.9871429186429518,0.6984627528490872,Poultry intake,p131632
0.0687395160911949,1.0711571536028694,0.1816789271699173,Beef intake,p131632
-0.013581329814141209,0.9865104803409739,0.8542825544100422,Lamb intake,p131632
-0.052585042477643944,0.9487736315644812,0.4619470116530248,Pork intake,p131632
-0.0025252799553844856,0.9974779058817675,0.7441836011314189,Bread intake,p131632
-0.025972521853942165,0.9743618628984894,0.27658738829960317,Cereal intake,p131632
-0.009769136075385354,0.9902784269252951,0.7286787985358901,Water intake,p131632
-0.02415764518920699,0.976131815143166,0.00537771665221428,Alcohol intake frequency,p131636
0.05980420278352353,1.0616286622574396,4.945325280654837e-5,Smoking status,p131636
0.013651477974250712,1.0137450848721736,8.035369330214602e-14,% body fat,p131636
-0.004063948481144641,0.9959442981823632,0.7837489984272854,Hours slept per day,p131636
0.010366016156211567,1.0104199294292733,0.039556009414022736,TDI,p131636
0.26398730041647034,1.3021116599201017,6.103737245866575e-14,Education,p131636
-0.011597840269993361,0.9884691554275431,0.09111175151029326,Days/week moderate activity,p131636
-0.006005696369085385,0.9940123017768617,3.6035610445925975e-5,Grip strength,p131636
0.00693775382547287,1.006961875791365,0.3823442060364515,Cooked veg intake,p131636
-0.017655163981302686,0.982499775260439,0.026613342376628175,Raw veg intake,p131636
-0.017205242346423844,0.982941922623966,0.11973333369864311,Fresh fruit intake,p131636
-0.03377202878247033,0.966791880238941,0.0039157781025139695,Dried fruit intake,p131636
0.009580765529991236,1.0096268079872524,0.377707750776586,Oily fish intake,p131636
8.986946157046603e-4,1.00089909856271,0.9311649138407708,Non-oily fish intake,p131636
-0.024197744936011987,0.9760926732893249,0.015446290292214412,Processed meat intake,p131636
-0.003381534886146264,0.9966241760638743,0.690609109457581,Poultry intake,p131636
-0.016192146439218034,0.9839382416609511,0.1947982841009847,Beef intake,p131636
0.03035991597776833,1.0308254777549468,0.06961825354808313,Lamb intake,p131636
0.02724350347730793,1.027618000856753,0.09206595943841639,Pork intake,p131636
0.004115194151618889,1.004123673190045,0.01643277521194272,Bread intake,p131636
-0.013744933143614977,0.9863490971436034,0.012831562103070224,Cereal intake,p131636
-0.028761388076866394,0.9716482836736684,1.0960539611102501e-4,Water intake,p131636
-0.017625674574706936,0.9825287490229992,0.12499276166765545,Alcohol intake frequency,p131648
0.06293890351669648,1.0649617718245197,0.0018104888734574891,Smoking status,p131648
-9.405397912526384e-4,0.9990599023776602,0.6926319359287892,% body fat,p131648
-0.02003731966418555,0.9801620933040133,0.32370371272430626,Hours slept per day,p131648
0.02707901504662896,1.027448983485537,4.093897673289422e-5,TDI,p131648
0.22496435156468342,1.2522780736422439,1.1206756758531348e-6,Education,p131648
-0.013939793344018106,0.9861569156857334,0.11945726755879352,Days/week moderate activity,p131648
0.0049516070526658615,1.004963886518198,0.006933643248027108,Grip strength,p131648
-0.003491893830450272,0.9965141957407039,0.7489702056164549,Cooked veg intake,p131648
-0.026643606613031896,0.973708202857637,0.025352454017305816,Raw veg intake,p131648
-0.04094671594950331,0.9598802748942201,0.009181414225754745,Fresh fruit intake,p131648
-0.02056836888673248,0.979641717171294,0.25669468856956884,Dried fruit intake,p131648
0.0010857405551463674,1.0010863301847985,0.9399443695725216,Oily fish intake,p131648
0.006913429481691608,1.0069373824024177,0.6172259400637109,Non-oily fish intake,p131648
-0.033830905204988174,0.9667349606673401,0.010402425020670295,Processed meat intake,p131648
-0.002685931241622194,0.9973176726443764,0.80954509542339,Poultry intake,p131648
-0.030166734286111854,0.9702837404938611,0.06576166969261978,Beef intake,p131648
0.0016342953769654955,1.0016356315654649,0.9400956899700009,Lamb intake,p131648
0.01042895796132994,1.0104835290850767,0.6283034494429144,Pork intake,p131648
0.007060188959378182,1.0070851708511348,0.0018124344757848925,Bread intake,p131648
-0.023498915925001484,0.9767750335656629,0.0011168713464717991,Cereal intake,p131648
-0.004133433499813659,0.9958750973784481,0.6619664557652745,Water intake,p131648
-0.014220618109031916,0.9858800172834034,0.4167621507641209,Alcohol intake frequency,p131670
0.08470864725681682,1.088399912198626,0.007014047836285718,Smoking status,p131670
0.036714742771403026,1.0373970536182997,1.4515100427239171e-21,% body fat,p131670
-0.013741604389264696,0.9863523804629162,0.7072340950680523,Hours slept per day,p131670
0.06566131330275268,1.0678649842477665,7.67263087814372e-12,TDI,p131670
0.5486182878360658,1.730859814829051,4.266912784656816e-12,Education,p131670
-0.020338070218522564,0.9798673533349381,0.15122223517180866,Days/week moderate activity,p131670
-0.0065588898468887285,0.9934625727219455,0.030016047000267217,Grip strength,p131670
9.250355707838302e-5,1.0000925078356644,0.995359906815848,Cooked veg intake,p131670
-0.022518477149766344,0.9777331713041961,0.1958660587689757,Raw veg intake,p131670
-0.034686367662511416,0.96590830883733,0.16061932394677533,Fresh fruit intake,p131670
-0.07474284884821933,0.9279820873115633,0.016032313356580626,Dried fruit intake,p131670
0.008744138574439664,1.0087824802275727,0.692991481433832,Oily fish intake,p131670
-0.0326369552074409,0.9678898831939349,0.12248829258349178,Non-oily fish intake,p131670
-0.02939190795221929,0.9710358332203416,0.15954042959149492,Processed meat intake,p131670
-0.001167770435565253,0.9988329111429949,0.9474271309017674,Poultry intake,p131670
-0.05715601416713529,0.9444467108048207,0.026068466897287982,Beef intake,p131670
-0.017697178677335893,0.9824584966981879,0.6123783763674069,Lamb intake,p131670
0.010380520617140768,1.0104345851319478,0.7584990976027771,Pork intake,p131670
-0.005015916406535741,0.9949966422955889,0.18956679068262433,Bread intake,p131670
-0.03445663853227228,0.966130231603096,0.00271464438269759,Cereal intake,p131670
0.018280939775059592,1.0184490590514723,0.16336449552083476,Water intake,p131670
0.009543217657743006,1.0095888993605462,0.7399701293041856,Alcohol intake frequency,p131680
0.03749620603245391,1.0382080581466744,0.4786519901508247,Smoking status,p131680
0.02482618571326184,1.0251369215952815,1.2768401142294249e-4,% body fat,p131680
0.0729073067410488,1.0756308285667007,0.1753925719040035,Hours slept per day,p131680
0.037850260487706525,1.0385757054148763,0.021247229460001134,TDI,p131680
0.41411551506500843,1.5130318947677224,9.970718750703979e-4,Education,p131680
-0.004644128958130664,0.9953666383340792,0.8399804038259547,Days/week moderate activity,p131680
-0.010244715489873924,0.9898075828615838,0.04778355824750097,Grip strength,p131680
-0.0034055113252628314,0.996600280851457,0.8994140470843747,Cooked veg intake,p131680
8.911478398571905e-5,1.000089118754826,0.9973877901121849,Raw veg intake,p131680
0.04029429670292858,1.0411171264486239,0.21092719401237486,Fresh fruit intake,p131680
-0.03295707542993507,0.9675800916570904,0.39755874173333283,Dried fruit intake,p131680
-0.008591468297246944,0.991445332898988,0.8082965226887739,Oily fish intake,p131680
-0.013910801874714593,0.9861855062381221,0.6949195910174611,Non-oily fish intake,p131680
-0.027827114656761152,0.9725564930306645,0.4038789790731193,Processed meat intake,p131680
0.025377790762076465,1.0257025482838866,0.3843108404848061,Poultry intake,p131680
0.001257043588263426,1.0012578339987135,0.9770360290923801,Beef intake,p131680
0.010370069294866877,1.0104240248096468,0.8580096559366558,Lamb intake,p131680
0.0386635062035826,1.0394206661917147,0.4625237635983716,Pork intake,p131680
0.005356388066819833,1.005370759160976,0.3307174149696505,Bread intake,p131680
0.028394210061794788,1.0288011682653848,0.14651118997859744,Cereal intake,p131680
-5.694506041302258e-4,0.9994307115020931,0.9808837717251166,Water intake,p131680
0.011320257266654194,1.011384573843225,0.7624869510768967,Alcohol intake frequency,p131684
-0.03361973836100809,0.9669391245935167,0.6353752637717756,Smoking status,p131684
0.01472125752824463,1.0148301489231184,0.047951545199613914,% body fat,p131684
0.01554252726272184,1.0156639405471117,0.8262559586878869,Hours slept per day,p131684
0.03401213805635005,1.0345971646505874,0.09091262510547966,TDI,p131684
0.5143075835693596,1.6724800481123994,0.0022003590705122152,Education,p131684
0.02103533052397992,1.0212581325850885,0.5010153890681867,Days/week moderate activity,p131684
-0.012320312205428119,0.987755272115085,0.05924861755553694,Grip strength,p131684
-0.0296549781291707,0.970780416249637,0.5156891104160197,Cooked veg intake,p131684
0.03536548489051384,1.035998281332564,0.20652073670668358,Raw veg intake,p131684
-0.08277598560381799,0.9205573422211066,0.08999141129361506,Fresh fruit intake,p131684
-0.03874653865353214,0.9619945066713926,0.5164895769340581,Dried fruit intake,p131684
-0.038346376670423794,0.9623795373331003,0.4021660898436138,Oily fish intake,p131684
0.011433797995956027,1.0114994137047213,0.8079873556431351,Non-oily fish intake,p131684
-0.04200239328144398,0.9588674857299776,0.3529836689679682,Processed meat intake,p131684
0.03740240285939775,1.0381106755039995,0.32620302851756194,Poultry intake,p131684
0.025951797317949547,1.0262914772793592,0.6483503596919139,Beef intake,p131684
-0.06339559159996618,0.938572108997318,0.39863248471095064,Lamb intake,p131684
0.14058450279042434,1.1509463336324905,0.04286884423990496,Pork intake,p131684
0.007911601668466753,1.0079429810881817,0.25403896745870325,Bread intake,p131684
-0.031410366611703835,0.9690778142890178,0.19969707461983346,Cereal intake,p131684
-0.049444244806759956,0.9517582221207442,0.13041735972878615,Water intake,p131684
-0.02761474884975734,0.9727630527074936,0.1122976184495544,Alcohol intake frequency,p131768
0.10314663728246612,1.1086539671621178,1.5137048680424474e-4,Smoking status,p131768
-0.014038662859958835,0.9860594196486103,6.085075233828117e-5,% body fat,p131768
0.06303303201757439,1.0650620197976155,0.014998520756541019,Hours slept per day,p131768
-0.0798324347469694,0.9232710415712017,2.084113141330002e-13,TDI,p131768
-0.06923809175121158,0.9331044891464533,0.2826102858150688,Education,p131768
0.018366951665941617,1.0185366615481826,0.1670821800928195,Days/week moderate activity,p131768
0.008914868632349698,1.008954724422053,6.845764942820503e-4,Grip strength,p131768
0.028127563134762352,1.0285268781662706,0.005577870822496548,Cooked veg intake,p131768
0.007920955786367558,1.0079524095497616,0.540467341418195,Raw veg intake,p131768
0.0037596490323797294,1.003766725378216,0.8379521744446967,Fresh fruit intake,p131768
0.03456293246384066,1.0351671719468878,5.403046204226756e-4,Dried fruit intake,p131768
0.020121462170407924,1.0203252634216184,0.34630570795827226,Oily fish intake,p131768
0.019625911379176353,1.0198197656902612,0.3362470343284097,Non-oily fish intake,p131768
0.009960454231210671,1.010010224663577,0.6031391125781965,Processed meat intake,p131768
0.032167312434513096,1.0326902727752785,0.04951508006649996,Poultry intake,p131768
0.011863856703047874,1.0119345113868705,0.6175835246522396,Beef intake,p131768
-0.009834975023612351,0.9902132301814804,0.7647317218584773,Lamb intake,p131768
0.023111173779571007,1.023380306279749,0.45751917314254026,Pork intake,p131768
0.003082247844327788,1.0030870028543328,0.36535675075250407,Bread intake,p131768
0.036874779674758953,1.0375630887158285,6.349680424450735e-4,Cereal intake,p131768
-0.037211458638065555,0.9634723792496891,0.00669533035851109,Water intake,p131768
-0.05405872478560248,0.9473764703880965,0.04306057001573532,Alcohol intake frequency,p131820
0.025343983945440105,1.0256678731320448,0.6171544706525954,Smoking status,p131820
0.014152338733867597,1.0142529571814787,0.022757514211260814,% body fat,p131820
0.04312844075053069,1.0440719876286388,0.46642320711821544,Hours slept per day,p131820
0.09579622178955936,1.1005347761350572,2.0923536766105253e-11,TDI,p131820
0.7157033594115993,2.0456249859635176,2.030621266541677e-8,Education,p131820
-0.033437513503533176,0.9671153409926991,0.13825724208563858,Days/week moderate activity,p131820
-0.023007822254229572,0.9772548394075781,8.026046512829797e-7,Grip strength,p131820
0.005944696361009633,1.005962401134202,0.8281523133001598,Cooked veg intake,p131820
-0.044964714774568024,0.9560312150148967,0.1783396008187471,Raw veg intake,p131820
-0.05084597444732028,0.9504250490025784,0.24937264458873826,Fresh fruit intake,p131820
0.01975507955304559,1.0199515024549868,0.4294951364634042,Dried fruit intake,p131820
-0.013058078810658348,0.9870268080124642,0.70156831270519,Oily fish intake,p131820
0.028195667405978207,1.0285969276250406,0.4143068283457437,Non-oily fish intake,p131820
-0.030204670616502626,0.9702469321874994,0.3476586485661939,Processed meat intake,p131820
0.053189257975941796,1.0546292232250427,0.04518313726586935,Poultry intake,p131820
0.035588596269813616,1.0362294501252995,0.38559464266068116,Beef intake,p131820
0.03599356355394313,1.0366491741329613,0.5073267640326435,Lamb intake,p131820
0.015586635081148686,1.0157087402557856,0.7822351025446537,Pork intake,p131820
0.016852485631906926,1.0169952898420047,0.001223199612271157,Bread intake,p131820
-0.005081801618155657,0.9949310888907739,0.7988319364414151,Cereal intake,p131820
-0.023721115738603343,0.9765580184465261,0.3088104103799182,Water intake,p131820
-0.06393175802675155,0.9380690130269932,0.05124582692623691,Alcohol intake frequency,p131834
0.029041720819916662,1.0294675438091891,0.6501065240777667,Smoking status,p131834
0.034244738025726015,1.0348378399088454,1.2482383334560997e-5,% body fat,p131834
0.025144423094552722,1.0254632104005683,0.7617287353161746,Hours slept per day,p131834
0.13425452316054348,1.1436838766376471,4.1527371313235305e-13,TDI,p131834
0.8858799236593198,2.425117371069757,2.687037396322825e-7,Education,p131834
-0.08178455062644908,0.9214704675462556,0.005948252953001334,Days/week moderate activity,p131834
-0.02485871568965077,0.9754477177512944,3.6926403593829727e-4,Grip strength,p131834
0.0077102710633347735,1.0077400717444767,0.7845709080923723,Cooked veg intake,p131834
-0.002347566427429714,0.9976551869516344,0.9419035586159203,Raw veg intake,p131834
0.0613309635955316,1.063250753253271,0.2395547059698599,Fresh fruit intake,p131834
-0.11577368137544684,0.8906767772320523,0.07765785600753743,Dried fruit intake,p131834
0.001827198567169345,1.0018288689116668,0.967866295019622,Oily fish intake,p131834
0.04397691743339375,1.0449582342920185,0.32470834455709824,Non-oily fish intake,p131834
-0.08416979303122542,0.9192751563278503,0.05099013443752228,Processed meat intake,p131834
0.02860572873563918,1.0290188019401276,0.3920090506104732,Poultry intake,p131834
0.058315908705695724,1.0600498217874406,0.2918148178971458,Beef intake,p131834
0.10499760470421983,1.1107079498784536,0.16169585926813126,Lamb intake,p131834
-0.004389785890306868,0.9956198351365434,0.954349323834874,Pork intake,p131834
0.030653454195277423,1.031128108842972,1.5468769719205316e-8,Bread intake,p131834
-0.02444402968260225,0.9758523061532298,0.31219581026608034,Cereal intake,p131834
0.05827773256467938,1.0600093539484174,0.050188235903258355,Water intake,p131834
-0.011472819104161784,0.9885927427190959,0.5186690431002688,Alcohol intake frequency,p131868
0.09062945403630827,1.094863232932702,0.0025781409004489533,Smoking status,p131868
0.052851986879528134,1.054273587246855,5.01032317615679e-40,% body fat,p131868
-0.03709529151290018,0.9635843095673485,0.3365824255264036,Hours slept per day,p131868
0.04068118205588955,1.0415199973429627,1.1819742488713595e-4,TDI,p131868
0.4750004657415737,1.60801494640502,2.267065024124171e-9,Education,p131868
-0.0016534781111430586,0.9983478881306682,0.9110426489620254,Days/week moderate activity,p131868
-0.04219619956219401,0.9586816691956235,1.9127572681001807e-30,Grip strength,p131868
0.04016704105201462,1.0409846468405881,1.6724112431756142e-4,Cooked veg intake,p131868
0.017515014846070775,1.0176693021839711,0.21026488012046948,Raw veg intake,p131868
0.06321513491404122,1.065255988336918,0.0013466901242176255,Fresh fruit intake,p131868
0.02275631916997578,1.023017219486018,0.3081459249200203,Dried fruit intake,p131868
0.004212719053748476,1.0042216050283177,0.8544795768835671,Oily fish intake,p131868
-0.02472153618295178,0.9755815383665393,0.25521754239417704,Non-oily fish intake,p131868
0.0158977712510446,1.016024813151264,0.44624907207784886,Processed meat intake,p131868
-0.03632898423574371,0.964322994229492,0.04093996195044912,Poultry intake,p131868
-0.004033037077281274,0.9959750846946145,0.8767117074836405,Beef intake,p131868
0.021295161476251424,1.0215235215348317,0.5249574801073998,Lamb intake,p131868
0.07460399037752803,1.0774573828966634,0.027966828784344845,Pork intake,p131868
-0.007570308032709198,0.9924582745772799,0.055215514974175046,Bread intake,p131868
0.023186808400387064,1.0234577121884116,0.04332432411788866,Cereal intake,p131868
0.03473029640761652,1.0353404361059342,0.012822329534892523,Water intake,p131868
-1.4687916477424404e-4,0.9998531316214422,0.9914346276358557,Alcohol intake frequency,p131870
0.052556938781966774,1.0539625717151553,0.02164660035214809,Smoking status,p131870
0.034910063534292685,1.0355265730114116,3.247812406838484e-32,% body fat,p131870
-0.0262925296550189,0.9740501093857287,0.30131798026619055,Hours slept per day,p131870
-0.00933041015575542,0.9907129830573865,0.27393070218758325,TDI,p131870
0.17521384291500286,1.1915009834148715,0.0017745119367718115,Education,p131870
0.024109267531242252,1.024402245679858,0.027278243336922765,Days/week moderate activity,p131870
-0.018638192114963183,0.9815344249010622,2.1337152434709894e-14,Grip strength,p131870
0.033136200460398446,1.0336913188875039,1.381082852416257e-4,Cooked veg intake,p131870
0.021421821195638648,1.0216529156117526,0.02194640178949552,Raw veg intake,p131870
0.05683359901196425,1.0584796636785607,1.5581741977155266e-5,Fresh fruit intake,p131870
0.03747474896031697,1.0381857814804742,9.294843817420112e-4,Dried fruit intake,p131870
-0.015369631680893977,0.9847478783093975,0.3930166700824873,Oily fish intake,p131870
-0.030840686599574896,0.9696300358298684,0.07053624585088705,Non-oily fish intake,p131870
0.03034147232643603,1.0308064657445766,0.04922450421185354,Processed meat intake,p131870
0.019638796276522832,1.01983290604791,0.14896253955046804,Poultry intake,p131870
0.023555180254664753,1.0238347946526445,0.23491265935599917,Beef intake,p131870
0.014771599115941001,1.0148812383700085,0.5633906895284155,Lamb intake,p131870
0.011336209367810055,1.0114007076809384,0.6494373720789995,Pork intake,p131870
-0.0030620005877013776,0.9969426825549502,0.3202806389912947,Bread intake,p131870
0.015750743382962965,1.0158754401703327,0.08076902332086468,Cereal intake,p131870
0.016634333705798456,1.0167734545584592,0.15518110755735112,Water intake,p131870
-0.0040213788412704655,0.9959866960748966,0.7226979301948899,Alcohol intake frequency,p131872
0.10852892170425583,1.1146371452780366,1.4310866104216709e-8,Smoking status,p131872
0.04330672569732582,1.0442581465415763,2.0694797701178604e-62,% body fat,p131872
-0.039136633494101535,0.961619310763436,0.06100737559103724,Hours slept per day,p131872
0.007597855292687036,1.0076267922350197,0.26691238410377266,TDI,p131872
0.5251856055860087,1.6907726361037447,5.313264839281062e-25,Education,p131872
0.018482579315546845,1.0186544393574486,0.04532597669143005,Days/week moderate activity,p131872
-0.012086574901633266,0.9879861743533803,4.343294734963418e-9,Grip strength,p131872
0.03824911363922777,1.0389900272293626,1.3414140524480058e-6,Cooked veg intake,p131872
0.014924571500316463,1.015036499047895,0.0987030590131853,Raw veg intake,p131872
0.05455591948259616,1.0560715297361212,6.9453469811251875e-6,Fresh fruit intake,p131872
-3.254699907719376e-4,0.9996745829688398,0.9784052075381408,Dried fruit intake,p131872
0.013733472912010089,1.0138282102451948,0.3509269274421019,Oily fish intake,p131872
0.01748568962514073,1.0176394592444284,0.2250469492807852,Non-oily fish intake,p131872
-0.00921450194221612,0.9908278214846129,0.48718133185825846,Processed meat intake,p131872
-0.0019163787132337824,0.9980854563680284,0.8673497778299488,Poultry intake,p131872
-0.009602493105831458,0.990443463613763,0.568433636827773,Beef intake,p131872
0.014448739617560484,1.0145536272115054,0.5127147487146956,Lamb intake,p131872
0.016337101774835345,1.0164712819311104,0.45295105034705635,Pork intake,p131872
0.004136995046116935,1.0041455642229284,0.09308317029851458,Bread intake,p131872
-0.001406357224739602,0.9985946312321534,0.849900144155829,Cereal intake,p131872
0.01780821077687483,1.0179677224279384,0.039992460097673765,Water intake,p131872
-0.023227920881414798,0.9770397706280541,0.5480601828066306,Alcohol intake frequency,p131874
0.057515020561029036,1.059201180331217,0.40974096646443925,Smoking status,p131874
0.050272277507513445,1.051557372821416,1.03762106634222e-8,% body fat,p131874
-0.1669935213368658,0.8462050935971732,0.030342922209901268,Hours slept per day,p131874
0.028859505937233132,1.0292799765907559,0.23605006631442435,TDI,p131874
0.4947772035598683,1.6401327826020502,0.008553179255205958,Education,p131874
0.029628316888621786,1.0300716025751748,0.38900031933245555,Days/week moderate activity,p131874
-0.056117430663710784,0.9454281071213227,5.847892320670891e-10,Grip strength,p131874
0.0731101408833471,1.0758490253513735,0.0028241606686113603,Cooked veg intake,p131874
0.036422859436069585,1.0370942988929035,0.07908020284900794,Raw veg intake,p131874
0.07487671056709799,1.077751267350671,0.08421519734422891,Fresh fruit intake,p131874
0.05927670217686977,1.061068800170835,0.10314068024171698,Dried fruit intake,p131874
-0.029251747846101843,0.9711719432441445,0.5631744059306331,Oily fish intake,p131874
-0.021330793386233365,0.9788950989815562,0.6796119072509982,Non-oily fish intake,p131874
-0.02253046959831189,0.9777214459597559,0.620998863027695,Processed meat intake,p131874
0.0010873253061335893,1.0010879166586057,0.9793597773853391,Poultry intake,p131874
-0.014662247654206362,0.985444719666993,0.8094427542711703,Beef intake,p131874
0.048646306382859605,1.049848960188486,0.5675192256243752,Lamb intake,p131874
0.06923824918419637,1.0716915083623013,0.34813976214138737,Pork intake,p131874
-0.031652370307674135,0.9688433222513915,0.0030034420644546836,Bread intake,p131874
0.04943482128038464,1.050677108194357,0.0476369322223829,Cereal intake,p131874
0.012483815151786861,1.0125620632447137,0.6991884980098888,Water intake,p131874
0.006331159255697595,1.0063512434074073,0.8094498453234358,Alcohol intake frequency,p131900
0.12913611869781585,1.1378449956041612,0.003641313303787361,Smoking status,p131900
0.04784027407422346,1.0490030889529545,1.9535533054089524e-16,% body fat,p131900
0.02346886635165077,1.0237464272891974,0.6343263833240339,Hours slept per day,p131900
-0.046080599373431244,0.9549649895089781,0.007427688641482743,TDI,p131900
0.38891959893525013,1.4753859239650318,7.989927574271758e-4,Education,p131900
-0.020931078621870734,0.979286456015763,0.32126441884760076,Days/week moderate activity,p131900
-0.037803338190441474,0.96290228837834,2.6406207049818052e-12,Grip strength,p131900
0.04474876232761524,1.045765091314011,4.488176474121534e-4,Cooked veg intake,p131900
4.329665936987992e-5,1.0000432975966838,0.9984699520391543,Raw veg intake,p131900
0.03170355842835691,1.032211469556197,0.2634230854996242,Fresh fruit intake,p131900
0.03304105491105898,1.0335929724378086,0.04949873607699126,Dried fruit intake,p131900
-0.023600711255059654,0.9766756074893695,0.4980597881104185,Oily fish intake,p131900
0.0025244406538100323,1.0025276297371033,0.9395653080034769,Non-oily fish intake,p131900
0.038947808899321264,1.0397162183002593,0.20510413454527876,Processed meat intake,p131900
0.0023512198041937713,1.0023539860891006,0.9294004950611043,Poultry intake,p131900
0.02093238006986789,1.021152999008441,0.5844800001784032,Beef intake,p131900
-0.06293387866275552,0.9390055599398008,0.2315010606485519,Lamb intake,p131900
-0.017834244759434948,0.9823238441895773,0.7120601029267054,Pork intake,p131900
-0.002895363804482888,0.9971088237188545,0.6126517188967807,Bread intake,p131900
-0.0011002408028304392,0.9989003642401637,0.9513511128970051,Cereal intake,p131900
0.03139757144118914,1.0318956745955459,0.09726776981053092,Water intake,p131900
-0.01956693532237728,0.9806232546581745,0.1920667484095582,Alcohol intake frequency,p131964
-0.0328485735923222,0.967685081570769,0.22322742822952937,Smoking status,p131964
0.03983359024177965,1.0406375875334763,6.7347281390652205e-40,% body fat,p131964
-0.05423041762365638,0.9472138265959767,0.06250476657687311,Hours slept per day,p131964
0.03743508479045531,1.03814460351994,3.5294771671056676e-5,TDI,p131964
0.23465942971614354,1.2644780517433387,2.9043167117595765e-4,Education,p131964
0.017813447627820948,1.0179730533871274,0.1539269434618294,Days/week moderate activity,p131964
-0.07639336874346234,0.9264516977306777,1.325399795657007e-136,Grip strength,p131964
0.005683629411126926,1.005699811876621,0.6257427405153956,Cooked veg intake,p131964
0.016453889683669055,1.0165900004188235,0.14187366553405883,Raw veg intake,p131964
0.0856230138981769,1.08939556389678,2.2431604844083368e-10,Fresh fruit intake,p131964
0.05069688205765943,1.0520039636721996,6.490126340892173e-8,Dried fruit intake,p131964
-0.025519079607803207,0.9748037799145045,0.20104878204318552,Oily fish intake,p131964
-0.012753205822187662,0.987327771700642,0.5118687014568215,Non-oily fish intake,p131964
0.04090139681632762,1.0417493806755398,0.017782055701494902,Processed meat intake,p131964
0.03668077490473096,1.0373618160519724,0.015921088539812202,Poultry intake,p131964
0.04105068510585067,1.0419049132680012,0.06889447294203768,Beef intake,p131964
0.008129137596179647,1.0081622687502623,0.7836531351920715,Lamb intake,p131964
0.08633488242647278,1.0901713464083997,0.0022015135398732776,Pork intake,p131964
-0.015443247872179306,0.9846753875894981,1.995034926150422e-5,Bread intake,p131964
0.023110250393954358,1.0233793613055302,0.028201839544618867,Cereal intake,p131964
0.02769980983409078,1.028087016482156,0.015249992681897247,Water intake,p131964
-8.396946180503873e-4,0.9991606578268198,0.9654384936032342,Alcohol intake frequency,p131972
0.09088907769979629,1.0951475222387728,0.005553971441542629,Smoking status,p131972
0.04660899339629748,1.0477122665638545,9.351685918262843e-33,% body fat,p131972
-0.05428984661663743,0.9471575363047786,0.12502930093502435,Hours slept per day,p131972
0.007876601461631829,1.007907703492731,0.506640685433647,TDI,p131972
0.18956313431995087,1.2087214333862435,0.018787334931123122,Education,p131972
0.0072543106402071745,1.0072806868935757,0.6486835699116754,Days/week moderate activity,p131972
-0.0690224858699889,0.9333056936517664,4.6664692129993226e-73,Grip strength,p131972
-0.0267194704723244,0.9736343363974762,0.2772529401026534,Cooked veg intake,p131972
0.0016741135430572288,1.0016755156534562,0.9191767164700573,Raw veg intake,p131972
0.08374263877956947,1.08734901632569,2.1582142141917425e-6,Fresh fruit intake,p131972
0.05067850802147712,1.0519846342908872,3.199890492261203e-5,Dried fruit intake,p131972
0.03874825313358276,1.03950875763484,0.13629138075853744,Oily fish intake,p131972
-0.005580907411971848,0.9944346369211936,0.8198560694040528,Non-oily fish intake,p131972
0.0657239739416616,1.0679318994464007,0.0021456501752427546,Processed meat intake,p131972
0.03253377081576734,1.033068780130337,0.09025507771670557,Poultry intake,p131972
-0.025631859374868955,0.974693847970437,0.3630065798640661,Beef intake,p131972
0.08581027879222396,1.0895995885443592,0.0164490779516885,Lamb intake,p131972
0.08361963666306557,1.0872152783205011,0.019820623723041032,Pork intake,p131972
-0.02208382766257894,0.9781582348958537,2.4252792924052787e-6,Bread intake,p131972
-0.012128121340595044,0.9879451278987654,0.3497867559729642,Cereal intake,p131972
0.029779870800289373,1.0302277257860855,0.04535592017245408,Water intake,p131972
-0.04092161254216555,0.959904371462208,0.0016074165094385176,Alcohol intake frequency,p132030
0.08175083902070929,1.0851853902873931,7.136662524362785e-4,Smoking status,p132030
0.01603018561020911,1.016159358333453,1.968685962278875e-8,% body fat,p132030
0.01942155646891562,1.0196113818064216,0.4735830011538223,Hours slept per day,p132030
0.07692596489688044,1.0799621183259895,2.207765243178775e-26,TDI,p132030
0.7721057455722727,2.164318963753107,2.78020415860262e-34,Education,p132030
-0.04532290090417826,0.9556888392149958,3.109224285899196e-5,Days/week moderate activity,p132030
-0.004213785911032662,0.9957950796279534,0.05847498632407462,Grip strength,p132030
0.00953214578685816,1.0095777213844863,0.4195119544966277,Cooked veg intake,p132030
-0.05456970416365098,0.9468925042073791,8.096345051738604e-4,Raw veg intake,p132030
-0.02931254713685038,0.9711128984737586,0.13056358786180308,Fresh fruit intake,p132030
-0.06093341657686818,0.9408858850934226,0.005425980046043911,Dried fruit intake,p132030
-0.025057615836538094,0.9752537203506481,0.1375809986073323,Oily fish intake,p132030
-0.0017860224385639288,0.9982155715504036,0.9133534773040115,Non-oily fish intake,p132030
-0.054181143023990096,0.9472605013280105,6.973917307922551e-4,Processed meat intake,p132030
0.019952136162782023,1.0201525104444822,0.12197007159821623,Poultry intake,p132030
0.0047678368234349705,1.0047792210429318,0.8104043846751162,Beef intake,p132030
0.023176054059232332,1.0234467056342016,0.3823775640306266,Lamb intake,p132030
0.06848230227244957,1.0708816726111925,0.007631792410425406,Pork intake,p132030
0.018041051420885176,1.0182047742845928,1.148917843349757e-13,Bread intake,p132030
-0.008473110563347116,0.9915626850665067,0.3480039464109851,Cereal intake,p132030
-0.0049053870029589644,0.9951066247590589,0.678260838827012,Water intake,p132030
-0.019576962131017953,0.9806134221857457,0.12181535647514365,Alcohol intake frequency,p132032
0.11517113817587278,1.1220654493754108,5.578550840225381e-7,Smoking status,p132032
0.028675149271929927,1.0290902394567982,4.110173749988453e-24,% body fat,p132032
0.059677831581017145,1.0614945114433534,0.02279957144596505,Hours slept per day,p132032
0.04313003190044874,1.044073648905018,2.4300667633163858e-8,TDI,p132032
0.7485678135593642,2.1139702480086906,2.5783901531942147e-32,Education,p132032
-0.03158209204016312,0.9689114132742004,0.003453991652917226,Days/week moderate activity,p132032
-0.014931787411626643,0.9851791389301945,1.9624201114260153e-10,Grip strength,p132032
0.026409378104277216,1.026761195999469,0.010154590301813243,Cooked veg intake,p132032
-0.029208832289992773,0.9712136225225046,0.05054837161169948,Raw veg intake,p132032
0.010807724724337232,1.010866339153749,0.5087976326906499,Fresh fruit intake,p132032
-0.045292637130717454,0.9557177624031851,0.01871960048104996,Dried fruit intake,p132032
-0.007875180771354988,0.9921557472236325,0.6507314182037032,Oily fish intake,p132032
3.081088817138936e-4,1.0003081563521306,0.9850761176605835,Non-oily fish intake,p132032
0.0036090344042417535,1.0036155548106713,0.8209140358302317,Processed meat intake,p132032
0.00897581356653268,1.009016216975137,0.4970343429422842,Poultry intake,p132032
0.03500022778880863,1.0356199447022298,0.08233843558595205,Beef intake,p132032
0.03999987689726492,1.0408106460657431,0.1374440811536157,Lamb intake,p132032
0.05029648107710313,1.0515828245714771,0.059048349002879606,Pork intake,p132032
0.008511749208276187,1.0085480771438429,7.702392529049545e-4,Bread intake,p132032
0.013739385436253719,1.0138342045467874,0.1241837731410194,Cereal intake,p132032
-0.012957911180914652,0.9871256811001751,0.26553441794453025,Water intake,p132032
